Record_Number,Channel,CAN_ID_Hex,Frame_Type,Length,Timestamp,Data_Hex,First_4_Bytes,Float_Value
1,0,0x10F,STD,8,2026-01-28T18:40:40.084087,03 00 03 00 13 41 05 3D,03000300,0.000000
2,0,0x110,STD,8,2026-01-28T18:40:40.108093,03 00 03 00 3F 0D 27 48,03000300,0.000000
3,0,0x10F,STD,8,2026-01-28T18:40:40.165106,03 00 03 00 A5 D6 34 3D,03000300,0.000000
4,0,0x110,STD,8,2026-01-28T18:40:40.189110,03 00 03 00 0C 19 8D 48,03000300,0.000000
5,0,0x10F,STD,8,2026-01-28T18:40:40.245626,03 00 03 00 96 25 F5 3C,03000300,0.000000
6,0,0x110,STD,8,2026-01-28T18:40:40.269632,03 00 03 00 C0 23 8F 48,03000300,0.000000
7,0,0x10F,STD,8,2026-01-28T18:40:40.326289,03 00 03 00 C3 66 63 3D,03000300,0.000000
8,0,0x110,STD,8,2026-01-28T18:40:40.349799,03 00 03 00 E8 92 14 48,03000300,0.000000
9,0,0x10F,STD,8,2026-01-28T18:40:40.405278,03 00 03 00 E5 6C 4B 3D,03000300,0.000000
10,0,0x110,STD,8,2026-01-28T18:40:40.428090,03 00 03 00 D7 7C 86 47,03000300,0.000000
11,0,0x10F,STD,8,2026-01-28T18:40:40.485103,03 00 03 00 76 CF 6F 3D,03000300,0.000000
12,0,0x110,STD,8,2026-01-28T18:40:40.509108,03 00 03 00 F3 99 4C 48,03000300,0.000000
13,0,0x10F,STD,8,2026-01-28T18:40:40.565085,03 00 03 00 E1 6E 79 3D,03000300,0.000000
14,0,0x110,STD,8,2026-01-28T18:40:40.589091,03 00 03 00 EE C3 8C 48,03000300,0.000000
15,0,0x10F,STD,8,2026-01-28T18:40:40.646104,03 00 03 00 EB CD 61 3D,03000300,0.000000
16,0,0x110,STD,8,2026-01-28T18:40:40.670109,03 00 03 00 70 6E A6 48,03000300,0.000000
17,0,0x10F,STD,8,2026-01-28T18:40:40.726813,03 00 03 00 A6 F2 94 3D,03000300,0.000000
18,0,0x110,STD,8,2026-01-28T18:40:40.750819,03 00 03 00 20 7D 9A 48,03000300,0.000000
19,0,0x10F,STD,8,2026-01-28T18:40:40.807831,03 00 03 00 BA 02 32 3D,03000300,0.000000
20,0,0x110,STD,8,2026-01-28T18:40:40.831380,03 00 03 00 B5 D9 E4 48,03000300,0.000000
21,0,0x10F,STD,8,2026-01-28T18:40:40.888250,03 00 03 00 9A 4A 8A 3D,03000300,0.000000
22,0,0x110,STD,8,2026-01-28T18:40:40.912257,03 00 03 00 B0 F3 C1 48,03000300,0.000000
23,0,0x110,STD,8,2026-01-28T18:40:40.925260,03 00 01 00 00 00 00 00,03000100,0.000000
24,0,0x10F,STD,8,2026-01-28T18:40:40.925260,03 00 01 00 00 00 00 00,03000100,0.000000
25,0,0x110,STD,8,2026-01-28T18:40:40.925260,03 00 01 00 00 00 00 00,03000100,0.000000
26,0,0x10F,STD,8,2026-01-28T18:40:40.925260,03 00 02 00 D4 C6 3E 41,03000200,0.000000
27,0,0x10F,STD,8,2026-01-28T18:40:40.960084,03 00 03 00 2B 96 67 3D,03000300,0.000000
28,0,0x110,STD,8,2026-01-28T18:40:40.984089,03 00 03 00 E1 81 CC 48,03000300,0.000000
29,0,0x10F,STD,8,2026-01-28T18:40:41.041102,03 00 03 00 4B A8 86 3D,03000300,0.000000
30,0,0x110,STD,8,2026-01-28T18:40:41.065108,03 00 03 00 41 C0 EA 48,03000300,0.000000
31,0,0x10F,STD,8,2026-01-28T18:40:41.121796,03 00 03 00 85 91 8D 3D,03000300,0.000000
32,0,0x110,STD,8,2026-01-28T18:40:41.145488,03 00 03 00 F6 92 96 48,03000300,0.000000
33,0,0x10F,STD,8,2026-01-28T18:40:41.202063,03 00 03 00 46 5E 43 3D,03000300,0.000000
34,0,0x110,STD,8,2026-01-28T18:40:41.226069,03 00 03 00 86 03 EB 48,03000300,0.000000
35,0,0x10F,STD,8,2026-01-28T18:40:41.282616,03 00 03 00 5E A6 84 3D,03000300,0.000000
36,0,0x110,STD,8,2026-01-28T18:40:41.306622,03 00 03 00 84 17 BE 48,03000300,0.000000
37,0,0x10F,STD,8,2026-01-28T18:40:41.362776,03 00 03 00 15 CF 54 3D,03000300,0.000000
38,0,0x110,STD,8,2026-01-28T18:40:41.386070,03 00 03 00 92 36 CC 48,03000300,0.000000
39,0,0x10F,STD,8,2026-01-28T18:40:41.443083,03 00 03 00 4D 91 87 3D,03000300,0.000000
40,0,0x110,STD,8,2026-01-28T18:40:41.467088,03 00 03 00 48 08 63 48,03000300,0.000000
41,0,0x10F,STD,8,2026-01-28T18:40:41.524101,03 00 03 00 35 9E 86 3D,03000300,0.000000
42,0,0x110,STD,8,2026-01-28T18:40:41.548107,03 00 03 00 AC 09 08 48,03000300,0.000000
43,0,0x10F,STD,8,2026-01-28T18:40:41.605120,03 00 03 00 D5 8B 90 3D,03000300,0.000000
44,0,0x110,STD,8,2026-01-28T18:40:41.629050,03 00 03 00 C7 1D 8D 48,03000300,0.000000
45,0,0x10F,STD,8,2026-01-28T18:40:41.685566,03 00 03 00 F5 EA BA 3D,03000300,0.000000
46,0,0x110,STD,8,2026-01-28T18:40:41.709123,03 00 03 00 1A 5F 89 48,03000300,0.000000
47,0,0x10F,STD,8,2026-01-28T18:40:41.766136,03 00 03 00 30 78 56 3D,03000300,0.000000
48,0,0x110,STD,8,2026-01-28T18:40:41.790142,03 00 03 00 49 DF 25 48,03000300,0.000000
49,0,0x10F,STD,8,2026-01-28T18:40:41.836152,03 00 03 00 DB 93 A7 3D,03000300,0.000000
50,0,0x110,STD,8,2026-01-28T18:40:41.860157,03 00 03 00 FE FE 0B 48,03000300,0.000000
51,0,0x10F,STD,8,2026-01-28T18:40:41.917170,03 00 03 00 F4 26 5A 3D,03000300,0.000000
52,0,0x110,STD,8,2026-01-28T18:40:41.940426,03 00 03 00 D2 BE 25 48,03000300,0.000000
53,0,0x110,STD,8,2026-01-28T18:40:41.964431,03 00 02 00 D4 C6 3E 41,03000200,0.000000
54,0,0x110,STD,8,2026-01-28T18:40:41.964431,03 00 02 00 BE CA 2A 41,03000200,0.000000
55,0,0x10F,STD,8,2026-01-28T18:40:41.964431,03 00 01 00 00 00 00 00,03000100,0.000000
56,0,0x110,STD,8,2026-01-28T18:40:41.964431,03 00 01 00 00 00 00 00,03000100,0.000000
57,0,0x10F,STD,8,2026-01-28T18:40:41.999439,03 00 03 00 BB 7D 22 3D,03000300,0.000000
58,0,0x110,STD,8,2026-01-28T18:40:42.023445,03 00 03 00 46 F7 1D 48,03000300,0.000000
59,0,0x10F,STD,8,2026-01-28T18:40:42.080457,03 00 03 00 9D 30 6C 3D,03000300,0.000000
60,0,0x110,STD,8,2026-01-28T18:40:42.104463,03 00 03 00 7F 3E 22 48,03000300,0.000000
61,0,0x10F,STD,8,2026-01-28T18:40:42.161475,03 00 03 00 CA 84 16 3D,03000300,0.000000
62,0,0x110,STD,8,2026-01-28T18:40:42.185481,03 00 03 00 94 00 18 48,03000300,0.000000
63,0,0x10F,STD,8,2026-01-28T18:40:42.242494,03 00 03 00 B0 39 78 3D,03000300,0.000000
64,0,0x110,STD,8,2026-01-28T18:40:42.266499,03 00 03 00 86 35 EC 47,03000300,0.000000
65,0,0x10F,STD,8,2026-01-28T18:40:42.323512,03 00 03 00 EC FD 50 3D,03000300,0.000000
66,0,0x110,STD,8,2026-01-28T18:40:42.347518,03 00 03 00 B7 C6 58 47,03000300,0.000000
67,0,0x10F,STD,8,2026-01-28T18:40:42.393527,03 00 03 00 F6 5B 4A 3D,03000300,0.000000
68,0,0x110,STD,8,2026-01-28T18:40:42.417533,03 00 03 00 35 67 AF 47,03000300,0.000000
69,0,0x10F,STD,8,2026-01-28T18:40:42.474049,03 00 03 00 F2 5D 90 3D,03000300,0.000000
70,0,0x110,STD,8,2026-01-28T18:40:42.498055,03 00 03 00 9B AA 2F 48,03000300,0.000000
71,0,0x10F,STD,8,2026-01-28T18:40:42.555068,03 00 03 00 84 53 2A 3D,03000300,0.000000
72,0,0x110,STD,8,2026-01-28T18:40:42.579073,03 00 03 00 97 55 8A 48,03000300,0.000000
73,0,0x10F,STD,8,2026-01-28T18:40:42.636086,03 00 03 00 44 DE 57 3D,03000300,0.000000
74,0,0x110,STD,8,2026-01-28T18:40:42.659685,03 00 03 00 92 59 15 48,03000300,0.000000
75,0,0x10F,STD,8,2026-01-28T18:40:42.716200,03 00 03 00 4D 2D 26 3D,03000300,0.000000
76,0,0x110,STD,8,2026-01-28T18:40:42.740206,03 00 03 00 1E 0A A8 47,03000300,0.000000
77,0,0x10F,STD,8,2026-01-28T18:40:42.797218,03 00 03 00 4C 86 34 3D,03000300,0.000000
78,0,0x110,STD,8,2026-01-28T18:40:42.821224,03 00 03 00 A4 EF 30 48,03000300,0.000000
79,0,0x10F,STD,8,2026-01-28T18:40:42.878237,03 00 03 00 CF 8F 12 3D,03000300,0.000000
80,0,0x110,STD,8,2026-01-28T18:40:42.902242,03 00 03 00 6B 19 AD 48,03000300,0.000000
81,0,0x10F,STD,8,2026-01-28T18:40:42.959255,03 00 03 00 BF 98 40 3D,03000300,0.000000
82,0,0x110,STD,8,2026-01-28T18:40:42.983260,03 00 03 00 92 25 D9 48,03000300,0.000000
83,0,0x10F,STD,8,2026-01-28T18:40:43.029271,03 00 02 00 BE CA 2A 41,03000200,0.000000
84,0,0x10F,STD,8,2026-01-28T18:40:43.029271,03 00 02 00 FA A5 36 41,03000200,0.000000
85,0,0x110,STD,8,2026-01-28T18:40:43.029271,03 00 01 00 00 00 00 00,03000100,0.000000
86,0,0x110,STD,8,2026-01-28T18:40:43.029271,03 00 02 00 FA A5 36 41,03000200,0.000000
87,0,0x10F,STD,8,2026-01-28T18:40:43.031271,03 00 03 00 94 CA 47 3D,03000300,0.000000
88,0,0x110,STD,8,2026-01-28T18:40:43.055276,03 00 03 00 10 57 A9 48,03000300,0.000000
89,0,0x10F,STD,8,2026-01-28T18:40:43.112289,03 00 03 00 F3 CA 68 3D,03000300,0.000000
90,0,0x110,STD,8,2026-01-28T18:40:43.136294,03 00 03 00 E2 FA DA 48,03000300,0.000000
91,0,0x10F,STD,8,2026-01-28T18:40:43.193308,03 00 03 00 62 6B 78 3D,03000300,0.000000
92,0,0x110,STD,8,2026-01-28T18:40:43.217313,03 00 03 00 75 F0 A8 48,03000300,0.000000
93,0,0x10F,STD,8,2026-01-28T18:40:43.273998,03 00 03 00 5D 92 23 3D,03000300,0.000000
94,0,0x110,STD,8,2026-01-28T18:40:43.298005,03 00 03 00 D8 D7 85 48,03000300,0.000000
95,0,0x10F,STD,8,2026-01-28T18:40:43.355018,03 00 03 00 E9 87 8A 3D,03000300,0.000000
96,0,0x110,STD,8,2026-01-28T18:40:43.379001,03 00 03 00 D6 E9 84 48,03000300,0.000000
97,0,0x10F,STD,8,2026-01-28T18:40:43.435205,03 00 03 00 B5 81 3B 3D,03000300,0.000000
98,0,0x110,STD,8,2026-01-28T18:40:43.458958,03 00 03 00 E6 A5 DB 47,03000300,0.000000
99,0,0x10F,STD,8,2026-01-28T18:40:43.514994,03 00 03 00 11 08 37 3D,03000300,0.000000
100,0,0x110,STD,8,2026-01-28T18:40:43.538999,03 00 03 00 47 FD 9E 47,03000300,0.000000
101,0,0x10F,STD,8,2026-01-28T18:40:43.596013,03 00 03 00 90 9B 7E 3D,03000300,0.000000
102,0,0x110,STD,8,2026-01-28T18:40:43.620017,03 00 03 00 90 ED A7 48,03000300,0.000000
103,0,0x10F,STD,8,2026-01-28T18:40:43.677031,03 00 03 00 99 EE 1F 3D,03000300,0.000000
104,0,0x110,STD,8,2026-01-28T18:40:43.701036,03 00 03 00 06 5D B3 48,03000300,0.000000
105,0,0x10F,STD,8,2026-01-28T18:40:43.757628,03 00 03 00 41 75 82 3D,03000300,0.000000
106,0,0x110,STD,8,2026-01-28T18:40:43.780916,03 00 03 00 66 62 37 48,03000300,0.000000
107,0,0x10F,STD,8,2026-01-28T18:40:43.837929,03 00 03 00 0D 7B 0D 3D,03000300,0.000000
108,0,0x110,STD,8,2026-01-28T18:40:43.861935,03 00 03 00 64 E6 85 48,03000300,0.000000
109,0,0x10F,STD,8,2026-01-28T18:40:43.907945,03 00 03 00 49 52 0E 3D,03000300,0.000000
110,0,0x110,STD,8,2026-01-28T18:40:43.942953,03 00 03 00 58 B6 A7 48,03000300,0.000000
111,0,0x10F,STD,8,2026-01-28T18:40:43.987977,03 00 03 00 80 04 23 3D,03000300,0.000000
112,0,0x110,STD,8,2026-01-28T18:40:44.011982,03 00 03 00 6F EC 78 48,03000300,0.000000
113,0,0x10F,STD,8,2026-01-28T18:40:44.068995,03 00 01 00 00 00 00 00,03000100,0.000000
114,0,0x10F,STD,8,2026-01-28T18:40:44.068995,03 00 01 00 00 00 00 00,03000100,0.000000
115,0,0x110,STD,8,2026-01-28T18:40:44.068995,03 00 01 00 00 00 00 00,03000100,0.000000
116,0,0x10F,STD,8,2026-01-28T18:40:44.068995,03 00 02 00 12 BC 39 41,03000200,0.000000
117,0,0x10F,STD,8,2026-01-28T18:40:44.068995,03 00 03 00 EF 1B B0 3C,03000300,0.000000
118,0,0x110,STD,8,2026-01-28T18:40:44.092579,03 00 03 00 BB D1 1E 49,03000300,0.000000
119,0,0x10F,STD,8,2026-01-28T18:40:44.149593,03 00 03 00 A5 1D 25 3D,03000300,0.000000
120,0,0x110,STD,8,2026-01-28T18:40:44.173598,03 00 03 00 49 97 C5 48,03000300,0.000000
121,0,0x10F,STD,8,2026-01-28T18:40:44.230611,03 00 03 00 74 24 0D 3D,03000300,0.000000
122,0,0x110,STD,8,2026-01-28T18:40:44.254616,03 00 03 00 4C 31 D3 48,03000300,0.000000
123,0,0x10F,STD,8,2026-01-28T18:40:44.310970,03 00 03 00 CB 92 1E 3D,03000300,0.000000
124,0,0x110,STD,8,2026-01-28T18:40:44.333969,03 00 03 00 24 C5 11 49,03000300,0.000000
125,0,0x10F,STD,8,2026-01-28T18:40:44.390982,03 00 03 00 AD F8 02 3D,03000300,0.000000
126,0,0x110,STD,8,2026-01-28T18:40:44.414936,03 00 03 00 E3 33 93 48,03000300,0.000000
127,0,0x10F,STD,8,2026-01-28T18:40:44.470812,03 00 03 00 E4 6C 2F 3D,03000300,0.000000
128,0,0x110,STD,8,2026-01-28T18:40:44.494387,03 00 03 00 DE 86 1A 49,03000300,0.000000
129,0,0x10F,STD,8,2026-01-28T18:40:44.549974,03 00 03 00 87 5B 31 3D,03000300,0.000000
130,0,0x110,STD,8,2026-01-28T18:40:44.573980,03 00 03 00 78 5A BA 48,03000300,0.000000
131,0,0x10F,STD,8,2026-01-28T18:40:44.630500,03 00 03 00 12 02 29 3D,03000300,0.000000
132,0,0x110,STD,8,2026-01-28T18:40:44.654505,03 00 03 00 EC AF C5 48,03000300,0.000000
133,0,0x10F,STD,8,2026-01-28T18:40:44.711377,03 00 03 00 2B 25 69 3D,03000300,0.000000
134,0,0x110,STD,8,2026-01-28T18:40:44.734886,03 00 03 00 AE 8D EF 48,03000300,0.000000
135,0,0x10F,STD,8,2026-01-28T18:40:44.791899,03 00 03 00 3A 56 1A 3D,03000300,0.000000
136,0,0x110,STD,8,2026-01-28T18:40:44.815905,03 00 03 00 DF 46 46 48,03000300,0.000000
137,0,0x10F,STD,8,2026-01-28T18:40:44.871945,03 00 03 00 DB C9 58 3D,03000300,0.000000
138,0,0x110,STD,8,2026-01-28T18:40:44.895950,03 00 03 00 02 64 C2 48,03000300,0.000000
139,0,0x10F,STD,8,2026-01-28T18:40:44.952963,03 00 03 00 A8 5C 3B 3D,03000300,0.000000
140,0,0x110,STD,8,2026-01-28T18:40:44.976969,03 00 03 00 29 FA C0 48,03000300,0.000000
141,0,0x10F,STD,8,2026-01-28T18:40:45.033981,03 00 03 00 AF 4E 7D 3D,03000300,0.000000
142,0,0x110,STD,8,2026-01-28T18:40:45.057490,03 00 03 00 53 D9 4C 48,03000300,0.000000
143,0,0x10F,STD,8,2026-01-28T18:40:45.103500,03 00 03 00 B3 31 70 3D,03000300,0.000000
144,0,0x110,STD,8,2026-01-28T18:40:45.116503,03 00 02 00 12 BC 39 41,03000200,0.000000
145,0,0x10F,STD,8,2026-01-28T18:40:45.116503,03 00 02 00 6C 1F 2E 41,03000200,0.000000
146,0,0x110,STD,8,2026-01-28T18:40:45.116503,03 00 02 00 6C 1F 2E 41,03000200,0.000000
147,0,0x10F,STD,8,2026-01-28T18:40:45.116503,03 00 01 00 00 00 00 00,03000100,0.000000
148,0,0x110,STD,8,2026-01-28T18:40:45.129008,03 00 03 00 67 50 46 48,03000300,0.000000
149,0,0x10F,STD,8,2026-01-28T18:40:45.186021,03 00 03 00 C0 11 5B 3D,03000300,0.000000
150,0,0x110,STD,8,2026-01-28T18:40:45.210027,03 00 03 00 C8 C6 88 48,03000300,0.000000
151,0,0x10F,STD,8,2026-01-28T18:40:45.267040,03 00 03 00 D8 23 78 3D,03000300,0.000000
152,0,0x110,STD,8,2026-01-28T18:40:45.291044,03 00 03 00 61 93 6A 48,03000300,0.000000
153,0,0x10F,STD,8,2026-01-28T18:40:45.348057,03 00 03 00 14 2D 49 3D,03000300,0.000000
154,0,0x110,STD,8,2026-01-28T18:40:45.372063,03 00 03 00 C3 ED 25 48,03000300,0.000000
155,0,0x10F,STD,8,2026-01-28T18:40:45.428541,03 00 03 00 95 95 9E 3D,03000300,0.000000
156,0,0x110,STD,8,2026-01-28T18:40:45.451933,03 00 03 00 3B DC 1B 48,03000300,0.000000
157,0,0x10F,STD,8,2026-01-28T18:40:45.508530,03 00 03 00 DE 51 82 3D,03000300,0.000000
158,0,0x110,STD,8,2026-01-28T18:40:45.532536,03 00 03 00 1D 7B 09 48,03000300,0.000000
159,0,0x10F,STD,8,2026-01-28T18:40:45.589548,03 00 03 00 09 DE BC 3D,03000300,0.000000
160,0,0x110,STD,8,2026-01-28T18:40:45.613553,03 00 03 00 CD CA 06 48,03000300,0.000000
161,0,0x10F,STD,8,2026-01-28T18:40:45.669929,03 00 03 00 C3 F7 B4 3D,03000300,0.000000
162,0,0x110,STD,8,2026-01-28T18:40:45.693934,03 00 03 00 BE B8 8C 48,03000300,0.000000
163,0,0x10F,STD,8,2026-01-28T18:40:45.750947,03 00 03 00 B9 70 B3 3D,03000300,0.000000
164,0,0x110,STD,8,2026-01-28T18:40:45.774953,03 00 03 00 B3 E5 F3 47,03000300,0.000000
165,0,0x10F,STD,8,2026-01-28T18:40:45.831265,03 00 03 00 C3 F6 BA 3D,03000300,0.000000
166,0,0x110,STD,8,2026-01-28T18:40:45.855270,03 00 03 00 E8 B7 80 48,03000300,0.000000
167,0,0x10F,STD,8,2026-01-28T18:40:45.901281,03 00 03 00 6B 61 56 3D,03000300,0.000000
168,0,0x110,STD,8,2026-01-28T18:40:45.925287,03 00 03 00 77 49 AE 48,03000300,0.000000
169,0,0x10F,STD,8,2026-01-28T18:40:45.981340,03 00 03 00 89 1B AC 3D,03000300,0.000000
170,0,0x110,STD,8,2026-01-28T18:40:46.005345,03 00 03 00 4C 79 F8 47,03000300,0.000000
171,0,0x10F,STD,8,2026-01-28T18:40:46.062359,03 00 03 00 3A 30 09 3D,03000300,0.000000
172,0,0x110,STD,8,2026-01-28T18:40:46.086364,03 00 03 00 A2 52 4A 48,03000300,0.000000
173,0,0x10F,STD,8,2026-01-28T18:40:46.142888,03 00 03 00 61 20 9D 3D,03000300,0.000000
174,0,0x110,STD,8,2026-01-28T18:40:46.142888,03 00 01 00 00 00 00 00,03000100,0.000000
175,0,0x110,STD,8,2026-01-28T18:40:46.143488,03 00 02 00 E1 BB 2E 41,03000200,0.000000
176,0,0x10F,STD,8,2026-01-28T18:40:46.145041,03 00 01 00 00 00 00 00,03000100,0.000000
177,0,0x110,STD,8,2026-01-28T18:40:46.145041,03 00 01 00 00 00 00 00,03000100,0.000000
178,0,0x110,STD,8,2026-01-28T18:40:46.168549,03 00 03 00 63 F7 C2 47,03000300,0.000000
179,0,0x10F,STD,8,2026-01-28T18:40:46.225335,03 00 03 00 9C 68 3E 3D,03000300,0.000000
180,0,0x110,STD,8,2026-01-28T18:40:46.249340,03 00 03 00 F3 15 0C 48,03000300,0.000000
181,0,0x10F,STD,8,2026-01-28T18:40:46.306353,03 00 03 00 5D F2 8B 3D,03000300,0.000000
182,0,0x110,STD,8,2026-01-28T18:40:46.329913,03 00 03 00 A4 D4 A1 48,03000300,0.000000
183,0,0x10F,STD,8,2026-01-28T18:40:46.386926,03 00 03 00 25 83 C1 3D,03000300,0.000000
184,0,0x110,STD,8,2026-01-28T18:40:46.410901,03 00 03 00 D9 A4 7D 48,03000300,0.000000
185,0,0x10F,STD,8,2026-01-28T18:40:46.467917,03 00 03 00 1C D9 29 3D,03000300,0.000000
186,0,0x110,STD,8,2026-01-28T18:40:46.491922,03 00 03 00 5C 64 8D 48,03000300,0.000000
187,0,0x10F,STD,8,2026-01-28T18:40:46.548935,03 00 03 00 7A 10 BC 3D,03000300,0.000000
188,0,0x110,STD,8,2026-01-28T18:40:46.561938,03 00 03 00 27 E6 AE 48,03000300,0.000000
189,0,0x10F,STD,8,2026-01-28T18:40:46.618951,03 00 03 00 D1 96 19 3D,03000300,0.000000
190,0,0x110,STD,8,2026-01-28T18:40:46.642956,03 00 03 00 EF FB 58 48,03000300,0.000000
191,0,0x10F,STD,8,2026-01-28T18:40:46.699969,03 00 03 00 C6 8F 97 3D,03000300,0.000000
192,0,0x110,STD,8,2026-01-28T18:40:46.723453,03 00 03 00 1C 32 87 48,03000300,0.000000
193,0,0x10F,STD,8,2026-01-28T18:40:46.780466,03 00 03 00 8A 9B 78 3D,03000300,0.000000
194,0,0x110,STD,8,2026-01-28T18:40:46.804472,03 00 03 00 37 9F 16 49,03000300,0.000000
195,0,0x10F,STD,8,2026-01-28T18:40:46.861333,03 00 03 00 F4 19 2A 3D,03000300,0.000000
196,0,0x110,STD,8,2026-01-28T18:40:46.884442,03 00 03 00 E7 13 63 48,03000300,0.000000
197,0,0x10F,STD,8,2026-01-28T18:40:46.940584,03 00 03 00 25 96 A1 3D,03000300,0.000000
198,0,0x110,STD,8,2026-01-28T18:40:46.963893,03 00 03 00 DC A4 06 49,03000300,0.000000
199,0,0x10F,STD,8,2026-01-28T18:40:47.020436,03 00 03 00 D5 AC 37 3D,03000300,0.000000
200,0,0x110,STD,8,2026-01-28T18:40:47.044441,03 00 03 00 97 D9 A1 48,03000300,0.000000
201,0,0x10F,STD,8,2026-01-28T18:40:47.101454,03 00 03 00 26 02 4C 3D,03000300,0.000000
202,0,0x110,STD,8,2026-01-28T18:40:47.125460,03 00 03 00 92 25 53 48,03000300,0.000000
203,0,0x10F,STD,8,2026-01-28T18:40:47.181339,03 00 03 00 8A EE 59 3D,03000300,0.000000
204,0,0x10F,STD,8,2026-01-28T18:40:47.193846,03 00 02 00 E1 BB 2E 41,03000200,0.000000
205,0,0x10F,STD,8,2026-01-28T18:40:47.193846,03 00 02 00 F8 7F 3F 41,03000200,0.000000
206,0,0x110,STD,8,2026-01-28T18:40:47.193846,03 00 02 00 F8 7F 3F 41,03000200,0.000000
207,0,0x10F,STD,8,2026-01-28T18:40:47.193846,03 00 01 00 00 00 00 00,03000100,0.000000
208,0,0x110,STD,8,2026-01-28T18:40:47.206849,03 00 03 00 C6 5F 9C 48,03000300,0.000000
209,0,0x10F,STD,8,2026-01-28T18:40:47.263862,03 00 03 00 E4 79 4E 3D,03000300,0.000000
210,0,0x110,STD,8,2026-01-28T18:40:47.287416,03 00 03 00 2C 23 70 48,03000300,0.000000
211,0,0x10F,STD,8,2026-01-28T18:40:47.344430,03 00 03 00 AC F1 48 3D,03000300,0.000000
212,0,0x110,STD,8,2026-01-28T18:40:47.368437,03 00 03 00 A4 6F 77 48,03000300,0.000000
213,0,0x10F,STD,8,2026-01-28T18:40:47.425259,03 00 03 00 96 85 48 3D,03000300,0.000000
214,0,0x110,STD,8,2026-01-28T18:40:47.449265,03 00 03 00 C5 EA 9C 48,03000300,0.000000
215,0,0x10F,STD,8,2026-01-28T18:40:47.494751,03 00 03 00 55 10 5F 3D,03000300,0.000000
216,0,0x110,STD,8,2026-01-28T18:40:47.518757,03 00 03 00 2B 8F 24 48,03000300,0.000000
217,0,0x10F,STD,8,2026-01-28T18:40:47.575770,03 00 03 00 CB D2 5E 3D,03000300,0.000000
218,0,0x110,STD,8,2026-01-28T18:40:47.598870,03 00 03 00 3A F2 FC 47,03000300,0.000000
219,0,0x10F,STD,8,2026-01-28T18:40:47.655871,03 00 03 00 B9 4C 86 3D,03000300,0.000000
220,0,0x110,STD,8,2026-01-28T18:40:47.679876,03 00 03 00 E5 0A 20 48,03000300,0.000000
221,0,0x10F,STD,8,2026-01-28T18:40:47.736864,03 00 03 00 D6 24 63 3D,03000300,0.000000
222,0,0x110,STD,8,2026-01-28T18:40:47.760870,03 00 03 00 4A 46 75 48,03000300,0.000000
223,0,0x10F,STD,8,2026-01-28T18:40:47.816929,03 00 03 00 82 A0 89 3D,03000300,0.000000
224,0,0x110,STD,8,2026-01-28T18:40:47.840934,03 00 03 00 C8 C5 21 48,03000300,0.000000
225,0,0x10F,STD,8,2026-01-28T18:40:47.897693,03 00 03 00 F9 C0 91 3D,03000300,0.000000
226,0,0x110,STD,8,2026-01-28T18:40:47.921698,03 00 03 00 EF 55 89 48,03000300,0.000000
227,0,0x10F,STD,8,2026-01-28T18:40:47.977676,03 00 03 00 69 DB 84 3D,03000300,0.000000
228,0,0x110,STD,8,2026-01-28T18:40:48.001682,03 00 03 00 83 B0 45 48,03000300,0.000000
229,0,0x10F,STD,8,2026-01-28T18:40:48.058695,03 00 03 00 C6 9C 82 3D,03000300,0.000000
230,0,0x110,STD,8,2026-01-28T18:40:48.082370,03 00 03 00 C1 9D 34 48,03000300,0.000000
231,0,0x10F,STD,8,2026-01-28T18:40:48.139274,03 00 03 00 6A C8 78 3D,03000300,0.000000
232,0,0x110,STD,8,2026-01-28T18:40:48.163279,03 00 03 00 3C 0D 8F 48,03000300,0.000000
233,0,0x10F,STD,8,2026-01-28T18:40:48.219861,03 00 03 00 A2 20 76 3D,03000300,0.000000
234,0,0x110,STD,8,2026-01-28T18:40:48.243866,03 00 03 00 6D E8 17 48,03000300,0.000000
235,0,0x110,STD,8,2026-01-28T18:40:48.243866,03 00 01 00 00 00 00 00,03000100,0.000000
236,0,0x10F,STD,8,2026-01-28T18:40:48.243866,03 00 02 00 FD 23 4C 41,03000200,0.000000
237,0,0x10F,STD,8,2026-01-28T18:40:48.243866,03 00 01 00 00 00 00 00,03000100,0.000000
238,0,0x110,STD,8,2026-01-28T18:40:48.243866,03 00 02 00 FD 23 4C 41,03000200,0.000000
239,0,0x10F,STD,8,2026-01-28T18:40:48.300879,03 00 03 00 B2 8A 1E 3D,03000300,0.000000
240,0,0x110,STD,8,2026-01-28T18:40:48.324884,03 00 03 00 07 EC D5 47,03000300,0.000000
241,0,0x10F,STD,8,2026-01-28T18:40:48.381897,03 00 03 00 F3 3F 34 3D,03000300,0.000000
242,0,0x110,STD,8,2026-01-28T18:40:48.405902,03 00 03 00 30 41 B6 48,03000300,0.000000
243,0,0x10F,STD,8,2026-01-28T18:40:48.451912,03 00 03 00 72 F9 28 3D,03000300,0.000000
244,0,0x110,STD,8,2026-01-28T18:40:48.475918,03 00 03 00 98 EB 7B 48,03000300,0.000000
245,0,0x10F,STD,8,2026-01-28T18:40:48.532931,03 00 03 00 C4 C0 14 3D,03000300,0.000000
246,0,0x110,STD,8,2026-01-28T18:40:48.556938,03 00 03 00 3A 04 FA 48,03000300,0.000000
247,0,0x10F,STD,8,2026-01-28T18:40:48.613949,03 00 03 00 FB F6 29 3D,03000300,0.000000
248,0,0x110,STD,8,2026-01-28T18:40:48.637954,03 00 03 00 51 AD CC 48,03000300,0.000000
249,0,0x10F,STD,8,2026-01-28T18:40:48.694967,03 00 03 00 EF 13 0E 3D,03000300,0.000000
250,0,0x110,STD,8,2026-01-28T18:40:48.718975,03 00 03 00 20 C8 8B 48,03000300,0.000000
251,0,0x10F,STD,8,2026-01-28T18:40:48.775987,03 00 03 00 E5 EA 4A 3D,03000300,0.000000
252,0,0x110,STD,8,2026-01-28T18:40:48.799993,03 00 03 00 8B 11 A7 48,03000300,0.000000
253,0,0x10F,STD,8,2026-01-28T18:40:48.857006,03 00 03 00 B2 B5 16 3D,03000300,0.000000
254,0,0x110,STD,8,2026-01-28T18:40:48.881011,03 00 03 00 1E DA A4 48,03000300,0.000000
255,0,0x10F,STD,8,2026-01-28T18:40:48.937838,03 00 03 00 4E B6 74 3D,03000300,0.000000
256,0,0x110,STD,8,2026-01-28T18:40:48.961844,03 00 03 00 84 D1 BC 48,03000300,0.000000
257,0,0x10F,STD,8,2026-01-28T18:40:49.018829,03 00 03 00 8B 74 2B 3D,03000300,0.000000
258,0,0x110,STD,8,2026-01-28T18:40:49.042827,03 00 03 00 D2 20 AA 48,03000300,0.000000
259,0,0x10F,STD,8,2026-01-28T18:40:49.099837,03 00 03 00 6E B4 5C 3D,03000300,0.000000
260,0,0x110,STD,8,2026-01-28T18:40:49.123842,03 00 03 00 13 0B 87 48,03000300,0.000000
261,0,0x10F,STD,8,2026-01-28T18:40:49.169853,03 00 03 00 0A 72 90 3D,03000300,0.000000
262,0,0x110,STD,8,2026-01-28T18:40:49.193858,03 00 03 00 C4 F2 EC 47,03000300,0.000000
263,0,0x10F,STD,8,2026-01-28T18:40:49.250833,03 00 03 00 99 D5 1B 3D,03000300,0.000000
264,0,0x110,STD,8,2026-01-28T18:40:49.274839,03 00 03 00 76 1E 35 48,03000300,0.000000
265,0,0x110,STD,8,2026-01-28T18:40:49.298844,03 00 01 00 00 00 00 00,03000100,0.000000
266,0,0x110,STD,8,2026-01-28T18:40:49.298844,03 00 02 00 57 17 3A 41,03000200,0.000000
267,0,0x10F,STD,8,2026-01-28T18:40:49.298844,03 00 01 00 00 00 00 00,03000100,0.000000
268,0,0x110,STD,8,2026-01-28T18:40:49.298844,03 00 01 00 00 00 00 00,03000100,0.000000
269,0,0x10F,STD,8,2026-01-28T18:40:49.333852,03 00 03 00 76 FF 69 3D,03000300,0.000000
270,0,0x110,STD,8,2026-01-28T18:40:49.357857,03 00 03 00 24 89 D9 47,03000300,0.000000
271,0,0x10F,STD,8,2026-01-28T18:40:49.414870,03 00 03 00 2E 58 12 3D,03000300,0.000000
272,0,0x110,STD,8,2026-01-28T18:40:49.438876,03 00 03 00 31 E0 18 48,03000300,0.000000
273,0,0x10F,STD,8,2026-01-28T18:40:49.495888,03 00 03 00 66 F4 35 3D,03000300,0.000000
274,0,0x110,STD,8,2026-01-28T18:40:49.519894,03 00 03 00 51 70 D8 47,03000300,0.000000
275,0,0x10F,STD,8,2026-01-28T18:40:49.576290,03 00 03 00 2C DD 61 3D,03000300,0.000000
276,0,0x110,STD,8,2026-01-28T18:40:49.600295,03 00 03 00 4A 8C 7C 48,03000300,0.000000
277,0,0x10F,STD,8,2026-01-28T18:40:49.657307,03 00 03 00 CA 55 30 3D,03000300,0.000000
278,0,0x110,STD,8,2026-01-28T18:40:49.670311,03 00 03 00 5B 2A 5F 48,03000300,0.000000
279,0,0x10F,STD,8,2026-01-28T18:40:49.727324,03 00 03 00 F3 67 8B 3D,03000300,0.000000
280,0,0x110,STD,8,2026-01-28T18:40:49.751329,03 00 03 00 B9 B7 A6 47,03000300,0.000000
281,0,0x10F,STD,8,2026-01-28T18:40:49.808342,03 00 03 00 2E C6 66 3D,03000300,0.000000
282,0,0x110,STD,8,2026-01-28T18:40:49.832348,03 00 03 00 0C 36 86 48,03000300,0.000000
283,0,0x10F,STD,8,2026-01-28T18:40:49.889360,03 00 03 00 94 54 83 3D,03000300,0.000000
284,0,0x110,STD,8,2026-01-28T18:40:49.913366,03 00 03 00 A7 CB 8E 48,03000300,0.000000
285,0,0x10F,STD,8,2026-01-28T18:40:49.970378,03 00 03 00 99 24 5C 3D,03000300,0.000000
286,0,0x110,STD,8,2026-01-28T18:40:49.994383,03 00 03 00 32 ED 1C 48,03000300,0.000000
287,0,0x10F,STD,8,2026-01-28T18:40:50.051397,03 00 03 00 0B AB 16 3D,03000300,0.000000
288,0,0x110,STD,8,2026-01-28T18:40:50.075402,03 00 03 00 D6 F3 32 48,03000300,0.000000
289,0,0x10F,STD,8,2026-01-28T18:40:50.132216,03 00 03 00 10 2E 48 3D,03000300,0.000000
290,0,0x110,STD,8,2026-01-28T18:40:50.155725,03 00 03 00 CC F7 5B 48,03000300,0.000000
291,0,0x10F,STD,8,2026-01-28T18:40:50.214738,03 00 03 00 AA ED 30 3D,03000300,0.000000
292,0,0x110,STD,8,2026-01-28T18:40:50.238743,03 00 03 00 DF 0E 6B 48,03000300,0.000000
293,0,0x10F,STD,8,2026-01-28T18:40:50.295756,03 00 03 00 ED 92 89 3D,03000300,0.000000
294,0,0x110,STD,8,2026-01-28T18:40:50.308759,03 00 03 00 09 10 80 48,03000300,0.000000
295,0,0x10F,STD,8,2026-01-28T18:40:50.343767,03 00 02 00 57 17 3A 41,03000200,0.000000
296,0,0x10F,STD,8,2026-01-28T18:40:50.343767,03 00 01 00 00 00 00 00,03000100,0.000000
297,0,0x110,STD,8,2026-01-28T18:40:50.343767,03 00 01 00 00 00 00 00,03000100,0.000000
298,0,0x10F,STD,8,2026-01-28T18:40:50.343767,03 00 02 00 AF E7 46 41,03000200,0.000000
299,0,0x10F,STD,8,2026-01-28T18:40:50.367772,03 00 03 00 22 17 5F 3D,03000300,0.000000
300,0,0x110,STD,8,2026-01-28T18:40:50.391784,03 00 03 00 1E FA 16 48,03000300,0.000000
301,0,0x10F,STD,8,2026-01-28T18:40:50.448797,03 00 03 00 FE B6 98 3D,03000300,0.000000
302,0,0x110,STD,8,2026-01-28T18:40:50.472803,03 00 03 00 48 56 4A 48,03000300,0.000000
303,0,0x10F,STD,8,2026-01-28T18:40:50.528999,03 00 03 00 22 94 7A 3D,03000300,0.000000
304,0,0x110,STD,8,2026-01-28T18:40:50.553004,03 00 03 00 78 77 80 48,03000300,0.000000
305,0,0x10F,STD,8,2026-01-28T18:40:50.610017,03 00 03 00 2F BF 43 3D,03000300,0.000000
306,0,0x110,STD,8,2026-01-28T18:40:50.634022,03 00 03 00 9B E0 95 47,03000300,0.000000
307,0,0x10F,STD,8,2026-01-28T18:40:50.691035,03 00 03 00 F8 13 82 3D,03000300,0.000000
308,0,0x110,STD,8,2026-01-28T18:40:50.715041,03 00 03 00 C4 A7 9E 47,03000300,0.000000
309,0,0x10F,STD,8,2026-01-28T18:40:50.772053,03 00 03 00 3F 8E 46 3D,03000300,0.000000
310,0,0x110,STD,8,2026-01-28T18:40:50.796059,03 00 03 00 C4 B6 04 48,03000300,0.000000
311,0,0x10F,STD,8,2026-01-28T18:40:50.853072,03 00 03 00 C4 37 83 3D,03000300,0.000000
312,0,0x110,STD,8,2026-01-28T18:40:50.877077,03 00 03 00 71 35 FF 47,03000300,0.000000
313,0,0x10F,STD,8,2026-01-28T18:40:50.923087,03 00 03 00 A6 1F 15 3D,03000300,0.000000
314,0,0x110,STD,8,2026-01-28T18:40:50.957770,03 00 03 00 97 B0 28 48,03000300,0.000000
315,0,0x10F,STD,8,2026-01-28T18:40:51.003781,03 00 03 00 E8 80 63 3D,03000300,0.000000
316,0,0x110,STD,8,2026-01-28T18:40:51.027787,03 00 03 00 81 B2 DF 47,03000300,0.000000
317,0,0x10F,STD,8,2026-01-28T18:40:51.084186,03 00 03 00 58 E0 22 3D,03000300,0.000000
318,0,0x110,STD,8,2026-01-28T18:40:51.108191,03 00 03 00 26 EC 53 48,03000300,0.000000
319,0,0x10F,STD,8,2026-01-28T18:40:51.165204,03 00 03 00 14 FE 0A 3D,03000300,0.000000
320,0,0x110,STD,8,2026-01-28T18:40:51.189209,03 00 03 00 59 3B CE 47,03000300,0.000000
321,0,0x10F,STD,8,2026-01-28T18:40:51.246222,03 00 03 00 56 83 48 3D,03000300,0.000000
322,0,0x110,STD,8,2026-01-28T18:40:51.270228,03 00 03 00 3E 8F 24 48,03000300,0.000000
323,0,0x10F,STD,8,2026-01-28T18:40:51.327241,03 00 03 00 9F F1 DE 3C,03000300,0.000000
324,0,0x110,STD,8,2026-01-28T18:40:51.351245,03 00 03 00 34 E9 53 48,03000300,0.000000
325,0,0x110,STD,8,2026-01-28T18:40:51.385768,03 00 02 00 AF E7 46 41,03000200,0.000000
326,0,0x10F,STD,8,2026-01-28T18:40:51.385768,03 00 02 00 FE DF 40 41,03000200,0.000000
327,0,0x110,STD,8,2026-01-28T18:40:51.385768,03 00 02 00 FE DF 40 41,03000200,0.000000
328,0,0x10F,STD,8,2026-01-28T18:40:51.385768,03 00 01 00 00 00 00 00,03000100,0.000000
329,0,0x10F,STD,8,2026-01-28T18:40:51.409773,03 00 03 00 68 C8 5E 3D,03000300,0.000000
330,0,0x110,STD,8,2026-01-28T18:40:51.433283,03 00 03 00 94 CE 28 48,03000300,0.000000
331,0,0x10F,STD,8,2026-01-28T18:40:51.490295,03 00 03 00 A7 B6 4E 3D,03000300,0.000000
332,0,0x110,STD,8,2026-01-28T18:40:51.514171,03 00 03 00 34 74 20 48,03000300,0.000000
333,0,0x10F,STD,8,2026-01-28T18:40:51.559684,03 00 03 00 82 97 14 3D,03000300,0.000000
334,0,0x110,STD,8,2026-01-28T18:40:51.583690,03 00 03 00 B3 67 F4 47,03000300,0.000000
335,0,0x10F,STD,8,2026-01-28T18:40:51.640206,03 00 03 00 03 1D 4C 3D,03000300,0.000000
336,0,0x110,STD,8,2026-01-28T18:40:51.664211,03 00 03 00 75 1F A8 48,03000300,0.000000
337,0,0x10F,STD,8,2026-01-28T18:40:51.721224,03 00 03 00 E7 BD 10 3D,03000300,0.000000
338,0,0x110,STD,8,2026-01-28T18:40:51.745229,03 00 03 00 12 F8 31 48,03000300,0.000000
339,0,0x10F,STD,8,2026-01-28T18:40:51.802242,03 00 03 00 06 75 67 3D,03000300,0.000000
340,0,0x110,STD,8,2026-01-28T18:40:51.825751,03 00 03 00 63 6E 92 48,03000300,0.000000
341,0,0x10F,STD,8,2026-01-28T18:40:51.882267,03 00 03 00 5B 67 26 3D,03000300,0.000000
342,0,0x110,STD,8,2026-01-28T18:40:51.906272,03 00 03 00 C3 E4 A7 48,03000300,0.000000
343,0,0x10F,STD,8,2026-01-28T18:40:51.963285,03 00 03 00 14 D4 7E 3D,03000300,0.000000
344,0,0x110,STD,8,2026-01-28T18:40:51.987290,03 00 03 00 15 DA 7B 48,03000300,0.000000
345,0,0x10F,STD,8,2026-01-28T18:40:52.043310,03 00 03 00 FE F6 37 3D,03000300,0.000000
346,0,0x110,STD,8,2026-01-28T18:40:52.067315,03 00 03 00 DA EC 5B 48,03000300,0.000000
347,0,0x10F,STD,8,2026-01-28T18:40:52.124328,03 00 03 00 2C E3 6A 3D,03000300,0.000000
348,0,0x110,STD,8,2026-01-28T18:40:52.148334,03 00 03 00 91 81 52 48,03000300,0.000000
349,0,0x10F,STD,8,2026-01-28T18:40:52.205347,03 00 03 00 AB 44 50 3D,03000300,0.000000
350,0,0x110,STD,8,2026-01-28T18:40:52.229352,03 00 03 00 1D 13 A2 48,03000300,0.000000
351,0,0x10F,STD,8,2026-01-28T18:40:52.285867,03 00 03 00 DE 90 1C 3D,03000300,0.000000
352,0,0x110,STD,8,2026-01-28T18:40:52.309377,03 00 03 00 3B 0E 52 48,03000300,0.000000
353,0,0x10F,STD,8,2026-01-28T18:40:52.365892,03 00 03 00 82 98 37 3D,03000300,0.000000
354,0,0x110,STD,8,2026-01-28T18:40:52.389898,03 00 03 00 51 B6 B3 48,03000300,0.000000
355,0,0x110,STD,8,2026-01-28T18:40:52.435411,03 00 01 00 00 00 00 00,03000100,0.000000
356,0,0x10F,STD,8,2026-01-28T18:40:52.435411,03 00 01 00 00 00 00 00,03000100,0.000000
357,0,0x110,STD,8,2026-01-28T18:40:52.435411,03 00 01 00 00 00 00 00,03000100,0.000000
358,0,0x10F,STD,8,2026-01-28T18:40:52.436411,03 00 02 00 F3 48 4B 41,03000200,0.000000
359,0,0x10F,STD,8,2026-01-28T18:40:52.438412,03 00 03 00 F5 69 14 3D,03000300,0.000000
360,0,0x110,STD,8,2026-01-28T18:40:52.462417,03 00 03 00 7B BA D5 48,03000300,0.000000
361,0,0x10F,STD,8,2026-01-28T18:40:52.519430,03 00 03 00 28 F3 41 3D,03000300,0.000000
362,0,0x110,STD,8,2026-01-28T18:40:52.543436,03 00 03 00 3C 6D B7 48,03000300,0.000000
363,0,0x10F,STD,8,2026-01-28T18:40:52.600448,03 00 03 00 6D D9 1F 3D,03000300,0.000000
364,0,0x110,STD,8,2026-01-28T18:40:52.623957,03 00 03 00 20 E8 01 49,03000300,0.000000
365,0,0x10F,STD,8,2026-01-28T18:40:52.680969,03 00 03 00 AE FD 4D 3D,03000300,0.000000
366,0,0x110,STD,8,2026-01-28T18:40:52.704975,03 00 03 00 90 39 F4 48,03000300,0.000000
367,0,0x10F,STD,8,2026-01-28T18:40:52.761988,03 00 03 00 52 F3 43 3D,03000300,0.000000
368,0,0x110,STD,8,2026-01-28T18:40:52.785993,03 00 03 00 74 19 F4 48,03000300,0.000000
369,0,0x10F,STD,8,2026-01-28T18:40:52.843006,03 00 03 00 10 AB 2D 3D,03000300,0.000000
370,0,0x110,STD,8,2026-01-28T18:40:52.867011,03 00 03 00 FE 0F A2 48,03000300,0.000000
371,0,0x10F,STD,8,2026-01-28T18:40:52.923527,03 00 03 00 6B DD 87 3D,03000300,0.000000
372,0,0x110,STD,8,2026-01-28T18:40:52.947533,03 00 03 00 80 1B D4 47,03000300,0.000000
373,0,0x10F,STD,8,2026-01-28T18:40:53.004547,03 00 03 00 52 92 1F 3D,03000300,0.000000
374,0,0x110,STD,8,2026-01-28T18:40:53.028056,03 00 03 00 A4 F8 2F 48,03000300,0.000000
375,0,0x10F,STD,8,2026-01-28T18:40:53.085068,03 00 03 00 82 9E 67 3D,03000300,0.000000
376,0,0x110,STD,8,2026-01-28T18:40:53.109074,03 00 03 00 E1 E7 FF 47,03000300,0.000000
377,0,0x10F,STD,8,2026-01-28T18:40:53.155084,03 00 03 00 A4 9C 4C 3D,03000300,0.000000
378,0,0x110,STD,8,2026-01-28T18:40:53.179089,03 00 03 00 79 4A 14 48,03000300,0.000000
379,0,0x10F,STD,8,2026-01-28T18:40:53.236102,03 00 03 00 0E CF 45 3D,03000300,0.000000
380,0,0x110,STD,8,2026-01-28T18:40:53.260108,03 00 03 00 26 2B 15 48,03000300,0.000000
381,0,0x10F,STD,8,2026-01-28T18:40:53.316624,03 00 03 00 47 E6 5D 3D,03000300,0.000000
382,0,0x110,STD,8,2026-01-28T18:40:53.340630,03 00 03 00 23 3D B5 47,03000300,0.000000
383,0,0x10F,STD,8,2026-01-28T18:40:53.397146,03 00 03 00 B9 F5 00 3D,03000300,0.000000
384,0,0x110,STD,8,2026-01-28T18:40:53.421151,03 00 03 00 E6 20 A2 47,03000300,0.000000
385,0,0x10F,STD,8,2026-01-28T18:40:53.478164,03 00 03 00 D0 E5 74 3D,03000300,0.000000
386,0,0x110,STD,8,2026-01-28T18:40:53.478164,03 00 02 00 F3 48 4B 41,03000200,0.000000
387,0,0x10F,STD,8,2026-01-28T18:40:53.478164,03 00 01 00 00 00 00 00,03000100,0.000000
388,0,0x10F,STD,8,2026-01-28T18:40:53.478164,03 00 02 00 D2 AC 27 41,03000200,0.000000
389,0,0x110,STD,8,2026-01-28T18:40:53.478164,03 00 01 00 00 00 00 00,03000100,0.000000
390,0,0x110,STD,8,2026-01-28T18:40:53.502170,03 00 03 00 7E 1A 49 48,03000300,0.000000
391,0,0x10F,STD,8,2026-01-28T18:40:53.559182,03 00 03 00 7D D6 24 3D,03000300,0.000000
392,0,0x110,STD,8,2026-01-28T18:40:53.583187,03 00 03 00 B9 F6 A4 48,03000300,0.000000
393,0,0x10F,STD,8,2026-01-28T18:40:53.640201,03 00 03 00 B2 0C 3C 3D,03000300,0.000000
394,0,0x110,STD,8,2026-01-28T18:40:53.664206,03 00 03 00 44 5B 9A 48,03000300,0.000000
395,0,0x10F,STD,8,2026-01-28T18:40:53.720627,03 00 03 00 3C 03 7A 3D,03000300,0.000000
396,0,0x110,STD,8,2026-01-28T18:40:53.743687,03 00 03 00 A9 75 06 48,03000300,0.000000
397,0,0x10F,STD,8,2026-01-28T18:40:53.800699,03 00 03 00 A5 9E 42 3D,03000300,0.000000
398,0,0x110,STD,8,2026-01-28T18:40:53.824705,03 00 03 00 35 71 41 47,03000300,0.000000
399,0,0x10F,STD,8,2026-01-28T18:40:53.881718,03 00 03 00 1F 04 A8 3D,03000300,0.000000
400,0,0x110,STD,8,2026-01-28T18:40:53.905722,03 00 03 00 7C 54 61 47,03000300,0.000000
401,0,0x10F,STD,8,2026-01-28T18:40:53.951733,03 00 03 00 FF 32 81 3D,03000300,0.000000
402,0,0x110,STD,8,2026-01-28T18:40:53.975739,03 00 03 00 B2 6A 39 48,03000300,0.000000
403,0,0x10F,STD,8,2026-01-28T18:40:54.032752,03 00 03 00 1D 67 65 3D,03000300,0.000000
404,0,0x110,STD,8,2026-01-28T18:40:54.056757,03 00 03 00 B3 51 1D 48,03000300,0.000000
405,0,0x10F,STD,8,2026-01-28T18:40:54.113014,03 00 03 00 24 55 64 3D,03000300,0.000000
406,0,0x110,STD,8,2026-01-28T18:40:54.136522,03 00 03 00 DC 37 7B 47,03000300,0.000000
407,0,0x10F,STD,8,2026-01-28T18:40:54.193100,03 00 03 00 42 C1 3C 3D,03000300,0.000000
408,0,0x110,STD,8,2026-01-28T18:40:54.217106,03 00 03 00 40 01 35 48,03000300,0.000000
409,0,0x10F,STD,8,2026-01-28T18:40:54.273622,03 00 03 00 6C 41 71 3D,03000300,0.000000
410,0,0x110,STD,8,2026-01-28T18:40:54.297627,03 00 03 00 0E 5A CC 47,03000300,0.000000
411,0,0x10F,STD,8,2026-01-28T18:40:54.354499,03 00 03 00 30 74 44 3D,03000300,0.000000
412,0,0x110,STD,8,2026-01-28T18:40:54.378504,03 00 03 00 73 C9 57 48,03000300,0.000000
413,0,0x10F,STD,8,2026-01-28T18:40:54.435482,03 00 03 00 1D A1 86 3D,03000300,0.000000
414,0,0x110,STD,8,2026-01-28T18:40:54.459487,03 00 03 00 E9 F7 94 48,03000300,0.000000
415,0,0x10F,STD,8,2026-01-28T18:40:54.516500,03 00 03 00 0C DE 6D 3D,03000300,0.000000
416,0,0x110,STD,8,2026-01-28T18:40:54.540505,03 00 02 00 D2 AC 27 41,03000200,0.000000
417,0,0x110,STD,8,2026-01-28T18:40:54.540505,03 00 02 00 D2 AC 27 41,03000200,0.000000
418,0,0x10F,STD,8,2026-01-28T18:40:54.540505,03 00 01 00 00 00 00 00,03000100,0.000000
419,0,0x110,STD,8,2026-01-28T18:40:54.540505,03 00 02 00 46 4C 3E 41,03000200,0.000000
420,0,0x110,STD,8,2026-01-28T18:40:54.540505,03 00 01 00 00 00 00 00,03000100,0.000000
421,0,0x10F,STD,8,2026-01-28T18:40:54.597518,03 00 03 00 A9 01 74 3D,03000300,0.000000
422,0,0x110,STD,8,2026-01-28T18:40:54.621524,03 00 03 00 76 A8 C2 48,03000300,0.000000
423,0,0x10F,STD,8,2026-01-28T18:40:54.678536,03 00 03 00 47 BB 70 3D,03000300,0.000000
424,0,0x110,STD,8,2026-01-28T18:40:54.702542,03 00 03 00 2F 0D D4 48,03000300,0.000000
425,0,0x10F,STD,8,2026-01-28T18:40:54.758706,03 00 03 00 D8 02 0D 3D,03000300,0.000000
426,0,0x110,STD,8,2026-01-28T18:40:54.782712,03 00 03 00 A1 C1 6C 48,03000300,0.000000
427,0,0x10F,STD,8,2026-01-28T18:40:54.839725,03 00 03 00 EF 42 57 3D,03000300,0.000000
428,0,0x110,STD,8,2026-01-28T18:40:54.852728,03 00 03 00 87 2C 77 48,03000300,0.000000
429,0,0x10F,STD,8,2026-01-28T18:40:54.909740,03 00 03 00 18 FB 21 3D,03000300,0.000000
430,0,0x110,STD,8,2026-01-28T18:40:54.933746,03 00 03 00 9C F6 5B 48,03000300,0.000000
431,0,0x10F,STD,8,2026-01-28T18:40:54.990759,03 00 03 00 C7 33 6F 3D,03000300,0.000000
432,0,0x110,STD,8,2026-01-28T18:40:55.014764,03 00 03 00 FF B4 97 48,03000300,0.000000
433,0,0x10F,STD,8,2026-01-28T18:40:55.071777,03 00 03 00 A7 8F 50 3D,03000300,0.000000
434,0,0x110,STD,8,2026-01-28T18:40:55.095782,03 00 03 00 6B AD AC 48,03000300,0.000000
435,0,0x10F,STD,8,2026-01-28T18:40:55.152795,03 00 03 00 F5 AF 34 3D,03000300,0.000000
436,0,0x110,STD,8,2026-01-28T18:40:55.176800,03 00 03 00 B4 EB D9 48,03000300,0.000000
437,0,0x10F,STD,8,2026-01-28T18:40:55.233315,03 00 03 00 06 D6 41 3D,03000300,0.000000
438,0,0x110,STD,8,2026-01-28T18:40:55.257321,03 00 03 00 24 DE 09 49,03000300,0.000000
439,0,0x10F,STD,8,2026-01-28T18:40:55.314334,03 00 03 00 80 1F 1A 3D,03000300,0.000000
440,0,0x110,STD,8,2026-01-28T18:40:55.338339,03 00 03 00 36 8E DF 48,03000300,0.000000
441,0,0x10F,STD,8,2026-01-28T18:40:55.394856,03 00 03 00 D2 77 39 3D,03000300,0.000000
442,0,0x110,STD,8,2026-01-28T18:40:55.418862,03 00 03 00 2F 5B 9C 48,03000300,0.000000
443,0,0x10F,STD,8,2026-01-28T18:40:55.475874,03 00 03 00 68 BC 1D 3D,03000300,0.000000
444,0,0x110,STD,8,2026-01-28T18:40:55.499880,03 00 03 00 FE 7D 7A 48,03000300,0.000000
445,0,0x10F,STD,8,2026-01-28T18:40:55.545393,03 00 03 00 87 DF 5C 3D,03000300,0.000000
446,0,0x110,STD,8,2026-01-28T18:40:55.569398,03 00 03 00 55 8F 04 48,03000300,0.000000
447,0,0x10F,STD,8,2026-01-28T18:40:55.592812,03 00 02 00 46 4C 3E 41,03000200,0.000000
448,0,0x10F,STD,8,2026-01-28T18:40:55.592812,03 00 02 00 FF 78 2C 41,03000200,0.000000
449,0,0x110,STD,8,2026-01-28T18:40:55.592812,03 00 02 00 FF 78 2C 41,03000200,0.000000
450,0,0x10F,STD,8,2026-01-28T18:40:55.592812,03 00 01 00 00 00 00 00,03000100,0.000000
451,0,0x10F,STD,8,2026-01-28T18:40:55.627820,03 00 03 00 C9 D0 3A 3D,03000300,0.000000
452,0,0x110,STD,8,2026-01-28T18:40:55.651825,03 00 03 00 90 7E 6B 47,03000300,0.000000
453,0,0x10F,STD,8,2026-01-28T18:40:55.708838,03 00 03 00 AA 96 56 3D,03000300,0.000000
454,0,0x110,STD,8,2026-01-28T18:40:55.732844,03 00 03 00 CE DA 5A 48,03000300,0.000000
455,0,0x10F,STD,8,2026-01-28T18:40:55.789856,03 00 03 00 7F 1F 3F 3D,03000300,0.000000
456,0,0x110,STD,8,2026-01-28T18:40:55.813862,03 00 03 00 A8 D4 BE 47,03000300,0.000000
457,0,0x10F,STD,8,2026-01-28T18:40:55.870875,03 00 03 00 DB F4 1C 3D,03000300,0.000000
458,0,0x110,STD,8,2026-01-28T18:40:55.894880,03 00 03 00 DD 7D 1C 48,03000300,0.000000
459,0,0x10F,STD,8,2026-01-28T18:40:55.951893,03 00 03 00 14 8A 5E 3D,03000300,0.000000
460,0,0x110,STD,8,2026-01-28T18:40:55.975898,03 00 03 00 16 56 44 48,03000300,0.000000
461,0,0x10F,STD,8,2026-01-28T18:40:56.032911,03 00 03 00 A9 73 E4 3C,03000300,0.000000
462,0,0x110,STD,8,2026-01-28T18:40:56.056917,03 00 03 00 22 2F 0E 48,03000300,0.000000
463,0,0x10F,STD,8,2026-01-28T18:40:56.113929,03 00 03 00 32 C0 86 3D,03000300,0.000000
464,0,0x110,STD,8,2026-01-28T18:40:56.137437,03 00 03 00 F7 CE 98 47,03000300,0.000000
465,0,0x10F,STD,8,2026-01-28T18:40:56.194450,03 00 03 00 77 74 60 3D,03000300,0.000000
466,0,0x110,STD,8,2026-01-28T18:40:56.207453,03 00 03 00 2F F0 E4 47,03000300,0.000000
467,0,0x10F,STD,8,2026-01-28T18:40:56.264466,03 00 03 00 50 9B 67 3D,03000300,0.000000
468,0,0x110,STD,8,2026-01-28T18:40:56.288471,03 00 03 00 6F 5D 8B 48,03000300,0.000000
469,0,0x10F,STD,8,2026-01-28T18:40:56.345484,03 00 03 00 9B B3 95 3D,03000300,0.000000
470,0,0x110,STD,8,2026-01-28T18:40:56.368994,03 00 03 00 F7 D9 B1 48,03000300,0.000000
471,0,0x10F,STD,8,2026-01-28T18:40:56.426006,03 00 03 00 61 BB 3C 3D,03000300,0.000000
472,0,0x110,STD,8,2026-01-28T18:40:56.450012,03 00 03 00 FF D3 7F 48,03000300,0.000000
473,0,0x10F,STD,8,2026-01-28T18:40:56.507025,03 00 03 00 50 3A 9D 3D,03000300,0.000000
474,0,0x110,STD,8,2026-01-28T18:40:56.530109,03 00 03 00 76 28 D3 48,03000300,0.000000
475,0,0x10F,STD,8,2026-01-28T18:40:56.586700,03 00 03 00 D1 B8 4B 3D,03000300,0.000000
476,0,0x110,STD,8,2026-01-28T18:40:56.610706,03 00 03 00 DD 1C B0 48,03000300,0.000000
477,0,0x110,STD,8,2026-01-28T18:40:56.656716,03 00 01 00 00 00 00 00,03000100,0.000000
478,0,0x10F,STD,8,2026-01-28T18:40:56.656716,03 00 02 00 E5 D2 2F 41,03000200,0.000000
479,0,0x110,STD,8,2026-01-28T18:40:56.656716,03 00 02 00 E5 D2 2F 41,03000200,0.000000
480,0,0x10F,STD,8,2026-01-28T18:40:56.658716,03 00 01 00 00 00 00 00,03000100,0.000000
481,0,0x10F,STD,8,2026-01-28T18:40:56.671719,03 00 03 00 B2 FA 44 3D,03000300,0.000000
482,0,0x110,STD,8,2026-01-28T18:40:56.695725,03 00 03 00 E7 0A 4E 48,03000300,0.000000
483,0,0x10F,STD,8,2026-01-28T18:40:56.741735,03 00 03 00 FE 6A 49 3D,03000300,0.000000
484,0,0x110,STD,8,2026-01-28T18:40:56.765741,03 00 03 00 11 29 C6 48,03000300,0.000000
485,0,0x10F,STD,8,2026-01-28T18:40:56.822753,03 00 03 00 0F 63 22 3D,03000300,0.000000
486,0,0x110,STD,8,2026-01-28T18:40:56.846759,03 00 03 00 F4 F2 B0 48,03000300,0.000000
487,0,0x10F,STD,8,2026-01-28T18:40:56.903772,03 00 03 00 94 DA 5C 3D,03000300,0.000000
488,0,0x110,STD,8,2026-01-28T18:40:56.927777,03 00 03 00 D9 EA 61 48,03000300,0.000000
489,0,0x10F,STD,8,2026-01-28T18:40:56.984790,03 00 03 00 9E 06 61 3D,03000300,0.000000
490,0,0x110,STD,8,2026-01-28T18:40:57.008795,03 00 03 00 F3 AE A7 48,03000300,0.000000
491,0,0x10F,STD,8,2026-01-28T18:40:57.065808,03 00 03 00 A7 1F A3 3D,03000300,0.000000
492,0,0x110,STD,8,2026-01-28T18:40:57.089814,03 00 03 00 17 2E 82 48,03000300,0.000000
493,0,0x10F,STD,8,2026-01-28T18:40:57.146826,03 00 03 00 55 95 67 3D,03000300,0.000000
494,0,0x110,STD,8,2026-01-28T18:40:57.170832,03 00 03 00 7D 81 16 48,03000300,0.000000
495,0,0x10F,STD,8,2026-01-28T18:40:57.227845,03 00 03 00 13 70 92 3D,03000300,0.000000
496,0,0x110,STD,8,2026-01-28T18:40:57.251850,03 00 03 00 B9 A6 28 48,03000300,0.000000
497,0,0x10F,STD,8,2026-01-28T18:40:57.308863,03 00 03 00 19 BA 6D 3D,03000300,0.000000
498,0,0x110,STD,8,2026-01-28T18:40:57.332868,03 00 03 00 F0 C1 F6 47,03000300,0.000000
499,0,0x10F,STD,8,2026-01-28T18:40:57.378879,03 00 03 00 96 58 80 3D,03000300,0.000000
500,0,0x110,STD,8,2026-01-28T18:40:57.402884,03 00 03 00 89 4F 0C 48,03000300,0.000000
501,0,0x10F,STD,8,2026-01-28T18:40:57.459897,03 00 03 00 D2 30 A4 3D,03000300,0.000000
502,0,0x110,STD,8,2026-01-28T18:40:57.483902,03 00 03 00 4B 38 C2 47,03000300,0.000000
503,0,0x10F,STD,8,2026-01-28T18:40:57.540915,03 00 03 00 9F 11 64 3D,03000300,0.000000
504,0,0x110,STD,8,2026-01-28T18:40:57.564920,03 00 03 00 41 6A 99 47,03000300,0.000000
505,0,0x10F,STD,8,2026-01-28T18:40:57.621933,03 00 03 00 36 F9 C5 3D,03000300,0.000000
506,0,0x110,STD,8,2026-01-28T18:40:57.645939,03 00 03 00 B5 34 85 48,03000300,0.000000
507,0,0x10F,STD,8,2026-01-28T18:40:57.702952,03 00 03 00 C2 A8 69 3D,03000300,0.000000
508,0,0x110,STD,8,2026-01-28T18:40:57.715954,03 00 01 00 00 00 00 00,03000100,0.000000
509,0,0x10F,STD,8,2026-01-28T18:40:57.715954,03 00 02 00 4E 30 31 41,03000200,0.000000
510,0,0x110,STD,8,2026-01-28T18:40:57.715954,03 00 02 00 4E 30 31 41,03000200,0.000000
511,0,0x10F,STD,8,2026-01-28T18:40:57.715954,03 00 01 00 00 00 00 00,03000100,0.000000
512,0,0x110,STD,8,2026-01-28T18:40:57.728957,03 00 03 00 26 00 77 48,03000300,0.000000
513,0,0x10F,STD,8,2026-01-28T18:40:57.785559,03 00 03 00 83 94 9A 3D,03000300,0.000000
514,0,0x110,STD,8,2026-01-28T18:40:57.809565,03 00 03 00 33 6D CF 48,03000300,0.000000
515,0,0x10F,STD,8,2026-01-28T18:40:57.866578,03 00 03 00 E6 B6 8A 3D,03000300,0.000000
516,0,0x110,STD,8,2026-01-28T18:40:57.890583,03 00 03 00 D0 92 84 48,03000300,0.000000
517,0,0x10F,STD,8,2026-01-28T18:40:57.947596,03 00 03 00 E9 27 24 3D,03000300,0.000000
518,0,0x110,STD,8,2026-01-28T18:40:57.960599,03 00 03 00 43 C4 A1 48,03000300,0.000000
519,0,0x10F,STD,8,2026-01-28T18:40:58.016741,03 00 03 00 B4 CE 96 3D,03000300,0.000000
520,0,0x110,STD,8,2026-01-28T18:40:58.040747,03 00 03 00 2D B4 88 48,03000300,0.000000
521,0,0x10F,STD,8,2026-01-28T18:40:58.097760,03 00 03 00 D6 3E 3F 3D,03000300,0.000000
522,0,0x110,STD,8,2026-01-28T18:40:58.121766,03 00 03 00 7C 91 C4 47,03000300,0.000000
523,0,0x10F,STD,8,2026-01-28T18:40:58.178165,03 00 03 00 0E 07 7C 3D,03000300,0.000000
524,0,0x110,STD,8,2026-01-28T18:40:58.202170,03 00 03 00 41 55 B4 47,03000300,0.000000
525,0,0x10F,STD,8,2026-01-28T18:40:58.259183,03 00 03 00 3C 0C 79 3D,03000300,0.000000
526,0,0x110,STD,8,2026-01-28T18:40:58.283188,03 00 03 00 1E 42 9A 47,03000300,0.000000
527,0,0x10F,STD,8,2026-01-28T18:40:58.340201,03 00 03 00 51 18 1C 3D,03000300,0.000000
528,0,0x110,STD,8,2026-01-28T18:40:58.364206,03 00 03 00 2D FB 1F 48,03000300,0.000000
529,0,0x10F,STD,8,2026-01-28T18:40:58.421219,03 00 03 00 9E C4 42 3D,03000300,0.000000
530,0,0x110,STD,8,2026-01-28T18:40:58.445225,03 00 03 00 7F 4A 13 48,03000300,0.000000
531,0,0x10F,STD,8,2026-01-28T18:40:58.502238,03 00 03 00 7C ED 20 3D,03000300,0.000000
532,0,0x110,STD,8,2026-01-28T18:40:58.526243,03 00 03 00 7D 87 64 48,03000300,0.000000
533,0,0x10F,STD,8,2026-01-28T18:40:58.583256,03 00 03 00 04 63 4F 3D,03000300,0.000000
534,0,0x110,STD,8,2026-01-28T18:40:58.607261,03 00 03 00 59 F0 A6 48,03000300,0.000000
535,0,0x10F,STD,8,2026-01-28T18:40:58.663548,03 00 03 00 6D 32 31 3D,03000300,0.000000
536,0,0x110,STD,8,2026-01-28T18:40:58.687554,03 00 03 00 41 D9 5E 48,03000300,0.000000
537,0,0x10F,STD,8,2026-01-28T18:40:58.733564,03 00 03 00 0D D2 6E 3D,03000300,0.000000
538,0,0x110,STD,8,2026-01-28T18:40:58.757570,03 00 03 00 C5 CF B2 48,03000300,0.000000
539,0,0x110,STD,8,2026-01-28T18:40:58.770573,03 00 01 00 00 00 00 00,03000100,0.000000
540,0,0x110,STD,8,2026-01-28T18:40:58.770573,03 00 02 00 B9 B9 2D 41,03000200,0.000000
541,0,0x10F,STD,8,2026-01-28T18:40:58.770573,03 00 01 00 00 00 00 00,03000100,0.000000
542,0,0x110,STD,8,2026-01-28T18:40:58.770573,03 00 01 00 00 00 00 00,03000100,0.000000
543,0,0x10F,STD,8,2026-01-28T18:40:58.816583,03 00 03 00 EC 47 24 3D,03000300,0.000000
544,0,0x110,STD,8,2026-01-28T18:40:58.840588,03 00 03 00 E5 F8 96 48,03000300,0.000000
545,0,0x10F,STD,8,2026-01-28T18:40:58.897601,03 00 03 00 14 D8 5B 3D,03000300,0.000000
546,0,0x110,STD,8,2026-01-28T18:40:58.921607,03 00 03 00 8F E4 D9 47,03000300,0.000000
547,0,0x10F,STD,8,2026-01-28T18:40:58.978619,03 00 03 00 2E 17 88 3D,03000300,0.000000
548,0,0x110,STD,8,2026-01-28T18:40:59.002625,03 00 03 00 83 D9 66 48,03000300,0.000000
549,0,0x10F,STD,8,2026-01-28T18:40:59.059638,03 00 03 00 3C 68 24 3D,03000300,0.000000
550,0,0x110,STD,8,2026-01-28T18:40:59.083643,03 00 03 00 65 7D 64 48,03000300,0.000000
551,0,0x10F,STD,8,2026-01-28T18:40:59.140656,03 00 03 00 52 B6 60 3D,03000300,0.000000
552,0,0x110,STD,8,2026-01-28T18:40:59.164187,03 00 03 00 87 E6 AF 47,03000300,0.000000
553,0,0x10F,STD,8,2026-01-28T18:40:59.221200,03 00 03 00 7A 71 11 3D,03000300,0.000000
554,0,0x110,STD,8,2026-01-28T18:40:59.245205,03 00 03 00 56 FE 40 48,03000300,0.000000
555,0,0x10F,STD,8,2026-01-28T18:40:59.302218,03 00 03 00 8A 33 39 3D,03000300,0.000000
556,0,0x110,STD,8,2026-01-28T18:40:59.326223,03 00 03 00 27 DF 1D 48,03000300,0.000000
557,0,0x10F,STD,8,2026-01-28T18:40:59.383237,03 00 03 00 6D 56 55 3D,03000300,0.000000
558,0,0x110,STD,8,2026-01-28T18:40:59.406890,03 00 03 00 CB 5B A6 47,03000300,0.000000
559,0,0x10F,STD,8,2026-01-28T18:40:59.452018,03 00 03 00 6B A1 FA 3C,03000300,0.000000
560,0,0x110,STD,8,2026-01-28T18:40:59.475439,03 00 03 00 47 3F 49 48,03000300,0.000000
561,0,0x10F,STD,8,2026-01-28T18:40:59.531512,03 00 03 00 90 6A 51 3D,03000300,0.000000
562,0,0x110,STD,8,2026-01-28T18:40:59.555517,03 00 03 00 B5 F7 DE 48,03000300,0.000000
563,0,0x10F,STD,8,2026-01-28T18:40:59.612532,03 00 03 00 FA 47 FA 3C,03000300,0.000000
564,0,0x110,STD,8,2026-01-28T18:40:59.636537,03 00 03 00 7B 3A 31 48,03000300,0.000000
565,0,0x10F,STD,8,2026-01-28T18:40:59.693550,03 00 03 00 3D 3C 42 3D,03000300,0.000000
566,0,0x110,STD,8,2026-01-28T18:40:59.717506,03 00 03 00 57 23 FC 48,03000300,0.000000
567,0,0x10F,STD,8,2026-01-28T18:40:59.774519,03 00 03 00 DF A1 21 3D,03000300,0.000000
568,0,0x110,STD,8,2026-01-28T18:40:59.798524,03 00 03 00 50 30 A2 48,03000300,0.000000
569,0,0x10F,STD,8,2026-01-28T18:40:59.822530,03 00 02 00 B9 B9 2D 41,03000200,0.000000
570,0,0x10F,STD,8,2026-01-28T18:40:59.822530,03 00 02 00 3D 3C 28 41,03000200,0.000000
571,0,0x10F,STD,8,2026-01-28T18:40:59.822530,03 00 01 00 00 00 00 00,03000100,0.000000
572,0,0x110,STD,8,2026-01-28T18:40:59.822530,03 00 02 00 3D 3C 28 41,03000200,0.000000
573,0,0x10F,STD,8,2026-01-28T18:40:59.857537,03 00 03 00 56 7F 14 3D,03000300,0.000000
574,0,0x110,STD,8,2026-01-28T18:40:59.881543,03 00 03 00 EE C5 B4 48,03000300,0.000000
575,0,0x10F,STD,8,2026-01-28T18:40:59.938556,03 00 03 00 4A 57 27 3D,03000300,0.000000
576,0,0x110,STD,8,2026-01-28T18:40:59.962561,03 00 03 00 84 5A 12 49,03000300,0.000000
577,0,0x10F,STD,8,2026-01-28T18:41:00.019574,03 00 03 00 1A DE 18 3D,03000300,0.000000
578,0,0x110,STD,8,2026-01-28T18:41:00.043579,03 00 03 00 CC FA AC 48,03000300,0.000000
579,0,0x10F,STD,8,2026-01-28T18:41:00.088924,03 00 03 00 30 37 29 3D,03000300,0.000000
580,0,0x110,STD,8,2026-01-28T18:41:00.112929,03 00 03 00 A6 D1 83 48,03000300,0.000000
581,0,0x10F,STD,8,2026-01-28T18:41:00.168496,03 00 03 00 69 1B 35 3D,03000300,0.000000
582,0,0x110,STD,8,2026-01-28T18:41:00.192501,03 00 03 00 A8 6B 89 48,03000300,0.000000
583,0,0x10F,STD,8,2026-01-28T18:41:00.249514,03 00 03 00 1D 4E 4D 3D,03000300,0.000000
584,0,0x110,STD,8,2026-01-28T18:41:00.284522,03 00 03 00 2D D0 BC 47,03000300,0.000000
585,0,0x10F,STD,8,2026-01-28T18:41:00.330493,03 00 03 00 62 53 01 3D,03000300,0.000000
586,0,0x110,STD,8,2026-01-28T18:41:00.353129,03 00 03 00 B2 89 E9 47,03000300,0.000000
587,0,0x10F,STD,8,2026-01-28T18:41:00.409894,03 00 03 00 98 A8 4F 3D,03000300,0.000000
588,0,0x110,STD,8,2026-01-28T18:41:00.432990,03 00 03 00 DC 06 7E 48,03000300,0.000000
589,0,0x10F,STD,8,2026-01-28T18:41:00.490002,03 00 03 00 98 CD 64 3D,03000300,0.000000
590,0,0x110,STD,8,2026-01-28T18:41:00.514008,03 00 03 00 1D E8 8A 48,03000300,0.000000
591,0,0x10F,STD,8,2026-01-28T18:41:00.571021,03 00 03 00 49 5E 25 3D,03000300,0.000000
592,0,0x110,STD,8,2026-01-28T18:41:00.595025,03 00 03 00 22 42 38 48,03000300,0.000000
593,0,0x10F,STD,8,2026-01-28T18:41:00.651095,03 00 03 00 FF 91 87 3D,03000300,0.000000
594,0,0x110,STD,8,2026-01-28T18:41:00.675101,03 00 03 00 29 77 57 48,03000300,0.000000
595,0,0x10F,STD,8,2026-01-28T18:41:00.732115,03 00 03 00 32 17 43 3D,03000300,0.000000
596,0,0x110,STD,8,2026-01-28T18:41:00.755174,03 00 03 00 64 AD 25 48,03000300,0.000000
597,0,0x10F,STD,8,2026-01-28T18:41:00.812187,03 00 03 00 EE 21 35 3D,03000300,0.000000
598,0,0x110,STD,8,2026-01-28T18:41:00.836192,03 00 03 00 23 E8 7B 47,03000300,0.000000
599,0,0x110,STD,8,2026-01-28T18:41:00.860198,03 00 01 00 00 00 00 00,03000100,0.000000
600,0,0x10F,STD,8,2026-01-28T18:41:00.860198,03 00 02 00 15 AA 2D 41,03000200,0.000000
601,0,0x110,STD,8,2026-01-28T18:41:00.860198,03 00 02 00 15 AA 2D 41,03000200,0.000000
602,0,0x10F,STD,8,2026-01-28T18:41:00.860198,03 00 01 00 00 00 00 00,03000100,0.000000
603,0,0x10F,STD,8,2026-01-28T18:41:00.894893,03 00 03 00 03 DC 29 3D,03000300,0.000000
604,0,0x110,STD,8,2026-01-28T18:41:00.918898,03 00 03 00 36 A7 7D 47,03000300,0.000000
605,0,0x10F,STD,8,2026-01-28T18:41:00.975508,03 00 03 00 D6 46 FB 3C,03000300,0.000000
606,0,0x110,STD,8,2026-01-28T18:41:00.999513,03 00 03 00 64 F3 B5 48,03000300,0.000000
607,0,0x10F,STD,8,2026-01-28T18:41:01.045523,03 00 03 00 A9 8B 36 3D,03000300,0.000000
608,0,0x110,STD,8,2026-01-28T18:41:01.080531,03 00 03 00 90 04 A3 48,03000300,0.000000
609,0,0x10F,STD,8,2026-01-28T18:41:01.137544,03 00 03 00 76 B4 C6 3C,03000300,0.000000
610,0,0x110,STD,8,2026-01-28T18:41:01.150547,03 00 03 00 0E 36 7F 48,03000300,0.000000
611,0,0x10F,STD,8,2026-01-28T18:41:01.207560,03 00 03 00 70 E1 48 3D,03000300,0.000000
612,0,0x110,STD,8,2026-01-28T18:41:01.231566,03 00 03 00 DC F3 81 48,03000300,0.000000
613,0,0x10F,STD,8,2026-01-28T18:41:01.288580,03 00 03 00 B7 CA 27 3D,03000300,0.000000
614,0,0x110,STD,8,2026-01-28T18:41:01.312089,03 00 03 00 F6 0B 71 48,03000300,0.000000
615,0,0x10F,STD,8,2026-01-28T18:41:01.369103,03 00 03 00 B2 D8 89 3D,03000300,0.000000
616,0,0x110,STD,8,2026-01-28T18:41:01.393108,03 00 03 00 75 37 B1 48,03000300,0.000000
617,0,0x10F,STD,8,2026-01-28T18:41:01.450121,03 00 03 00 A2 5F 8E 3D,03000300,0.000000
618,0,0x110,STD,8,2026-01-28T18:41:01.474126,03 00 03 00 D0 CF DD 48,03000300,0.000000
619,0,0x10F,STD,8,2026-01-28T18:41:01.531139,03 00 03 00 53 84 4A 3D,03000300,0.000000
620,0,0x110,STD,8,2026-01-28T18:41:01.559145,03 00 03 00 D2 D4 92 48,03000300,0.000000
621,0,0x10F,STD,8,2026-01-28T18:41:01.615782,03 00 03 00 61 E5 80 3D,03000300,0.000000
622,0,0x110,STD,8,2026-01-28T18:41:01.628785,03 00 03 00 1F 2F BD 47,03000300,0.000000
623,0,0x10F,STD,8,2026-01-28T18:41:01.685798,03 00 03 00 2E D5 24 3D,03000300,0.000000
624,0,0x110,STD,8,2026-01-28T18:41:01.709803,03 00 03 00 6A 1F 88 48,03000300,0.000000
625,0,0x10F,STD,8,2026-01-28T18:41:01.766816,03 00 03 00 4A CC 84 3D,03000300,0.000000
626,0,0x110,STD,8,2026-01-28T18:41:01.790821,03 00 03 00 C5 C5 C2 48,03000300,0.000000
627,0,0x10F,STD,8,2026-01-28T18:41:01.847834,03 00 03 00 9D A9 53 3D,03000300,0.000000
628,0,0x110,STD,8,2026-01-28T18:41:01.871840,03 00 03 00 E7 4D 93 48,03000300,0.000000
629,0,0x110,STD,8,2026-01-28T18:41:01.906848,03 00 01 00 00 00 00 00,03000100,0.000000
630,0,0x110,STD,8,2026-01-28T18:41:01.906848,03 00 02 00 07 CA 37 41,03000200,0.000000
631,0,0x10F,STD,8,2026-01-28T18:41:01.906848,03 00 01 00 00 00 00 00,03000100,0.000000
632,0,0x110,STD,8,2026-01-28T18:41:01.906848,03 00 01 00 00 00 00 00,03000100,0.000000
633,0,0x10F,STD,8,2026-01-28T18:41:01.930853,03 00 03 00 A3 81 56 3D,03000300,0.000000
634,0,0x110,STD,8,2026-01-28T18:41:01.954859,03 00 03 00 59 4A EE 48,03000300,0.000000
635,0,0x10F,STD,8,2026-01-28T18:41:02.011870,03 00 03 00 F9 8A 98 3D,03000300,0.000000
636,0,0x110,STD,8,2026-01-28T18:41:02.035876,03 00 03 00 02 4E CD 48,03000300,0.000000
637,0,0x10F,STD,8,2026-01-28T18:41:02.092446,03 00 03 00 F0 03 4C 3D,03000300,0.000000
638,0,0x110,STD,8,2026-01-28T18:41:02.105449,03 00 03 00 67 2A 25 48,03000300,0.000000
639,0,0x10F,STD,8,2026-01-28T18:41:02.161517,03 00 03 00 62 3D 86 3D,03000300,0.000000
640,0,0x110,STD,8,2026-01-28T18:41:02.185522,03 00 03 00 7D EF 97 48,03000300,0.000000
641,0,0x10F,STD,8,2026-01-28T18:41:02.242535,03 00 03 00 E4 66 52 3D,03000300,0.000000
642,0,0x110,STD,8,2026-01-28T18:41:02.266540,03 00 03 00 C8 47 6D 48,03000300,0.000000
643,0,0x10F,STD,8,2026-01-28T18:41:02.323553,03 00 03 00 86 0C 86 3D,03000300,0.000000
644,0,0x110,STD,8,2026-01-28T18:41:02.347559,03 00 03 00 7C CD E1 47,03000300,0.000000
645,0,0x10F,STD,8,2026-01-28T18:41:02.404075,03 00 03 00 ED 39 8D 3D,03000300,0.000000
646,0,0x110,STD,8,2026-01-28T18:41:02.428081,03 00 03 00 DA 7A 8C 48,03000300,0.000000
647,0,0x10F,STD,8,2026-01-28T18:41:02.485094,03 00 03 00 6D 1F 74 3D,03000300,0.000000
648,0,0x110,STD,8,2026-01-28T18:41:02.509099,03 00 03 00 7D 6C 16 48,03000300,0.000000
649,0,0x10F,STD,8,2026-01-28T18:41:02.566112,03 00 03 00 8C C8 87 3D,03000300,0.000000
650,0,0x110,STD,8,2026-01-28T18:41:02.590117,03 00 03 00 24 F6 7E 48,03000300,0.000000
651,0,0x10F,STD,8,2026-01-28T18:41:02.647130,03 00 03 00 22 99 3A 3D,03000300,0.000000
652,0,0x110,STD,8,2026-01-28T18:41:02.671135,03 00 03 00 73 A9 94 48,03000300,0.000000
653,0,0x10F,STD,8,2026-01-28T18:41:02.728148,03 00 03 00 AE BB 7A 3D,03000300,0.000000
654,0,0x110,STD,8,2026-01-28T18:41:02.752154,03 00 03 00 82 03 41 48,03000300,0.000000
655,0,0x10F,STD,8,2026-01-28T18:41:02.809166,03 00 03 00 50 57 54 3D,03000300,0.000000
656,0,0x110,STD,8,2026-01-28T18:41:02.833172,03 00 03 00 34 02 9B 48,03000300,0.000000
657,0,0x10F,STD,8,2026-01-28T18:41:02.879182,03 00 03 00 B5 21 26 3D,03000300,0.000000
658,0,0x110,STD,8,2026-01-28T18:41:02.914190,03 00 03 00 35 A1 CB 48,03000300,0.000000
659,0,0x10F,STD,8,2026-01-28T18:41:02.949198,03 00 02 00 07 CA 37 41,03000200,0.000000
660,0,0x10F,STD,8,2026-01-28T18:41:02.949198,03 00 01 00 00 00 00 00,03000100,0.000000
661,0,0x110,STD,8,2026-01-28T18:41:02.949198,03 00 01 00 00 00 00 00,03000100,0.000000
662,0,0x10F,STD,8,2026-01-28T18:41:02.949198,03 00 02 00 FC 52 35 41,03000200,0.000000
663,0,0x10F,STD,8,2026-01-28T18:41:02.962201,03 00 03 00 F6 FF 2A 3D,03000300,0.000000
664,0,0x110,STD,8,2026-01-28T18:41:02.986207,03 00 03 00 3B 7E DA 48,03000300,0.000000
665,0,0x10F,STD,8,2026-01-28T18:41:03.043219,03 00 03 00 17 9E 12 3D,03000300,0.000000
666,0,0x110,STD,8,2026-01-28T18:41:03.067224,03 00 03 00 22 76 CF 48,03000300,0.000000
667,0,0x10F,STD,8,2026-01-28T18:41:03.124237,03 00 03 00 69 F9 35 3D,03000300,0.000000
668,0,0x110,STD,8,2026-01-28T18:41:03.148243,03 00 03 00 82 88 DF 48,03000300,0.000000
669,0,0x10F,STD,8,2026-01-28T18:41:03.205255,03 00 03 00 E3 38 32 3D,03000300,0.000000
670,0,0x110,STD,8,2026-01-28T18:41:03.229261,03 00 03 00 D2 80 C7 48,03000300,0.000000
671,0,0x10F,STD,8,2026-01-28T18:41:03.286273,03 00 03 00 25 61 6A 3D,03000300,0.000000
672,0,0x110,STD,8,2026-01-28T18:41:03.310279,03 00 03 00 26 26 8C 48,03000300,0.000000
673,0,0x10F,STD,8,2026-01-28T18:41:03.367292,03 00 03 00 91 E4 22 3D,03000300,0.000000
674,0,0x110,STD,8,2026-01-28T18:41:03.390935,03 00 03 00 76 08 A4 48,03000300,0.000000
675,0,0x10F,STD,8,2026-01-28T18:41:03.447950,03 00 03 00 B3 9F 78 3D,03000300,0.000000
676,0,0x110,STD,8,2026-01-28T18:41:03.471956,03 00 03 00 8D 59 C7 48,03000300,0.000000
677,0,0x10F,STD,8,2026-01-28T18:41:03.517441,03 00 03 00 6C AA 67 3D,03000300,0.000000
678,0,0x110,STD,8,2026-01-28T18:41:03.541446,03 00 03 00 F9 F4 9B 48,03000300,0.000000
679,0,0x10F,STD,8,2026-01-28T18:41:03.598458,03 00 03 00 2D 84 73 3D,03000300,0.000000
680,0,0x110,STD,8,2026-01-28T18:41:03.622464,03 00 03 00 CA EA 9F 48,03000300,0.000000
681,0,0x10F,STD,8,2026-01-28T18:41:03.679477,03 00 03 00 92 44 80 3D,03000300,0.000000
682,0,0x110,STD,8,2026-01-28T18:41:03.703483,03 00 03 00 17 BF 09 48,03000300,0.000000
683,0,0x10F,STD,8,2026-01-28T18:41:03.760495,03 00 03 00 CE 41 2F 3D,03000300,0.000000
684,0,0x110,STD,8,2026-01-28T18:41:03.784501,03 00 03 00 29 4D 95 48,03000300,0.000000
685,0,0x10F,STD,8,2026-01-28T18:41:03.841514,03 00 03 00 AE CA 8B 3D,03000300,0.000000
686,0,0x110,STD,8,2026-01-28T18:41:03.865519,03 00 03 00 FB AF 6C 48,03000300,0.000000
687,0,0x10F,STD,8,2026-01-28T18:41:03.922532,03 00 03 00 D2 C1 60 3D,03000300,0.000000
688,0,0x110,STD,8,2026-01-28T18:41:03.946537,03 00 03 00 D2 AF 47 48,03000300,0.000000
689,0,0x110,STD,8,2026-01-28T18:41:03.981545,03 00 02 00 FC 52 35 41,03000200,0.000000
690,0,0x110,STD,8,2026-01-28T18:41:03.981545,03 00 02 00 0F B1 40 41,03000200,0.000000
691,0,0x10F,STD,8,2026-01-28T18:41:03.983546,03 00 01 00 00 00 00 00,03000100,0.000000
692,0,0x110,STD,8,2026-01-28T18:41:03.983546,03 00 01 00 00 00 00 00,03000100,0.000000
693,0,0x10F,STD,8,2026-01-28T18:41:03.996549,03 00 03 00 B7 F8 88 3D,03000300,0.000000
694,0,0x110,STD,8,2026-01-28T18:41:04.020554,03 00 03 00 7B BC B3 48,03000300,0.000000
695,0,0x10F,STD,8,2026-01-28T18:41:04.077567,03 00 03 00 51 E9 89 3D,03000300,0.000000
696,0,0x110,STD,8,2026-01-28T18:41:04.101572,03 00 03 00 B9 FF CD 48,03000300,0.000000
697,0,0x10F,STD,8,2026-01-28T18:41:04.158585,03 00 03 00 02 77 1E 3D,03000300,0.000000
698,0,0x110,STD,8,2026-01-28T18:41:04.182590,03 00 03 00 55 3B E1 48,03000300,0.000000
699,0,0x10F,STD,8,2026-01-28T18:41:04.239603,03 00 03 00 AA 9A 6B 3D,03000300,0.000000
700,0,0x110,STD,8,2026-01-28T18:41:04.263609,03 00 03 00 69 13 34 49,03000300,0.000000
701,0,0x10F,STD,8,2026-01-28T18:41:04.320622,03 00 03 00 F0 ED D6 3C,03000300,0.000000
702,0,0x110,STD,8,2026-01-28T18:41:04.344626,03 00 03 00 BF 72 DC 48,03000300,0.000000
703,0,0x10F,STD,8,2026-01-28T18:41:04.397639,03 00 03 00 B6 C0 14 3D,03000300,0.000000
704,0,0x110,STD,8,2026-01-28T18:41:04.420869,03 00 03 00 C4 02 0A 49,03000300,0.000000
705,0,0x10F,STD,8,2026-01-28T18:41:04.477883,03 00 03 00 A2 43 22 3D,03000300,0.000000
706,0,0x110,STD,8,2026-01-28T18:41:04.501888,03 00 03 00 0C 1E 0D 49,03000300,0.000000
707,0,0x10F,STD,8,2026-01-28T18:41:04.558901,03 00 03 00 2C 99 06 3D,03000300,0.000000
708,0,0x110,STD,8,2026-01-28T18:41:04.582906,03 00 03 00 0D 78 DC 48,03000300,0.000000
709,0,0x10F,STD,8,2026-01-28T18:41:04.639541,03 00 03 00 ED DC 4C 3D,03000300,0.000000
710,0,0x110,STD,8,2026-01-28T18:41:04.663546,03 00 03 00 51 94 D0 48,03000300,0.000000
711,0,0x10F,STD,8,2026-01-28T18:41:04.720559,03 00 03 00 C3 EB 0C 3D,03000300,0.000000
712,0,0x110,STD,8,2026-01-28T18:41:04.744565,03 00 03 00 F8 1A BB 48,03000300,0.000000
713,0,0x10F,STD,8,2026-01-28T18:41:04.801578,03 00 03 00 7D 58 31 3D,03000300,0.000000
714,0,0x110,STD,8,2026-01-28T18:41:04.825583,03 00 03 00 AA 85 CC 48,03000300,0.000000
715,0,0x10F,STD,8,2026-01-28T18:41:04.871593,03 00 03 00 F8 78 F4 3C,03000300,0.000000
716,0,0x110,STD,8,2026-01-28T18:41:04.895598,03 00 03 00 8A 70 86 48,03000300,0.000000
717,0,0x10F,STD,8,2026-01-28T18:41:04.952611,03 00 03 00 C0 96 1B 3D,03000300,0.000000
718,0,0x110,STD,8,2026-01-28T18:41:04.976617,03 00 03 00 0D A6 85 48,03000300,0.000000
719,0,0x10F,STD,8,2026-01-28T18:41:05.022627,03 00 02 00 0F B1 40 41,03000200,0.000000
720,0,0x10F,STD,8,2026-01-28T18:41:05.022627,03 00 02 00 0B 0A 46 41,03000200,0.000000
721,0,0x110,STD,8,2026-01-28T18:41:05.022627,03 00 02 00 0B 0A 46 41,03000200,0.000000
722,0,0x10F,STD,8,2026-01-28T18:41:05.022627,03 00 01 00 00 00 00 00,03000100,0.000000
723,0,0x10F,STD,8,2026-01-28T18:41:05.035630,03 00 03 00 26 28 22 3D,03000300,0.000000
724,0,0x110,STD,8,2026-01-28T18:41:05.059636,03 00 03 00 11 3B BC 48,03000300,0.000000
725,0,0x10F,STD,8,2026-01-28T18:41:05.116649,03 00 03 00 D2 2A 1E 3D,03000300,0.000000
726,0,0x110,STD,8,2026-01-28T18:41:05.140654,03 00 03 00 D8 E5 A6 48,03000300,0.000000
727,0,0x10F,STD,8,2026-01-28T18:41:05.197667,03 00 03 00 E8 84 36 3D,03000300,0.000000
728,0,0x110,STD,8,2026-01-28T18:41:05.221672,03 00 03 00 D7 80 05 49,03000300,0.000000
729,0,0x10F,STD,8,2026-01-28T18:41:05.278685,03 00 03 00 8C 9E 36 3D,03000300,0.000000
730,0,0x110,STD,8,2026-01-28T18:41:05.302691,03 00 03 00 9C 7D C2 48,03000300,0.000000
731,0,0x10F,STD,8,2026-01-28T18:41:05.359703,03 00 03 00 1F FF 55 3D,03000300,0.000000
732,0,0x110,STD,8,2026-01-28T18:41:05.383709,03 00 03 00 D4 E0 C3 48,03000300,0.000000
733,0,0x10F,STD,8,2026-01-28T18:41:05.429719,03 00 03 00 DC DD 0B 3D,03000300,0.000000
734,0,0x110,STD,8,2026-01-28T18:41:05.453724,03 00 03 00 8D 17 EB 48,03000300,0.000000
735,0,0x10F,STD,8,2026-01-28T18:41:05.509846,03 00 03 00 68 2A 8B 3D,03000300,0.000000
736,0,0x110,STD,8,2026-01-28T18:41:05.533851,03 00 03 00 6E 18 8A 48,03000300,0.000000
737,0,0x10F,STD,8,2026-01-28T18:41:05.590864,03 00 03 00 74 35 8A 3D,03000300,0.000000
738,0,0x110,STD,8,2026-01-28T18:41:05.614869,03 00 03 00 15 99 C9 48,03000300,0.000000
739,0,0x10F,STD,8,2026-01-28T18:41:05.671882,03 00 03 00 F2 3F 37 3D,03000300,0.000000
740,0,0x110,STD,8,2026-01-28T18:41:05.695888,03 00 03 00 85 E4 CA 48,03000300,0.000000
741,0,0x10F,STD,8,2026-01-28T18:41:05.752900,03 00 03 00 E1 FE 98 3D,03000300,0.000000
742,0,0x110,STD,8,2026-01-28T18:41:05.776906,03 00 03 00 72 FB 81 48,03000300,0.000000
743,0,0x10F,STD,8,2026-01-28T18:41:05.833919,03 00 03 00 65 51 37 3D,03000300,0.000000
744,0,0x110,STD,8,2026-01-28T18:41:05.857924,03 00 03 00 42 15 9B 48,03000300,0.000000
745,0,0x10F,STD,8,2026-01-28T18:41:05.914937,03 00 03 00 B0 5A 79 3D,03000300,0.000000
746,0,0x110,STD,8,2026-01-28T18:41:05.938942,03 00 03 00 E6 0D C3 48,03000300,0.000000
747,0,0x10F,STD,8,2026-01-28T18:41:05.995955,03 00 03 00 36 FE 1F 3D,03000300,0.000000
748,0,0x110,STD,8,2026-01-28T18:41:06.019961,03 00 03 00 44 8F 4D 48,03000300,0.000000
749,0,0x110,STD,8,2026-01-28T18:41:06.076973,03 00 01 00 00 00 00 00,03000100,0.000000
750,0,0x110,STD,8,2026-01-28T18:41:06.076973,03 00 01 00 00 00 00 00,03000100,0.000000
751,0,0x10F,STD,8,2026-01-28T18:41:06.076973,03 00 02 00 0B 0A 46 41,03000200,0.000000
752,0,0x110,STD,8,2026-01-28T18:41:06.076973,03 00 02 00 0B 0A 46 41,03000200,0.000000
753,0,0x10F,STD,8,2026-01-28T18:41:06.076973,03 00 01 00 00 00 00 00,03000100,0.000000
754,0,0x110,STD,8,2026-01-28T18:41:06.101979,03 00 03 00 08 08 96 48,03000300,0.000000
755,0,0x10F,STD,8,2026-01-28T18:41:06.147989,03 00 03 00 FE F7 4A 3D,03000300,0.000000
756,0,0x110,STD,8,2026-01-28T18:41:06.171994,03 00 03 00 3C 54 B4 48,03000300,0.000000
757,0,0x10F,STD,8,2026-01-28T18:41:06.229008,03 00 03 00 61 6F E8 3C,03000300,0.000000
758,0,0x110,STD,8,2026-01-28T18:41:06.252318,03 00 03 00 B3 01 06 48,03000300,0.000000
759,0,0x10F,STD,8,2026-01-28T18:41:06.309332,03 00 03 00 B6 60 66 3D,03000300,0.000000
760,0,0x110,STD,8,2026-01-28T18:41:06.333337,03 00 03 00 AE 59 65 48,03000300,0.000000
761,0,0x10F,STD,8,2026-01-28T18:41:06.390350,03 00 03 00 B5 9B 13 3D,03000300,0.000000
762,0,0x110,STD,8,2026-01-28T18:41:06.414355,03 00 03 00 C2 CD 07 48,03000300,0.000000
763,0,0x10F,STD,8,2026-01-28T18:41:06.471368,03 00 03 00 48 01 56 3D,03000300,0.000000
764,0,0x110,STD,8,2026-01-28T18:41:06.495373,03 00 03 00 F9 AC A0 48,03000300,0.000000
765,0,0x10F,STD,8,2026-01-28T18:41:06.552386,03 00 03 00 CD 43 66 3D,03000300,0.000000
766,0,0x110,STD,8,2026-01-28T18:41:06.576391,03 00 03 00 EE 5D 29 48,03000300,0.000000
767,0,0x10F,STD,8,2026-01-28T18:41:06.633404,03 00 03 00 1E DB 3F 3D,03000300,0.000000
768,0,0x110,STD,8,2026-01-28T18:41:06.657410,03 00 03 00 11 9C 94 48,03000300,0.000000
769,0,0x10F,STD,8,2026-01-28T18:41:06.713084,03 00 03 00 8D 1D 8A 3D,03000300,0.000000
770,0,0x110,STD,8,2026-01-28T18:41:06.736176,03 00 03 00 D2 D6 87 48,03000300,0.000000
771,0,0x10F,STD,8,2026-01-28T18:41:06.793229,03 00 03 00 F4 40 49 3D,03000300,0.000000
772,0,0x110,STD,8,2026-01-28T18:41:06.817236,03 00 03 00 D7 B0 3F 48,03000300,0.000000
773,0,0x10F,STD,8,2026-01-28T18:41:06.874149,03 00 03 00 10 8C 8A 3D,03000300,0.000000
774,0,0x110,STD,8,2026-01-28T18:41:06.889152,03 00 03 00 86 27 C3 47,03000300,0.000000
775,0,0x10F,STD,8,2026-01-28T18:41:06.946165,03 00 03 00 2E 88 2D 3D,03000300,0.000000
776,0,0x110,STD,8,2026-01-28T18:41:06.970170,03 00 03 00 42 EE 83 48,03000300,0.000000
777,0,0x10F,STD,8,2026-01-28T18:41:07.027183,03 00 03 00 3B D1 65 3D,03000300,0.000000
778,0,0x110,STD,8,2026-01-28T18:41:07.050274,03 00 03 00 C0 22 18 48,03000300,0.000000
779,0,0x10F,STD,8,2026-01-28T18:41:07.107287,03 00 03 00 A1 4F 58 3D,03000300,0.000000
780,0,0x110,STD,8,2026-01-28T18:41:07.107287,03 00 01 00 00 00 00 00,03000100,0.000000
781,0,0x10F,STD,8,2026-01-28T18:41:07.107287,03 00 01 00 00 00 00 00,03000100,0.000000
782,0,0x110,STD,8,2026-01-28T18:41:07.109287,03 00 01 00 00 00 00 00,03000100,0.000000
783,0,0x10F,STD,8,2026-01-28T18:41:07.109287,03 00 02 00 EA 35 47 41,03000200,0.000000
784,0,0x110,STD,8,2026-01-28T18:41:07.133292,03 00 03 00 15 DB 22 48,03000300,0.000000
785,0,0x10F,STD,8,2026-01-28T18:41:07.190296,03 00 03 00 7C EE 8C 3D,03000300,0.000000
786,0,0x110,STD,8,2026-01-28T18:41:07.214302,03 00 03 00 77 AC 00 48,03000300,0.000000
787,0,0x10F,STD,8,2026-01-28T18:41:07.271315,03 00 03 00 9A 97 96 3D,03000300,0.000000
788,0,0x110,STD,8,2026-01-28T18:41:07.295320,03 00 03 00 24 9F DC 47,03000300,0.000000
789,0,0x10F,STD,8,2026-01-28T18:41:07.351837,03 00 03 00 C3 81 42 3D,03000300,0.000000
790,0,0x110,STD,8,2026-01-28T18:41:07.375842,03 00 03 00 74 D3 86 47,03000300,0.000000
791,0,0x10F,STD,8,2026-01-28T18:41:07.432856,03 00 03 00 90 98 7F 3D,03000300,0.000000
792,0,0x110,STD,8,2026-01-28T18:41:07.456861,03 00 03 00 C5 CB 92 48,03000300,0.000000
793,0,0x10F,STD,8,2026-01-28T18:41:07.513202,03 00 03 00 12 35 1D 3D,03000300,0.000000
794,0,0x110,STD,8,2026-01-28T18:41:07.537207,03 00 03 00 4D 87 D1 48,03000300,0.000000
795,0,0x10F,STD,8,2026-01-28T18:41:07.583217,03 00 03 00 37 1C 88 3D,03000300,0.000000
796,0,0x110,STD,8,2026-01-28T18:41:07.607223,03 00 03 00 60 BB 1A 48,03000300,0.000000
797,0,0x10F,STD,8,2026-01-28T18:41:07.664236,03 00 03 00 26 37 48 3D,03000300,0.000000
798,0,0x110,STD,8,2026-01-28T18:41:07.688241,03 00 03 00 AA 6B 99 47,03000300,0.000000
799,0,0x10F,STD,8,2026-01-28T18:41:07.744323,03 00 03 00 EF 21 97 3D,03000300,0.000000
800,0,0x110,STD,8,2026-01-28T18:41:07.768329,03 00 03 00 34 AB 6E 48,03000300,0.000000
801,0,0x10F,STD,8,2026-01-28T18:41:07.825341,03 00 03 00 E1 44 A7 3D,03000300,0.000000
802,0,0x110,STD,8,2026-01-28T18:41:07.848850,03 00 03 00 C2 F2 B1 48,03000300,0.000000
803,0,0x10F,STD,8,2026-01-28T18:41:07.905863,03 00 03 00 27 4B 6D 3D,03000300,0.000000
804,0,0x110,STD,8,2026-01-28T18:41:07.929868,03 00 03 00 2C A4 7B 48,03000300,0.000000
805,0,0x10F,STD,8,2026-01-28T18:41:07.986881,03 00 03 00 D8 DC C0 3D,03000300,0.000000
806,0,0x110,STD,8,2026-01-28T18:41:08.010887,03 00 03 00 72 E1 A5 48,03000300,0.000000
807,0,0x10F,STD,8,2026-01-28T18:41:08.067900,03 00 03 00 36 1A 23 3D,03000300,0.000000
808,0,0x110,STD,8,2026-01-28T18:41:08.091905,03 00 03 00 98 51 50 48,03000300,0.000000
809,0,0x10F,STD,8,2026-01-28T18:41:08.148918,03 00 03 00 C5 BB 82 3D,03000300,0.000000
810,0,0x110,STD,8,2026-01-28T18:41:08.148918,03 00 02 00 EA 35 47 41,03000200,0.000000
811,0,0x110,STD,8,2026-01-28T18:41:08.148918,03 00 02 00 D6 1B 47 41,03000200,0.000000
812,0,0x10F,STD,8,2026-01-28T18:41:08.148918,03 00 01 00 00 00 00 00,03000100,0.000000
813,0,0x110,STD,8,2026-01-28T18:41:08.148918,03 00 01 00 00 00 00 00,03000100,0.000000
814,0,0x110,STD,8,2026-01-28T18:41:08.172923,03 00 03 00 B1 C5 D8 47,03000300,0.000000
815,0,0x10F,STD,8,2026-01-28T18:41:08.229936,03 00 03 00 CB 7C 3E 3D,03000300,0.000000
816,0,0x110,STD,8,2026-01-28T18:41:08.253941,03 00 03 00 50 A1 F4 47,03000300,0.000000
817,0,0x10F,STD,8,2026-01-28T18:41:08.299952,03 00 03 00 A9 8A 87 3D,03000300,0.000000
818,0,0x110,STD,8,2026-01-28T18:41:08.323957,03 00 03 00 F9 AB 92 48,03000300,0.000000
819,0,0x10F,STD,8,2026-01-28T18:41:08.380970,03 00 03 00 27 89 94 3D,03000300,0.000000
820,0,0x110,STD,8,2026-01-28T18:41:08.404976,03 00 03 00 5C EF CB 48,03000300,0.000000
821,0,0x10F,STD,8,2026-01-28T18:41:08.461988,03 00 03 00 5F 95 5B 3D,03000300,0.000000
822,0,0x110,STD,8,2026-01-28T18:41:08.485993,03 00 03 00 3E DB 97 48,03000300,0.000000
823,0,0x10F,STD,8,2026-01-28T18:41:08.542510,03 00 03 00 F9 BB 92 3D,03000300,0.000000
824,0,0x110,STD,8,2026-01-28T18:41:08.566515,03 00 03 00 AD 53 07 48,03000300,0.000000
825,0,0x10F,STD,8,2026-01-28T18:41:08.623528,03 00 03 00 C6 E0 5E 3D,03000300,0.000000
826,0,0x110,STD,8,2026-01-28T18:41:08.647534,03 00 03 00 4D 5B 55 48,03000300,0.000000
827,0,0x10F,STD,8,2026-01-28T18:41:08.704546,03 00 03 00 82 D2 8B 3D,03000300,0.000000
828,0,0x110,STD,8,2026-01-28T18:41:08.728551,03 00 03 00 02 33 BA 48,03000300,0.000000
829,0,0x10F,STD,8,2026-01-28T18:41:08.785565,03 00 03 00 0E 8F 7B 3D,03000300,0.000000
830,0,0x110,STD,8,2026-01-28T18:41:08.809569,03 00 03 00 85 4B 04 49,03000300,0.000000
831,0,0x10F,STD,8,2026-01-28T18:41:08.866582,03 00 03 00 B3 4A 67 3D,03000300,0.000000
832,0,0x110,STD,8,2026-01-28T18:41:08.890588,03 00 03 00 D0 6A 82 48,03000300,0.000000
833,0,0x10F,STD,8,2026-01-28T18:41:08.947601,03 00 03 00 8B 39 80 3D,03000300,0.000000
834,0,0x110,STD,8,2026-01-28T18:41:08.971606,03 00 03 00 A0 68 16 48,03000300,0.000000
835,0,0x10F,STD,8,2026-01-28T18:41:09.017617,03 00 03 00 0E B3 7C 3D,03000300,0.000000
836,0,0x110,STD,8,2026-01-28T18:41:09.041622,03 00 03 00 6D 10 3C 48,03000300,0.000000
837,0,0x10F,STD,8,2026-01-28T18:41:09.098223,03 00 03 00 98 65 81 3D,03000300,0.000000
838,0,0x110,STD,8,2026-01-28T18:41:09.121731,03 00 03 00 7C 66 EB 47,03000300,0.000000
839,0,0x10F,STD,8,2026-01-28T18:41:09.179215,03 00 03 00 27 06 62 3D,03000300,0.000000
840,0,0x10F,STD,8,2026-01-28T18:41:09.203221,03 00 02 00 D6 1B 47 41,03000200,0.000000
841,0,0x10F,STD,8,2026-01-28T18:41:09.203221,03 00 02 00 9C 02 34 41,03000200,0.000000
842,0,0x110,STD,8,2026-01-28T18:41:09.203221,03 00 02 00 9C 02 34 41,03000200,0.000000
843,0,0x10F,STD,8,2026-01-28T18:41:09.203221,03 00 01 00 00 00 00 00,03000100,0.000000
844,0,0x110,STD,8,2026-01-28T18:41:09.203221,03 00 03 00 D2 57 97 48,03000300,0.000000
845,0,0x10F,STD,8,2026-01-28T18:41:09.260087,03 00 03 00 7B E4 82 3D,03000300,0.000000
846,0,0x110,STD,8,2026-01-28T18:41:09.284092,03 00 03 00 BC 7F 77 48,03000300,0.000000
847,0,0x10F,STD,8,2026-01-28T18:41:09.341105,03 00 03 00 B6 27 6D 3D,03000300,0.000000
848,0,0x110,STD,8,2026-01-28T18:41:09.365110,03 00 03 00 A4 D3 B9 48,03000300,0.000000
849,0,0x10F,STD,8,2026-01-28T18:41:09.422123,03 00 03 00 32 5B 63 3D,03000300,0.000000
850,0,0x110,STD,8,2026-01-28T18:41:09.446128,03 00 03 00 48 74 CB 48,03000300,0.000000
851,0,0x10F,STD,8,2026-01-28T18:41:09.503142,03 00 03 00 06 7B 20 3D,03000300,0.000000
852,0,0x110,STD,8,2026-01-28T18:41:09.527147,03 00 03 00 64 23 30 48,03000300,0.000000
853,0,0x10F,STD,8,2026-01-28T18:41:09.584160,03 00 03 00 ED 36 33 3D,03000300,0.000000
854,0,0x110,STD,8,2026-01-28T18:41:09.607392,03 00 03 00 E7 30 AE 48,03000300,0.000000
855,0,0x10F,STD,8,2026-01-28T18:41:09.664058,03 00 03 00 69 57 5C 3D,03000300,0.000000
856,0,0x110,STD,8,2026-01-28T18:41:09.687566,03 00 03 00 2D A3 F7 48,03000300,0.000000
857,0,0x10F,STD,8,2026-01-28T18:41:09.744579,03 00 03 00 78 49 12 3D,03000300,0.000000
858,0,0x110,STD,8,2026-01-28T18:41:09.768585,03 00 03 00 07 6F 84 48,03000300,0.000000
859,0,0x10F,STD,8,2026-01-28T18:41:09.814595,03 00 03 00 9B 98 4D 3D,03000300,0.000000
860,0,0x110,STD,8,2026-01-28T18:41:09.838600,03 00 03 00 D4 88 FB 48,03000300,0.000000
861,0,0x10F,STD,8,2026-01-28T18:41:09.895194,03 00 03 00 69 A4 36 3D,03000300,0.000000
862,0,0x110,STD,8,2026-01-28T18:41:09.919200,03 00 03 00 C1 AD C0 48,03000300,0.000000
863,0,0x10F,STD,8,2026-01-28T18:41:09.976213,03 00 03 00 73 2B 42 3D,03000300,0.000000
864,0,0x110,STD,8,2026-01-28T18:41:10.000218,03 00 03 00 47 35 31 48,03000300,0.000000
865,0,0x10F,STD,8,2026-01-28T18:41:10.057231,03 00 03 00 AD 2A 63 3D,03000300,0.000000
866,0,0x110,STD,8,2026-01-28T18:41:10.081237,03 00 03 00 DD 8A AD 48,03000300,0.000000
867,0,0x10F,STD,8,2026-01-28T18:41:10.138249,03 00 03 00 A6 F8 14 3D,03000300,0.000000
868,0,0x110,STD,8,2026-01-28T18:41:10.162255,03 00 03 00 4C 12 F6 47,03000300,0.000000
869,0,0x10F,STD,8,2026-01-28T18:41:10.219268,03 00 03 00 A6 51 4C 3D,03000300,0.000000
870,0,0x110,STD,8,2026-01-28T18:41:10.243273,03 00 03 00 A6 3B 97 48,03000300,0.000000
871,0,0x110,STD,8,2026-01-28T18:41:10.267278,03 00 01 00 00 00 00 00,03000100,0.000000
872,0,0x110,STD,8,2026-01-28T18:41:10.267278,03 00 01 00 00 00 00 00,03000100,0.000000
873,0,0x10F,STD,8,2026-01-28T18:41:10.267278,03 00 02 00 F6 F8 37 41,03000200,0.000000
874,0,0x110,STD,8,2026-01-28T18:41:10.267278,03 00 02 00 F6 F8 37 41,03000200,0.000000
875,0,0x10F,STD,8,2026-01-28T18:41:10.302286,03 00 03 00 C6 8A 15 3D,03000300,0.000000
876,0,0x110,STD,8,2026-01-28T18:41:10.326292,03 00 03 00 59 33 41 48,03000300,0.000000
877,0,0x10F,STD,8,2026-01-28T18:41:10.373303,03 00 03 00 C0 33 58 3D,03000300,0.000000
878,0,0x110,STD,8,2026-01-28T18:41:10.397307,03 00 03 00 71 41 1A 48,03000300,0.000000
879,0,0x10F,STD,8,2026-01-28T18:41:10.454320,03 00 03 00 C0 FA 75 3D,03000300,0.000000
880,0,0x110,STD,8,2026-01-28T18:41:10.478326,03 00 03 00 21 BD B6 48,03000300,0.000000
881,0,0x10F,STD,8,2026-01-28T18:41:10.534844,03 00 03 00 D2 ED 2B 3D,03000300,0.000000
882,0,0x110,STD,8,2026-01-28T18:41:10.558849,03 00 03 00 87 DB 92 48,03000300,0.000000
883,0,0x10F,STD,8,2026-01-28T18:41:10.615862,03 00 03 00 5C 04 71 3D,03000300,0.000000
884,0,0x110,STD,8,2026-01-28T18:41:10.639371,03 00 03 00 0D 42 AF 48,03000300,0.000000
885,0,0x10F,STD,8,2026-01-28T18:41:10.696384,03 00 03 00 C1 FD 64 3D,03000300,0.000000
886,0,0x110,STD,8,2026-01-28T18:41:10.719892,03 00 03 00 40 89 B7 48,03000300,0.000000
887,0,0x10F,STD,8,2026-01-28T18:41:10.776906,03 00 03 00 5A 11 82 3D,03000300,0.000000
888,0,0x110,STD,8,2026-01-28T18:41:10.800912,03 00 03 00 6E B3 AA 48,03000300,0.000000
889,0,0x10F,STD,8,2026-01-28T18:41:10.857925,03 00 03 00 5E B5 54 3D,03000300,0.000000
890,0,0x110,STD,8,2026-01-28T18:41:10.881930,03 00 03 00 CF 02 BF 48,03000300,0.000000
891,0,0x10F,STD,8,2026-01-28T18:41:10.938943,03 00 03 00 97 67 79 3D,03000300,0.000000
892,0,0x110,STD,8,2026-01-28T18:41:10.962948,03 00 03 00 6E 6C 18 48,03000300,0.000000
893,0,0x10F,STD,8,2026-01-28T18:41:11.019961,03 00 03 00 B9 8B 8A 3D,03000300,0.000000
894,0,0x110,STD,8,2026-01-28T18:41:11.043967,03 00 03 00 D3 C0 48 48,03000300,0.000000
895,0,0x10F,STD,8,2026-01-28T18:41:11.089977,03 00 03 00 B3 4D 67 3D,03000300,0.000000
896,0,0x110,STD,8,2026-01-28T18:41:11.113982,03 00 03 00 2C 38 43 48,03000300,0.000000
897,0,0x10F,STD,8,2026-01-28T18:41:11.170497,03 00 03 00 E5 BF 6B 3D,03000300,0.000000
898,0,0x110,STD,8,2026-01-28T18:41:11.194503,03 00 03 00 EC B8 0D 48,03000300,0.000000
899,0,0x10F,STD,8,2026-01-28T18:41:11.251515,03 00 03 00 5B 15 54 3D,03000300,0.000000
900,0,0x110,STD,8,2026-01-28T18:41:11.275521,03 00 03 00 10 6A 2D 48,03000300,0.000000
901,0,0x10F,STD,8,2026-01-28T18:41:11.321531,03 00 01 00 00 00 00 00,03000100,0.000000
902,0,0x10F,STD,8,2026-01-28T18:41:11.321531,03 00 02 00 66 BC 3E 41,03000200,0.000000
903,0,0x110,STD,8,2026-01-28T18:41:11.321531,03 00 02 00 66 BC 3E 41,03000200,0.000000
904,0,0x10F,STD,8,2026-01-28T18:41:11.321531,03 00 01 00 00 00 00 00,03000100,0.000000
905,0,0x10F,STD,8,2026-01-28T18:41:11.334534,03 00 03 00 5C DA 84 3D,03000300,0.000000
906,0,0x110,STD,8,2026-01-28T18:41:11.358540,03 00 03 00 3D F8 73 48,03000300,0.000000
907,0,0x10F,STD,8,2026-01-28T18:41:11.415552,03 00 03 00 69 3F 4F 3D,03000300,0.000000
908,0,0x110,STD,8,2026-01-28T18:41:11.438976,03 00 03 00 CE E1 E8 47,03000300,0.000000
909,0,0x10F,STD,8,2026-01-28T18:41:11.495989,03 00 03 00 32 FE 8D 3D,03000300,0.000000
910,0,0x110,STD,8,2026-01-28T18:41:11.519994,03 00 03 00 15 E7 14 48,03000300,0.000000
911,0,0x10F,STD,8,2026-01-28T18:41:11.577007,03 00 03 00 CD 22 83 3D,03000300,0.000000
912,0,0x110,STD,8,2026-01-28T18:41:11.601012,03 00 03 00 4A AE B7 47,03000300,0.000000
913,0,0x10F,STD,8,2026-01-28T18:41:11.658025,03 00 03 00 BC 40 4A 3D,03000300,0.000000
914,0,0x110,STD,8,2026-01-28T18:41:11.682031,03 00 03 00 32 BC 03 48,03000300,0.000000
915,0,0x10F,STD,8,2026-01-28T18:41:11.738200,03 00 03 00 8D E7 6B 3D,03000300,0.000000
916,0,0x110,STD,8,2026-01-28T18:41:11.751203,03 00 03 00 ED 8F B6 47,03000300,0.000000
917,0,0x10F,STD,8,2026-01-28T18:41:11.808215,03 00 03 00 BE 33 32 3D,03000300,0.000000
918,0,0x110,STD,8,2026-01-28T18:41:11.832221,03 00 03 00 A0 FF 4A 47,03000300,0.000000
919,0,0x10F,STD,8,2026-01-28T18:41:11.889234,03 00 03 00 FE 42 6A 3D,03000300,0.000000
920,0,0x110,STD,8,2026-01-28T18:41:11.913239,03 00 03 00 7A 04 12 48,03000300,0.000000
921,0,0x10F,STD,8,2026-01-28T18:41:11.969755,03 00 03 00 9E 93 08 3D,03000300,0.000000
922,0,0x110,STD,8,2026-01-28T18:41:11.993760,03 00 03 00 EE F2 99 48,03000300,0.000000
923,0,0x10F,STD,8,2026-01-28T18:41:12.050773,03 00 03 00 60 28 25 3D,03000300,0.000000
924,0,0x110,STD,8,2026-01-28T18:41:12.074778,03 00 03 00 8E CC 72 48,03000300,0.000000
925,0,0x10F,STD,8,2026-01-28T18:41:12.131791,03 00 03 00 86 45 23 3D,03000300,0.000000
926,0,0x110,STD,8,2026-01-28T18:41:12.155797,03 00 03 00 6F 4C 70 48,03000300,0.000000
927,0,0x10F,STD,8,2026-01-28T18:41:12.212809,03 00 03 00 3A 8D 0C 3D,03000300,0.000000
928,0,0x110,STD,8,2026-01-28T18:41:12.236815,03 00 03 00 36 F0 4E 48,03000300,0.000000
929,0,0x10F,STD,8,2026-01-28T18:41:12.293543,03 00 03 00 C3 9E 5A 3D,03000300,0.000000
930,0,0x110,STD,8,2026-01-28T18:41:12.317549,03 00 03 00 45 BE 4A 48,03000300,0.000000
931,0,0x110,STD,8,2026-01-28T18:41:12.363559,03 00 01 00 00 00 00 00,03000100,0.000000
932,0,0x10F,STD,8,2026-01-28T18:41:12.363559,03 00 02 00 60 2D 2C 41,03000200,0.000000
933,0,0x110,STD,8,2026-01-28T18:41:12.363559,03 00 02 00 60 2D 2C 41,03000200,0.000000
934,0,0x10F,STD,8,2026-01-28T18:41:12.363559,03 00 01 00 00 00 00 00,03000100,0.000000
935,0,0x10F,STD,8,2026-01-28T18:41:12.365559,03 00 03 00 02 7E 06 3D,03000300,0.000000
936,0,0x110,STD,8,2026-01-28T18:41:12.389565,03 00 03 00 65 8F 26 48,03000300,0.000000
937,0,0x10F,STD,8,2026-01-28T18:41:12.446578,03 00 03 00 C2 D2 4C 3D,03000300,0.000000
938,0,0x110,STD,8,2026-01-28T18:41:12.470583,03 00 03 00 98 C5 8D 47,03000300,0.000000
939,0,0x10F,STD,8,2026-01-28T18:41:12.527596,03 00 03 00 DC C5 4A 3D,03000300,0.000000
940,0,0x110,STD,8,2026-01-28T18:41:12.551601,03 00 03 00 0F 2C 82 47,03000300,0.000000
941,0,0x10F,STD,8,2026-01-28T18:41:12.608614,03 00 03 00 7C 39 63 3D,03000300,0.000000
942,0,0x110,STD,8,2026-01-28T18:41:12.632124,03 00 03 00 E6 F6 65 48,03000300,0.000000
943,0,0x10F,STD,8,2026-01-28T18:41:12.689137,03 00 03 00 F3 9E 90 3D,03000300,0.000000
944,0,0x110,STD,8,2026-01-28T18:41:12.713112,03 00 03 00 64 DF 6C 48,03000300,0.000000
945,0,0x10F,STD,8,2026-01-28T18:41:12.770125,03 00 03 00 10 9E 2A 3D,03000300,0.000000
946,0,0x110,STD,8,2026-01-28T18:41:12.794130,03 00 03 00 36 97 8B 47,03000300,0.000000
947,0,0x10F,STD,8,2026-01-28T18:41:12.851117,03 00 03 00 D4 33 84 3D,03000300,0.000000
948,0,0x110,STD,8,2026-01-28T18:41:12.875123,03 00 03 00 2B 34 F5 47,03000300,0.000000
949,0,0x10F,STD,8,2026-01-28T18:41:12.932136,03 00 03 00 0E 41 45 3D,03000300,0.000000
950,0,0x110,STD,8,2026-01-28T18:41:12.956141,03 00 03 00 95 5F 95 47,03000300,0.000000
951,0,0x10F,STD,8,2026-01-28T18:41:13.013154,03 00 03 00 EA FE 57 3D,03000300,0.000000
952,0,0x110,STD,8,2026-01-28T18:41:13.037160,03 00 03 00 B3 0C 60 48,03000300,0.000000
953,0,0x10F,STD,8,2026-01-28T18:41:13.083170,03 00 03 00 EE 93 80 3D,03000300,0.000000
954,0,0x110,STD,8,2026-01-28T18:41:13.107175,03 00 03 00 90 EA 52 48,03000300,0.000000
955,0,0x10F,STD,8,2026-01-28T18:41:13.164188,03 00 03 00 6C 9A 6D 3D,03000300,0.000000
956,0,0x110,STD,8,2026-01-28T18:41:13.188194,03 00 03 00 24 6D C5 48,03000300,0.000000
957,0,0x10F,STD,8,2026-01-28T18:41:13.245207,03 00 03 00 C1 26 8D 3D,03000300,0.000000
958,0,0x110,STD,8,2026-01-28T18:41:13.269211,03 00 03 00 9E 36 F3 48,03000300,0.000000
959,0,0x10F,STD,8,2026-01-28T18:41:13.326225,03 00 03 00 33 28 6E 3D,03000300,0.000000
960,0,0x110,STD,8,2026-01-28T18:41:13.349834,03 00 03 00 E2 7E D6 48,03000300,0.000000
961,0,0x10F,STD,8,2026-01-28T18:41:13.406846,03 00 03 00 0D 56 4D 3D,03000300,0.000000
962,0,0x110,STD,8,2026-01-28T18:41:13.406846,03 00 01 00 00 00 00 00,03000100,0.000000
963,0,0x10F,STD,8,2026-01-28T18:41:13.406846,03 00 01 00 00 00 00 00,03000100,0.000000
964,0,0x110,STD,8,2026-01-28T18:41:13.408847,03 00 01 00 00 00 00 00,03000100,0.000000
965,0,0x10F,STD,8,2026-01-28T18:41:13.408847,03 00 02 00 4A ED 34 41,03000200,0.000000
966,0,0x110,STD,8,2026-01-28T18:41:13.432852,03 00 03 00 7D 8E 3A 48,03000300,0.000000
967,0,0x10F,STD,8,2026-01-28T18:41:13.489865,03 00 03 00 A7 95 2A 3D,03000300,0.000000
968,0,0x110,STD,8,2026-01-28T18:41:13.513870,03 00 03 00 66 A4 94 48,03000300,0.000000
969,0,0x10F,STD,8,2026-01-28T18:41:13.570085,03 00 03 00 98 FE 5A 3D,03000300,0.000000
970,0,0x110,STD,8,2026-01-28T18:41:13.593101,03 00 03 00 DA 05 76 48,03000300,0.000000
971,0,0x10F,STD,8,2026-01-28T18:41:13.650113,03 00 03 00 2D 47 32 3D,03000300,0.000000
972,0,0x110,STD,8,2026-01-28T18:41:13.674119,03 00 03 00 5F 20 1A 48,03000300,0.000000
973,0,0x10F,STD,8,2026-01-28T18:41:13.720130,03 00 03 00 53 3B 42 3D,03000300,0.000000
974,0,0x110,STD,8,2026-01-28T18:41:13.744134,03 00 03 00 5A C5 93 48,03000300,0.000000
975,0,0x10F,STD,8,2026-01-28T18:41:13.801147,03 00 03 00 94 D0 66 3D,03000300,0.000000
976,0,0x110,STD,8,2026-01-28T18:41:13.825153,03 00 03 00 C5 C4 1E 48,03000300,0.000000
977,0,0x10F,STD,8,2026-01-28T18:41:13.882165,03 00 03 00 44 77 54 3D,03000300,0.000000
978,0,0x110,STD,8,2026-01-28T18:41:13.906171,03 00 03 00 C9 6D 05 48,03000300,0.000000
979,0,0x10F,STD,8,2026-01-28T18:41:13.963184,03 00 03 00 E3 E1 B1 3D,03000300,0.000000
980,0,0x110,STD,8,2026-01-28T18:41:13.987189,03 00 03 00 47 40 CF 47,03000300,0.000000
981,0,0x10F,STD,8,2026-01-28T18:41:14.044202,03 00 03 00 BC 99 8D 3D,03000300,0.000000
982,0,0x110,STD,8,2026-01-28T18:41:14.068207,03 00 03 00 0F 93 9D 48,03000300,0.000000
983,0,0x10F,STD,8,2026-01-28T18:41:14.125220,03 00 03 00 C3 67 8F 3D,03000300,0.000000
984,0,0x110,STD,8,2026-01-28T18:41:14.149226,03 00 03 00 C0 11 B3 48,03000300,0.000000
985,0,0x10F,STD,8,2026-01-28T18:41:14.206238,03 00 03 00 D9 2C 8D 3D,03000300,0.000000
986,0,0x110,STD,8,2026-01-28T18:41:14.230244,03 00 03 00 31 D2 44 48,03000300,0.000000
987,0,0x10F,STD,8,2026-01-28T18:41:14.287257,03 00 03 00 17 AE 35 3D,03000300,0.000000
988,0,0x110,STD,8,2026-01-28T18:41:14.311262,03 00 03 00 3C C9 AF 48,03000300,0.000000
989,0,0x10F,STD,8,2026-01-28T18:41:14.357273,03 00 03 00 19 69 93 3D,03000300,0.000000
990,0,0x110,STD,8,2026-01-28T18:41:14.381278,03 00 03 00 0A E5 BD 48,03000300,0.000000
991,0,0x10F,STD,8,2026-01-28T18:41:14.449074,03 00 03 00 A9 DA 4D 3D,03000300,0.000000
992,0,0x110,STD,8,2026-01-28T18:41:14.462077,03 00 02 00 4A ED 34 41,03000200,0.000000
993,0,0x10F,STD,8,2026-01-28T18:41:14.462077,03 00 01 00 00 00 00 00,03000100,0.000000
994,0,0x110,STD,8,2026-01-28T18:41:14.462077,03 00 01 00 00 00 00 00,03000100,0.000000
995,0,0x10F,STD,8,2026-01-28T18:41:14.462077,03 00 02 00 E2 89 2F 41,03000200,0.000000
996,0,0x110,STD,8,2026-01-28T18:41:14.464077,03 00 03 00 61 1C 59 48,03000300,0.000000
997,0,0x10F,STD,8,2026-01-28T18:41:14.521090,03 00 03 00 CA B8 74 3D,03000300,0.000000
998,0,0x110,STD,8,2026-01-28T18:41:14.545096,03 00 03 00 EE 99 AD 48,03000300,0.000000
999,0,0x10F,STD,8,2026-01-28T18:41:14.602108,03 00 03 00 01 CF 6F 3D,03000300,0.000000
1000,0,0x110,STD,8,2026-01-28T18:41:14.626114,03 00 03 00 AE 17 90 48,03000300,0.000000
1001,0,0x10F,STD,8,2026-01-28T18:41:14.683127,03 00 03 00 7A E9 32 3D,03000300,0.000000
1002,0,0x110,STD,8,2026-01-28T18:41:14.707132,03 00 03 00 5C D7 84 48,03000300,0.000000
1003,0,0x10F,STD,8,2026-01-28T18:41:14.763650,03 00 03 00 09 61 48 3D,03000300,0.000000
1004,0,0x110,STD,8,2026-01-28T18:41:14.787655,03 00 03 00 12 C5 7B 48,03000300,0.000000
1005,0,0x10F,STD,8,2026-01-28T18:41:14.844668,03 00 03 00 1A BD FE 3C,03000300,0.000000
1006,0,0x110,STD,8,2026-01-28T18:41:14.868673,03 00 03 00 B6 18 62 47,03000300,0.000000
1007,0,0x10F,STD,8,2026-01-28T18:41:14.925686,03 00 03 00 07 E7 54 3D,03000300,0.000000
1008,0,0x110,STD,8,2026-01-28T18:41:14.949692,03 00 03 00 0B 23 DD 47,03000300,0.000000
1009,0,0x10F,STD,8,2026-01-28T18:41:15.006052,03 00 03 00 96 DD 5B 3D,03000300,0.000000
1010,0,0x110,STD,8,2026-01-28T18:41:15.030057,03 00 03 00 C0 6A 2E 48,03000300,0.000000
1011,0,0x10F,STD,8,2026-01-28T18:41:15.087070,03 00 03 00 AC E1 2B 3D,03000300,0.000000
1012,0,0x110,STD,8,2026-01-28T18:41:15.100073,03 00 03 00 D5 2B F7 47,03000300,0.000000
1013,0,0x10F,STD,8,2026-01-28T18:41:15.157085,03 00 03 00 5A 50 89 3D,03000300,0.000000
1014,0,0x110,STD,8,2026-01-28T18:41:15.181090,03 00 03 00 26 4B 28 48,03000300,0.000000
1015,0,0x10F,STD,8,2026-01-28T18:41:15.238104,03 00 03 00 C4 1C 30 3D,03000300,0.000000
1016,0,0x110,STD,8,2026-01-28T18:41:15.262109,03 00 03 00 B4 E5 61 48,03000300,0.000000
1017,0,0x10F,STD,8,2026-01-28T18:41:15.319122,03 00 03 00 00 A6 78 3D,03000300,0.000000
1018,0,0x110,STD,8,2026-01-28T18:41:15.343127,03 00 03 00 D2 19 95 48,03000300,0.000000
1019,0,0x10F,STD,8,2026-01-28T18:41:15.400140,03 00 03 00 F1 AF 22 3D,03000300,0.000000
1020,0,0x110,STD,8,2026-01-28T18:41:15.423211,03 00 03 00 51 C3 AA 48,03000300,0.000000
1021,0,0x10F,STD,8,2026-01-28T18:41:15.480225,03 00 03 00 F6 44 3D 3D,03000300,0.000000
1022,0,0x110,STD,8,2026-01-28T18:41:15.504230,03 00 03 00 66 C9 85 48,03000300,0.000000
1023,0,0x110,STD,8,2026-01-28T18:41:15.517233,03 00 02 00 E2 89 2F 41,03000200,0.000000
1024,0,0x10F,STD,8,2026-01-28T18:41:15.517233,03 00 01 00 00 00 00 00,03000100,0.000000
1025,0,0x110,STD,8,2026-01-28T18:41:15.517233,03 00 01 00 00 00 00 00,03000100,0.000000
1026,0,0x10F,STD,8,2026-01-28T18:41:15.517233,03 00 02 00 57 4F 3D 41,03000200,0.000000
1027,0,0x10F,STD,8,2026-01-28T18:41:15.563243,03 00 03 00 5D F9 E0 3C,03000300,0.000000
1028,0,0x110,STD,8,2026-01-28T18:41:15.587248,03 00 03 00 61 0C 0D 48,03000300,0.000000
1029,0,0x10F,STD,8,2026-01-28T18:41:15.633259,03 00 03 00 33 F6 DC 3C,03000300,0.000000
1030,0,0x110,STD,8,2026-01-28T18:41:15.657264,03 00 03 00 BD 05 C1 48,03000300,0.000000
1031,0,0x10F,STD,8,2026-01-28T18:41:15.714277,03 00 03 00 C6 33 DA 3C,03000300,0.000000
1032,0,0x110,STD,8,2026-01-28T18:41:15.738283,03 00 03 00 0F B2 03 48,03000300,0.000000
1033,0,0x10F,STD,8,2026-01-28T18:41:15.795295,03 00 03 00 D0 E6 04 3D,03000300,0.000000
1034,0,0x110,STD,8,2026-01-28T18:41:15.819301,03 00 03 00 71 08 09 48,03000300,0.000000
1035,0,0x10F,STD,8,2026-01-28T18:41:15.876314,03 00 03 00 FB 73 4E 3D,03000300,0.000000
1036,0,0x110,STD,8,2026-01-28T18:41:15.900319,03 00 03 00 85 BA 29 48,03000300,0.000000
1037,0,0x10F,STD,8,2026-01-28T18:41:15.957332,03 00 03 00 A3 AC 15 3D,03000300,0.000000
1038,0,0x110,STD,8,2026-01-28T18:41:15.981337,03 00 03 00 92 E2 53 47,03000300,0.000000
1039,0,0x10F,STD,8,2026-01-28T18:41:16.038350,03 00 03 00 F0 D6 80 3D,03000300,0.000000
1040,0,0x110,STD,8,2026-01-28T18:41:16.062355,03 00 03 00 D4 05 38 48,03000300,0.000000
1041,0,0x10F,STD,8,2026-01-28T18:41:16.119368,03 00 03 00 AD FF 69 3D,03000300,0.000000
1042,0,0x110,STD,8,2026-01-28T18:41:16.143374,03 00 03 00 8B D6 38 48,03000300,0.000000
1043,0,0x10F,STD,8,2026-01-28T18:41:16.200387,03 00 03 00 1E E3 63 3D,03000300,0.000000
1044,0,0x110,STD,8,2026-01-28T18:41:16.224392,03 00 03 00 57 A5 A7 48,03000300,0.000000
1045,0,0x10F,STD,8,2026-01-28T18:41:16.270402,03 00 03 00 C6 B1 92 3D,03000300,0.000000
1046,0,0x110,STD,8,2026-01-28T18:41:16.294408,03 00 03 00 89 5C DD 48,03000300,0.000000
1047,0,0x10F,STD,8,2026-01-28T18:41:16.351421,03 00 03 00 8F 75 63 3D,03000300,0.000000
1048,0,0x110,STD,8,2026-01-28T18:41:16.375426,03 00 03 00 EE 53 D1 48,03000300,0.000000
1049,0,0x10F,STD,8,2026-01-28T18:41:16.432439,03 00 03 00 C0 B2 90 3D,03000300,0.000000
1050,0,0x110,STD,8,2026-01-28T18:41:16.456444,03 00 03 00 55 21 65 48,03000300,0.000000
1051,0,0x10F,STD,8,2026-01-28T18:41:16.513457,03 00 03 00 77 D3 51 3D,03000300,0.000000
1052,0,0x110,STD,8,2026-01-28T18:41:16.537462,03 00 03 00 E9 55 48 48,03000300,0.000000
1053,0,0x110,STD,8,2026-01-28T18:41:16.561468,03 00 02 00 57 4F 3D 41,03000200,0.000000
1054,0,0x10F,STD,8,2026-01-28T18:41:16.561468,03 00 02 00 05 02 3B 41,03000200,0.000000
1055,0,0x10F,STD,8,2026-01-28T18:41:16.561468,03 00 01 00 00 00 00 00,03000100,0.000000
1056,0,0x110,STD,8,2026-01-28T18:41:16.561468,03 00 02 00 05 02 3B 41,03000200,0.000000
1057,0,0x10F,STD,8,2026-01-28T18:41:16.596476,03 00 03 00 36 EF 89 3D,03000300,0.000000
1058,0,0x110,STD,8,2026-01-28T18:41:16.620481,03 00 03 00 F7 0A 1C 48,03000300,0.000000
1059,0,0x10F,STD,8,2026-01-28T18:41:16.677494,03 00 03 00 A0 DF 87 3D,03000300,0.000000
1060,0,0x110,STD,8,2026-01-28T18:41:16.700017,03 00 03 00 CF C4 7A 48,03000300,0.000000
1061,0,0x10F,STD,8,2026-01-28T18:41:16.757029,03 00 03 00 F9 95 5D 3D,03000300,0.000000
1062,0,0x110,STD,8,2026-01-28T18:41:16.781035,03 00 03 00 9F F6 B0 48,03000300,0.000000
1063,0,0x10F,STD,8,2026-01-28T18:41:16.838048,03 00 03 00 27 C7 9C 3D,03000300,0.000000
1064,0,0x110,STD,8,2026-01-28T18:41:16.862053,03 00 03 00 8C 90 94 48,03000300,0.000000
1065,0,0x10F,STD,8,2026-01-28T18:41:16.919066,03 00 03 00 99 70 3B 3D,03000300,0.000000
1066,0,0x110,STD,8,2026-01-28T18:41:16.943071,03 00 03 00 F6 2A 5F 48,03000300,0.000000
1067,0,0x10F,STD,8,2026-01-28T18:41:16.988597,03 00 03 00 8C 36 7C 3D,03000300,0.000000
1068,0,0x110,STD,8,2026-01-28T18:41:17.012106,03 00 03 00 8E 6C 77 48,03000300,0.000000
1069,0,0x10F,STD,8,2026-01-28T18:41:17.069119,03 00 03 00 E1 1C 1A 3D,03000300,0.000000
1070,0,0x110,STD,8,2026-01-28T18:41:17.104127,03 00 03 00 55 F7 81 47,03000300,0.000000
1071,0,0x10F,STD,8,2026-01-28T18:41:17.150137,03 00 03 00 56 98 22 3D,03000300,0.000000
1072,0,0x110,STD,8,2026-01-28T18:41:17.174143,03 00 03 00 A5 3B 01 47,03000300,0.000000
1073,0,0x10F,STD,8,2026-01-28T18:41:17.231155,03 00 03 00 79 A9 1F 3D,03000300,0.000000
1074,0,0x110,STD,8,2026-01-28T18:41:17.255161,03 00 03 00 DD BE 33 47,03000300,0.000000
1075,0,0x10F,STD,8,2026-01-28T18:41:17.312174,03 00 03 00 AF D3 1F 3D,03000300,0.000000
1076,0,0x110,STD,8,2026-01-28T18:41:17.336179,03 00 03 00 AA A6 1B 48,03000300,0.000000
1077,0,0x10F,STD,8,2026-01-28T18:41:17.393192,03 00 03 00 B1 43 2B 3D,03000300,0.000000
1078,0,0x110,STD,8,2026-01-28T18:41:17.417198,03 00 03 00 C7 C6 3E 48,03000300,0.000000
1079,0,0x10F,STD,8,2026-01-28T18:41:17.474210,03 00 03 00 D2 94 24 3D,03000300,0.000000
1080,0,0x110,STD,8,2026-01-28T18:41:17.497719,03 00 03 00 8A 14 FF 47,03000300,0.000000
1081,0,0x10F,STD,8,2026-01-28T18:41:17.553297,03 00 03 00 A0 C2 68 3D,03000300,0.000000
1082,0,0x110,STD,8,2026-01-28T18:41:17.577303,03 00 03 00 64 CC 26 48,03000300,0.000000
1083,0,0x110,STD,8,2026-01-28T18:41:17.612311,03 00 01 00 00 00 00 00,03000100,0.000000
1084,0,0x10F,STD,8,2026-01-28T18:41:17.612311,03 00 02 00 5C BB 46 41,03000200,0.000000
1085,0,0x110,STD,8,2026-01-28T18:41:17.612311,03 00 02 00 5C BB 46 41,03000200,0.000000
1086,0,0x10F,STD,8,2026-01-28T18:41:17.612311,03 00 01 00 00 00 00 00,03000100,0.000000
1087,0,0x10F,STD,8,2026-01-28T18:41:17.636316,03 00 03 00 C9 E3 1F 3D,03000300,0.000000
1088,0,0x110,STD,8,2026-01-28T18:41:17.649319,03 00 03 00 5C 16 18 48,03000300,0.000000
1089,0,0x10F,STD,8,2026-01-28T18:41:17.706332,03 00 03 00 7D 84 37 3D,03000300,0.000000
1090,0,0x110,STD,8,2026-01-28T18:41:17.730337,03 00 03 00 4E 82 0D 48,03000300,0.000000
1091,0,0x10F,STD,8,2026-01-28T18:41:17.787350,03 00 03 00 A7 C4 3C 3D,03000300,0.000000
1092,0,0x110,STD,8,2026-01-28T18:41:17.811355,03 00 03 00 4E 0A 7D 48,03000300,0.000000
1093,0,0x10F,STD,8,2026-01-28T18:41:17.868368,03 00 03 00 8C A6 2C 3D,03000300,0.000000
1094,0,0x110,STD,8,2026-01-28T18:41:17.892374,03 00 03 00 4C 25 BF 48,03000300,0.000000
1095,0,0x10F,STD,8,2026-01-28T18:41:17.949387,03 00 03 00 32 3B 59 3D,03000300,0.000000
1096,0,0x110,STD,8,2026-01-28T18:41:17.973392,03 00 03 00 D5 0B 17 48,03000300,0.000000
1097,0,0x10F,STD,8,2026-01-28T18:41:18.030405,03 00 03 00 92 50 36 3D,03000300,0.000000
1098,0,0x110,STD,8,2026-01-28T18:41:18.053948,03 00 03 00 A3 58 8E 48,03000300,0.000000
1099,0,0x10F,STD,8,2026-01-28T18:41:18.110962,03 00 03 00 4A E4 75 3D,03000300,0.000000
1100,0,0x110,STD,8,2026-01-28T18:41:18.134967,03 00 03 00 EC 99 58 48,03000300,0.000000
1101,0,0x10F,STD,8,2026-01-28T18:41:18.191980,03 00 03 00 E4 74 4C 3D,03000300,0.000000
1102,0,0x110,STD,8,2026-01-28T18:41:18.215985,03 00 03 00 A8 BA CE 47,03000300,0.000000
1103,0,0x10F,STD,8,2026-01-28T18:41:18.272998,03 00 03 00 A7 3F 74 3D,03000300,0.000000
1104,0,0x110,STD,8,2026-01-28T18:41:18.297004,03 00 03 00 B7 15 91 48,03000300,0.000000
1105,0,0x10F,STD,8,2026-01-28T18:41:18.355017,03 00 03 00 CF ED 33 3D,03000300,0.000000
1106,0,0x110,STD,8,2026-01-28T18:41:18.368020,03 00 03 00 F5 4A CE 47,03000300,0.000000
1107,0,0x10F,STD,8,2026-01-28T18:41:18.425032,03 00 03 00 46 8F 25 3D,03000300,0.000000
1108,0,0x110,STD,8,2026-01-28T18:41:18.449039,03 00 03 00 E8 12 A6 48,03000300,0.000000
1109,0,0x10F,STD,8,2026-01-28T18:41:18.506051,03 00 03 00 DE D3 57 3D,03000300,0.000000
1110,0,0x110,STD,8,2026-01-28T18:41:18.530056,03 00 03 00 6F 7D 83 48,03000300,0.000000
1111,0,0x10F,STD,8,2026-01-28T18:41:18.586442,03 00 03 00 15 A7 90 3C,03000300,0.000000
1112,0,0x110,STD,8,2026-01-28T18:41:18.610448,03 00 03 00 D9 9A A8 48,03000300,0.000000
1113,0,0x110,STD,8,2026-01-28T18:41:18.656458,03 00 01 00 00 00 00 00,03000100,0.000000
1114,0,0x10F,STD,8,2026-01-28T18:41:18.656458,03 00 01 00 00 00 00 00,03000100,0.000000
1115,0,0x110,STD,8,2026-01-28T18:41:18.656458,03 00 01 00 00 00 00 00,03000100,0.000000
1116,0,0x10F,STD,8,2026-01-28T18:41:18.656458,03 00 02 00 52 76 43 41,03000200,0.000000
1117,0,0x10F,STD,8,2026-01-28T18:41:18.669461,03 00 03 00 A8 31 23 3D,03000300,0.000000
1118,0,0x110,STD,8,2026-01-28T18:41:18.693467,03 00 03 00 62 BD F1 48,03000300,0.000000
1119,0,0x10F,STD,8,2026-01-28T18:41:18.749575,03 00 03 00 FE 46 14 3D,03000300,0.000000
1120,0,0x110,STD,8,2026-01-28T18:41:18.773580,03 00 03 00 0B 5A DA 48,03000300,0.000000
1121,0,0x10F,STD,8,2026-01-28T18:41:18.830593,03 00 03 00 75 46 1F 3D,03000300,0.000000
1122,0,0x110,STD,8,2026-01-28T18:41:18.854598,03 00 03 00 62 87 08 49,03000300,0.000000
1123,0,0x10F,STD,8,2026-01-28T18:41:18.911611,03 00 03 00 45 9C 90 3D,03000300,0.000000
1124,0,0x110,STD,8,2026-01-28T18:41:18.935616,03 00 03 00 94 4C F0 48,03000300,0.000000
1125,0,0x10F,STD,8,2026-01-28T18:41:18.981627,03 00 03 00 B4 79 3B 3D,03000300,0.000000
1126,0,0x110,STD,8,2026-01-28T18:41:19.015923,03 00 03 00 86 51 9A 48,03000300,0.000000
1127,0,0x10F,STD,8,2026-01-28T18:41:19.061932,03 00 03 00 EC 8A 98 3D,03000300,0.000000
1128,0,0x110,STD,8,2026-01-28T18:41:19.085937,03 00 03 00 C3 36 ED 48,03000300,0.000000
1129,0,0x10F,STD,8,2026-01-28T18:41:19.142950,03 00 03 00 5A CD 6E 3D,03000300,0.000000
1130,0,0x110,STD,8,2026-01-28T18:41:19.166955,03 00 03 00 0B 22 92 48,03000300,0.000000
1131,0,0x10F,STD,8,2026-01-28T18:41:19.223968,03 00 03 00 D0 DE 4B 3D,03000300,0.000000
1132,0,0x110,STD,8,2026-01-28T18:41:19.247974,03 00 03 00 4E 11 82 48,03000300,0.000000
1133,0,0x10F,STD,8,2026-01-28T18:41:19.304987,03 00 03 00 FE BC 86 3D,03000300,0.000000
1134,0,0x110,STD,8,2026-01-28T18:41:19.328992,03 00 03 00 C1 C4 5F 48,03000300,0.000000
1135,0,0x10F,STD,8,2026-01-28T18:41:19.386004,03 00 03 00 4A D6 55 3D,03000300,0.000000
1136,0,0x110,STD,8,2026-01-28T18:41:19.410010,03 00 03 00 1D 8D 81 48,03000300,0.000000
1137,0,0x10F,STD,8,2026-01-28T18:41:19.467023,03 00 03 00 50 2C 72 3D,03000300,0.000000
1138,0,0x110,STD,8,2026-01-28T18:41:19.491028,03 00 03 00 EA 6D 8C 48,03000300,0.000000
1139,0,0x10F,STD,8,2026-01-28T18:41:19.548040,03 00 03 00 D3 FA 4D 3D,03000300,0.000000
1140,0,0x110,STD,8,2026-01-28T18:41:19.572047,03 00 03 00 4E 1F 93 48,03000300,0.000000
1141,0,0x10F,STD,8,2026-01-28T18:41:19.629059,03 00 03 00 31 59 43 3D,03000300,0.000000
1142,0,0x110,STD,8,2026-01-28T18:41:19.653065,03 00 03 00 20 43 5C 48,03000300,0.000000
1143,0,0x10F,STD,8,2026-01-28T18:41:19.699075,03 00 03 00 78 54 23 3D,03000300,0.000000
1144,0,0x110,STD,8,2026-01-28T18:41:19.712078,03 00 02 00 52 76 43 41,03000200,0.000000
1145,0,0x10F,STD,8,2026-01-28T18:41:19.712078,03 00 02 00 48 72 35 41,03000200,0.000000
1146,0,0x110,STD,8,2026-01-28T18:41:19.712078,03 00 02 00 48 72 35 41,03000200,0.000000
1147,0,0x10F,STD,8,2026-01-28T18:41:19.712078,03 00 01 00 00 00 00 00,03000100,0.000000
1148,0,0x110,STD,8,2026-01-28T18:41:19.725081,03 00 03 00 32 3D 63 48,03000300,0.000000
1149,0,0x10F,STD,8,2026-01-28T18:41:19.782094,03 00 03 00 50 9A 5A 3D,03000300,0.000000
1150,0,0x110,STD,8,2026-01-28T18:41:19.806099,03 00 03 00 29 17 68 48,03000300,0.000000
1151,0,0x10F,STD,8,2026-01-28T18:41:19.863112,03 00 03 00 E0 16 1D 3D,03000300,0.000000
1152,0,0x110,STD,8,2026-01-28T18:41:19.887118,03 00 03 00 0E 0C 4D 48,03000300,0.000000
1153,0,0x10F,STD,8,2026-01-28T18:41:19.943409,03 00 03 00 62 38 1A 3D,03000300,0.000000
1154,0,0x110,STD,8,2026-01-28T18:41:19.967415,03 00 03 00 B2 1D 77 48,03000300,0.000000
1155,0,0x10F,STD,8,2026-01-28T18:41:20.024427,03 00 03 00 29 1A 31 3D,03000300,0.000000
1156,0,0x110,STD,8,2026-01-28T18:41:20.048433,03 00 03 00 4F BF A9 47,03000300,0.000000
1157,0,0x10F,STD,8,2026-01-28T18:41:20.105446,03 00 03 00 F0 F4 05 3D,03000300,0.000000
1158,0,0x110,STD,8,2026-01-28T18:41:20.129451,03 00 03 00 3C 83 40 48,03000300,0.000000
1159,0,0x10F,STD,8,2026-01-28T18:41:20.186464,03 00 03 00 28 33 55 3D,03000300,0.000000
1160,0,0x110,STD,8,2026-01-28T18:41:20.210469,03 00 03 00 F3 B1 5F 48,03000300,0.000000
1161,0,0x10F,STD,8,2026-01-28T18:41:20.256480,03 00 03 00 3B DF 6B 3D,03000300,0.000000
1162,0,0x110,STD,8,2026-01-28T18:41:20.280486,03 00 03 00 35 B4 96 48,03000300,0.000000
1163,0,0x10F,STD,8,2026-01-28T18:41:20.337498,03 00 03 00 14 67 57 3D,03000300,0.000000
1164,0,0x110,STD,8,2026-01-28T18:41:20.361503,03 00 03 00 94 77 19 48,03000300,0.000000
1165,0,0x10F,STD,8,2026-01-28T18:41:20.418020,03 00 03 00 E3 D8 80 3D,03000300,0.000000
1166,0,0x110,STD,8,2026-01-28T18:41:20.442025,03 00 03 00 0A D8 5E 48,03000300,0.000000
1167,0,0x10F,STD,8,2026-01-28T18:41:20.499038,03 00 03 00 BF F4 7F 3D,03000300,0.000000
1168,0,0x110,STD,8,2026-01-28T18:41:20.523043,03 00 03 00 63 B5 62 47,03000300,0.000000
1169,0,0x10F,STD,8,2026-01-28T18:41:20.580056,03 00 03 00 46 0F 85 3D,03000300,0.000000
1170,0,0x110,STD,8,2026-01-28T18:41:20.604061,03 00 03 00 38 02 61 48,03000300,0.000000
1171,0,0x10F,STD,8,2026-01-28T18:41:20.661074,03 00 03 00 B7 1A 4A 3D,03000300,0.000000
1172,0,0x110,STD,8,2026-01-28T18:41:20.685079,03 00 03 00 8A AE 87 48,03000300,0.000000
1173,0,0x10F,STD,8,2026-01-28T18:41:20.741138,03 00 03 00 E1 8F 8A 3D,03000300,0.000000
1174,0,0x110,STD,8,2026-01-28T18:41:20.764871,03 00 03 00 22 5A ED 47,03000300,0.000000
1175,0,0x110,STD,8,2026-01-28T18:41:20.764871,03 00 01 00 00 00 00 00,03000100,0.000000
1176,0,0x10F,STD,8,2026-01-28T18:41:20.764871,03 00 02 00 87 8D 27 41,03000200,0.000000
1177,0,0x110,STD,8,2026-01-28T18:41:20.764871,03 00 02 00 87 8D 27 41,03000200,0.000000
1178,0,0x10F,STD,8,2026-01-28T18:41:20.764871,03 00 01 00 00 00 00 00,03000100,0.000000
1179,0,0x10F,STD,8,2026-01-28T18:41:20.821884,03 00 03 00 A7 81 09 3D,03000300,0.000000
1180,0,0x110,STD,8,2026-01-28T18:41:20.845890,03 00 03 00 81 4F 1E 48,03000300,0.000000
1181,0,0x10F,STD,8,2026-01-28T18:41:20.902902,03 00 03 00 30 F9 19 3D,03000300,0.000000
1182,0,0x110,STD,8,2026-01-28T18:41:20.926908,03 00 03 00 CF 71 41 48,03000300,0.000000
1183,0,0x10F,STD,8,2026-01-28T18:41:20.983921,03 00 03 00 91 93 19 3D,03000300,0.000000
1184,0,0x110,STD,8,2026-01-28T18:41:21.007926,03 00 03 00 58 59 63 48,03000300,0.000000
1185,0,0x10F,STD,8,2026-01-28T18:41:21.053936,03 00 03 00 17 BF D8 3C,03000300,0.000000
1186,0,0x110,STD,8,2026-01-28T18:41:21.077942,03 00 03 00 AE 81 D7 47,03000300,0.000000
1187,0,0x10F,STD,8,2026-01-28T18:41:21.134955,03 00 03 00 58 56 84 3D,03000300,0.000000
1188,0,0x110,STD,8,2026-01-28T18:41:21.158960,03 00 03 00 4A 36 9E 47,03000300,0.000000
1189,0,0x10F,STD,8,2026-01-28T18:41:21.215973,03 00 03 00 8D 72 29 3D,03000300,0.000000
1190,0,0x110,STD,8,2026-01-28T18:41:21.239978,03 00 03 00 1B 7C 31 48,03000300,0.000000
1191,0,0x10F,STD,8,2026-01-28T18:41:21.296991,03 00 03 00 47 F8 58 3D,03000300,0.000000
1192,0,0x110,STD,8,2026-01-28T18:41:21.320997,03 00 03 00 64 61 9A 48,03000300,0.000000
1193,0,0x10F,STD,8,2026-01-28T18:41:21.378009,03 00 03 00 CC F2 8A 3D,03000300,0.000000
1194,0,0x110,STD,8,2026-01-28T18:41:21.402015,03 00 03 00 C5 DC CB 47,03000300,0.000000
1195,0,0x10F,STD,8,2026-01-28T18:41:21.459028,03 00 03 00 E6 CA 2A 3D,03000300,0.000000
1196,0,0x110,STD,8,2026-01-28T18:41:21.483033,03 00 03 00 47 82 23 47,03000300,0.000000
1197,0,0x10F,STD,8,2026-01-28T18:41:21.540046,03 00 03 00 54 9C 6A 3D,03000300,0.000000
1198,0,0x110,STD,8,2026-01-28T18:41:21.564051,03 00 03 00 94 FA 23 48,03000300,0.000000
1199,0,0x10F,STD,8,2026-01-28T18:41:21.621064,03 00 03 00 57 72 2B 3D,03000300,0.000000
1200,0,0x110,STD,8,2026-01-28T18:41:21.644574,03 00 03 00 79 69 5A 48,03000300,0.000000
1201,0,0x10F,STD,8,2026-01-28T18:41:21.690584,03 00 03 00 3E CF 3F 3D,03000300,0.000000
1202,0,0x110,STD,8,2026-01-28T18:41:21.725257,03 00 03 00 44 AE 0E 48,03000300,0.000000
1203,0,0x10F,STD,8,2026-01-28T18:41:21.780858,03 00 03 00 88 ED 31 3D,03000300,0.000000
1204,0,0x110,STD,8,2026-01-28T18:41:21.804863,03 00 03 00 DF B9 08 48,03000300,0.000000
1205,0,0x110,STD,8,2026-01-28T18:41:21.804863,03 00 01 00 00 00 00 00,03000100,0.000000
1206,0,0x10F,STD,8,2026-01-28T18:41:21.804863,03 00 02 00 FE B0 2F 41,03000200,0.000000
1207,0,0x110,STD,8,2026-01-28T18:41:21.804863,03 00 02 00 FE B0 2F 41,03000200,0.000000
1208,0,0x10F,STD,8,2026-01-28T18:41:21.806727,03 00 01 00 00 00 00 00,03000100,0.000000
1209,0,0x10F,STD,8,2026-01-28T18:41:21.852737,03 00 03 00 49 B1 20 3D,03000300,0.000000
1210,0,0x110,STD,8,2026-01-28T18:41:21.876743,03 00 03 00 DD B4 A2 48,03000300,0.000000
1211,0,0x10F,STD,8,2026-01-28T18:41:21.933755,03 00 03 00 30 A0 4E 3D,03000300,0.000000
1212,0,0x110,STD,8,2026-01-28T18:41:21.957761,03 00 03 00 A1 CC AF 48,03000300,0.000000
1213,0,0x10F,STD,8,2026-01-28T18:41:22.014774,03 00 03 00 1C 4A 21 3D,03000300,0.000000
1214,0,0x110,STD,8,2026-01-28T18:41:22.038779,03 00 03 00 D1 0A A7 48,03000300,0.000000
1215,0,0x10F,STD,8,2026-01-28T18:41:22.095792,03 00 03 00 93 53 3D 3D,03000300,0.000000
1216,0,0x110,STD,8,2026-01-28T18:41:22.119797,03 00 03 00 E3 71 A8 48,03000300,0.000000
1217,0,0x10F,STD,8,2026-01-28T18:41:22.176810,03 00 03 00 CB 61 12 3D,03000300,0.000000
1218,0,0x110,STD,8,2026-01-28T18:41:22.200816,03 00 03 00 81 5D B0 48,03000300,0.000000
1219,0,0x10F,STD,8,2026-01-28T18:41:22.257343,03 00 03 00 4A EC 5B 3D,03000300,0.000000
1220,0,0x110,STD,8,2026-01-28T18:41:22.281350,03 00 03 00 E6 BA A2 48,03000300,0.000000
1221,0,0x10F,STD,8,2026-01-28T18:41:22.338363,03 00 03 00 00 42 39 3D,03000300,0.000000
1222,0,0x110,STD,8,2026-01-28T18:41:22.362368,03 00 03 00 C4 F5 A0 48,03000300,0.000000
1223,0,0x10F,STD,8,2026-01-28T18:41:22.408378,03 00 03 00 0B 12 34 3D,03000300,0.000000
1224,0,0x110,STD,8,2026-01-28T18:41:22.432383,03 00 03 00 2B 7A B1 48,03000300,0.000000
1225,0,0x10F,STD,8,2026-01-28T18:41:22.489397,03 00 03 00 E6 F9 22 3D,03000300,0.000000
1226,0,0x110,STD,8,2026-01-28T18:41:22.513402,03 00 03 00 37 CC 4E 48,03000300,0.000000
1227,0,0x10F,STD,8,2026-01-28T18:41:22.570415,03 00 03 00 E8 8C 1E 3D,03000300,0.000000
1228,0,0x110,STD,8,2026-01-28T18:41:22.594420,03 00 03 00 6F 58 57 48,03000300,0.000000
1229,0,0x10F,STD,8,2026-01-28T18:41:22.651433,03 00 03 00 B8 B9 8C 3D,03000300,0.000000
1230,0,0x110,STD,8,2026-01-28T18:41:22.675439,03 00 03 00 06 76 88 48,03000300,0.000000
1231,0,0x10F,STD,8,2026-01-28T18:41:22.731744,03 00 03 00 DB 2D 1B 3D,03000300,0.000000
1232,0,0x110,STD,8,2026-01-28T18:41:22.755750,03 00 03 00 94 C6 E4 47,03000300,0.000000
1233,0,0x10F,STD,8,2026-01-28T18:41:22.812807,03 00 03 00 3A DF 43 3D,03000300,0.000000
1234,0,0x110,STD,8,2026-01-28T18:41:22.836811,03 00 03 00 F3 08 AC 48,03000300,0.000000
1235,0,0x110,STD,8,2026-01-28T18:41:22.849815,03 00 01 00 00 00 00 00,03000100,0.000000
1236,0,0x110,STD,8,2026-01-28T18:41:22.849815,03 00 01 00 00 00 00 00,03000100,0.000000
1237,0,0x10F,STD,8,2026-01-28T18:41:22.849815,03 00 02 00 C8 6A 3A 41,03000200,0.000000
1238,0,0x110,STD,8,2026-01-28T18:41:22.849815,03 00 02 00 C8 6A 3A 41,03000200,0.000000
1239,0,0x10F,STD,8,2026-01-28T18:41:22.895825,03 00 03 00 B7 B9 39 3D,03000300,0.000000
1240,0,0x110,STD,8,2026-01-28T18:41:22.919831,03 00 03 00 BD 57 67 48,03000300,0.000000
1241,0,0x10F,STD,8,2026-01-28T18:41:22.976844,03 00 03 00 F1 DC 13 3D,03000300,0.000000
1242,0,0x110,STD,8,2026-01-28T18:41:23.000849,03 00 03 00 58 7C C2 48,03000300,0.000000
1243,0,0x10F,STD,8,2026-01-28T18:41:23.046859,03 00 03 00 31 FA 41 3D,03000300,0.000000
1244,0,0x110,STD,8,2026-01-28T18:41:23.070865,03 00 03 00 0B 4C D0 48,03000300,0.000000
1245,0,0x10F,STD,8,2026-01-28T18:41:23.127247,03 00 03 00 96 79 10 3D,03000300,0.000000
1246,0,0x110,STD,8,2026-01-28T18:41:23.151252,03 00 03 00 B4 06 80 48,03000300,0.000000
1247,0,0x10F,STD,8,2026-01-28T18:41:23.208266,03 00 03 00 14 00 3E 3D,03000300,0.000000
1248,0,0x110,STD,8,2026-01-28T18:41:23.232271,03 00 03 00 DE 41 71 48,03000300,0.000000
1249,0,0x10F,STD,8,2026-01-28T18:41:23.289284,03 00 03 00 02 A4 04 3D,03000300,0.000000
1250,0,0x110,STD,8,2026-01-28T18:41:23.313289,03 00 03 00 8E B9 4C 48,03000300,0.000000
1251,0,0x10F,STD,8,2026-01-28T18:41:23.370302,03 00 03 00 57 DA 13 3D,03000300,0.000000
1252,0,0x110,STD,8,2026-01-28T18:41:23.394307,03 00 03 00 63 2C B8 48,03000300,0.000000
1253,0,0x10F,STD,8,2026-01-28T18:41:23.451320,03 00 03 00 C3 49 22 3D,03000300,0.000000
1254,0,0x110,STD,8,2026-01-28T18:41:23.475325,03 00 03 00 E0 AF 36 48,03000300,0.000000
1255,0,0x10F,STD,8,2026-01-28T18:41:23.532338,03 00 03 00 86 E1 1A 3D,03000300,0.000000
1256,0,0x110,STD,8,2026-01-28T18:41:23.556344,03 00 03 00 F6 D7 C9 47,03000300,0.000000
1257,0,0x10F,STD,8,2026-01-28T18:41:23.613356,03 00 03 00 A0 46 27 3D,03000300,0.000000
1258,0,0x110,STD,8,2026-01-28T18:41:23.637362,03 00 03 00 C9 3D 32 48,03000300,0.000000
1259,0,0x10F,STD,8,2026-01-28T18:41:23.683372,03 00 03 00 B6 2C 5A 3D,03000300,0.000000
1260,0,0x110,STD,8,2026-01-28T18:41:23.717708,03 00 03 00 D7 77 FD 47,03000300,0.000000
1261,0,0x10F,STD,8,2026-01-28T18:41:23.763719,03 00 03 00 DB 03 4B 3D,03000300,0.000000
1262,0,0x110,STD,8,2026-01-28T18:41:23.787724,03 00 03 00 9A 88 EE 47,03000300,0.000000
1263,0,0x10F,STD,8,2026-01-28T18:41:23.844737,03 00 03 00 71 0F FB 3C,03000300,0.000000
1264,0,0x110,STD,8,2026-01-28T18:41:23.879202,03 00 03 00 59 2D 1A 48,03000300,0.000000
1265,0,0x10F,STD,8,2026-01-28T18:41:23.903208,03 00 01 00 00 00 00 00,03000100,0.000000
1266,0,0x10F,STD,8,2026-01-28T18:41:23.903208,03 00 02 00 72 EF 35 41,03000200,0.000000
1267,0,0x10F,STD,8,2026-01-28T18:41:23.903208,03 00 01 00 00 00 00 00,03000100,0.000000
1268,0,0x110,STD,8,2026-01-28T18:41:23.903208,03 00 02 00 72 EF 35 41,03000200,0.000000
1269,0,0x10F,STD,8,2026-01-28T18:41:23.927213,03 00 03 00 99 7D 20 3D,03000300,0.000000
1270,0,0x110,STD,8,2026-01-28T18:41:23.951218,03 00 03 00 0C 13 B8 48,03000300,0.000000
1271,0,0x10F,STD,8,2026-01-28T18:41:24.008232,03 00 03 00 78 21 21 3D,03000300,0.000000
1272,0,0x110,STD,8,2026-01-28T18:41:24.032237,03 00 03 00 9E A4 3B 48,03000300,0.000000
1273,0,0x10F,STD,8,2026-01-28T18:41:24.089249,03 00 03 00 9F 66 01 3D,03000300,0.000000
1274,0,0x110,STD,8,2026-01-28T18:41:24.113254,03 00 03 00 0A BB E1 47,03000300,0.000000
1275,0,0x10F,STD,8,2026-01-28T18:41:24.169770,03 00 03 00 FD 47 4D 3D,03000300,0.000000
1276,0,0x110,STD,8,2026-01-28T18:41:24.193775,03 00 03 00 F2 BC 88 48,03000300,0.000000
1277,0,0x10F,STD,8,2026-01-28T18:41:24.250788,03 00 03 00 C0 3D C0 3C,03000300,0.000000
1278,0,0x110,STD,8,2026-01-28T18:41:24.274794,03 00 03 00 F9 06 93 48,03000300,0.000000
1279,0,0x10F,STD,8,2026-01-28T18:41:24.331805,03 00 03 00 98 F3 56 3D,03000300,0.000000
1280,0,0x110,STD,8,2026-01-28T18:41:24.355812,03 00 03 00 17 CE 87 48,03000300,0.000000
1281,0,0x10F,STD,8,2026-01-28T18:41:24.413008,03 00 03 00 D4 03 75 3D,03000300,0.000000
1282,0,0x110,STD,8,2026-01-28T18:41:24.437013,03 00 03 00 2F D0 A8 48,03000300,0.000000
1283,0,0x10F,STD,8,2026-01-28T18:41:24.483023,03 00 03 00 54 19 3D 3D,03000300,0.000000
1284,0,0x110,STD,8,2026-01-28T18:41:24.507029,03 00 03 00 2D 03 6B 48,03000300,0.000000
1285,0,0x10F,STD,8,2026-01-28T18:41:24.564042,03 00 03 00 76 8B 69 3D,03000300,0.000000
1286,0,0x110,STD,8,2026-01-28T18:41:24.588048,03 00 03 00 2D 5D B7 48,03000300,0.000000
1287,0,0x10F,STD,8,2026-01-28T18:41:24.645060,03 00 03 00 39 D0 01 3D,03000300,0.000000
1288,0,0x110,STD,8,2026-01-28T18:41:24.669066,03 00 03 00 67 78 A9 48,03000300,0.000000
1289,0,0x10F,STD,8,2026-01-28T18:41:24.725262,03 00 03 00 AA 1D 28 3D,03000300,0.000000
1290,0,0x110,STD,8,2026-01-28T18:41:24.749268,03 00 03 00 67 CB 16 48,03000300,0.000000
1291,0,0x10F,STD,8,2026-01-28T18:41:24.806280,03 00 03 00 6C B3 06 3D,03000300,0.000000
1292,0,0x110,STD,8,2026-01-28T18:41:24.830285,03 00 03 00 EC 9B 6E 48,03000300,0.000000
1293,0,0x10F,STD,8,2026-01-28T18:41:24.887298,03 00 03 00 20 BB 39 3D,03000300,0.000000
1294,0,0x110,STD,8,2026-01-28T18:41:24.911304,03 00 03 00 5A 33 64 48,03000300,0.000000
1295,0,0x110,STD,8,2026-01-28T18:41:24.957874,03 00 01 00 00 00 00 00,03000100,0.000000
1296,0,0x10F,STD,8,2026-01-28T18:41:24.957874,03 00 02 00 A0 A6 40 41,03000200,0.000000
1297,0,0x10F,STD,8,2026-01-28T18:41:24.957874,03 00 01 00 00 00 00 00,03000100,0.000000
1298,0,0x110,STD,8,2026-01-28T18:41:24.957874,03 00 02 00 A0 A6 40 41,03000200,0.000000
1299,0,0x10F,STD,8,2026-01-28T18:41:24.960874,03 00 03 00 AD CC 22 3D,03000300,0.000000
1300,0,0x110,STD,8,2026-01-28T18:41:24.984384,03 00 03 00 60 46 D2 47,03000300,0.000000
1301,0,0x10F,STD,8,2026-01-28T18:41:25.041397,03 00 03 00 DC 0F 2B 3D,03000300,0.000000
1302,0,0x110,STD,8,2026-01-28T18:41:25.065402,03 00 03 00 2A 68 85 48,03000300,0.000000
1303,0,0x10F,STD,8,2026-01-28T18:41:25.122414,03 00 03 00 80 D8 46 3D,03000300,0.000000
1304,0,0x110,STD,8,2026-01-28T18:41:25.145923,03 00 03 00 08 EA 7C 48,03000300,0.000000
1305,0,0x10F,STD,8,2026-01-28T18:41:25.202936,03 00 03 00 7A C8 0B 3D,03000300,0.000000
1306,0,0x110,STD,8,2026-01-28T18:41:25.226941,03 00 03 00 8A CD 17 48,03000300,0.000000
1307,0,0x10F,STD,8,2026-01-28T18:41:25.283954,03 00 03 00 6B 49 6E 3D,03000300,0.000000
1308,0,0x110,STD,8,2026-01-28T18:41:25.307959,03 00 03 00 E7 05 60 48,03000300,0.000000
1309,0,0x10F,STD,8,2026-01-28T18:41:25.364972,03 00 03 00 52 A6 64 3D,03000300,0.000000
1310,0,0x110,STD,8,2026-01-28T18:41:25.388978,03 00 03 00 29 08 69 48,03000300,0.000000
1311,0,0x10F,STD,8,2026-01-28T18:41:25.445547,03 00 03 00 9F C1 5D 3D,03000300,0.000000
1312,0,0x110,STD,8,2026-01-28T18:41:25.469104,03 00 03 00 EB E2 25 48,03000300,0.000000
1313,0,0x10F,STD,8,2026-01-28T18:41:25.526117,03 00 03 00 86 7A 6B 3D,03000300,0.000000
1314,0,0x110,STD,8,2026-01-28T18:41:25.550123,03 00 03 00 E7 09 F0 47,03000300,0.000000
1315,0,0x10F,STD,8,2026-01-28T18:41:25.607136,03 00 03 00 AF A8 46 3D,03000300,0.000000
1316,0,0x110,STD,8,2026-01-28T18:41:25.631141,03 00 03 00 54 46 66 48,03000300,0.000000
1317,0,0x10F,STD,8,2026-01-28T18:41:25.676694,03 00 03 00 16 CF 97 3D,03000300,0.000000
1318,0,0x110,STD,8,2026-01-28T18:41:25.710760,03 00 03 00 14 F0 E7 47,03000300,0.000000
1319,0,0x10F,STD,8,2026-01-28T18:41:25.767774,03 00 03 00 5B 9B 70 3D,03000300,0.000000
1320,0,0x110,STD,8,2026-01-28T18:41:25.780777,03 00 03 00 82 57 DC 47,03000300,0.000000
1321,0,0x10F,STD,8,2026-01-28T18:41:25.837790,03 00 03 00 F3 C4 A3 3D,03000300,0.000000
1322,0,0x110,STD,8,2026-01-28T18:41:25.861297,03 00 03 00 26 AB F1 47,03000300,0.000000
1323,0,0x10F,STD,8,2026-01-28T18:41:25.918311,03 00 03 00 6E 9D 9B 3D,03000300,0.000000
1324,0,0x110,STD,8,2026-01-28T18:41:25.942316,03 00 03 00 6E 86 E0 47,03000300,0.000000
1325,0,0x10F,STD,8,2026-01-28T18:41:25.999329,03 00 03 00 30 AE 83 3D,03000300,0.000000
1326,0,0x110,STD,8,2026-01-28T18:41:26.012333,03 00 01 00 00 00 00 00,03000100,0.000000
1327,0,0x10F,STD,8,2026-01-28T18:41:26.012333,03 00 02 00 DA F4 40 41,03000200,0.000000
1328,0,0x10F,STD,8,2026-01-28T18:41:26.012333,03 00 01 00 00 00 00 00,03000100,0.000000
1329,0,0x110,STD,8,2026-01-28T18:41:26.012333,03 00 02 00 DA F4 40 41,03000200,0.000000
1330,0,0x110,STD,8,2026-01-28T18:41:26.025335,03 00 03 00 FD F7 60 48,03000300,0.000000
1331,0,0x10F,STD,8,2026-01-28T18:41:26.082347,03 00 03 00 F0 B6 8C 3D,03000300,0.000000
1332,0,0x110,STD,8,2026-01-28T18:41:26.106353,03 00 03 00 09 8A AC 48,03000300,0.000000
1333,0,0x10F,STD,8,2026-01-28T18:41:26.163366,03 00 03 00 F6 12 52 3D,03000300,0.000000
1334,0,0x110,STD,8,2026-01-28T18:41:26.187371,03 00 03 00 4C 2E BE 48,03000300,0.000000
1335,0,0x10F,STD,8,2026-01-28T18:41:26.244384,03 00 03 00 51 8F 4D 3D,03000300,0.000000
1336,0,0x110,STD,8,2026-01-28T18:41:26.268390,03 00 03 00 3C B8 FA 48,03000300,0.000000
1337,0,0x10F,STD,8,2026-01-28T18:41:26.314400,03 00 03 00 6F E3 F7 3C,03000300,0.000000
1338,0,0x110,STD,8,2026-01-28T18:41:26.338406,03 00 03 00 D0 1B 88 48,03000300,0.000000
1339,0,0x10F,STD,8,2026-01-28T18:41:26.395418,03 00 03 00 1C 4C 2B 3D,03000300,0.000000
1340,0,0x110,STD,8,2026-01-28T18:41:26.419424,03 00 03 00 1C 1E 34 48,03000300,0.000000
1341,0,0x10F,STD,8,2026-01-28T18:41:26.476436,03 00 03 00 DA AA 25 3D,03000300,0.000000
1342,0,0x110,STD,8,2026-01-28T18:41:26.500707,03 00 03 00 19 AC B0 48,03000300,0.000000
1343,0,0x10F,STD,8,2026-01-28T18:41:26.557720,03 00 03 00 3D 10 0F 3D,03000300,0.000000
1344,0,0x110,STD,8,2026-01-28T18:41:26.581725,03 00 03 00 25 3B 1B 48,03000300,0.000000
1345,0,0x10F,STD,8,2026-01-28T18:41:26.638738,03 00 03 00 61 0E 3C 3D,03000300,0.000000
1346,0,0x110,STD,8,2026-01-28T18:41:26.662743,03 00 03 00 0D 52 C1 48,03000300,0.000000
1347,0,0x10F,STD,8,2026-01-28T18:41:26.719756,03 00 03 00 02 2F 10 3D,03000300,0.000000
1348,0,0x110,STD,8,2026-01-28T18:41:26.743761,03 00 03 00 4F 06 90 48,03000300,0.000000
1349,0,0x10F,STD,8,2026-01-28T18:41:26.800774,03 00 03 00 B8 F8 2D 3D,03000300,0.000000
1350,0,0x110,STD,8,2026-01-28T18:41:26.824780,03 00 03 00 EA 11 E6 48,03000300,0.000000
1351,0,0x10F,STD,8,2026-01-28T18:41:26.881793,03 00 03 00 2E 9B EA 3C,03000300,0.000000
1352,0,0x110,STD,8,2026-01-28T18:41:26.905798,03 00 03 00 4E 7C 16 49,03000300,0.000000
1353,0,0x10F,STD,8,2026-01-28T18:41:26.962811,03 00 03 00 71 3F 45 3D,03000300,0.000000
1354,0,0x110,STD,8,2026-01-28T18:41:26.986816,03 00 03 00 EF 80 88 48,03000300,0.000000
1355,0,0x10F,STD,8,2026-01-28T18:41:27.032826,03 00 03 00 7A 55 1D 3D,03000300,0.000000
1356,0,0x110,STD,8,2026-01-28T18:41:27.067835,03 00 03 00 5D 37 B7 48,03000300,0.000000
1357,0,0x110,STD,8,2026-01-28T18:41:27.067835,03 00 01 00 00 00 00 00,03000100,0.000000
1358,0,0x110,STD,8,2026-01-28T18:41:27.067835,03 00 01 00 00 00 00 00,03000100,0.000000
1359,0,0x10F,STD,8,2026-01-28T18:41:27.067835,03 00 02 00 E5 91 3A 41,03000200,0.000000
1360,0,0x110,STD,8,2026-01-28T18:41:27.067835,03 00 02 00 E5 91 3A 41,03000200,0.000000
1361,0,0x10F,STD,8,2026-01-28T18:41:27.113844,03 00 03 00 B4 96 36 3D,03000300,0.000000
1362,0,0x110,STD,8,2026-01-28T18:41:27.137352,03 00 03 00 66 F1 57 48,03000300,0.000000
1363,0,0x10F,STD,8,2026-01-28T18:41:27.194100,03 00 03 00 4D F4 6A 3D,03000300,0.000000
1364,0,0x110,STD,8,2026-01-28T18:41:27.218105,03 00 03 00 32 A1 12 48,03000300,0.000000
1365,0,0x10F,STD,8,2026-01-28T18:41:27.275118,03 00 03 00 82 95 1A 3D,03000300,0.000000
1366,0,0x110,STD,8,2026-01-28T18:41:27.299124,03 00 03 00 D8 10 48 48,03000300,0.000000
1367,0,0x10F,STD,8,2026-01-28T18:41:27.355177,03 00 03 00 DB B9 8A 3D,03000300,0.000000
1368,0,0x110,STD,8,2026-01-28T18:41:27.378979,03 00 03 00 80 FB F1 47,03000300,0.000000
1369,0,0x10F,STD,8,2026-01-28T18:41:27.435992,03 00 03 00 4E 04 27 3D,03000300,0.000000
1370,0,0x110,STD,8,2026-01-28T18:41:27.459998,03 00 03 00 C4 65 0C 48,03000300,0.000000
1371,0,0x10F,STD,8,2026-01-28T18:41:27.516651,03 00 03 00 E6 C6 82 3D,03000300,0.000000
1372,0,0x110,STD,8,2026-01-28T18:41:27.540161,03 00 03 00 E7 D9 C1 48,03000300,0.000000
1373,0,0x10F,STD,8,2026-01-28T18:41:27.597172,03 00 03 00 89 DF 90 3D,03000300,0.000000
1374,0,0x110,STD,8,2026-01-28T18:41:27.621179,03 00 03 00 15 31 97 48,03000300,0.000000
1375,0,0x10F,STD,8,2026-01-28T18:41:27.678191,03 00 03 00 77 20 40 3D,03000300,0.000000
1376,0,0x110,STD,8,2026-01-28T18:41:27.702196,03 00 03 00 32 ED 0E 48,03000300,0.000000
1377,0,0x10F,STD,8,2026-01-28T18:41:27.759209,03 00 03 00 1F 5A 9A 3D,03000300,0.000000
1378,0,0x110,STD,8,2026-01-28T18:41:27.782479,03 00 03 00 79 62 96 48,03000300,0.000000
1379,0,0x10F,STD,8,2026-01-28T18:41:27.839491,03 00 03 00 F0 E1 54 3D,03000300,0.000000
1380,0,0x110,STD,8,2026-01-28T18:41:27.863497,03 00 03 00 8A 8E 83 48,03000300,0.000000
1381,0,0x10F,STD,8,2026-01-28T18:41:27.908959,03 00 03 00 71 FF 7C 3D,03000300,0.000000
1382,0,0x110,STD,8,2026-01-28T18:41:27.932964,03 00 03 00 A2 95 39 48,03000300,0.000000
1383,0,0x10F,STD,8,2026-01-28T18:41:27.989977,03 00 03 00 03 8E 76 3D,03000300,0.000000
1384,0,0x110,STD,8,2026-01-28T18:41:28.013983,03 00 03 00 FD B7 FF 47,03000300,0.000000
1385,0,0x10F,STD,8,2026-01-28T18:41:28.070995,03 00 03 00 62 6E 5C 3D,03000300,0.000000
1386,0,0x110,STD,8,2026-01-28T18:41:28.095001,03 00 03 00 C8 0C 83 47,03000300,0.000000
1387,0,0x10F,STD,8,2026-01-28T18:41:28.107508,03 00 01 00 00 00 00 00,03000100,0.000000
1388,0,0x10F,STD,8,2026-01-28T18:41:28.107508,03 00 01 00 00 00 00 00,03000100,0.000000
1389,0,0x110,STD,8,2026-01-28T18:41:28.109508,03 00 01 00 00 00 00 00,03000100,0.000000
1390,0,0x10F,STD,8,2026-01-28T18:41:28.109508,03 00 02 00 67 E2 35 41,03000200,0.000000
1391,0,0x10F,STD,8,2026-01-28T18:41:28.155062,03 00 03 00 D9 8F 49 3D,03000300,0.000000
1392,0,0x110,STD,8,2026-01-28T18:41:28.179068,03 00 03 00 89 BB 40 48,03000300,0.000000
1393,0,0x10F,STD,8,2026-01-28T18:41:28.235609,03 00 03 00 D6 C5 5B 3D,03000300,0.000000
1394,0,0x110,STD,8,2026-01-28T18:41:28.259614,03 00 03 00 1F 09 CA 47,03000300,0.000000
1395,0,0x10F,STD,8,2026-01-28T18:41:28.316063,03 00 03 00 3A 0F 59 3D,03000300,0.000000
1396,0,0x110,STD,8,2026-01-28T18:41:28.340069,03 00 03 00 C8 1C C9 47,03000300,0.000000
1397,0,0x10F,STD,8,2026-01-28T18:41:28.397081,03 00 03 00 F7 7C 31 3D,03000300,0.000000
1398,0,0x110,STD,8,2026-01-28T18:41:28.421087,03 00 03 00 A3 FE FB 47,03000300,0.000000
1399,0,0x10F,STD,8,2026-01-28T18:41:28.467097,03 00 03 00 CA AD 94 3D,03000300,0.000000
1400,0,0x110,STD,8,2026-01-28T18:41:28.491102,03 00 03 00 D1 18 56 48,03000300,0.000000
1401,0,0x10F,STD,8,2026-01-28T18:41:28.548115,03 00 03 00 1A B9 84 3D,03000300,0.000000
1402,0,0x110,STD,8,2026-01-28T18:41:28.572121,03 00 03 00 44 33 C2 47,03000300,0.000000
1403,0,0x10F,STD,8,2026-01-28T18:41:28.628582,03 00 03 00 43 A7 AD 3D,03000300,0.000000
1404,0,0x110,STD,8,2026-01-28T18:41:28.652588,03 00 03 00 47 A1 05 48,03000300,0.000000
1405,0,0x10F,STD,8,2026-01-28T18:41:28.709453,03 00 03 00 A4 23 9F 3D,03000300,0.000000
1406,0,0x110,STD,8,2026-01-28T18:41:28.733458,03 00 03 00 0C 4B AF 47,03000300,0.000000
1407,0,0x10F,STD,8,2026-01-28T18:41:28.790043,03 00 03 00 DE C8 7B 3D,03000300,0.000000
1408,0,0x110,STD,8,2026-01-28T18:41:28.814048,03 00 03 00 3A 54 60 48,03000300,0.000000
1409,0,0x10F,STD,8,2026-01-28T18:41:28.870105,03 00 03 00 32 D4 96 3D,03000300,0.000000
1410,0,0x110,STD,8,2026-01-28T18:41:28.894111,03 00 03 00 D9 D5 9C 48,03000300,0.000000
1411,0,0x10F,STD,8,2026-01-28T18:41:28.951123,03 00 03 00 CE A6 43 3D,03000300,0.000000
1412,0,0x110,STD,8,2026-01-28T18:41:28.975129,03 00 03 00 C4 D6 64 48,03000300,0.000000
1413,0,0x10F,STD,8,2026-01-28T18:41:29.032050,03 00 03 00 D5 07 8A 3D,03000300,0.000000
1414,0,0x110,STD,8,2026-01-28T18:41:29.056055,03 00 03 00 9D 94 80 48,03000300,0.000000
1415,0,0x10F,STD,8,2026-01-28T18:41:29.112612,03 00 03 00 4C E5 53 3D,03000300,0.000000
1416,0,0x110,STD,8,2026-01-28T18:41:29.136619,03 00 03 00 7B 22 12 48,03000300,0.000000
1417,0,0x110,STD,8,2026-01-28T18:41:29.171627,03 00 02 00 67 E2 35 41,03000200,0.000000
1418,0,0x10F,STD,8,2026-01-28T18:41:29.171627,03 00 02 00 AB DF 3B 41,03000200,0.000000
1419,0,0x110,STD,8,2026-01-28T18:41:29.171627,03 00 02 00 AB DF 3B 41,03000200,0.000000
1420,0,0x10F,STD,8,2026-01-28T18:41:29.171627,03 00 01 00 00 00 00 00,03000100,0.000000
1421,0,0x10F,STD,8,2026-01-28T18:41:29.184629,03 00 03 00 91 76 87 3D,03000300,0.000000
1422,0,0x110,STD,8,2026-01-28T18:41:29.208635,03 00 03 00 EC FD 61 48,03000300,0.000000
1423,0,0x10F,STD,8,2026-01-28T18:41:29.265647,03 00 03 00 05 9F 6E 3D,03000300,0.000000
1424,0,0x110,STD,8,2026-01-28T18:41:29.289653,03 00 03 00 1D 40 87 48,03000300,0.000000
1425,0,0x10F,STD,8,2026-01-28T18:41:29.346666,03 00 03 00 2F 9A 6F 3D,03000300,0.000000
1426,0,0x110,STD,8,2026-01-28T18:41:29.370671,03 00 03 00 B1 BA DF 48,03000300,0.000000
1427,0,0x10F,STD,8,2026-01-28T18:41:29.427684,03 00 03 00 94 26 9D 3D,03000300,0.000000
1428,0,0x110,STD,8,2026-01-28T18:41:29.449604,03 00 03 00 8C 94 E1 48,03000300,0.000000
1429,0,0x10F,STD,8,2026-01-28T18:41:29.506432,03 00 03 00 95 A7 3A 3D,03000300,0.000000
1430,0,0x110,STD,8,2026-01-28T18:41:29.529786,03 00 03 00 39 DF 42 48,03000300,0.000000
1431,0,0x10F,STD,8,2026-01-28T18:41:29.586799,03 00 03 00 D5 4E 91 3D,03000300,0.000000
1432,0,0x110,STD,8,2026-01-28T18:41:29.610038,03 00 03 00 8C 2C 90 48,03000300,0.000000
1433,0,0x10F,STD,8,2026-01-28T18:41:29.667051,03 00 03 00 7F A3 20 3D,03000300,0.000000
1434,0,0x110,STD,8,2026-01-28T18:41:29.691056,03 00 03 00 07 B7 A8 48,03000300,0.000000
1435,0,0x10F,STD,8,2026-01-28T18:41:29.748069,03 00 03 00 93 DF 88 3D,03000300,0.000000
1436,0,0x110,STD,8,2026-01-28T18:41:29.772074,03 00 03 00 3D 5B 8B 48,03000300,0.000000
1437,0,0x10F,STD,8,2026-01-28T18:41:29.829087,03 00 03 00 02 B9 2C 3D,03000300,0.000000
1438,0,0x110,STD,8,2026-01-28T18:41:29.853092,03 00 03 00 D8 2D 14 49,03000300,0.000000
1439,0,0x10F,STD,8,2026-01-28T18:41:29.910106,03 00 03 00 B1 2C 15 3D,03000300,0.000000
1440,0,0x110,STD,8,2026-01-28T18:41:29.934110,03 00 03 00 6E 39 B5 48,03000300,0.000000
1441,0,0x10F,STD,8,2026-01-28T18:41:29.991124,03 00 03 00 C4 BA 66 3D,03000300,0.000000
1442,0,0x110,STD,8,2026-01-28T18:41:30.015129,03 00 03 00 49 01 87 48,03000300,0.000000
1443,0,0x10F,STD,8,2026-01-28T18:41:30.061140,03 00 03 00 05 63 3D 3D,03000300,0.000000
1444,0,0x110,STD,8,2026-01-28T18:41:30.085145,03 00 03 00 5B ED 94 48,03000300,0.000000
1445,0,0x10F,STD,8,2026-01-28T18:41:30.142158,03 00 03 00 F5 61 90 3D,03000300,0.000000
1446,0,0x110,STD,8,2026-01-28T18:41:30.166163,03 00 03 00 DE D5 C8 47,03000300,0.000000
1447,0,0x110,STD,8,2026-01-28T18:41:30.201171,03 00 01 00 00 00 00 00,03000100,0.000000
1448,0,0x10F,STD,8,2026-01-28T18:41:30.203172,03 00 02 00 81 FE 3C 41,03000200,0.000000
1449,0,0x110,STD,8,2026-01-28T18:41:30.203172,03 00 02 00 81 FE 3C 41,03000200,0.000000
1450,0,0x10F,STD,8,2026-01-28T18:41:30.203172,03 00 01 00 00 00 00 00,03000100,0.000000
1451,0,0x10F,STD,8,2026-01-28T18:41:30.227177,03 00 03 00 A8 3B 7E 3D,03000300,0.000000
1452,0,0x110,STD,8,2026-01-28T18:41:30.251182,03 00 03 00 83 BB CC 47,03000300,0.000000
1453,0,0x10F,STD,8,2026-01-28T18:41:30.308195,03 00 03 00 FE EB 93 3D,03000300,0.000000
1454,0,0x110,STD,8,2026-01-28T18:41:30.332201,03 00 03 00 71 57 0F 48,03000300,0.000000
1455,0,0x10F,STD,8,2026-01-28T18:41:30.389749,03 00 03 00 9A 00 96 3D,03000300,0.000000
1456,0,0x110,STD,8,2026-01-28T18:41:30.413754,03 00 03 00 80 9F 2D 48,03000300,0.000000
1457,0,0x10F,STD,8,2026-01-28T18:41:30.468998,03 00 03 00 94 48 A0 3D,03000300,0.000000
1458,0,0x110,STD,8,2026-01-28T18:41:30.493004,03 00 03 00 55 13 C6 47,03000300,0.000000
1459,0,0x10F,STD,8,2026-01-28T18:41:30.549596,03 00 03 00 E8 6B A5 3D,03000300,0.000000
1460,0,0x110,STD,8,2026-01-28T18:41:30.573602,03 00 03 00 DE EC AD 48,03000300,0.000000
1461,0,0x10F,STD,8,2026-01-28T18:41:30.619612,03 00 03 00 27 DD 8B 3D,03000300,0.000000
1462,0,0x110,STD,8,2026-01-28T18:41:30.643617,03 00 03 00 34 BC 56 48,03000300,0.000000
1463,0,0x10F,STD,8,2026-01-28T18:41:30.700630,03 00 03 00 CD 1A 97 3D,03000300,0.000000
1464,0,0x110,STD,8,2026-01-28T18:41:30.724533,03 00 03 00 18 D2 DF 47,03000300,0.000000
1465,0,0x10F,STD,8,2026-01-28T18:41:30.780403,03 00 03 00 D4 07 5F 3D,03000300,0.000000
1466,0,0x110,STD,8,2026-01-28T18:41:30.803912,03 00 03 00 5C CE 4F 48,03000300,0.000000
1467,0,0x10F,STD,8,2026-01-28T18:41:30.860925,03 00 03 00 97 39 6A 3D,03000300,0.000000
1468,0,0x110,STD,8,2026-01-28T18:41:30.884931,03 00 03 00 12 C1 CF 47,03000300,0.000000
1469,0,0x10F,STD,8,2026-01-28T18:41:30.941381,03 00 03 00 B1 87 2D 3D,03000300,0.000000
1470,0,0x110,STD,8,2026-01-28T18:41:30.965386,03 00 03 00 00 42 82 48,03000300,0.000000
1471,0,0x10F,STD,8,2026-01-28T18:41:31.022390,03 00 03 00 F1 56 27 3D,03000300,0.000000
1472,0,0x110,STD,8,2026-01-28T18:41:31.046395,03 00 03 00 C6 F7 11 48,03000300,0.000000
1473,0,0x10F,STD,8,2026-01-28T18:41:31.103029,03 00 03 00 D5 7E 4D 3D,03000300,0.000000
1474,0,0x110,STD,8,2026-01-28T18:41:31.127035,03 00 03 00 D0 DF A2 48,03000300,0.000000
1475,0,0x10F,STD,8,2026-01-28T18:41:31.184048,03 00 03 00 E9 53 19 3D,03000300,0.000000
1476,0,0x110,STD,8,2026-01-28T18:41:31.208053,03 00 03 00 0B CF F7 48,03000300,0.000000
1477,0,0x110,STD,8,2026-01-28T18:41:31.264607,03 00 01 00 00 00 00 00,03000100,0.000000
1478,0,0x10F,STD,8,2026-01-28T18:41:31.264607,03 00 02 00 81 FE 3C 41,03000200,0.000000
1479,0,0x10F,STD,8,2026-01-28T18:41:31.264607,03 00 02 00 81 FE 3C 41,03000200,0.000000
1480,0,0x110,STD,8,2026-01-28T18:41:31.264607,03 00 02 00 81 FE 3C 41,03000200,0.000000
1481,0,0x10F,STD,8,2026-01-28T18:41:31.264607,03 00 01 00 00 00 00 00,03000100,0.000000
1482,0,0x110,STD,8,2026-01-28T18:41:31.288612,03 00 03 00 54 68 69 48,03000300,0.000000
1483,0,0x10F,STD,8,2026-01-28T18:41:31.345625,03 00 03 00 F7 6F D6 3C,03000300,0.000000
1484,0,0x110,STD,8,2026-01-28T18:41:31.369630,03 00 03 00 E8 C0 AF 48,03000300,0.000000
1485,0,0x10F,STD,8,2026-01-28T18:41:31.425969,03 00 03 00 58 9E 14 3D,03000300,0.000000
1486,0,0x110,STD,8,2026-01-28T18:41:31.449975,03 00 03 00 2C BD 7A 48,03000300,0.000000
1487,0,0x10F,STD,8,2026-01-28T18:41:31.495985,03 00 03 00 CD 0A 03 3D,03000300,0.000000
1488,0,0x110,STD,8,2026-01-28T18:41:31.519990,03 00 03 00 B4 17 88 47,03000300,0.000000
1489,0,0x10F,STD,8,2026-01-28T18:41:31.577004,03 00 03 00 02 2E D8 3C,03000300,0.000000
1490,0,0x110,STD,8,2026-01-28T18:41:31.611468,03 00 03 00 70 92 14 48,03000300,0.000000
1491,0,0x10F,STD,8,2026-01-28T18:41:31.657478,03 00 03 00 B5 3C 38 3D,03000300,0.000000
1492,0,0x110,STD,8,2026-01-28T18:41:31.681080,03 00 03 00 AF 84 8C 48,03000300,0.000000
1493,0,0x10F,STD,8,2026-01-28T18:41:31.738093,03 00 03 00 30 86 88 3C,03000300,0.000000
1494,0,0x110,STD,8,2026-01-28T18:41:31.762099,03 00 03 00 37 1B 2B 48,03000300,0.000000
1495,0,0x10F,STD,8,2026-01-28T18:41:31.818673,03 00 03 00 73 DB 20 3D,03000300,0.000000
1496,0,0x110,STD,8,2026-01-28T18:41:31.842679,03 00 03 00 91 EC CF 47,03000300,0.000000
1497,0,0x10F,STD,8,2026-01-28T18:41:31.899691,03 00 03 00 1F 39 2B 3D,03000300,0.000000
1498,0,0x110,STD,8,2026-01-28T18:41:31.923697,03 00 03 00 FF C5 D3 47,03000300,0.000000
1499,0,0x10F,STD,8,2026-01-28T18:41:31.980710,03 00 03 00 78 93 1E 3D,03000300,0.000000
1500,0,0x110,STD,8,2026-01-28T18:41:32.004715,03 00 03 00 E7 45 A2 47,03000300,0.000000
1501,0,0x10F,STD,8,2026-01-28T18:41:32.061728,03 00 03 00 F9 51 29 3D,03000300,0.000000
1502,0,0x110,STD,8,2026-01-28T18:41:32.085733,03 00 03 00 ED 90 3B 48,03000300,0.000000
1503,0,0x10F,STD,8,2026-01-28T18:41:32.142746,03 00 03 00 DB A0 11 3D,03000300,0.000000
1504,0,0x110,STD,8,2026-01-28T18:41:32.166751,03 00 03 00 BE D8 A3 48,03000300,0.000000
1505,0,0x10F,STD,8,2026-01-28T18:41:32.223764,03 00 03 00 3F 89 60 3D,03000300,0.000000
1506,0,0x110,STD,8,2026-01-28T18:41:32.236767,03 00 03 00 FF 57 0B 48,03000300,0.000000
1507,0,0x10F,STD,8,2026-01-28T18:41:32.293780,03 00 03 00 90 7F 37 3D,03000300,0.000000
1508,0,0x110,STD,8,2026-01-28T18:41:32.306339,03 00 01 00 00 00 00 00,03000100,0.000000
1509,0,0x10F,STD,8,2026-01-28T18:41:32.306339,03 00 02 00 A2 33 4C 41,03000200,0.000000
1510,0,0x10F,STD,8,2026-01-28T18:41:32.308339,03 00 01 00 00 00 00 00,03000100,0.000000
1511,0,0x110,STD,8,2026-01-28T18:41:32.308339,03 00 02 00 A2 33 4C 41,03000200,0.000000
1512,0,0x110,STD,8,2026-01-28T18:41:32.321342,03 00 03 00 41 51 D7 47,03000300,0.000000
1513,0,0x10F,STD,8,2026-01-28T18:41:32.378355,03 00 03 00 B1 F7 8C 3D,03000300,0.000000
1514,0,0x110,STD,8,2026-01-28T18:41:32.402360,03 00 03 00 AC 93 3F 48,03000300,0.000000
1515,0,0x10F,STD,8,2026-01-28T18:41:32.458507,03 00 03 00 A4 02 87 3D,03000300,0.000000
1516,0,0x110,STD,8,2026-01-28T18:41:32.482512,03 00 03 00 CA B2 FE 47,03000300,0.000000
1517,0,0x10F,STD,8,2026-01-28T18:41:32.539525,03 00 03 00 06 75 8A 3D,03000300,0.000000
1518,0,0x110,STD,8,2026-01-28T18:41:32.563530,03 00 03 00 29 48 97 48,03000300,0.000000
1519,0,0x10F,STD,8,2026-01-28T18:41:32.620543,03 00 03 00 71 DA 88 3D,03000300,0.000000
1520,0,0x110,STD,8,2026-01-28T18:41:32.644548,03 00 03 00 2B A3 91 48,03000300,0.000000
1521,0,0x10F,STD,8,2026-01-28T18:41:32.701521,03 00 03 00 17 FF 48 3D,03000300,0.000000
1522,0,0x110,STD,8,2026-01-28T18:41:32.725526,03 00 03 00 E7 34 7C 48,03000300,0.000000
1523,0,0x10F,STD,8,2026-01-28T18:41:32.771537,03 00 03 00 C8 F7 6E 3D,03000300,0.000000
1524,0,0x110,STD,8,2026-01-28T18:41:32.795542,03 00 03 00 4B AD C3 48,03000300,0.000000
1525,0,0x10F,STD,8,2026-01-28T18:41:32.852555,03 00 03 00 4C 2B 01 3D,03000300,0.000000
1526,0,0x110,STD,8,2026-01-28T18:41:32.876560,03 00 03 00 50 0F 92 48,03000300,0.000000
1527,0,0x10F,STD,8,2026-01-28T18:41:32.933573,03 00 03 00 03 DF 48 3D,03000300,0.000000
1528,0,0x110,STD,8,2026-01-28T18:41:32.957500,03 00 03 00 37 53 01 48,03000300,0.000000
1529,0,0x10F,STD,8,2026-01-28T18:41:33.014066,03 00 03 00 69 21 3D 3D,03000300,0.000000
1530,0,0x110,STD,8,2026-01-28T18:41:33.038071,03 00 03 00 F2 9E 8C 48,03000300,0.000000
1531,0,0x10F,STD,8,2026-01-28T18:41:33.095084,03 00 03 00 0B 7A 35 3D,03000300,0.000000
1532,0,0x110,STD,8,2026-01-28T18:41:33.119089,03 00 03 00 40 3D 9A 48,03000300,0.000000
1533,0,0x10F,STD,8,2026-01-28T18:41:33.176103,03 00 03 00 E1 5A 37 3D,03000300,0.000000
1534,0,0x110,STD,8,2026-01-28T18:41:33.200108,03 00 03 00 B1 9E 19 48,03000300,0.000000
1535,0,0x10F,STD,8,2026-01-28T18:41:33.256910,03 00 03 00 9C C9 20 3D,03000300,0.000000
1536,0,0x110,STD,8,2026-01-28T18:41:33.280916,03 00 03 00 9F 92 BC 48,03000300,0.000000
1537,0,0x10F,STD,8,2026-01-28T18:41:33.337492,03 00 03 00 94 C6 89 3D,03000300,0.000000
1538,0,0x110,STD,8,2026-01-28T18:41:33.361497,03 00 03 00 34 8E A2 48,03000300,0.000000
1539,0,0x110,STD,8,2026-01-28T18:41:33.361497,03 00 01 00 00 00 00 00,03000100,0.000000
1540,0,0x110,STD,8,2026-01-28T18:41:33.361497,03 00 02 00 A2 33 4C 41,03000200,0.000000
1541,0,0x10F,STD,8,2026-01-28T18:41:33.361497,03 00 01 00 00 00 00 00,03000100,0.000000
1542,0,0x110,STD,8,2026-01-28T18:41:33.361497,03 00 01 00 00 00 00 00,03000100,0.000000
1543,0,0x10F,STD,8,2026-01-28T18:41:33.418510,03 00 03 00 96 7F 5F 3D,03000300,0.000000
1544,0,0x110,STD,8,2026-01-28T18:41:33.442515,03 00 03 00 5E B6 5A 48,03000300,0.000000
1545,0,0x10F,STD,8,2026-01-28T18:41:33.497510,03 00 03 00 48 50 86 3D,03000300,0.000000
1546,0,0x110,STD,8,2026-01-28T18:41:33.520640,03 00 03 00 B7 A6 94 48,03000300,0.000000
1547,0,0x10F,STD,8,2026-01-28T18:41:33.577653,03 00 03 00 A8 D9 70 3D,03000300,0.000000
1548,0,0x110,STD,8,2026-01-28T18:41:33.601659,03 00 03 00 86 DA 89 48,03000300,0.000000
1549,0,0x10F,STD,8,2026-01-28T18:41:33.658671,03 00 03 00 D1 16 23 3D,03000300,0.000000
1550,0,0x110,STD,8,2026-01-28T18:41:33.671674,03 00 03 00 91 C9 24 48,03000300,0.000000
1551,0,0x10F,STD,8,2026-01-28T18:41:33.728687,03 00 03 00 2D FC 6E 3D,03000300,0.000000
1552,0,0x110,STD,8,2026-01-28T18:41:33.752693,03 00 03 00 C0 B1 0D 48,03000300,0.000000
1553,0,0x10F,STD,8,2026-01-28T18:41:33.808893,03 00 03 00 9B 12 EF 3C,03000300,0.000000
1554,0,0x110,STD,8,2026-01-28T18:41:33.832898,03 00 03 00 05 D2 EE 47,03000300,0.000000
1555,0,0x10F,STD,8,2026-01-28T18:41:33.889911,03 00 03 00 2D 07 6B 3D,03000300,0.000000
1556,0,0x110,STD,8,2026-01-28T18:41:33.913917,03 00 03 00 EE A8 91 48,03000300,0.000000
1557,0,0x10F,STD,8,2026-01-28T18:41:33.970481,03 00 03 00 F0 A5 19 3D,03000300,0.000000
1558,0,0x110,STD,8,2026-01-28T18:41:33.994486,03 00 03 00 E8 43 D0 47,03000300,0.000000
1559,0,0x10F,STD,8,2026-01-28T18:41:34.051499,03 00 03 00 C9 AC 07 3D,03000300,0.000000
1560,0,0x110,STD,8,2026-01-28T18:41:34.075504,03 00 03 00 20 18 71 48,03000300,0.000000
1561,0,0x10F,STD,8,2026-01-28T18:41:34.131396,03 00 03 00 65 94 78 3D,03000300,0.000000
1562,0,0x110,STD,8,2026-01-28T18:41:34.155400,03 00 03 00 B5 F4 67 48,03000300,0.000000
1563,0,0x10F,STD,8,2026-01-28T18:41:34.211470,03 00 03 00 1A 52 15 3D,03000300,0.000000
1564,0,0x110,STD,8,2026-01-28T18:41:34.235475,03 00 03 00 51 89 FB 47,03000300,0.000000
1565,0,0x10F,STD,8,2026-01-28T18:41:34.292489,03 00 03 00 9C 7B 6E 3D,03000300,0.000000
1566,0,0x110,STD,8,2026-01-28T18:41:34.316062,03 00 03 00 83 C5 80 48,03000300,0.000000
1567,0,0x10F,STD,8,2026-01-28T18:41:34.373076,03 00 03 00 F5 D2 53 3D,03000300,0.000000
1568,0,0x110,STD,8,2026-01-28T18:41:34.397081,03 00 03 00 C3 A3 4E 48,03000300,0.000000
1569,0,0x10F,STD,8,2026-01-28T18:41:34.410084,03 00 02 00 A2 33 4C 41,03000200,0.000000
1570,0,0x10F,STD,8,2026-01-28T18:41:34.410084,03 00 01 00 00 00 00 00,03000100,0.000000
1571,0,0x110,STD,8,2026-01-28T18:41:34.410084,03 00 02 00 CC E5 39 41,03000200,0.000000
1572,0,0x110,STD,8,2026-01-28T18:41:34.410084,03 00 01 00 00 00 00 00,03000100,0.000000
1573,0,0x10F,STD,8,2026-01-28T18:41:34.445092,03 00 03 00 02 0A 55 3D,03000300,0.000000
1574,0,0x110,STD,8,2026-01-28T18:41:34.480099,03 00 03 00 EB 51 20 48,03000300,0.000000
1575,0,0x10F,STD,8,2026-01-28T18:41:34.526110,03 00 03 00 A7 19 89 3D,03000300,0.000000
1576,0,0x110,STD,8,2026-01-28T18:41:34.550115,03 00 03 00 79 5F 7F 48,03000300,0.000000
1577,0,0x10F,STD,8,2026-01-28T18:41:34.607128,03 00 03 00 31 6D 78 3D,03000300,0.000000
1578,0,0x110,STD,8,2026-01-28T18:41:34.631133,03 00 03 00 CA 63 1F 48,03000300,0.000000
1579,0,0x10F,STD,8,2026-01-28T18:41:34.688146,03 00 03 00 94 7A 89 3D,03000300,0.000000
1580,0,0x110,STD,8,2026-01-28T18:41:34.712447,03 00 03 00 40 34 BD 48,03000300,0.000000
1581,0,0x10F,STD,8,2026-01-28T18:41:34.768963,03 00 03 00 65 D8 6E 3D,03000300,0.000000
1582,0,0x110,STD,8,2026-01-28T18:41:34.792968,03 00 03 00 65 F4 23 48,03000300,0.000000
1583,0,0x10F,STD,8,2026-01-28T18:41:34.849870,03 00 03 00 D5 A3 7E 3D,03000300,0.000000
1584,0,0x110,STD,8,2026-01-28T18:41:34.873875,03 00 03 00 68 FF 8C 48,03000300,0.000000
1585,0,0x10F,STD,8,2026-01-28T18:41:34.930888,03 00 03 00 F4 1E 34 3D,03000300,0.000000
1586,0,0x110,STD,8,2026-01-28T18:41:34.954894,03 00 03 00 AA 44 8A 48,03000300,0.000000
1587,0,0x10F,STD,8,2026-01-28T18:41:35.011906,03 00 03 00 00 F7 66 3D,03000300,0.000000
1588,0,0x110,STD,8,2026-01-28T18:41:35.035912,03 00 03 00 02 8D B6 48,03000300,0.000000
1589,0,0x10F,STD,8,2026-01-28T18:41:35.092925,03 00 03 00 DC 82 64 3D,03000300,0.000000
1590,0,0x110,STD,8,2026-01-28T18:41:35.116930,03 00 03 00 62 6B C3 48,03000300,0.000000
1591,0,0x10F,STD,8,2026-01-28T18:41:35.162940,03 00 03 00 3C 7E 29 3D,03000300,0.000000
1592,0,0x110,STD,8,2026-01-28T18:41:35.186946,03 00 03 00 CC 1E 94 48,03000300,0.000000
1593,0,0x10F,STD,8,2026-01-28T18:41:35.243959,03 00 03 00 C3 FC 8D 3D,03000300,0.000000
1594,0,0x110,STD,8,2026-01-28T18:41:35.267964,03 00 03 00 0F B5 8F 48,03000300,0.000000
1595,0,0x10F,STD,8,2026-01-28T18:41:35.324977,03 00 03 00 17 DC 27 3D,03000300,0.000000
1596,0,0x110,STD,8,2026-01-28T18:41:35.348982,03 00 03 00 83 A0 1D 48,03000300,0.000000
1597,0,0x10F,STD,8,2026-01-28T18:41:35.405995,03 00 03 00 04 9B 53 3D,03000300,0.000000
1598,0,0x110,STD,8,2026-01-28T18:41:35.430001,03 00 03 00 C8 44 42 48,03000300,0.000000
1599,0,0x10F,STD,8,2026-01-28T18:41:35.454006,03 00 02 00 CC E5 39 41,03000200,0.000000
1600,0,0x110,STD,8,2026-01-28T18:41:35.454006,03 00 01 00 00 00 00 00,03000100,0.000000
1601,0,0x10F,STD,8,2026-01-28T18:41:35.454006,03 00 02 00 92 21 2F 41,03000200,0.000000
1602,0,0x110,STD,8,2026-01-28T18:41:35.454006,03 00 02 00 92 21 2F 41,03000200,0.000000
1603,0,0x10F,STD,8,2026-01-28T18:41:35.489014,03 00 03 00 E3 71 84 3D,03000300,0.000000
1604,0,0x110,STD,8,2026-01-28T18:41:35.513019,03 00 03 00 73 81 23 48,03000300,0.000000
1605,0,0x10F,STD,8,2026-01-28T18:41:35.570032,03 00 03 00 E6 58 47 3D,03000300,0.000000
1606,0,0x110,STD,8,2026-01-28T18:41:35.594038,03 00 03 00 96 AF 37 48,03000300,0.000000
1607,0,0x10F,STD,8,2026-01-28T18:41:35.650234,03 00 03 00 07 83 A2 3D,03000300,0.000000
1608,0,0x110,STD,8,2026-01-28T18:41:35.674240,03 00 03 00 12 36 AD 48,03000300,0.000000
1609,0,0x10F,STD,8,2026-01-28T18:41:35.730416,03 00 03 00 99 55 56 3D,03000300,0.000000
1610,0,0x110,STD,8,2026-01-28T18:41:35.754418,03 00 03 00 1A 9C 10 48,03000300,0.000000
1611,0,0x10F,STD,8,2026-01-28T18:41:35.800428,03 00 03 00 E2 CC 8D 3D,03000300,0.000000
1612,0,0x110,STD,8,2026-01-28T18:41:35.824433,03 00 03 00 54 A1 A7 48,03000300,0.000000
1613,0,0x10F,STD,8,2026-01-28T18:41:35.881446,03 00 03 00 14 D9 80 3D,03000300,0.000000
1614,0,0x110,STD,8,2026-01-28T18:41:35.905020,03 00 03 00 3F 73 B4 48,03000300,0.000000
1615,0,0x10F,STD,8,2026-01-28T18:41:35.962033,03 00 03 00 68 01 86 3D,03000300,0.000000
1616,0,0x110,STD,8,2026-01-28T18:41:35.986038,03 00 03 00 6C 44 36 48,03000300,0.000000
1617,0,0x10F,STD,8,2026-01-28T18:41:36.042426,03 00 03 00 FF 78 75 3D,03000300,0.000000
1618,0,0x110,STD,8,2026-01-28T18:41:36.066432,03 00 03 00 0F 8E C4 48,03000300,0.000000
1619,0,0x10F,STD,8,2026-01-28T18:41:36.123444,03 00 03 00 BE AF 5E 3D,03000300,0.000000
1620,0,0x110,STD,8,2026-01-28T18:41:36.146952,03 00 03 00 3E 12 4A 48,03000300,0.000000
1621,0,0x10F,STD,8,2026-01-28T18:41:36.203966,03 00 03 00 D0 81 80 3D,03000300,0.000000
1622,0,0x110,STD,8,2026-01-28T18:41:36.227971,03 00 03 00 1C 33 9D 48,03000300,0.000000
1623,0,0x10F,STD,8,2026-01-28T18:41:36.284984,03 00 03 00 9D B8 32 3D,03000300,0.000000
1624,0,0x110,STD,8,2026-01-28T18:41:36.308989,03 00 03 00 F2 AB 28 48,03000300,0.000000
1625,0,0x10F,STD,8,2026-01-28T18:41:36.366002,03 00 03 00 AC C9 80 3D,03000300,0.000000
1626,0,0x110,STD,8,2026-01-28T18:41:36.390007,03 00 03 00 6C 39 52 48,03000300,0.000000
1627,0,0x10F,STD,8,2026-01-28T18:41:36.447020,03 00 03 00 F1 E2 13 3D,03000300,0.000000
1628,0,0x110,STD,8,2026-01-28T18:41:36.471025,03 00 03 00 4F 8E 9E 48,03000300,0.000000
1629,0,0x10F,STD,8,2026-01-28T18:41:36.495031,03 00 01 00 00 00 00 00,03000100,0.000000
1630,0,0x110,STD,8,2026-01-28T18:41:36.495031,03 00 02 00 8D 57 2B 41,03000200,0.000000
1631,0,0x10F,STD,8,2026-01-28T18:41:36.495031,03 00 01 00 00 00 00 00,03000100,0.000000
1632,0,0x110,STD,8,2026-01-28T18:41:36.497031,03 00 01 00 00 00 00 00,03000100,0.000000
1633,0,0x10F,STD,8,2026-01-28T18:41:36.521037,03 00 03 00 52 D9 4F 3D,03000300,0.000000
1634,0,0x110,STD,8,2026-01-28T18:41:36.545042,03 00 03 00 AB BC 04 48,03000300,0.000000
1635,0,0x10F,STD,8,2026-01-28T18:41:36.602055,03 00 03 00 95 8F 3B 3D,03000300,0.000000
1636,0,0x110,STD,8,2026-01-28T18:41:36.625705,03 00 03 00 68 59 30 48,03000300,0.000000
1637,0,0x10F,STD,8,2026-01-28T18:41:36.682717,03 00 03 00 AF 1F 44 3D,03000300,0.000000
1638,0,0x110,STD,8,2026-01-28T18:41:36.706378,03 00 03 00 2A 53 71 48,03000300,0.000000
1639,0,0x10F,STD,8,2026-01-28T18:41:36.762893,03 00 03 00 74 23 93 3D,03000300,0.000000
1640,0,0x110,STD,8,2026-01-28T18:41:36.790899,03 00 03 00 5A 4B 2E 48,03000300,0.000000
1641,0,0x10F,STD,8,2026-01-28T18:41:36.837910,03 00 03 00 1E 6B 44 3D,03000300,0.000000
1642,0,0x110,STD,8,2026-01-28T18:41:36.861915,03 00 03 00 46 DA 76 48,03000300,0.000000
1643,0,0x10F,STD,8,2026-01-28T18:41:36.918929,03 00 03 00 8C 66 86 3D,03000300,0.000000
1644,0,0x110,STD,8,2026-01-28T18:41:36.942935,03 00 03 00 3E A0 8C 48,03000300,0.000000
1645,0,0x10F,STD,8,2026-01-28T18:41:37.000948,03 00 03 00 2B 4C 74 3D,03000300,0.000000
1646,0,0x110,STD,8,2026-01-28T18:41:37.024954,03 00 03 00 2E E3 F4 47,03000300,0.000000
1647,0,0x10F,STD,8,2026-01-28T18:41:37.081966,03 00 03 00 37 DB 63 3D,03000300,0.000000
1648,0,0x110,STD,8,2026-01-28T18:41:37.105972,03 00 03 00 0C 4B 9E 48,03000300,0.000000
1649,0,0x10F,STD,8,2026-01-28T18:41:37.162985,03 00 03 00 1E AF 5C 3D,03000300,0.000000
1650,0,0x110,STD,8,2026-01-28T18:41:37.186990,03 00 03 00 FE A7 1C 48,03000300,0.000000
1651,0,0x10F,STD,8,2026-01-28T18:41:37.244003,03 00 03 00 CC 10 55 3D,03000300,0.000000
1652,0,0x110,STD,8,2026-01-28T18:41:37.267384,03 00 03 00 C5 8A 9A 48,03000300,0.000000
1653,0,0x10F,STD,8,2026-01-28T18:41:37.324398,03 00 03 00 C8 F2 56 3D,03000300,0.000000
1654,0,0x110,STD,8,2026-01-28T18:41:37.348403,03 00 03 00 9D CE A6 48,03000300,0.000000
1655,0,0x10F,STD,8,2026-01-28T18:41:37.405416,03 00 03 00 21 47 1F 3D,03000300,0.000000
1656,0,0x110,STD,8,2026-01-28T18:41:37.418419,03 00 03 00 87 C4 67 48,03000300,0.000000
1657,0,0x10F,STD,8,2026-01-28T18:41:37.475432,03 00 03 00 C5 17 68 3D,03000300,0.000000
1658,0,0x110,STD,8,2026-01-28T18:41:37.498941,03 00 03 00 94 85 80 48,03000300,0.000000
1659,0,0x10F,STD,8,2026-01-28T18:41:37.544951,03 00 02 00 8D 57 2B 41,03000200,0.000000
1660,0,0x10F,STD,8,2026-01-28T18:41:37.546951,03 00 02 00 53 3E 2C 41,03000200,0.000000
1661,0,0x110,STD,8,2026-01-28T18:41:37.546951,03 00 02 00 53 3E 2C 41,03000200,0.000000
1662,0,0x10F,STD,8,2026-01-28T18:41:37.548952,03 00 01 00 00 00 00 00,03000100,0.000000
1663,0,0x10F,STD,8,2026-01-28T18:41:37.561955,03 00 03 00 5E DE E2 3C,03000300,0.000000
1664,0,0x110,STD,8,2026-01-28T18:41:37.585961,03 00 03 00 F2 CE B4 48,03000300,0.000000
1665,0,0x10F,STD,8,2026-01-28T18:41:37.642974,03 00 03 00 99 05 35 3D,03000300,0.000000
1666,0,0x110,STD,8,2026-01-28T18:41:37.666979,03 00 03 00 B9 F4 96 48,03000300,0.000000
1667,0,0x10F,STD,8,2026-01-28T18:41:37.723992,03 00 03 00 CD DA 35 3D,03000300,0.000000
1668,0,0x110,STD,8,2026-01-28T18:41:37.747997,03 00 03 00 FB AF 34 48,03000300,0.000000
1669,0,0x10F,STD,8,2026-01-28T18:41:37.794007,03 00 03 00 5B 95 26 3D,03000300,0.000000
1670,0,0x110,STD,8,2026-01-28T18:41:37.818013,03 00 03 00 42 5D 81 48,03000300,0.000000
1671,0,0x10F,STD,8,2026-01-28T18:41:37.874556,03 00 03 00 64 8B 78 3D,03000300,0.000000
1672,0,0x110,STD,8,2026-01-28T18:41:37.898561,03 00 03 00 87 62 85 48,03000300,0.000000
1673,0,0x10F,STD,8,2026-01-28T18:41:37.956574,03 00 03 00 99 98 03 3D,03000300,0.000000
1674,0,0x110,STD,8,2026-01-28T18:41:37.980580,03 00 03 00 98 D1 9D 48,03000300,0.000000
1675,0,0x10F,STD,8,2026-01-28T18:41:38.037593,03 00 03 00 65 6D 63 3D,03000300,0.000000
1676,0,0x110,STD,8,2026-01-28T18:41:38.061598,03 00 03 00 08 39 95 48,03000300,0.000000
1677,0,0x10F,STD,8,2026-01-28T18:41:38.118611,03 00 03 00 50 DE 40 3D,03000300,0.000000
1678,0,0x110,STD,8,2026-01-28T18:41:38.142616,03 00 03 00 5F B5 9F 48,03000300,0.000000
1679,0,0x10F,STD,8,2026-01-28T18:41:38.199629,03 00 03 00 EE FA 67 3D,03000300,0.000000
1680,0,0x110,STD,8,2026-01-28T18:41:38.223634,03 00 03 00 01 62 B4 48,03000300,0.000000
1681,0,0x10F,STD,8,2026-01-28T18:41:38.280647,03 00 03 00 EF 00 90 3D,03000300,0.000000
1682,0,0x110,STD,8,2026-01-28T18:41:38.304653,03 00 03 00 53 C4 9E 48,03000300,0.000000
1683,0,0x10F,STD,8,2026-01-28T18:41:38.350663,03 00 03 00 CE D6 38 3D,03000300,0.000000
1684,0,0x110,STD,8,2026-01-28T18:41:38.374669,03 00 03 00 9F 08 D7 48,03000300,0.000000
1685,0,0x10F,STD,8,2026-01-28T18:41:38.431165,03 00 03 00 32 FD 85 3D,03000300,0.000000
1686,0,0x110,STD,8,2026-01-28T18:41:38.465676,03 00 03 00 0B 82 88 48,03000300,0.000000
1687,0,0x10F,STD,8,2026-01-28T18:41:38.511687,03 00 03 00 20 EA 1E 3D,03000300,0.000000
1688,0,0x110,STD,8,2026-01-28T18:41:38.535692,03 00 03 00 D0 B4 80 48,03000300,0.000000
1689,0,0x10F,STD,8,2026-01-28T18:41:38.592705,03 00 03 00 DC 21 75 3D,03000300,0.000000
1690,0,0x110,STD,8,2026-01-28T18:41:38.605708,03 00 01 00 00 00 00 00,03000100,0.000000
1691,0,0x110,STD,8,2026-01-28T18:41:38.605708,03 00 02 00 CB 26 2F 41,03000200,0.000000
1692,0,0x10F,STD,8,2026-01-28T18:41:38.605708,03 00 01 00 00 00 00 00,03000100,0.000000
1693,0,0x110,STD,8,2026-01-28T18:41:38.605708,03 00 01 00 00 00 00 00,03000100,0.000000
1694,0,0x110,STD,8,2026-01-28T18:41:38.618711,03 00 03 00 9E 49 E6 48,03000300,0.000000
1695,0,0x10F,STD,8,2026-01-28T18:41:38.675311,03 00 03 00 9B 60 79 3D,03000300,0.000000
1696,0,0x110,STD,8,2026-01-28T18:41:38.699317,03 00 03 00 2F 23 AC 48,03000300,0.000000
1697,0,0x10F,STD,8,2026-01-28T18:41:38.756330,03 00 03 00 C5 8B 5F 3D,03000300,0.000000
1698,0,0x110,STD,8,2026-01-28T18:41:38.780335,03 00 03 00 6E 8D E3 48,03000300,0.000000
1699,0,0x10F,STD,8,2026-01-28T18:41:38.837348,03 00 03 00 51 F0 97 3D,03000300,0.000000
1700,0,0x110,STD,8,2026-01-28T18:41:38.861353,03 00 03 00 BE 8D D2 48,03000300,0.000000
1701,0,0x10F,STD,8,2026-01-28T18:41:38.918367,03 00 03 00 99 E1 71 3D,03000300,0.000000
1702,0,0x110,STD,8,2026-01-28T18:41:38.942371,03 00 03 00 B6 E6 63 48,03000300,0.000000
1703,0,0x10F,STD,8,2026-01-28T18:41:38.988382,03 00 03 00 4E FA 87 3D,03000300,0.000000
1704,0,0x110,STD,8,2026-01-28T18:41:39.012387,03 00 03 00 3B 8B F8 48,03000300,0.000000
1705,0,0x10F,STD,8,2026-01-28T18:41:39.069400,03 00 03 00 77 21 62 3D,03000300,0.000000
1706,0,0x110,STD,8,2026-01-28T18:41:39.093405,03 00 03 00 47 57 55 48,03000300,0.000000
1707,0,0x10F,STD,8,2026-01-28T18:41:39.150418,03 00 03 00 26 06 8E 3D,03000300,0.000000
1708,0,0x110,STD,8,2026-01-28T18:41:39.174424,03 00 03 00 7B 65 37 48,03000300,0.000000
1709,0,0x10F,STD,8,2026-01-28T18:41:39.231437,03 00 03 00 B4 2D 73 3D,03000300,0.000000
1710,0,0x110,STD,8,2026-01-28T18:41:39.255442,03 00 03 00 A2 2E 32 48,03000300,0.000000
1711,0,0x10F,STD,8,2026-01-28T18:41:39.312455,03 00 03 00 6A 93 6B 3D,03000300,0.000000
1712,0,0x110,STD,8,2026-01-28T18:41:39.336460,03 00 03 00 59 B2 CF 47,03000300,0.000000
1713,0,0x10F,STD,8,2026-01-28T18:41:39.393473,03 00 03 00 AA B9 65 3D,03000300,0.000000
1714,0,0x110,STD,8,2026-01-28T18:41:39.416983,03 00 03 00 DE 50 94 47,03000300,0.000000
1715,0,0x10F,STD,8,2026-01-28T18:41:39.473995,03 00 03 00 B4 66 3D 3D,03000300,0.000000
1716,0,0x110,STD,8,2026-01-28T18:41:39.498001,03 00 03 00 8E 9D 12 48,03000300,0.000000
1717,0,0x10F,STD,8,2026-01-28T18:41:39.555014,03 00 03 00 54 26 58 3D,03000300,0.000000
1718,0,0x110,STD,8,2026-01-28T18:41:39.579019,03 00 03 00 5F 43 DA 47,03000300,0.000000
1719,0,0x10F,STD,8,2026-01-28T18:41:39.636032,03 00 03 00 34 A9 EF 3C,03000300,0.000000
1720,0,0x10F,STD,8,2026-01-28T18:41:39.649035,03 00 02 00 CB 26 2F 41,03000200,0.000000
1721,0,0x10F,STD,8,2026-01-28T18:41:39.649035,03 00 01 00 00 00 00 00,03000100,0.000000
1722,0,0x10F,STD,8,2026-01-28T18:41:39.649035,03 00 02 00 E8 82 44 41,03000200,0.000000
1723,0,0x110,STD,8,2026-01-28T18:41:39.649035,03 00 01 00 00 00 00 00,03000100,0.000000
1724,0,0x110,STD,8,2026-01-28T18:41:39.651035,03 00 03 00 95 8B B1 48,03000300,0.000000
1725,0,0x10F,STD,8,2026-01-28T18:41:39.708048,03 00 03 00 1A FB 6D 3D,03000300,0.000000
1726,0,0x110,STD,8,2026-01-28T18:41:39.732053,03 00 03 00 F5 1B B3 48,03000300,0.000000
1727,0,0x10F,STD,8,2026-01-28T18:41:39.789066,03 00 03 00 32 54 44 3D,03000300,0.000000
1728,0,0x110,STD,8,2026-01-28T18:41:39.813072,03 00 03 00 AD 7D 8A 48,03000300,0.000000
1729,0,0x10F,STD,8,2026-01-28T18:41:39.870085,03 00 03 00 62 40 2E 3D,03000300,0.000000
1730,0,0x110,STD,8,2026-01-28T18:41:39.894090,03 00 03 00 98 0C 25 48,03000300,0.000000
1731,0,0x10F,STD,8,2026-01-28T18:41:39.951103,03 00 03 00 5E 50 4E 3D,03000300,0.000000
1732,0,0x110,STD,8,2026-01-28T18:41:39.975108,03 00 03 00 B8 68 17 48,03000300,0.000000
1733,0,0x10F,STD,8,2026-01-28T18:41:40.032121,03 00 03 00 26 D1 08 3D,03000300,0.000000
1734,0,0x110,STD,8,2026-01-28T18:41:40.056126,03 00 03 00 A6 71 68 48,03000300,0.000000
1735,0,0x10F,STD,8,2026-01-28T18:41:40.113140,03 00 03 00 9D 59 56 3D,03000300,0.000000
1736,0,0x110,STD,8,2026-01-28T18:41:40.137145,03 00 03 00 41 EA 52 48,03000300,0.000000
1737,0,0x10F,STD,8,2026-01-28T18:41:40.194158,03 00 03 00 C4 CE 16 3D,03000300,0.000000
1738,0,0x110,STD,8,2026-01-28T18:41:40.218163,03 00 03 00 FF C4 87 48,03000300,0.000000
1739,0,0x10F,STD,8,2026-01-28T18:41:40.264174,03 00 03 00 25 D6 51 3D,03000300,0.000000
1740,0,0x110,STD,8,2026-01-28T18:41:40.288179,03 00 03 00 95 A1 8F 48,03000300,0.000000
1741,0,0x10F,STD,8,2026-01-28T18:41:40.345192,03 00 03 00 F4 8D 5C 3D,03000300,0.000000
1742,0,0x110,STD,8,2026-01-28T18:41:40.369197,03 00 03 00 51 65 E8 48,03000300,0.000000
1743,0,0x10F,STD,8,2026-01-28T18:41:40.426210,03 00 03 00 61 2F E3 3C,03000300,0.000000
1744,0,0x110,STD,8,2026-01-28T18:41:40.450215,03 00 03 00 F1 A5 8E 48,03000300,0.000000
1745,0,0x10F,STD,8,2026-01-28T18:41:40.507228,03 00 03 00 24 7D 5F 3D,03000300,0.000000
1746,0,0x110,STD,8,2026-01-28T18:41:40.531233,03 00 03 00 12 F4 C3 47,03000300,0.000000
1747,0,0x10F,STD,8,2026-01-28T18:41:40.587748,03 00 03 00 D9 66 07 3D,03000300,0.000000
1748,0,0x110,STD,8,2026-01-28T18:41:40.611257,03 00 03 00 67 8A EF 47,03000300,0.000000
1749,0,0x10F,STD,8,2026-01-28T18:41:40.668270,03 00 03 00 DE DF 4D 3D,03000300,0.000000
1750,0,0x110,STD,8,2026-01-28T18:41:40.692274,03 00 03 00 4C 30 37 48,03000300,0.000000
1751,0,0x10F,STD,8,2026-01-28T18:41:40.692274,03 00 02 00 E8 82 44 41,03000200,0.000000
1752,0,0x110,STD,8,2026-01-28T18:41:40.692274,03 00 02 00 E8 82 44 41,03000200,0.000000
1753,0,0x110,STD,8,2026-01-28T18:41:40.692274,03 00 02 00 E8 82 44 41,03000200,0.000000
1754,0,0x10F,STD,8,2026-01-28T18:41:40.692274,03 00 01 00 00 00 00 00,03000100,0.000000
1755,0,0x10F,STD,8,2026-01-28T18:41:40.749288,03 00 03 00 C6 67 24 3D,03000300,0.000000
1756,0,0x110,STD,8,2026-01-28T18:41:40.773293,03 00 03 00 CF B2 78 48,03000300,0.000000
1757,0,0x10F,STD,8,2026-01-28T18:41:40.830305,03 00 03 00 54 7B 06 3D,03000300,0.000000
1758,0,0x110,STD,8,2026-01-28T18:41:40.854311,03 00 03 00 BB 82 A5 48,03000300,0.000000
1759,0,0x10F,STD,8,2026-01-28T18:41:40.911324,03 00 03 00 8A AB 46 3D,03000300,0.000000
1760,0,0x110,STD,8,2026-01-28T18:41:40.935330,03 00 03 00 7E 05 64 48,03000300,0.000000
1761,0,0x10F,STD,8,2026-01-28T18:41:40.981340,03 00 03 00 61 20 DB 3C,03000300,0.000000
1762,0,0x110,STD,8,2026-01-28T18:41:41.016348,03 00 03 00 1C D5 3B 48,03000300,0.000000
1763,0,0x10F,STD,8,2026-01-28T18:41:41.062358,03 00 03 00 72 4D 1F 3D,03000300,0.000000
1764,0,0x110,STD,8,2026-01-28T18:41:41.086364,03 00 03 00 90 56 BF 48,03000300,0.000000
1765,0,0x10F,STD,8,2026-01-28T18:41:41.143376,03 00 03 00 29 70 CC 3C,03000300,0.000000
1766,0,0x110,STD,8,2026-01-28T18:41:41.167382,03 00 03 00 83 48 CF 48,03000300,0.000000
1767,0,0x10F,STD,8,2026-01-28T18:41:41.224395,03 00 03 00 D2 60 C5 3C,03000300,0.000000
1768,0,0x110,STD,8,2026-01-28T18:41:41.248400,03 00 03 00 E1 A2 E0 47,03000300,0.000000
1769,0,0x10F,STD,8,2026-01-28T18:41:41.305413,03 00 03 00 C3 24 9F 3C,03000300,0.000000
1770,0,0x110,STD,8,2026-01-28T18:41:41.329418,03 00 03 00 44 F8 27 47,03000300,0.000000
1771,0,0x10F,STD,8,2026-01-28T18:41:41.386431,03 00 03 00 B3 AC 99 3C,03000300,0.000000
1772,0,0x110,STD,8,2026-01-28T18:41:41.410436,03 00 03 00 8E FD 15 48,03000300,0.000000
1773,0,0x10F,STD,8,2026-01-28T18:41:41.467449,03 00 03 00 67 0A ED 3C,03000300,0.000000
1774,0,0x110,STD,8,2026-01-28T18:41:41.491455,03 00 03 00 E1 52 89 48,03000300,0.000000
1775,0,0x10F,STD,8,2026-01-28T18:41:41.547668,03 00 03 00 43 A2 6C 3C,03000300,0.000000
1776,0,0x110,STD,8,2026-01-28T18:41:41.571176,03 00 03 00 0B A3 4B 48,03000300,0.000000
1777,0,0x10F,STD,8,2026-01-28T18:41:41.628188,03 00 03 00 B7 93 E4 3C,03000300,0.000000
1778,0,0x110,STD,8,2026-01-28T18:41:41.652194,03 00 03 00 16 13 7F 48,03000300,0.000000
1779,0,0x10F,STD,8,2026-01-28T18:41:41.709207,03 00 03 00 F8 4D DF 3C,03000300,0.000000
1780,0,0x110,STD,8,2026-01-28T18:41:41.733212,03 00 03 00 1D A2 C6 48,03000300,0.000000
1781,0,0x110,STD,8,2026-01-28T18:41:41.733212,03 00 01 00 00 00 00 00,03000100,0.000000
1782,0,0x110,STD,8,2026-01-28T18:41:41.733212,03 00 01 00 00 00 00 00,03000100,0.000000
1783,0,0x10F,STD,8,2026-01-28T18:41:41.733212,03 00 02 00 08 C1 45 41,03000200,0.000000
1784,0,0x110,STD,8,2026-01-28T18:41:41.733212,03 00 02 00 08 C1 45 41,03000200,0.000000
1785,0,0x10F,STD,8,2026-01-28T18:41:41.779222,03 00 03 00 6A E0 09 3D,03000300,0.000000
1786,0,0x110,STD,8,2026-01-28T18:41:41.803228,03 00 03 00 EF 8D B4 48,03000300,0.000000
1787,0,0x10F,STD,8,2026-01-28T18:41:41.860241,03 00 03 00 DF 08 46 3D,03000300,0.000000
1788,0,0x110,STD,8,2026-01-28T18:41:41.884246,03 00 03 00 CF 4A 16 48,03000300,0.000000
1789,0,0x10F,STD,8,2026-01-28T18:41:41.941259,03 00 03 00 1F 75 1F 3D,03000300,0.000000
1790,0,0x110,STD,8,2026-01-28T18:41:41.965264,03 00 03 00 82 F8 F6 47,03000300,0.000000
1791,0,0x10F,STD,8,2026-01-28T18:41:42.022277,03 00 03 00 8B 6F 54 3D,03000300,0.000000
1792,0,0x110,STD,8,2026-01-28T18:41:42.046282,03 00 03 00 4F 36 29 48,03000300,0.000000
1793,0,0x10F,STD,8,2026-01-28T18:41:42.103295,03 00 03 00 75 C5 1E 3D,03000300,0.000000
1794,0,0x110,STD,8,2026-01-28T18:41:42.127301,03 00 03 00 27 1B 06 48,03000300,0.000000
1795,0,0x10F,STD,8,2026-01-28T18:41:42.184314,03 00 03 00 D3 ED 49 3D,03000300,0.000000
1796,0,0x110,STD,8,2026-01-28T18:41:42.208319,03 00 03 00 D5 9E F0 47,03000300,0.000000
1797,0,0x10F,STD,8,2026-01-28T18:41:42.265332,03 00 03 00 FC A6 19 3D,03000300,0.000000
1798,0,0x110,STD,8,2026-01-28T18:41:42.289338,03 00 03 00 00 FD 9D 48,03000300,0.000000
1799,0,0x10F,STD,8,2026-01-28T18:41:42.346350,03 00 03 00 AE 16 37 3D,03000300,0.000000
1800,0,0x110,STD,8,2026-01-28T18:41:42.370356,03 00 03 00 7F 8C A4 48,03000300,0.000000
1801,0,0x10F,STD,8,2026-01-28T18:41:42.416366,03 00 03 00 8E 5E 45 3D,03000300,0.000000
1802,0,0x110,STD,8,2026-01-28T18:41:42.440371,03 00 03 00 95 F2 6F 48,03000300,0.000000
1803,0,0x10F,STD,8,2026-01-28T18:41:42.497384,03 00 03 00 7C 85 2C 3D,03000300,0.000000
1804,0,0x110,STD,8,2026-01-28T18:41:42.521389,03 00 03 00 F7 C4 97 48,03000300,0.000000
1805,0,0x10F,STD,8,2026-01-28T18:41:42.578402,03 00 03 00 40 26 61 3D,03000300,0.000000
1806,0,0x110,STD,8,2026-01-28T18:41:42.602408,03 00 03 00 4E F9 10 48,03000300,0.000000
1807,0,0x10F,STD,8,2026-01-28T18:41:42.659421,03 00 03 00 5C FC 12 3D,03000300,0.000000
1808,0,0x110,STD,8,2026-01-28T18:41:42.683426,03 00 03 00 3C B2 10 48,03000300,0.000000
1809,0,0x10F,STD,8,2026-01-28T18:41:42.739807,03 00 03 00 34 B1 8C 3D,03000300,0.000000
1810,0,0x110,STD,8,2026-01-28T18:41:42.763813,03 00 03 00 D6 D5 8E 48,03000300,0.000000
1811,0,0x10F,STD,8,2026-01-28T18:41:42.787817,03 00 01 00 00 00 00 00,03000100,0.000000
1812,0,0x10F,STD,8,2026-01-28T18:41:42.787817,03 00 02 00 A4 EF 40 41,03000200,0.000000
1813,0,0x110,STD,8,2026-01-28T18:41:42.787817,03 00 01 00 00 00 00 00,03000100,0.000000
1814,0,0x110,STD,8,2026-01-28T18:41:42.787817,03 00 02 00 A4 EF 40 41,03000200,0.000000
1815,0,0x10F,STD,8,2026-01-28T18:41:42.822329,03 00 03 00 EF 9C 5A 3D,03000300,0.000000
1816,0,0x110,STD,8,2026-01-28T18:41:42.846334,03 00 03 00 39 16 88 48,03000300,0.000000
1817,0,0x10F,STD,8,2026-01-28T18:41:42.903347,03 00 03 00 57 E8 46 3D,03000300,0.000000
1818,0,0x110,STD,8,2026-01-28T18:41:42.927352,03 00 03 00 6F 4B FE 48,03000300,0.000000
1819,0,0x10F,STD,8,2026-01-28T18:41:42.984365,03 00 03 00 81 60 6C 3D,03000300,0.000000
1820,0,0x110,STD,8,2026-01-28T18:41:43.008371,03 00 03 00 AE 21 D1 48,03000300,0.000000
1821,0,0x10F,STD,8,2026-01-28T18:41:43.054381,03 00 03 00 D9 CF 1B 3D,03000300,0.000000
1822,0,0x110,STD,8,2026-01-28T18:41:43.078386,03 00 03 00 52 E9 59 48,03000300,0.000000
1823,0,0x10F,STD,8,2026-01-28T18:41:43.135399,03 00 03 00 B2 52 81 3D,03000300,0.000000
1824,0,0x110,STD,8,2026-01-28T18:41:43.159405,03 00 03 00 34 BC 08 48,03000300,0.000000
1825,0,0x10F,STD,8,2026-01-28T18:41:43.216418,03 00 03 00 3A 14 49 3D,03000300,0.000000
1826,0,0x110,STD,8,2026-01-28T18:41:43.240423,03 00 03 00 89 95 E9 47,03000300,0.000000
1827,0,0x10F,STD,8,2026-01-28T18:41:43.297436,03 00 03 00 93 51 6B 3D,03000300,0.000000
1828,0,0x110,STD,8,2026-01-28T18:41:43.321441,03 00 03 00 87 50 98 48,03000300,0.000000
1829,0,0x10F,STD,8,2026-01-28T18:41:43.378454,03 00 03 00 87 CF 57 3D,03000300,0.000000
1830,0,0x110,STD,8,2026-01-28T18:41:43.402459,03 00 03 00 87 DD 78 48,03000300,0.000000
1831,0,0x10F,STD,8,2026-01-28T18:41:43.459472,03 00 03 00 9C 01 56 3D,03000300,0.000000
1832,0,0x110,STD,8,2026-01-28T18:41:43.483478,03 00 03 00 8B BB 20 48,03000300,0.000000
1833,0,0x10F,STD,8,2026-01-28T18:41:43.540491,03 00 03 00 38 C1 65 3D,03000300,0.000000
1834,0,0x110,STD,8,2026-01-28T18:41:43.564496,03 00 03 00 46 18 13 48,03000300,0.000000
1835,0,0x10F,STD,8,2026-01-28T18:41:43.621509,03 00 03 00 AF 68 40 3D,03000300,0.000000
1836,0,0x110,STD,8,2026-01-28T18:41:43.645514,03 00 03 00 00 BD C2 47,03000300,0.000000
1837,0,0x10F,STD,8,2026-01-28T18:41:43.701685,03 00 03 00 B3 2B 72 3D,03000300,0.000000
1838,0,0x110,STD,8,2026-01-28T18:41:43.725691,03 00 03 00 17 2E 1F 48,03000300,0.000000
1839,0,0x10F,STD,8,2026-01-28T18:41:43.771702,03 00 03 00 E2 04 2D 3D,03000300,0.000000
1840,0,0x110,STD,8,2026-01-28T18:41:43.795707,03 00 03 00 91 AE 52 48,03000300,0.000000
1841,0,0x10F,STD,8,2026-01-28T18:41:43.830714,03 00 01 00 00 00 00 00,03000100,0.000000
1842,0,0x10F,STD,8,2026-01-28T18:41:43.830714,03 00 02 00 C4 F5 3E 41,03000200,0.000000
1843,0,0x10F,STD,8,2026-01-28T18:41:43.830714,03 00 01 00 00 00 00 00,03000100,0.000000
1844,0,0x110,STD,8,2026-01-28T18:41:43.830714,03 00 02 00 C4 F5 3E 41,03000200,0.000000
1845,0,0x10F,STD,8,2026-01-28T18:41:43.854720,03 00 03 00 11 9E 82 3D,03000300,0.000000
1846,0,0x110,STD,8,2026-01-28T18:41:43.878357,03 00 03 00 2C 60 22 48,03000300,0.000000
1847,0,0x10F,STD,8,2026-01-28T18:41:43.934873,03 00 03 00 D2 83 82 3D,03000300,0.000000
1848,0,0x110,STD,8,2026-01-28T18:41:43.958878,03 00 03 00 8F 3A 0D 48,03000300,0.000000
1849,0,0x10F,STD,8,2026-01-28T18:41:44.015891,03 00 03 00 29 3B 72 3D,03000300,0.000000
1850,0,0x110,STD,8,2026-01-28T18:41:44.039896,03 00 03 00 BF 91 81 48,03000300,0.000000
1851,0,0x10F,STD,8,2026-01-28T18:41:44.096909,03 00 03 00 31 9D 9A 3D,03000300,0.000000
1852,0,0x110,STD,8,2026-01-28T18:41:44.120914,03 00 03 00 58 60 A9 47,03000300,0.000000
1853,0,0x10F,STD,8,2026-01-28T18:41:44.177927,03 00 03 00 A5 FB 5C 3D,03000300,0.000000
1854,0,0x110,STD,8,2026-01-28T18:41:44.201933,03 00 03 00 FF 12 9E 48,03000300,0.000000
1855,0,0x10F,STD,8,2026-01-28T18:41:44.258946,03 00 03 00 8D 08 95 3D,03000300,0.000000
1856,0,0x110,STD,8,2026-01-28T18:41:44.282453,03 00 03 00 02 AB 80 48,03000300,0.000000
1857,0,0x10F,STD,8,2026-01-28T18:41:44.338767,03 00 03 00 32 4E 7B 3D,03000300,0.000000
1858,0,0x110,STD,8,2026-01-28T18:41:44.362772,03 00 03 00 58 1F C0 47,03000300,0.000000
1859,0,0x10F,STD,8,2026-01-28T18:41:44.409153,03 00 03 00 BF 83 6B 3D,03000300,0.000000
1860,0,0x110,STD,8,2026-01-28T18:41:44.433158,03 00 03 00 DB DE 41 48,03000300,0.000000
1861,0,0x10F,STD,8,2026-01-28T18:41:44.490171,03 00 03 00 D4 61 6B 3D,03000300,0.000000
1862,0,0x110,STD,8,2026-01-28T18:41:44.514177,03 00 03 00 6F 62 80 48,03000300,0.000000
1863,0,0x10F,STD,8,2026-01-28T18:41:44.571189,03 00 03 00 5D B4 14 3D,03000300,0.000000
1864,0,0x110,STD,8,2026-01-28T18:41:44.595195,03 00 03 00 4A 8F 45 48,03000300,0.000000
1865,0,0x10F,STD,8,2026-01-28T18:41:44.652208,03 00 03 00 5A 31 4F 3D,03000300,0.000000
1866,0,0x110,STD,8,2026-01-28T18:41:44.676213,03 00 03 00 EE A0 D8 47,03000300,0.000000
1867,0,0x10F,STD,8,2026-01-28T18:41:44.733227,03 00 03 00 46 DE 16 3D,03000300,0.000000
1868,0,0x110,STD,8,2026-01-28T18:41:44.757233,03 00 03 00 25 A3 D9 47,03000300,0.000000
1869,0,0x10F,STD,8,2026-01-28T18:41:44.814246,03 00 03 00 59 57 52 3D,03000300,0.000000
1870,0,0x110,STD,8,2026-01-28T18:41:44.838251,03 00 03 00 E0 86 0C 48,03000300,0.000000
1871,0,0x110,STD,8,2026-01-28T18:41:44.873259,03 00 01 00 00 00 00 00,03000100,0.000000
1872,0,0x110,STD,8,2026-01-28T18:41:44.873259,03 00 02 00 93 E3 27 41,03000200,0.000000
1873,0,0x10F,STD,8,2026-01-28T18:41:44.873259,03 00 01 00 00 00 00 00,03000100,0.000000
1874,0,0x110,STD,8,2026-01-28T18:41:44.873259,03 00 01 00 00 00 00 00,03000100,0.000000
1875,0,0x10F,STD,8,2026-01-28T18:41:44.897264,03 00 03 00 44 34 63 3D,03000300,0.000000
1876,0,0x110,STD,8,2026-01-28T18:41:44.921270,03 00 03 00 B8 88 92 48,03000300,0.000000
1877,0,0x10F,STD,8,2026-01-28T18:41:44.967280,03 00 03 00 7B 67 2B 3D,03000300,0.000000
1878,0,0x110,STD,8,2026-01-28T18:41:44.991286,03 00 03 00 A9 91 3E 48,03000300,0.000000
1879,0,0x10F,STD,8,2026-01-28T18:41:45.048298,03 00 03 00 CC C2 69 3D,03000300,0.000000
1880,0,0x110,STD,8,2026-01-28T18:41:45.072304,03 00 03 00 00 A6 9D 48,03000300,0.000000
1881,0,0x10F,STD,8,2026-01-28T18:41:45.129317,03 00 03 00 2B 4A 0F 3D,03000300,0.000000
1882,0,0x110,STD,8,2026-01-28T18:41:45.153322,03 00 03 00 6C F1 FF 48,03000300,0.000000
1883,0,0x10F,STD,8,2026-01-28T18:41:45.210335,03 00 03 00 A1 03 2B 3D,03000300,0.000000
1884,0,0x110,STD,8,2026-01-28T18:41:45.234340,03 00 03 00 6D F7 8A 48,03000300,0.000000
1885,0,0x10F,STD,8,2026-01-28T18:41:45.291353,03 00 03 00 D6 F0 31 3D,03000300,0.000000
1886,0,0x110,STD,8,2026-01-28T18:41:45.315358,03 00 03 00 BA 12 ED 48,03000300,0.000000
1887,0,0x10F,STD,8,2026-01-28T18:41:45.372372,03 00 03 00 EE C6 50 3D,03000300,0.000000
1888,0,0x110,STD,8,2026-01-28T18:41:45.396377,03 00 03 00 E1 3B BF 48,03000300,0.000000
1889,0,0x10F,STD,8,2026-01-28T18:41:45.453390,03 00 03 00 CB FD 7A 3D,03000300,0.000000
1890,0,0x110,STD,8,2026-01-28T18:41:45.476490,03 00 03 00 61 47 4D 48,03000300,0.000000
1891,0,0x10F,STD,8,2026-01-28T18:41:45.532894,03 00 03 00 5D C2 8E 3D,03000300,0.000000
1892,0,0x110,STD,8,2026-01-28T18:41:45.556900,03 00 03 00 9A 90 9B 48,03000300,0.000000
1893,0,0x10F,STD,8,2026-01-28T18:41:45.613913,03 00 03 00 7E 92 84 3D,03000300,0.000000
1894,0,0x110,STD,8,2026-01-28T18:41:45.637918,03 00 03 00 22 E7 07 48,03000300,0.000000
1895,0,0x10F,STD,8,2026-01-28T18:41:45.694931,03 00 03 00 17 F0 7A 3D,03000300,0.000000
1896,0,0x110,STD,8,2026-01-28T18:41:45.718755,03 00 03 00 17 FE 72 48,03000300,0.000000
1897,0,0x10F,STD,8,2026-01-28T18:41:45.764766,03 00 03 00 41 69 90 3D,03000300,0.000000
1898,0,0x110,STD,8,2026-01-28T18:41:45.788771,03 00 03 00 52 2B 2D 48,03000300,0.000000
1899,0,0x10F,STD,8,2026-01-28T18:41:45.845784,03 00 03 00 F4 AA 3F 3D,03000300,0.000000
1900,0,0x110,STD,8,2026-01-28T18:41:45.869789,03 00 03 00 89 98 BA 48,03000300,0.000000
1901,0,0x10F,STD,8,2026-01-28T18:41:45.926802,03 00 03 00 95 ED 68 3D,03000300,0.000000
1902,0,0x10F,STD,8,2026-01-28T18:41:45.926802,03 00 02 00 93 E3 27 41,03000200,0.000000
1903,0,0x10F,STD,8,2026-01-28T18:41:45.926802,03 00 02 00 93 E3 27 41,03000200,0.000000
1904,0,0x110,STD,8,2026-01-28T18:41:45.926802,03 00 02 00 93 E3 27 41,03000200,0.000000
1905,0,0x10F,STD,8,2026-01-28T18:41:45.926802,03 00 01 00 00 00 00 00,03000100,0.000000
1906,0,0x110,STD,8,2026-01-28T18:41:45.950807,03 00 03 00 92 CE 1D 49,03000300,0.000000
1907,0,0x10F,STD,8,2026-01-28T18:41:46.007820,03 00 03 00 C7 C2 3F 3D,03000300,0.000000
1908,0,0x110,STD,8,2026-01-28T18:41:46.031826,03 00 03 00 62 B8 C9 48,03000300,0.000000
1909,0,0x10F,STD,8,2026-01-28T18:41:46.088839,03 00 03 00 27 1A 3D 3D,03000300,0.000000
1910,0,0x110,STD,8,2026-01-28T18:41:46.112844,03 00 03 00 51 71 F9 48,03000300,0.000000
1911,0,0x10F,STD,8,2026-01-28T18:41:46.169857,03 00 03 00 05 24 95 3D,03000300,0.000000
1912,0,0x110,STD,8,2026-01-28T18:41:46.193862,03 00 03 00 9A E3 F4 48,03000300,0.000000
1913,0,0x10F,STD,8,2026-01-28T18:41:46.250875,03 00 03 00 84 54 2F 3D,03000300,0.000000
1914,0,0x110,STD,8,2026-01-28T18:41:46.274880,03 00 03 00 37 3C 33 48,03000300,0.000000
1915,0,0x10F,STD,8,2026-01-28T18:41:46.331893,03 00 03 00 2D 5E 96 3D,03000300,0.000000
1916,0,0x110,STD,8,2026-01-28T18:41:46.355899,03 00 03 00 7B 57 C9 48,03000300,0.000000
1917,0,0x10F,STD,8,2026-01-28T18:41:46.401909,03 00 03 00 D6 92 54 3D,03000300,0.000000
1918,0,0x110,STD,8,2026-01-28T18:41:46.425914,03 00 03 00 86 CC 8C 48,03000300,0.000000
1919,0,0x10F,STD,8,2026-01-28T18:41:46.482927,03 00 03 00 EC 97 73 3D,03000300,0.000000
1920,0,0x110,STD,8,2026-01-28T18:41:46.506933,03 00 03 00 F5 2D 54 48,03000300,0.000000
1921,0,0x10F,STD,8,2026-01-28T18:41:46.563094,03 00 03 00 6E 68 9C 3D,03000300,0.000000
1922,0,0x110,STD,8,2026-01-28T18:41:46.587100,03 00 03 00 64 D2 CE 48,03000300,0.000000
1923,0,0x10F,STD,8,2026-01-28T18:41:46.644113,03 00 03 00 BC 9D 15 3D,03000300,0.000000
1924,0,0x110,STD,8,2026-01-28T18:41:46.668118,03 00 03 00 F9 3B 88 48,03000300,0.000000
1925,0,0x10F,STD,8,2026-01-28T18:41:46.725131,03 00 03 00 B5 39 81 3D,03000300,0.000000
1926,0,0x110,STD,8,2026-01-28T18:41:46.749136,03 00 03 00 53 7B A3 48,03000300,0.000000
1927,0,0x10F,STD,8,2026-01-28T18:41:46.806149,03 00 03 00 56 85 54 3D,03000300,0.000000
1928,0,0x110,STD,8,2026-01-28T18:41:46.830155,03 00 03 00 96 4C 90 48,03000300,0.000000
1929,0,0x10F,STD,8,2026-01-28T18:41:46.887167,03 00 03 00 8F E2 40 3D,03000300,0.000000
1930,0,0x110,STD,8,2026-01-28T18:41:46.911172,03 00 03 00 D8 14 5D 48,03000300,0.000000
1931,0,0x10F,STD,8,2026-01-28T18:41:46.968186,03 00 03 00 8B E7 73 3D,03000300,0.000000
1932,0,0x110,STD,8,2026-01-28T18:41:46.981189,03 00 01 00 00 00 00 00,03000100,0.000000
1933,0,0x10F,STD,8,2026-01-28T18:41:46.981189,03 00 02 00 03 4C 4A 41,03000200,0.000000
1934,0,0x110,STD,8,2026-01-28T18:41:46.981189,03 00 02 00 03 4C 4A 41,03000200,0.000000
1935,0,0x10F,STD,8,2026-01-28T18:41:46.981189,03 00 01 00 00 00 00 00,03000100,0.000000
1936,0,0x110,STD,8,2026-01-28T18:41:46.994191,03 00 03 00 18 2C EB 48,03000300,0.000000
1937,0,0x10F,STD,8,2026-01-28T18:41:47.040202,03 00 03 00 27 77 53 3D,03000300,0.000000
1938,0,0x110,STD,8,2026-01-28T18:41:47.064207,03 00 03 00 0D 78 06 49,03000300,0.000000
1939,0,0x10F,STD,8,2026-01-28T18:41:47.121220,03 00 03 00 84 79 78 3D,03000300,0.000000
1940,0,0x110,STD,8,2026-01-28T18:41:47.145225,03 00 03 00 C4 B2 BA 48,03000300,0.000000
1941,0,0x10F,STD,8,2026-01-28T18:41:47.202238,03 00 03 00 8C 17 5B 3D,03000300,0.000000
1942,0,0x110,STD,8,2026-01-28T18:41:47.226244,03 00 03 00 28 07 EA 48,03000300,0.000000
1943,0,0x10F,STD,8,2026-01-28T18:41:47.283257,03 00 03 00 48 81 86 3D,03000300,0.000000
1944,0,0x110,STD,8,2026-01-28T18:41:47.307262,03 00 03 00 62 5A A4 48,03000300,0.000000
1945,0,0x10F,STD,8,2026-01-28T18:41:47.364275,03 00 03 00 F0 3D 55 3D,03000300,0.000000
1946,0,0x110,STD,8,2026-01-28T18:41:47.388280,03 00 03 00 0E FE 51 48,03000300,0.000000
1947,0,0x10F,STD,8,2026-01-28T18:41:47.445293,03 00 03 00 3B 9F 84 3D,03000300,0.000000
1948,0,0x110,STD,8,2026-01-28T18:41:47.468802,03 00 03 00 84 B0 89 47,03000300,0.000000
1949,0,0x10F,STD,8,2026-01-28T18:41:47.525815,03 00 03 00 D3 21 41 3D,03000300,0.000000
1950,0,0x110,STD,8,2026-01-28T18:41:47.548898,03 00 03 00 FF 4A 05 48,03000300,0.000000
1951,0,0x10F,STD,8,2026-01-28T18:41:47.605912,03 00 03 00 E3 C3 33 3D,03000300,0.000000
1952,0,0x110,STD,8,2026-01-28T18:41:47.629918,03 00 03 00 37 DC D3 47,03000300,0.000000
1953,0,0x10F,STD,8,2026-01-28T18:41:47.686931,03 00 03 00 45 D5 2C 3D,03000300,0.000000
1954,0,0x110,STD,8,2026-01-28T18:41:47.710936,03 00 03 00 88 EE 42 48,03000300,0.000000
1955,0,0x10F,STD,8,2026-01-28T18:41:47.756946,03 00 03 00 95 7C F8 3C,03000300,0.000000
1956,0,0x110,STD,8,2026-01-28T18:41:47.780952,03 00 03 00 53 E4 ED 47,03000300,0.000000
1957,0,0x10F,STD,8,2026-01-28T18:41:47.837966,03 00 03 00 98 4A 5E 3D,03000300,0.000000
1958,0,0x110,STD,8,2026-01-28T18:41:47.872973,03 00 03 00 44 5E 38 48,03000300,0.000000
1959,0,0x10F,STD,8,2026-01-28T18:41:47.918983,03 00 03 00 E8 C3 17 3D,03000300,0.000000
1960,0,0x110,STD,8,2026-01-28T18:41:47.942988,03 00 03 00 FB 5A F2 47,03000300,0.000000
1961,0,0x10F,STD,8,2026-01-28T18:41:48.000001,03 00 03 00 63 CC 02 3D,03000300,0.000000
1962,0,0x110,STD,8,2026-01-28T18:41:48.024007,03 00 03 00 AF B3 08 48,03000300,0.000000
1963,0,0x110,STD,8,2026-01-28T18:41:48.026007,03 00 01 00 00 00 00 00,03000100,0.000000
1964,0,0x10F,STD,8,2026-01-28T18:41:48.026007,03 00 02 00 99 B9 33 41,03000200,0.000000
1965,0,0x110,STD,8,2026-01-28T18:41:48.026007,03 00 02 00 99 B9 33 41,03000200,0.000000
1966,0,0x10F,STD,8,2026-01-28T18:41:48.028008,03 00 01 00 00 00 00 00,03000100,0.000000
1967,0,0x10F,STD,8,2026-01-28T18:41:48.085020,03 00 03 00 2F 51 27 3D,03000300,0.000000
1968,0,0x110,STD,8,2026-01-28T18:41:48.109025,03 00 03 00 94 A1 8C 47,03000300,0.000000
1969,0,0x10F,STD,8,2026-01-28T18:41:48.165540,03 00 03 00 96 76 CF 3C,03000300,0.000000
1970,0,0x110,STD,8,2026-01-28T18:41:48.189546,03 00 03 00 E9 9F 62 48,03000300,0.000000
1971,0,0x10F,STD,8,2026-01-28T18:41:48.235556,03 00 03 00 92 24 37 3D,03000300,0.000000
1972,0,0x110,STD,8,2026-01-28T18:41:48.259562,03 00 03 00 83 F1 60 48,03000300,0.000000
1973,0,0x10F,STD,8,2026-01-28T18:41:48.316575,03 00 03 00 07 1E 18 3D,03000300,0.000000
1974,0,0x110,STD,8,2026-01-28T18:41:48.340580,03 00 03 00 8E 41 EB 47,03000300,0.000000
1975,0,0x10F,STD,8,2026-01-28T18:41:48.397593,03 00 03 00 19 97 7F 3D,03000300,0.000000
1976,0,0x110,STD,8,2026-01-28T18:41:48.421598,03 00 03 00 EB A2 58 48,03000300,0.000000
1977,0,0x10F,STD,8,2026-01-28T18:41:48.478611,03 00 03 00 96 E2 7E 3D,03000300,0.000000
1978,0,0x110,STD,8,2026-01-28T18:41:48.502617,03 00 03 00 B9 0D D1 47,03000300,0.000000
1979,0,0x10F,STD,8,2026-01-28T18:41:48.559630,03 00 03 00 EB CF 45 3D,03000300,0.000000
1980,0,0x110,STD,8,2026-01-28T18:41:48.583635,03 00 03 00 78 45 B4 47,03000300,0.000000
1981,0,0x10F,STD,8,2026-01-28T18:41:48.640648,03 00 03 00 FB 3C 65 3D,03000300,0.000000
1982,0,0x110,STD,8,2026-01-28T18:41:48.664653,03 00 03 00 29 FD CF 48,03000300,0.000000
1983,0,0x10F,STD,8,2026-01-28T18:41:48.721667,03 00 03 00 76 49 3D 3D,03000300,0.000000
1984,0,0x110,STD,8,2026-01-28T18:41:48.745671,03 00 03 00 7D 36 9C 48,03000300,0.000000
1985,0,0x10F,STD,8,2026-01-28T18:41:48.802684,03 00 03 00 0D 0A 5A 3D,03000300,0.000000
1986,0,0x110,STD,8,2026-01-28T18:41:48.826690,03 00 03 00 61 B7 B0 48,03000300,0.000000
1987,0,0x10F,STD,8,2026-01-28T18:41:48.883702,03 00 03 00 A9 29 18 3D,03000300,0.000000
1988,0,0x110,STD,8,2026-01-28T18:41:48.896705,03 00 03 00 F9 7F 62 48,03000300,0.000000
1989,0,0x10F,STD,8,2026-01-28T18:41:48.953719,03 00 03 00 E5 9C 43 3D,03000300,0.000000
1990,0,0x110,STD,8,2026-01-28T18:41:48.977724,03 00 03 00 7C 6D D4 47,03000300,0.000000
1991,0,0x10F,STD,8,2026-01-28T18:41:49.034736,03 00 03 00 A1 62 F2 3C,03000300,0.000000
1992,0,0x110,STD,8,2026-01-28T18:41:49.058742,03 00 03 00 A5 4C 50 48,03000300,0.000000
1993,0,0x110,STD,8,2026-01-28T18:41:49.082747,03 00 01 00 00 00 00 00,03000100,0.000000
1994,0,0x10F,STD,8,2026-01-28T18:41:49.082747,03 00 02 00 F6 C0 34 41,03000200,0.000000
1995,0,0x110,STD,8,2026-01-28T18:41:49.082747,03 00 02 00 F6 C0 34 41,03000200,0.000000
1996,0,0x10F,STD,8,2026-01-28T18:41:49.082747,03 00 01 00 00 00 00 00,03000100,0.000000
1997,0,0x10F,STD,8,2026-01-28T18:41:49.117755,03 00 03 00 E2 1E 43 3D,03000300,0.000000
1998,0,0x110,STD,8,2026-01-28T18:41:49.141761,03 00 03 00 B7 A4 83 48,03000300,0.000000
1999,0,0x10F,STD,8,2026-01-28T18:41:49.197917,03 00 03 00 AF 78 2E 3D,03000300,0.000000
2000,0,0x110,STD,8,2026-01-28T18:41:49.221922,03 00 03 00 66 6F 9F 47,03000300,0.000000
2001,0,0x10F,STD,8,2026-01-28T18:41:49.278935,03 00 03 00 2A 39 DC 3C,03000300,0.000000
2002,0,0x110,STD,8,2026-01-28T18:41:49.302941,03 00 03 00 96 34 16 48,03000300,0.000000
2003,0,0x10F,STD,8,2026-01-28T18:41:49.359953,03 00 03 00 68 29 3E 3D,03000300,0.000000
2004,0,0x110,STD,8,2026-01-28T18:41:49.383959,03 00 03 00 5C 53 8A 48,03000300,0.000000
2005,0,0x10F,STD,8,2026-01-28T18:41:49.440971,03 00 03 00 E8 F0 0C 3D,03000300,0.000000
2006,0,0x110,STD,8,2026-01-28T18:41:49.464977,03 00 03 00 99 52 B7 48,03000300,0.000000
2007,0,0x10F,STD,8,2026-01-28T18:41:49.510987,03 00 03 00 9C C8 72 3D,03000300,0.000000
2008,0,0x110,STD,8,2026-01-28T18:41:49.534993,03 00 03 00 30 EF 8A 48,03000300,0.000000
2009,0,0x10F,STD,8,2026-01-28T18:41:49.592006,03 00 03 00 8A F9 3C 3D,03000300,0.000000
2010,0,0x110,STD,8,2026-01-28T18:41:49.616011,03 00 03 00 E2 B7 C5 48,03000300,0.000000
2011,0,0x10F,STD,8,2026-01-28T18:41:49.673024,03 00 03 00 1D 97 89 3D,03000300,0.000000
2012,0,0x110,STD,8,2026-01-28T18:41:49.697029,03 00 03 00 DA C1 95 48,03000300,0.000000
2013,0,0x10F,STD,8,2026-01-28T18:41:49.754042,03 00 03 00 D4 AF 55 3D,03000300,0.000000
2014,0,0x110,STD,8,2026-01-28T18:41:49.778047,03 00 03 00 46 F5 A8 48,03000300,0.000000
2015,0,0x10F,STD,8,2026-01-28T18:41:49.835060,03 00 03 00 57 18 71 3D,03000300,0.000000
2016,0,0x110,STD,8,2026-01-28T18:41:49.859065,03 00 03 00 83 FC 9F 48,03000300,0.000000
2017,0,0x10F,STD,8,2026-01-28T18:41:49.916078,03 00 03 00 26 B1 AD 3D,03000300,0.000000
2018,0,0x110,STD,8,2026-01-28T18:41:49.940084,03 00 03 00 65 53 8C 48,03000300,0.000000
2019,0,0x10F,STD,8,2026-01-28T18:41:49.997097,03 00 03 00 3A DC 25 3D,03000300,0.000000
2020,0,0x110,STD,8,2026-01-28T18:41:50.021102,03 00 03 00 94 B1 97 48,03000300,0.000000
2021,0,0x10F,STD,8,2026-01-28T18:41:50.078115,03 00 03 00 79 3F A9 3D,03000300,0.000000
2022,0,0x110,STD,8,2026-01-28T18:41:50.102120,03 00 03 00 1D 0B 87 48,03000300,0.000000
2023,0,0x110,STD,8,2026-01-28T18:41:50.137128,03 00 01 00 00 00 00 00,03000100,0.000000
2024,0,0x10F,STD,8,2026-01-28T18:41:50.137128,03 00 02 00 31 76 49 41,03000200,0.000000
2025,0,0x110,STD,8,2026-01-28T18:41:50.137128,03 00 02 00 31 76 49 41,03000200,0.000000
2026,0,0x10F,STD,8,2026-01-28T18:41:50.137128,03 00 01 00 00 00 00 00,03000100,0.000000
2027,0,0x10F,STD,8,2026-01-28T18:41:50.150131,03 00 03 00 FA 91 31 3D,03000300,0.000000
2028,0,0x110,STD,8,2026-01-28T18:41:50.174137,03 00 03 00 FC 7A C3 48,03000300,0.000000
2029,0,0x10F,STD,8,2026-01-28T18:41:50.231149,03 00 03 00 14 44 8A 3D,03000300,0.000000
2030,0,0x110,STD,8,2026-01-28T18:41:50.255155,03 00 03 00 48 B4 EB 47,03000300,0.000000
2031,0,0x10F,STD,8,2026-01-28T18:41:50.312168,03 00 03 00 47 83 91 3D,03000300,0.000000
2032,0,0x110,STD,8,2026-01-28T18:41:50.336173,03 00 03 00 7D 38 3F 48,03000300,0.000000
2033,0,0x10F,STD,8,2026-01-28T18:41:50.391185,03 00 03 00 74 7C 66 3D,03000300,0.000000
2034,0,0x110,STD,8,2026-01-28T18:41:50.416191,03 00 03 00 04 77 53 47,03000300,0.000000
2035,0,0x10F,STD,8,2026-01-28T18:41:50.473204,03 00 03 00 C9 85 94 3D,03000300,0.000000
2036,0,0x110,STD,8,2026-01-28T18:41:50.497209,03 00 03 00 FA D0 0C 48,03000300,0.000000
2037,0,0x10F,STD,8,2026-01-28T18:41:50.553586,03 00 03 00 42 87 17 3D,03000300,0.000000
2038,0,0x110,STD,8,2026-01-28T18:41:50.577591,03 00 03 00 A0 FA 9D 47,03000300,0.000000
2039,0,0x10F,STD,8,2026-01-28T18:41:50.634604,03 00 03 00 F9 DE 8D 3D,03000300,0.000000
2040,0,0x110,STD,8,2026-01-28T18:41:50.658609,03 00 03 00 0A B6 C7 47,03000300,0.000000
2041,0,0x10F,STD,8,2026-01-28T18:41:50.715622,03 00 03 00 7E 7C 03 3D,03000300,0.000000
2042,0,0x110,STD,8,2026-01-28T18:41:50.739627,03 00 03 00 53 B4 08 48,03000300,0.000000
2043,0,0x10F,STD,8,2026-01-28T18:41:50.785638,03 00 03 00 30 D8 88 3D,03000300,0.000000
2044,0,0x110,STD,8,2026-01-28T18:41:50.809643,03 00 03 00 04 83 D4 47,03000300,0.000000
2045,0,0x10F,STD,8,2026-01-28T18:41:50.866656,03 00 03 00 96 9B 89 3D,03000300,0.000000
2046,0,0x110,STD,8,2026-01-28T18:41:50.901664,03 00 03 00 17 1F 81 48,03000300,0.000000
2047,0,0x10F,STD,8,2026-01-28T18:41:50.947178,03 00 03 00 41 E7 60 3D,03000300,0.000000
2048,0,0x110,STD,8,2026-01-28T18:41:50.971183,03 00 03 00 42 70 32 48,03000300,0.000000
2049,0,0x10F,STD,8,2026-01-28T18:41:51.028196,03 00 03 00 FE B8 8C 3D,03000300,0.000000
2050,0,0x110,STD,8,2026-01-28T18:41:51.052202,03 00 03 00 3C BB 82 48,03000300,0.000000
2051,0,0x10F,STD,8,2026-01-28T18:41:51.109214,03 00 03 00 C4 1B 1D 3D,03000300,0.000000
2052,0,0x110,STD,8,2026-01-28T18:41:51.133220,03 00 03 00 41 F0 C3 48,03000300,0.000000
2053,0,0x110,STD,8,2026-01-28T18:41:51.190233,03 00 01 00 00 00 00 00,03000100,0.000000
2054,0,0x110,STD,8,2026-01-28T18:41:51.190233,03 00 01 00 00 00 00 00,03000100,0.000000
2055,0,0x110,STD,8,2026-01-28T18:41:51.190233,03 00 01 00 00 00 00 00,03000100,0.000000
2056,0,0x10F,STD,8,2026-01-28T18:41:51.190233,03 00 02 00 31 76 49 41,03000200,0.000000
2057,0,0x110,STD,8,2026-01-28T18:41:51.191233,03 00 02 00 31 76 49 41,03000200,0.000000
2058,0,0x110,STD,8,2026-01-28T18:41:51.215238,03 00 03 00 0E 4A 84 48,03000300,0.000000
2059,0,0x10F,STD,8,2026-01-28T18:41:51.272251,03 00 03 00 F9 6B 06 3D,03000300,0.000000
2060,0,0x110,STD,8,2026-01-28T18:41:51.296257,03 00 03 00 95 FC E3 48,03000300,0.000000
2061,0,0x10F,STD,8,2026-01-28T18:41:51.353269,03 00 03 00 51 EE 85 3D,03000300,0.000000
2062,0,0x110,STD,8,2026-01-28T18:41:51.376778,03 00 03 00 87 AD 86 48,03000300,0.000000
2063,0,0x10F,STD,8,2026-01-28T18:41:51.433791,03 00 03 00 19 4B 5B 3D,03000300,0.000000
2064,0,0x110,STD,8,2026-01-28T18:41:51.457796,03 00 03 00 30 3E E3 47,03000300,0.000000
2065,0,0x10F,STD,8,2026-01-28T18:41:51.503806,03 00 03 00 E9 F3 0B 3D,03000300,0.000000
2066,0,0x110,STD,8,2026-01-28T18:41:51.527812,03 00 03 00 D2 6D 88 48,03000300,0.000000
2067,0,0x10F,STD,8,2026-01-28T18:41:51.584825,03 00 03 00 BA F8 5D 3D,03000300,0.000000
2068,0,0x110,STD,8,2026-01-28T18:41:51.608830,03 00 03 00 65 72 FF 47,03000300,0.000000
2069,0,0x10F,STD,8,2026-01-28T18:41:51.665843,03 00 03 00 4D 02 DB 3C,03000300,0.000000
2070,0,0x110,STD,8,2026-01-28T18:41:51.689848,03 00 03 00 4D 89 97 48,03000300,0.000000
2071,0,0x10F,STD,8,2026-01-28T18:41:51.746861,03 00 03 00 5A 4A 51 3D,03000300,0.000000
2072,0,0x110,STD,8,2026-01-28T18:41:51.770867,03 00 03 00 0B 0A 8F 48,03000300,0.000000
2073,0,0x10F,STD,8,2026-01-28T18:41:51.827879,03 00 03 00 22 25 25 3D,03000300,0.000000
2074,0,0x110,STD,8,2026-01-28T18:41:51.851885,03 00 03 00 72 B3 87 48,03000300,0.000000
2075,0,0x10F,STD,8,2026-01-28T18:41:51.908898,03 00 03 00 B7 93 41 3D,03000300,0.000000
2076,0,0x110,STD,8,2026-01-28T18:41:51.932903,03 00 03 00 39 D0 8F 48,03000300,0.000000
2077,0,0x10F,STD,8,2026-01-28T18:41:51.989916,03 00 03 00 83 39 4B 3D,03000300,0.000000
2078,0,0x110,STD,8,2026-01-28T18:41:52.013921,03 00 03 00 57 63 22 48,03000300,0.000000
2079,0,0x10F,STD,8,2026-01-28T18:41:52.070934,03 00 03 00 EB 39 36 3D,03000300,0.000000
2080,0,0x110,STD,8,2026-01-28T18:41:52.094940,03 00 03 00 F1 ED A4 48,03000300,0.000000
2081,0,0x10F,STD,8,2026-01-28T18:41:52.151952,03 00 03 00 09 CE 61 3D,03000300,0.000000
2082,0,0x110,STD,8,2026-01-28T18:41:52.164955,03 00 03 00 9C 9B A1 48,03000300,0.000000
2083,0,0x10F,STD,8,2026-01-28T18:41:52.221968,03 00 01 00 00 00 00 00,03000100,0.000000
2084,0,0x10F,STD,8,2026-01-28T18:41:52.223968,03 00 01 00 00 00 00 00,03000100,0.000000
2085,0,0x10F,STD,8,2026-01-28T18:41:52.223968,03 00 01 00 00 00 00 00,03000100,0.000000
2086,0,0x10F,STD,8,2026-01-28T18:41:52.223968,03 00 02 00 31 76 49 41,03000200,0.000000
2087,0,0x110,STD,8,2026-01-28T18:41:52.223968,03 00 01 00 00 00 00 00,03000100,0.000000
2088,0,0x110,STD,8,2026-01-28T18:41:52.247973,03 00 03 00 B5 A8 E8 47,03000300,0.000000
2089,0,0x10F,STD,8,2026-01-28T18:41:52.304987,03 00 03 00 DA 30 5E 3D,03000300,0.000000
2090,0,0x110,STD,8,2026-01-28T18:41:52.328992,03 00 03 00 20 62 83 48,03000300,0.000000
2091,0,0x10F,STD,8,2026-01-28T18:41:52.386005,03 00 03 00 90 EA 12 3D,03000300,0.000000
2092,0,0x110,STD,8,2026-01-28T18:41:52.410010,03 00 03 00 26 2B 2D 48,03000300,0.000000
2093,0,0x10F,STD,8,2026-01-28T18:41:52.467023,03 00 03 00 39 AE EB 3C,03000300,0.000000
2094,0,0x110,STD,8,2026-01-28T18:41:52.491029,03 00 03 00 B9 CB 91 48,03000300,0.000000
2095,0,0x10F,STD,8,2026-01-28T18:41:52.548041,03 00 03 00 F4 35 32 3D,03000300,0.000000
2096,0,0x110,STD,8,2026-01-28T18:41:52.572047,03 00 03 00 ED 94 9E 48,03000300,0.000000
2097,0,0x10F,STD,8,2026-01-28T18:41:52.629060,03 00 03 00 58 26 E8 3C,03000300,0.000000
2098,0,0x110,STD,8,2026-01-28T18:41:52.653065,03 00 03 00 8F FA C5 47,03000300,0.000000
2099,0,0x10F,STD,8,2026-01-28T18:41:52.698728,03 00 03 00 BE F1 57 3D,03000300,0.000000
2100,0,0x110,STD,8,2026-01-28T18:41:52.722236,03 00 03 00 40 D0 66 48,03000300,0.000000
2101,0,0x10F,STD,8,2026-01-28T18:41:52.779249,03 00 03 00 0C 4D 2B 3D,03000300,0.000000
2102,0,0x110,STD,8,2026-01-28T18:41:52.803254,03 00 03 00 6B EC 4E 48,03000300,0.000000
2103,0,0x10F,STD,8,2026-01-28T18:41:52.859900,03 00 03 00 4A A2 54 3D,03000300,0.000000
2104,0,0x110,STD,8,2026-01-28T18:41:52.883905,03 00 03 00 30 AD AF 48,03000300,0.000000
2105,0,0x10F,STD,8,2026-01-28T18:41:52.940918,03 00 03 00 B8 E4 51 3D,03000300,0.000000
2106,0,0x110,STD,8,2026-01-28T18:41:52.964924,03 00 03 00 FF 47 5A 48,03000300,0.000000
2107,0,0x10F,STD,8,2026-01-28T18:41:53.021936,03 00 03 00 4D 3E 4C 3D,03000300,0.000000
2108,0,0x110,STD,8,2026-01-28T18:41:53.045942,03 00 03 00 0F 9B 18 48,03000300,0.000000
2109,0,0x10F,STD,8,2026-01-28T18:41:53.102955,03 00 03 00 CD 8C 62 3D,03000300,0.000000
2110,0,0x110,STD,8,2026-01-28T18:41:53.126960,03 00 03 00 D3 FA D6 47,03000300,0.000000
2111,0,0x10F,STD,8,2026-01-28T18:41:53.183973,03 00 03 00 31 84 EB 3C,03000300,0.000000
2112,0,0x110,STD,8,2026-01-28T18:41:53.207978,03 00 03 00 9B 64 18 48,03000300,0.000000
2113,0,0x10F,STD,8,2026-01-28T18:41:53.264991,03 00 03 00 3C 1E 38 3D,03000300,0.000000
2114,0,0x110,STD,8,2026-01-28T18:41:53.264991,03 00 02 00 31 76 49 41,03000200,0.000000
2115,0,0x10F,STD,8,2026-01-28T18:41:53.264991,03 00 02 00 A1 65 4B 41,03000200,0.000000
2116,0,0x110,STD,8,2026-01-28T18:41:53.264991,03 00 02 00 A1 65 4B 41,03000200,0.000000
2117,0,0x10F,STD,8,2026-01-28T18:41:53.264991,03 00 01 00 00 00 00 00,03000100,0.000000
2118,0,0x110,STD,8,2026-01-28T18:41:53.288997,03 00 03 00 76 69 18 48,03000300,0.000000
2119,0,0x10F,STD,8,2026-01-28T18:41:53.346009,03 00 03 00 2F 96 01 3D,03000300,0.000000
2120,0,0x110,STD,8,2026-01-28T18:41:53.370015,03 00 03 00 E1 85 80 47,03000300,0.000000
2121,0,0x10F,STD,8,2026-01-28T18:41:53.427028,03 00 03 00 C7 6A 24 3D,03000300,0.000000
2122,0,0x110,STD,8,2026-01-28T18:41:53.451033,03 00 03 00 E0 D8 55 48,03000300,0.000000
2123,0,0x10F,STD,8,2026-01-28T18:41:53.496407,03 00 03 00 5E 0E 3D 3D,03000300,0.000000
2124,0,0x110,STD,8,2026-01-28T18:41:53.520412,03 00 03 00 9F 78 47 48,03000300,0.000000
2125,0,0x10F,STD,8,2026-01-28T18:41:53.577425,03 00 03 00 EA 76 3E 3D,03000300,0.000000
2126,0,0x110,STD,8,2026-01-28T18:41:53.601430,03 00 03 00 34 47 E6 47,03000300,0.000000
2127,0,0x10F,STD,8,2026-01-28T18:41:53.658443,03 00 03 00 7B B4 87 3D,03000300,0.000000
2128,0,0x110,STD,8,2026-01-28T18:41:53.682448,03 00 03 00 03 04 2F 47,03000300,0.000000
2129,0,0x10F,STD,8,2026-01-28T18:41:53.738554,03 00 03 00 3D 52 80 3D,03000300,0.000000
2130,0,0x110,STD,8,2026-01-28T18:41:53.762558,03 00 03 00 AB E1 8E 47,03000300,0.000000
2131,0,0x10F,STD,8,2026-01-28T18:41:53.819572,03 00 03 00 20 2C 9D 3D,03000300,0.000000
2132,0,0x110,STD,8,2026-01-28T18:41:53.843577,03 00 03 00 9C 85 18 48,03000300,0.000000
2133,0,0x10F,STD,8,2026-01-28T18:41:53.899798,03 00 03 00 2C 28 77 3D,03000300,0.000000
2134,0,0x110,STD,8,2026-01-28T18:41:53.923803,03 00 03 00 51 49 99 48,03000300,0.000000
2135,0,0x10F,STD,8,2026-01-28T18:41:53.980816,03 00 03 00 2C E6 98 3D,03000300,0.000000
2136,0,0x110,STD,8,2026-01-28T18:41:54.004822,03 00 03 00 91 1D 5C 48,03000300,0.000000
2137,0,0x10F,STD,8,2026-01-28T18:41:54.061835,03 00 03 00 A8 23 94 3D,03000300,0.000000
2138,0,0x110,STD,8,2026-01-28T18:41:54.085840,03 00 03 00 A5 30 82 48,03000300,0.000000
2139,0,0x10F,STD,8,2026-01-28T18:41:54.142853,03 00 03 00 1B 40 86 3D,03000300,0.000000
2140,0,0x110,STD,8,2026-01-28T18:41:54.166858,03 00 03 00 D6 DB 08 48,03000300,0.000000
2141,0,0x10F,STD,8,2026-01-28T18:41:54.223871,03 00 03 00 8F F8 91 3D,03000300,0.000000
2142,0,0x110,STD,8,2026-01-28T18:41:54.247356,03 00 03 00 2C 8C A7 48,03000300,0.000000
2143,0,0x10F,STD,8,2026-01-28T18:41:54.304369,03 00 03 00 C8 5E 5A 3D,03000300,0.000000
2144,0,0x110,STD,8,2026-01-28T18:41:54.317372,03 00 01 00 00 00 00 00,03000100,0.000000
2145,0,0x10F,STD,8,2026-01-28T18:41:54.317372,03 00 02 00 3A 28 3D 41,03000200,0.000000
2146,0,0x110,STD,8,2026-01-28T18:41:54.317372,03 00 02 00 3A 28 3D 41,03000200,0.000000
2147,0,0x10F,STD,8,2026-01-28T18:41:54.317372,03 00 01 00 00 00 00 00,03000100,0.000000
2148,0,0x110,STD,8,2026-01-28T18:41:54.319372,03 00 03 00 50 5B FD 47,03000300,0.000000
2149,0,0x10F,STD,8,2026-01-28T18:41:54.376385,03 00 03 00 B9 53 8D 3D,03000300,0.000000
2150,0,0x110,STD,8,2026-01-28T18:41:54.400391,03 00 03 00 FA 0B 00 48,03000300,0.000000
2151,0,0x10F,STD,8,2026-01-28T18:41:54.457403,03 00 03 00 16 A3 37 3D,03000300,0.000000
2152,0,0x110,STD,8,2026-01-28T18:41:54.481409,03 00 03 00 5B 5B 67 48,03000300,0.000000
2153,0,0x10F,STD,8,2026-01-28T18:41:54.538422,03 00 03 00 53 0C 6D 3D,03000300,0.000000
2154,0,0x110,STD,8,2026-01-28T18:41:54.562427,03 00 03 00 15 A5 05 48,03000300,0.000000
2155,0,0x10F,STD,8,2026-01-28T18:41:54.619440,03 00 03 00 85 BA 66 3D,03000300,0.000000
2156,0,0x110,STD,8,2026-01-28T18:41:54.643445,03 00 03 00 A5 31 46 48,03000300,0.000000
2157,0,0x10F,STD,8,2026-01-28T18:41:54.699771,03 00 03 00 68 84 38 3D,03000300,0.000000
2158,0,0x110,STD,8,2026-01-28T18:41:54.723776,03 00 03 00 3E 42 79 48,03000300,0.000000
2159,0,0x10F,STD,8,2026-01-28T18:41:54.780789,03 00 03 00 07 5E 76 3D,03000300,0.000000
2160,0,0x110,STD,8,2026-01-28T18:41:54.804795,03 00 03 00 E9 43 05 48,03000300,0.000000
2161,0,0x10F,STD,8,2026-01-28T18:41:54.861808,03 00 03 00 9D BF 05 3D,03000300,0.000000
2162,0,0x110,STD,8,2026-01-28T18:41:54.874810,03 00 03 00 B3 AE AC 48,03000300,0.000000
2163,0,0x10F,STD,8,2026-01-28T18:41:54.931839,03 00 03 00 A8 77 55 3D,03000300,0.000000
2164,0,0x110,STD,8,2026-01-28T18:41:54.955844,03 00 03 00 BF 04 4B 48,03000300,0.000000
2165,0,0x10F,STD,8,2026-01-28T18:41:55.012842,03 00 03 00 6E 00 28 3D,03000300,0.000000
2166,0,0x110,STD,8,2026-01-28T18:41:55.036847,03 00 03 00 06 F9 FF 47,03000300,0.000000
2167,0,0x10F,STD,8,2026-01-28T18:41:55.093860,03 00 03 00 B6 2E 18 3D,03000300,0.000000
2168,0,0x110,STD,8,2026-01-28T18:41:55.117865,03 00 03 00 66 3F 0B 48,03000300,0.000000
2169,0,0x10F,STD,8,2026-01-28T18:41:55.174878,03 00 03 00 62 18 5E 3D,03000300,0.000000
2170,0,0x110,STD,8,2026-01-28T18:41:55.198883,03 00 03 00 A3 43 D3 47,03000300,0.000000
2171,0,0x10F,STD,8,2026-01-28T18:41:55.255896,03 00 03 00 3E 3C E0 3C,03000300,0.000000
2172,0,0x110,STD,8,2026-01-28T18:41:55.279902,03 00 03 00 A5 E7 C3 47,03000300,0.000000
2173,0,0x10F,STD,8,2026-01-28T18:41:55.336914,03 00 03 00 DD 5A 5C 3D,03000300,0.000000
2174,0,0x110,STD,8,2026-01-28T18:41:55.360920,03 00 03 00 37 BC 23 48,03000300,0.000000
2175,0,0x110,STD,8,2026-01-28T18:41:55.360920,03 00 01 00 00 00 00 00,03000100,0.000000
2176,0,0x10F,STD,8,2026-01-28T18:41:55.360920,03 00 02 00 B2 36 4B 41,03000200,0.000000
2177,0,0x110,STD,8,2026-01-28T18:41:55.360920,03 00 02 00 B2 36 4B 41,03000200,0.000000
2178,0,0x10F,STD,8,2026-01-28T18:41:55.360920,03 00 01 00 00 00 00 00,03000100,0.000000
2179,0,0x10F,STD,8,2026-01-28T18:41:55.418933,03 00 03 00 0C CC D6 3C,03000300,0.000000
2180,0,0x110,STD,8,2026-01-28T18:41:55.442817,03 00 03 00 B2 E9 0D 48,03000300,0.000000
2181,0,0x10F,STD,8,2026-01-28T18:41:55.499831,03 00 03 00 00 D3 09 3D,03000300,0.000000
2182,0,0x110,STD,8,2026-01-28T18:41:55.512834,03 00 03 00 57 9F 53 48,03000300,0.000000
2183,0,0x10F,STD,8,2026-01-28T18:41:55.569847,03 00 03 00 08 ED 2E 3D,03000300,0.000000
2184,0,0x110,STD,8,2026-01-28T18:41:55.593852,03 00 03 00 3F BB 0F 48,03000300,0.000000
2185,0,0x10F,STD,8,2026-01-28T18:41:55.650825,03 00 03 00 CE 3F A6 3C,03000300,0.000000
2186,0,0x110,STD,8,2026-01-28T18:41:55.674830,03 00 03 00 C9 03 43 48,03000300,0.000000
2187,0,0x10F,STD,8,2026-01-28T18:41:55.731843,03 00 03 00 01 EE 2D 3D,03000300,0.000000
2188,0,0x110,STD,8,2026-01-28T18:41:55.755353,03 00 03 00 5B 71 84 48,03000300,0.000000
2189,0,0x10F,STD,8,2026-01-28T18:41:55.812365,03 00 03 00 8B 64 16 3D,03000300,0.000000
2190,0,0x110,STD,8,2026-01-28T18:41:55.836370,03 00 03 00 B3 FB 55 48,03000300,0.000000
2191,0,0x10F,STD,8,2026-01-28T18:41:55.893383,03 00 03 00 F4 40 04 3D,03000300,0.000000
2192,0,0x110,STD,8,2026-01-28T18:41:55.917389,03 00 03 00 62 8E 0E 48,03000300,0.000000
2193,0,0x10F,STD,8,2026-01-28T18:41:55.974402,03 00 03 00 7A 66 32 3D,03000300,0.000000
2194,0,0x110,STD,8,2026-01-28T18:41:55.998407,03 00 03 00 1C F4 45 48,03000300,0.000000
2195,0,0x10F,STD,8,2026-01-28T18:41:56.055224,03 00 03 00 CC 6B 21 3D,03000300,0.000000
2196,0,0x110,STD,8,2026-01-28T18:41:56.079229,03 00 03 00 17 65 03 48,03000300,0.000000
2197,0,0x10F,STD,8,2026-01-28T18:41:56.136242,03 00 03 00 FC BA 42 3D,03000300,0.000000
2198,0,0x110,STD,8,2026-01-28T18:41:56.160247,03 00 03 00 40 8D 27 48,03000300,0.000000
2199,0,0x10F,STD,8,2026-01-28T18:41:56.206258,03 00 03 00 DA F2 40 3D,03000300,0.000000
2200,0,0x110,STD,8,2026-01-28T18:41:56.230263,03 00 03 00 3F EE E3 47,03000300,0.000000
2201,0,0x10F,STD,8,2026-01-28T18:41:56.287276,03 00 03 00 94 84 1C 3D,03000300,0.000000
2202,0,0x110,STD,8,2026-01-28T18:41:56.311282,03 00 03 00 21 13 91 48,03000300,0.000000
2203,0,0x10F,STD,8,2026-01-28T18:41:56.368294,03 00 03 00 D9 50 48 3D,03000300,0.000000
2204,0,0x110,STD,8,2026-01-28T18:41:56.392300,03 00 03 00 8C 1F 55 48,03000300,0.000000
2205,0,0x110,STD,8,2026-01-28T18:41:56.405303,03 00 01 00 00 00 00 00,03000100,0.000000
2206,0,0x10F,STD,8,2026-01-28T18:41:56.405303,03 00 01 00 00 00 00 00,03000100,0.000000
2207,0,0x110,STD,8,2026-01-28T18:41:56.405303,03 00 02 00 99 81 30 41,03000200,0.000000
2208,0,0x110,STD,8,2026-01-28T18:41:56.405303,03 00 01 00 00 00 00 00,03000100,0.000000
2209,0,0x10F,STD,8,2026-01-28T18:41:56.451313,03 00 03 00 B9 1D 55 3D,03000300,0.000000
2210,0,0x110,STD,8,2026-01-28T18:41:56.474912,03 00 03 00 0D 6A B7 48,03000300,0.000000
2211,0,0x10F,STD,8,2026-01-28T18:41:56.531427,03 00 03 00 19 97 FB 3C,03000300,0.000000
2212,0,0x110,STD,8,2026-01-28T18:41:56.555432,03 00 03 00 E1 BD A6 48,03000300,0.000000
2213,0,0x10F,STD,8,2026-01-28T18:41:56.611689,03 00 03 00 B8 E5 7B 3D,03000300,0.000000
2214,0,0x110,STD,8,2026-01-28T18:41:56.635695,03 00 03 00 77 7A 0C 48,03000300,0.000000
2215,0,0x10F,STD,8,2026-01-28T18:41:56.691964,03 00 03 00 9A 3C 58 3D,03000300,0.000000
2216,0,0x110,STD,8,2026-01-28T18:41:56.715970,03 00 03 00 AD 83 33 48,03000300,0.000000
2217,0,0x10F,STD,8,2026-01-28T18:41:56.772982,03 00 03 00 09 1A 43 3D,03000300,0.000000
2218,0,0x110,STD,8,2026-01-28T18:41:56.796988,03 00 03 00 12 DB 54 48,03000300,0.000000
2219,0,0x10F,STD,8,2026-01-28T18:41:56.854001,03 00 03 00 3E 20 97 3D,03000300,0.000000
2220,0,0x110,STD,8,2026-01-28T18:41:56.878006,03 00 03 00 39 62 8B 48,03000300,0.000000
2221,0,0x10F,STD,8,2026-01-28T18:41:56.924016,03 00 03 00 3E A9 14 3D,03000300,0.000000
2222,0,0x110,STD,8,2026-01-28T18:41:56.959024,03 00 03 00 16 12 15 48,03000300,0.000000
2223,0,0x10F,STD,8,2026-01-28T18:41:57.005035,03 00 03 00 68 16 88 3D,03000300,0.000000
2224,0,0x110,STD,8,2026-01-28T18:41:57.029040,03 00 03 00 10 8B 90 48,03000300,0.000000
2225,0,0x10F,STD,8,2026-01-28T18:41:57.086053,03 00 03 00 1F FF 59 3D,03000300,0.000000
2226,0,0x110,STD,8,2026-01-28T18:41:57.110058,03 00 03 00 9D FE 84 48,03000300,0.000000
2227,0,0x10F,STD,8,2026-01-28T18:41:57.167071,03 00 03 00 4C 27 1D 3D,03000300,0.000000
2228,0,0x110,STD,8,2026-01-28T18:41:57.191077,03 00 03 00 3C AE 56 48,03000300,0.000000
2229,0,0x10F,STD,8,2026-01-28T18:41:57.248089,03 00 03 00 DC 64 9D 3D,03000300,0.000000
2230,0,0x110,STD,8,2026-01-28T18:41:57.272094,03 00 03 00 7E 09 B5 48,03000300,0.000000
2231,0,0x10F,STD,8,2026-01-28T18:41:57.328610,03 00 03 00 15 D0 24 3D,03000300,0.000000
2232,0,0x110,STD,8,2026-01-28T18:41:57.352616,03 00 03 00 80 80 D0 47,03000300,0.000000
2233,0,0x10F,STD,8,2026-01-28T18:41:57.409628,03 00 03 00 02 D6 7D 3D,03000300,0.000000
2234,0,0x110,STD,8,2026-01-28T18:41:57.433634,03 00 03 00 E2 04 54 48,03000300,0.000000
2235,0,0x10F,STD,8,2026-01-28T18:41:57.446637,03 00 02 00 99 81 30 41,03000200,0.000000
2236,0,0x10F,STD,8,2026-01-28T18:41:57.448637,03 00 02 00 08 C1 45 41,03000200,0.000000
2237,0,0x10F,STD,8,2026-01-28T18:41:57.448637,03 00 01 00 00 00 00 00,03000100,0.000000
2238,0,0x110,STD,8,2026-01-28T18:41:57.448637,03 00 02 00 08 C1 45 41,03000200,0.000000
2239,0,0x10F,STD,8,2026-01-28T18:41:57.483645,03 00 03 00 C0 22 28 3D,03000300,0.000000
2240,0,0x110,STD,8,2026-01-28T18:41:57.507651,03 00 03 00 FD 24 85 48,03000300,0.000000
2241,0,0x10F,STD,8,2026-01-28T18:41:57.563760,03 00 03 00 BE CF 01 3D,03000300,0.000000
2242,0,0x110,STD,8,2026-01-28T18:41:57.587765,03 00 03 00 B0 32 FD 47,03000300,0.000000
2243,0,0x10F,STD,8,2026-01-28T18:41:57.644778,03 00 03 00 63 7C FD 3C,03000300,0.000000
2244,0,0x110,STD,8,2026-01-28T18:41:57.668783,03 00 03 00 F3 42 0B 48,03000300,0.000000
2245,0,0x10F,STD,8,2026-01-28T18:41:57.725148,03 00 03 00 AB FC E9 3C,03000300,0.000000
2246,0,0x110,STD,8,2026-01-28T18:41:57.749154,03 00 03 00 1D 99 15 48,03000300,0.000000
2247,0,0x10F,STD,8,2026-01-28T18:41:57.806167,03 00 03 00 DD A7 16 3D,03000300,0.000000
2248,0,0x110,STD,8,2026-01-28T18:41:57.830172,03 00 03 00 66 48 6E 48,03000300,0.000000
2249,0,0x10F,STD,8,2026-01-28T18:41:57.887185,03 00 03 00 0E 11 21 3D,03000300,0.000000
2250,0,0x110,STD,8,2026-01-28T18:41:57.911190,03 00 03 00 10 3A A3 47,03000300,0.000000
2251,0,0x10F,STD,8,2026-01-28T18:41:57.968203,03 00 03 00 BE E1 6C 3D,03000300,0.000000
2252,0,0x110,STD,8,2026-01-28T18:41:57.992209,03 00 03 00 7E FF 41 48,03000300,0.000000
2253,0,0x10F,STD,8,2026-01-28T18:41:58.049222,03 00 03 00 24 D3 3A 3D,03000300,0.000000
2254,0,0x110,STD,8,2026-01-28T18:41:58.073227,03 00 03 00 2D B0 87 48,03000300,0.000000
2255,0,0x10F,STD,8,2026-01-28T18:41:58.119236,03 00 03 00 E7 77 82 3D,03000300,0.000000
2256,0,0x110,STD,8,2026-01-28T18:41:58.143243,03 00 03 00 E1 42 E1 47,03000300,0.000000
2257,0,0x10F,STD,8,2026-01-28T18:41:58.200255,03 00 03 00 76 76 61 3D,03000300,0.000000
2258,0,0x110,STD,8,2026-01-28T18:41:58.224261,03 00 03 00 3C C0 32 48,03000300,0.000000
2259,0,0x10F,STD,8,2026-01-28T18:41:58.281274,03 00 03 00 7C 42 40 3D,03000300,0.000000
2260,0,0x110,STD,8,2026-01-28T18:41:58.305279,03 00 03 00 5F 37 68 48,03000300,0.000000
2261,0,0x10F,STD,8,2026-01-28T18:41:58.362291,03 00 03 00 AA 1C 82 3D,03000300,0.000000
2262,0,0x110,STD,8,2026-01-28T18:41:58.385799,03 00 03 00 63 6A C1 48,03000300,0.000000
2263,0,0x10F,STD,8,2026-01-28T18:41:58.442812,03 00 03 00 E1 7B E7 3C,03000300,0.000000
2264,0,0x110,STD,8,2026-01-28T18:41:58.466816,03 00 03 00 21 C9 F9 48,03000300,0.000000
2265,0,0x110,STD,8,2026-01-28T18:41:58.501825,03 00 01 00 00 00 00 00,03000100,0.000000
2266,0,0x110,STD,8,2026-01-28T18:41:58.501825,03 00 01 00 00 00 00 00,03000100,0.000000
2267,0,0x10F,STD,8,2026-01-28T18:41:58.501825,03 00 02 00 4A F3 38 41,03000200,0.000000
2268,0,0x110,STD,8,2026-01-28T18:41:58.503825,03 00 02 00 4A F3 38 41,03000200,0.000000
2269,0,0x10F,STD,8,2026-01-28T18:41:58.527831,03 00 03 00 54 E2 7E 3D,03000300,0.000000
2270,0,0x110,STD,8,2026-01-28T18:41:58.551836,03 00 03 00 CE C2 BC 48,03000300,0.000000
2271,0,0x10F,STD,8,2026-01-28T18:41:58.597848,03 00 03 00 C7 01 03 3D,03000300,0.000000
2272,0,0x110,STD,8,2026-01-28T18:41:58.621854,03 00 03 00 DF DF 8C 48,03000300,0.000000
2273,0,0x10F,STD,8,2026-01-28T18:41:58.678866,03 00 03 00 48 41 30 3D,03000300,0.000000
2274,0,0x110,STD,8,2026-01-28T18:41:58.702872,03 00 03 00 59 35 59 48,03000300,0.000000
2275,0,0x10F,STD,8,2026-01-28T18:41:58.759885,03 00 03 00 90 2A 3C 3D,03000300,0.000000
2276,0,0x110,STD,8,2026-01-28T18:41:58.783890,03 00 03 00 89 43 11 48,03000300,0.000000
2277,0,0x10F,STD,8,2026-01-28T18:41:58.840903,03 00 03 00 72 2A 36 3D,03000300,0.000000
2278,0,0x110,STD,8,2026-01-28T18:41:58.864909,03 00 03 00 36 0A 96 48,03000300,0.000000
2279,0,0x10F,STD,8,2026-01-28T18:41:58.921921,03 00 03 00 A7 CF 6B 3D,03000300,0.000000
2280,0,0x110,STD,8,2026-01-28T18:41:58.945927,03 00 03 00 8C C1 DE 48,03000300,0.000000
2281,0,0x10F,STD,8,2026-01-28T18:41:59.002940,03 00 03 00 14 35 21 3D,03000300,0.000000
2282,0,0x110,STD,8,2026-01-28T18:41:59.026945,03 00 03 00 F3 62 AB 48,03000300,0.000000
2283,0,0x10F,STD,8,2026-01-28T18:41:59.083957,03 00 03 00 03 67 5D 3D,03000300,0.000000
2284,0,0x110,STD,8,2026-01-28T18:41:59.107963,03 00 03 00 33 FC A9 48,03000300,0.000000
2285,0,0x10F,STD,8,2026-01-28T18:41:59.164976,03 00 03 00 35 E6 3C 3D,03000300,0.000000
2286,0,0x110,STD,8,2026-01-28T18:41:59.188982,03 00 03 00 48 82 BB 47,03000300,0.000000
2287,0,0x10F,STD,8,2026-01-28T18:41:59.245994,03 00 03 00 19 53 18 3D,03000300,0.000000
2288,0,0x110,STD,8,2026-01-28T18:41:59.270000,03 00 03 00 5F A4 85 47,03000300,0.000000
2289,0,0x10F,STD,8,2026-01-28T18:41:59.316010,03 00 03 00 07 D4 52 3D,03000300,0.000000
2290,0,0x110,STD,8,2026-01-28T18:41:59.340015,03 00 03 00 EB 1F 1B 48,03000300,0.000000
2291,0,0x10F,STD,8,2026-01-28T18:41:59.397028,03 00 03 00 73 9E 04 3D,03000300,0.000000
2292,0,0x110,STD,8,2026-01-28T18:41:59.421034,03 00 03 00 66 44 2A 48,03000300,0.000000
2293,0,0x10F,STD,8,2026-01-28T18:41:59.478047,03 00 03 00 C8 FE 40 3D,03000300,0.000000
2294,0,0x110,STD,8,2026-01-28T18:41:59.502052,03 00 03 00 DD 92 85 48,03000300,0.000000
2295,0,0x10F,STD,8,2026-01-28T18:41:59.548062,03 00 01 00 00 00 00 00,03000100,0.000000
2296,0,0x110,STD,8,2026-01-28T18:41:59.550063,03 00 01 00 00 00 00 00,03000100,0.000000
2297,0,0x10F,STD,8,2026-01-28T18:41:59.563066,03 00 02 00 E9 D7 24 41,03000200,0.000000
2298,0,0x110,STD,8,2026-01-28T18:41:59.563066,03 00 02 00 E9 D7 24 41,03000200,0.000000
2299,0,0x10F,STD,8,2026-01-28T18:41:59.563066,03 00 03 00 D5 F9 3D 3D,03000300,0.000000
2300,0,0x110,STD,8,2026-01-28T18:41:59.587071,03 00 03 00 CA 41 21 48,03000300,0.000000
2301,0,0x10F,STD,8,2026-01-28T18:41:59.644084,03 00 03 00 47 04 8C 3D,03000300,0.000000
2302,0,0x110,STD,8,2026-01-28T18:41:59.668089,03 00 03 00 83 61 94 48,03000300,0.000000
2303,0,0x10F,STD,8,2026-01-28T18:41:59.714100,03 00 03 00 EC DD 9B 3D,03000300,0.000000
2304,0,0x110,STD,8,2026-01-28T18:41:59.749108,03 00 03 00 71 AE 9F 48,03000300,0.000000
2305,0,0x10F,STD,8,2026-01-28T18:41:59.795118,03 00 03 00 84 FE 9D 3D,03000300,0.000000
2306,0,0x110,STD,8,2026-01-28T18:41:59.819123,03 00 03 00 CF FC 0C 48,03000300,0.000000
2307,0,0x10F,STD,8,2026-01-28T18:41:59.876136,03 00 03 00 8A AA A3 3D,03000300,0.000000
2308,0,0x110,STD,8,2026-01-28T18:41:59.900142,03 00 03 00 41 4C 75 48,03000300,0.000000
2309,0,0x10F,STD,8,2026-01-28T18:41:59.957155,03 00 03 00 09 38 8A 3D,03000300,0.000000
2310,0,0x110,STD,8,2026-01-28T18:41:59.981160,03 00 03 00 8C BC 0A 48,03000300,0.000000
2311,0,0x10F,STD,8,2026-01-28T18:42:00.038173,03 00 03 00 1F C2 98 3D,03000300,0.000000
2312,0,0x110,STD,8,2026-01-28T18:42:00.061682,03 00 03 00 69 C3 15 48,03000300,0.000000
2313,0,0x10F,STD,8,2026-01-28T18:42:00.118695,03 00 03 00 13 10 61 3D,03000300,0.000000
2314,0,0x110,STD,8,2026-01-28T18:42:00.142203,03 00 03 00 47 6C B6 47,03000300,0.000000
2315,0,0x10F,STD,8,2026-01-28T18:42:00.199217,03 00 03 00 63 21 72 3D,03000300,0.000000
2316,0,0x110,STD,8,2026-01-28T18:42:00.223222,03 00 03 00 FA 9E 45 48,03000300,0.000000
2317,0,0x10F,STD,8,2026-01-28T18:42:00.279739,03 00 03 00 3F 16 45 3D,03000300,0.000000
2318,0,0x110,STD,8,2026-01-28T18:42:00.303744,03 00 03 00 2A 37 88 48,03000300,0.000000
2319,0,0x10F,STD,8,2026-01-28T18:42:00.360757,03 00 03 00 C3 EC 0C 3D,03000300,0.000000
2320,0,0x110,STD,8,2026-01-28T18:42:00.384762,03 00 03 00 8C A1 A3 48,03000300,0.000000
2321,0,0x10F,STD,8,2026-01-28T18:42:00.441775,03 00 03 00 FF F2 37 3D,03000300,0.000000
2322,0,0x110,STD,8,2026-01-28T18:42:00.465781,03 00 03 00 88 73 AA 48,03000300,0.000000
2323,0,0x10F,STD,8,2026-01-28T18:42:00.511791,03 00 03 00 7E 48 A2 3C,03000300,0.000000
2324,0,0x110,STD,8,2026-01-28T18:42:00.535797,03 00 03 00 FF B9 06 49,03000300,0.000000
2325,0,0x10F,STD,8,2026-01-28T18:42:00.592809,03 00 03 00 80 4D 44 3D,03000300,0.000000
2326,0,0x10F,STD,8,2026-01-28T18:42:00.592809,03 00 01 00 00 00 00 00,03000100,0.000000
2327,0,0x10F,STD,8,2026-01-28T18:42:00.592809,03 00 02 00 03 7B 33 41,03000200,0.000000
2328,0,0x110,STD,8,2026-01-28T18:42:00.594810,03 00 02 00 03 7B 33 41,03000200,0.000000
2329,0,0x10F,STD,8,2026-01-28T18:42:00.594810,03 00 01 00 00 00 00 00,03000100,0.000000
2330,0,0x110,STD,8,2026-01-28T18:42:00.618815,03 00 03 00 B8 81 C6 48,03000300,0.000000
2331,0,0x10F,STD,8,2026-01-28T18:42:00.675663,03 00 03 00 8B 6F 2C 3D,03000300,0.000000
2332,0,0x110,STD,8,2026-01-28T18:42:00.699172,03 00 03 00 4C DD 01 48,03000300,0.000000
2333,0,0x10F,STD,8,2026-01-28T18:42:00.755286,03 00 03 00 E5 33 34 3D,03000300,0.000000
2334,0,0x110,STD,8,2026-01-28T18:42:00.779292,03 00 03 00 1C 3A 9B 47,03000300,0.000000
2335,0,0x10F,STD,8,2026-01-28T18:42:00.836304,03 00 03 00 8C DF 7C 3D,03000300,0.000000
2336,0,0x110,STD,8,2026-01-28T18:42:00.859814,03 00 03 00 48 69 99 47,03000300,0.000000
2337,0,0x10F,STD,8,2026-01-28T18:42:00.916827,03 00 03 00 E0 89 4E 3D,03000300,0.000000
2338,0,0x110,STD,8,2026-01-28T18:42:00.940833,03 00 03 00 22 6E 40 48,03000300,0.000000
2339,0,0x10F,STD,8,2026-01-28T18:42:00.997436,03 00 03 00 45 5C 98 3D,03000300,0.000000
2340,0,0x110,STD,8,2026-01-28T18:42:01.021441,03 00 03 00 9F F9 3F 48,03000300,0.000000
2341,0,0x10F,STD,8,2026-01-28T18:42:01.078454,03 00 03 00 76 1D 7A 3D,03000300,0.000000
2342,0,0x110,STD,8,2026-01-28T18:42:01.102460,03 00 03 00 9C 4D 34 48,03000300,0.000000
2343,0,0x10F,STD,8,2026-01-28T18:42:01.148470,03 00 03 00 75 54 8D 3D,03000300,0.000000
2344,0,0x110,STD,8,2026-01-28T18:42:01.172475,03 00 03 00 0F 56 3D 48,03000300,0.000000
2345,0,0x10F,STD,8,2026-01-28T18:42:01.229488,03 00 03 00 76 A6 86 3D,03000300,0.000000
2346,0,0x110,STD,8,2026-01-28T18:42:01.264496,03 00 03 00 31 F2 8B 48,03000300,0.000000
2347,0,0x10F,STD,8,2026-01-28T18:42:01.309915,03 00 03 00 BA CD 3E 3D,03000300,0.000000
2348,0,0x110,STD,8,2026-01-28T18:42:01.333921,03 00 03 00 52 2B 89 48,03000300,0.000000
2349,0,0x10F,STD,8,2026-01-28T18:42:01.390934,03 00 03 00 9C F3 70 3D,03000300,0.000000
2350,0,0x110,STD,8,2026-01-28T18:42:01.414939,03 00 03 00 95 F1 19 49,03000300,0.000000
2351,0,0x10F,STD,8,2026-01-28T18:42:01.471952,03 00 03 00 94 A9 37 3D,03000300,0.000000
2352,0,0x110,STD,8,2026-01-28T18:42:01.495957,03 00 03 00 48 22 CC 48,03000300,0.000000
2353,0,0x10F,STD,8,2026-01-28T18:42:01.552970,03 00 03 00 0E BF 7A 3D,03000300,0.000000
2354,0,0x110,STD,8,2026-01-28T18:42:01.576976,03 00 03 00 2B 37 B9 48,03000300,0.000000
2355,0,0x10F,STD,8,2026-01-28T18:42:01.633988,03 00 03 00 6B FE 5F 3D,03000300,0.000000
2356,0,0x110,STD,8,2026-01-28T18:42:01.635989,03 00 01 00 00 00 00 00,03000100,0.000000
2357,0,0x10F,STD,8,2026-01-28T18:42:01.635989,03 00 01 00 00 00 00 00,03000100,0.000000
2358,0,0x10F,STD,8,2026-01-28T18:42:01.635989,03 00 02 00 EE D9 2B 41,03000200,0.000000
2359,0,0x110,STD,8,2026-01-28T18:42:01.635989,03 00 01 00 00 00 00 00,03000100,0.000000
2360,0,0x110,STD,8,2026-01-28T18:42:01.659994,03 00 03 00 34 2E A9 48,03000300,0.000000
2361,0,0x10F,STD,8,2026-01-28T18:42:01.716629,03 00 03 00 F4 1A 57 3D,03000300,0.000000
2362,0,0x110,STD,8,2026-01-28T18:42:01.740137,03 00 03 00 D1 69 13 48,03000300,0.000000
2363,0,0x10F,STD,8,2026-01-28T18:42:01.786148,03 00 03 00 D4 B3 69 3D,03000300,0.000000
2364,0,0x110,STD,8,2026-01-28T18:42:01.821156,03 00 03 00 0E 70 56 48,03000300,0.000000
2365,0,0x10F,STD,8,2026-01-28T18:42:01.867166,03 00 03 00 C7 1B 1C 3D,03000300,0.000000
2366,0,0x110,STD,8,2026-01-28T18:42:01.891172,03 00 03 00 18 C9 CC 47,03000300,0.000000
2367,0,0x10F,STD,8,2026-01-28T18:42:01.948184,03 00 03 00 C6 27 6E 3D,03000300,0.000000
2368,0,0x110,STD,8,2026-01-28T18:42:01.972189,03 00 03 00 68 3A BB 48,03000300,0.000000
2369,0,0x10F,STD,8,2026-01-28T18:42:02.029203,03 00 03 00 7D AA 23 3D,03000300,0.000000
2370,0,0x110,STD,8,2026-01-28T18:42:02.053207,03 00 03 00 CD 64 9F 48,03000300,0.000000
2371,0,0x10F,STD,8,2026-01-28T18:42:02.109723,03 00 03 00 D8 4E 4B 3D,03000300,0.000000
2372,0,0x110,STD,8,2026-01-28T18:42:02.133728,03 00 03 00 26 72 B7 48,03000300,0.000000
2373,0,0x10F,STD,8,2026-01-28T18:42:02.190741,03 00 03 00 55 60 4F 3D,03000300,0.000000
2374,0,0x110,STD,8,2026-01-28T18:42:02.214747,03 00 03 00 66 7B F5 48,03000300,0.000000
2375,0,0x10F,STD,8,2026-01-28T18:42:02.271760,03 00 03 00 32 21 5D 3D,03000300,0.000000
2376,0,0x110,STD,8,2026-01-28T18:42:02.295765,03 00 03 00 6F D5 B7 48,03000300,0.000000
2377,0,0x10F,STD,8,2026-01-28T18:42:02.352778,03 00 03 00 DC 66 8F 3D,03000300,0.000000
2378,0,0x110,STD,8,2026-01-28T18:42:02.378784,03 00 03 00 8B 29 B9 48,03000300,0.000000
2379,0,0x10F,STD,8,2026-01-28T18:42:02.424794,03 00 03 00 E1 60 3F 3D,03000300,0.000000
2380,0,0x110,STD,8,2026-01-28T18:42:02.448799,03 00 03 00 45 94 97 48,03000300,0.000000
2381,0,0x10F,STD,8,2026-01-28T18:42:02.505812,03 00 03 00 02 D9 96 3D,03000300,0.000000
2382,0,0x110,STD,8,2026-01-28T18:42:02.529818,03 00 03 00 E4 EB 2B 48,03000300,0.000000
2383,0,0x10F,STD,8,2026-01-28T18:42:02.586831,03 00 03 00 78 BE 6F 3D,03000300,0.000000
2384,0,0x110,STD,8,2026-01-28T18:42:02.610836,03 00 03 00 11 86 45 48,03000300,0.000000
2385,0,0x10F,STD,8,2026-01-28T18:42:02.667849,03 00 03 00 F4 9B 7E 3D,03000300,0.000000
2386,0,0x110,STD,8,2026-01-28T18:42:02.691854,03 00 03 00 38 5E 91 48,03000300,0.000000
2387,0,0x110,STD,8,2026-01-28T18:42:02.691854,03 00 02 00 EE D9 2B 41,03000200,0.000000
2388,0,0x110,STD,8,2026-01-28T18:42:02.691854,03 00 01 00 00 00 00 00,03000100,0.000000
2389,0,0x10F,STD,8,2026-01-28T18:42:02.691854,03 00 02 00 A1 3F 2C 41,03000200,0.000000
2390,0,0x110,STD,8,2026-01-28T18:42:02.691854,03 00 02 00 A1 3F 2C 41,03000200,0.000000
2391,0,0x10F,STD,8,2026-01-28T18:42:02.748527,03 00 03 00 8D 64 87 3D,03000300,0.000000
2392,0,0x110,STD,8,2026-01-28T18:42:02.772532,03 00 03 00 73 02 8F 48,03000300,0.000000
2393,0,0x10F,STD,8,2026-01-28T18:42:02.829545,03 00 03 00 10 10 6A 3D,03000300,0.000000
2394,0,0x110,STD,8,2026-01-28T18:42:02.853550,03 00 03 00 57 61 48 48,03000300,0.000000
2395,0,0x10F,STD,8,2026-01-28T18:42:02.910563,03 00 03 00 52 38 8D 3D,03000300,0.000000
2396,0,0x110,STD,8,2026-01-28T18:42:02.934568,03 00 03 00 48 39 86 48,03000300,0.000000
2397,0,0x10F,STD,8,2026-01-28T18:42:02.990836,03 00 03 00 7E FD 47 3D,03000300,0.000000
2398,0,0x110,STD,8,2026-01-28T18:42:03.014192,03 00 03 00 4F 75 24 48,03000300,0.000000
2399,0,0x10F,STD,8,2026-01-28T18:42:03.071205,03 00 03 00 82 A0 9F 3D,03000300,0.000000
2400,0,0x110,STD,8,2026-01-28T18:42:03.095210,03 00 03 00 12 9B 8F 47,03000300,0.000000
2401,0,0x10F,STD,8,2026-01-28T18:42:03.141221,03 00 03 00 D0 4C 61 3D,03000300,0.000000
2402,0,0x110,STD,8,2026-01-28T18:42:03.165226,03 00 03 00 B7 6A C5 47,03000300,0.000000
2403,0,0x10F,STD,8,2026-01-28T18:42:03.222239,03 00 03 00 68 DC 47 3D,03000300,0.000000
2404,0,0x110,STD,8,2026-01-28T18:42:03.246244,03 00 03 00 55 3F 90 47,03000300,0.000000
2405,0,0x10F,STD,8,2026-01-28T18:42:03.302761,03 00 03 00 02 0A 7D 3D,03000300,0.000000
2406,0,0x110,STD,8,2026-01-28T18:42:03.326270,03 00 03 00 34 9E E5 47,03000300,0.000000
2407,0,0x10F,STD,8,2026-01-28T18:42:03.382785,03 00 03 00 24 71 2C 3D,03000300,0.000000
2408,0,0x110,STD,8,2026-01-28T18:42:03.406791,03 00 03 00 06 E9 12 48,03000300,0.000000
2409,0,0x10F,STD,8,2026-01-28T18:42:03.463804,03 00 03 00 2C 51 54 3D,03000300,0.000000
2410,0,0x110,STD,8,2026-01-28T18:42:03.487084,03 00 03 00 DA CD 9E 48,03000300,0.000000
2411,0,0x10F,STD,8,2026-01-28T18:42:03.544097,03 00 03 00 D8 70 0B 3D,03000300,0.000000
2412,0,0x110,STD,8,2026-01-28T18:42:03.567606,03 00 03 00 56 1A 0B 48,03000300,0.000000
2413,0,0x10F,STD,8,2026-01-28T18:42:03.624619,03 00 03 00 79 E8 39 3D,03000300,0.000000
2414,0,0x110,STD,8,2026-01-28T18:42:03.648625,03 00 03 00 B5 16 7C 48,03000300,0.000000
2415,0,0x10F,STD,8,2026-01-28T18:42:03.705638,03 00 03 00 B3 05 3B 3D,03000300,0.000000
2416,0,0x110,STD,8,2026-01-28T18:42:03.729643,03 00 03 00 06 CF B8 48,03000300,0.000000
2417,0,0x10F,STD,8,2026-01-28T18:42:03.731643,03 00 01 00 00 00 00 00,03000100,0.000000
2418,0,0x10F,STD,8,2026-01-28T18:42:03.731643,03 00 01 00 00 00 00 00,03000100,0.000000
2419,0,0x10F,STD,8,2026-01-28T18:42:03.731643,03 00 02 00 E6 F5 38 41,03000200,0.000000
2420,0,0x110,STD,8,2026-01-28T18:42:03.731643,03 00 01 00 00 00 00 00,03000100,0.000000
2421,0,0x10F,STD,8,2026-01-28T18:42:03.788656,03 00 03 00 10 C4 2E 3D,03000300,0.000000
2422,0,0x110,STD,8,2026-01-28T18:42:03.812661,03 00 03 00 94 15 96 48,03000300,0.000000
2423,0,0x10F,STD,8,2026-01-28T18:42:03.869177,03 00 03 00 0E A2 43 3D,03000300,0.000000
2424,0,0x110,STD,8,2026-01-28T18:42:03.893182,03 00 03 00 98 B4 F6 48,03000300,0.000000
2425,0,0x10F,STD,8,2026-01-28T18:42:03.939192,03 00 03 00 A7 21 13 3D,03000300,0.000000
2426,0,0x110,STD,8,2026-01-28T18:42:03.963198,03 00 03 00 C6 E6 C9 48,03000300,0.000000
2427,0,0x10F,STD,8,2026-01-28T18:42:04.020211,03 00 03 00 59 B7 6B 3D,03000300,0.000000
2428,0,0x110,STD,8,2026-01-28T18:42:04.044216,03 00 03 00 16 7C FC 48,03000300,0.000000
2429,0,0x10F,STD,8,2026-01-28T18:42:04.101229,03 00 03 00 F8 57 53 3D,03000300,0.000000
2430,0,0x110,STD,8,2026-01-28T18:42:04.125234,03 00 03 00 86 92 CF 48,03000300,0.000000
2431,0,0x10F,STD,8,2026-01-28T18:42:04.182247,03 00 03 00 37 B4 83 3D,03000300,0.000000
2432,0,0x110,STD,8,2026-01-28T18:42:04.206252,03 00 03 00 4B D5 83 48,03000300,0.000000
2433,0,0x10F,STD,8,2026-01-28T18:42:04.263265,03 00 03 00 FD 46 80 3D,03000300,0.000000
2434,0,0x110,STD,8,2026-01-28T18:42:04.286555,03 00 03 00 74 29 D4 48,03000300,0.000000
2435,0,0x10F,STD,8,2026-01-28T18:42:04.343569,03 00 03 00 E7 F0 96 3D,03000300,0.000000
2436,0,0x110,STD,8,2026-01-28T18:42:04.367574,03 00 03 00 4B CB 87 48,03000300,0.000000
2437,0,0x10F,STD,8,2026-01-28T18:42:04.424587,03 00 03 00 AC A9 99 3D,03000300,0.000000
2438,0,0x110,STD,8,2026-01-28T18:42:04.448592,03 00 03 00 DA 6D BB 47,03000300,0.000000
2439,0,0x10F,STD,8,2026-01-28T18:42:04.505605,03 00 03 00 8C D8 86 3D,03000300,0.000000
2440,0,0x110,STD,8,2026-01-28T18:42:04.529610,03 00 03 00 B2 C1 52 48,03000300,0.000000
2441,0,0x10F,STD,8,2026-01-28T18:42:04.586623,03 00 03 00 4B 67 A6 3D,03000300,0.000000
2442,0,0x110,STD,8,2026-01-28T18:42:04.599626,03 00 03 00 5D 49 23 48,03000300,0.000000
2443,0,0x10F,STD,8,2026-01-28T18:42:04.656639,03 00 03 00 E6 7B 3A 3D,03000300,0.000000
2444,0,0x110,STD,8,2026-01-28T18:42:04.680644,03 00 03 00 AC 25 11 48,03000300,0.000000
2445,0,0x10F,STD,8,2026-01-28T18:42:04.737657,03 00 03 00 18 A0 7C 3D,03000300,0.000000
2446,0,0x110,STD,8,2026-01-28T18:42:04.761663,03 00 03 00 7A B4 44 48,03000300,0.000000
2447,0,0x110,STD,8,2026-01-28T18:42:04.796670,03 00 02 00 E6 F5 38 41,03000200,0.000000
2448,0,0x110,STD,8,2026-01-28T18:42:04.796670,03 00 01 00 00 00 00 00,03000100,0.000000
2449,0,0x10F,STD,8,2026-01-28T18:42:04.796670,03 00 02 00 C5 B7 23 41,03000200,0.000000
2450,0,0x110,STD,8,2026-01-28T18:42:04.796670,03 00 02 00 C5 B7 23 41,03000200,0.000000
2451,0,0x10F,STD,8,2026-01-28T18:42:04.820676,03 00 03 00 F0 5E 2D 3D,03000300,0.000000
2452,0,0x110,STD,8,2026-01-28T18:42:04.844681,03 00 03 00 8F 29 A0 47,03000300,0.000000
2453,0,0x10F,STD,8,2026-01-28T18:42:04.901694,03 00 03 00 1D 00 35 3D,03000300,0.000000
2454,0,0x110,STD,8,2026-01-28T18:42:04.925700,03 00 03 00 29 FB 02 48,03000300,0.000000
2455,0,0x10F,STD,8,2026-01-28T18:42:04.982216,03 00 03 00 C6 3D 5D 3D,03000300,0.000000
2456,0,0x110,STD,8,2026-01-28T18:42:05.006221,03 00 03 00 65 7D C4 47,03000300,0.000000
2457,0,0x10F,STD,8,2026-01-28T18:42:05.063234,03 00 03 00 A7 4F 13 3D,03000300,0.000000
2458,0,0x110,STD,8,2026-01-28T18:42:05.087239,03 00 03 00 01 22 BD 47,03000300,0.000000
2459,0,0x10F,STD,8,2026-01-28T18:42:05.133250,03 00 03 00 64 A2 6B 3D,03000300,0.000000
2460,0,0x110,STD,8,2026-01-28T18:42:05.168257,03 00 03 00 85 28 8C 48,03000300,0.000000
2461,0,0x10F,STD,8,2026-01-28T18:42:05.214268,03 00 03 00 7B 62 14 3D,03000300,0.000000
2462,0,0x110,STD,8,2026-01-28T18:42:05.238273,03 00 03 00 9C D5 45 48,03000300,0.000000
2463,0,0x10F,STD,8,2026-01-28T18:42:05.295286,03 00 03 00 82 B2 6F 3D,03000300,0.000000
2464,0,0x110,STD,8,2026-01-28T18:42:05.319292,03 00 03 00 44 11 7E 48,03000300,0.000000
2465,0,0x10F,STD,8,2026-01-28T18:42:05.376304,03 00 03 00 5F F6 74 3D,03000300,0.000000
2466,0,0x110,STD,8,2026-01-28T18:42:05.400310,03 00 03 00 B1 F2 9F 48,03000300,0.000000
2467,0,0x10F,STD,8,2026-01-28T18:42:05.457323,03 00 03 00 51 38 2F 3D,03000300,0.000000
2468,0,0x110,STD,8,2026-01-28T18:42:05.481328,03 00 03 00 36 A4 B7 48,03000300,0.000000
2469,0,0x10F,STD,8,2026-01-28T18:42:05.538340,03 00 03 00 63 E4 98 3D,03000300,0.000000
2470,0,0x110,STD,8,2026-01-28T18:42:05.562346,03 00 03 00 8C D7 B4 48,03000300,0.000000
2471,0,0x10F,STD,8,2026-01-28T18:42:05.618411,03 00 03 00 5F 09 28 3D,03000300,0.000000
2472,0,0x110,STD,8,2026-01-28T18:42:05.642417,03 00 03 00 01 57 95 48,03000300,0.000000
2473,0,0x10F,STD,8,2026-01-28T18:42:05.699430,03 00 03 00 46 FB 4D 3D,03000300,0.000000
2474,0,0x110,STD,8,2026-01-28T18:42:05.723435,03 00 03 00 33 30 26 48,03000300,0.000000
2475,0,0x10F,STD,8,2026-01-28T18:42:05.780448,03 00 03 00 BC 1C 67 3D,03000300,0.000000
2476,0,0x110,STD,8,2026-01-28T18:42:05.804453,03 00 03 00 27 A0 85 48,03000300,0.000000
2477,0,0x10F,STD,8,2026-01-28T18:42:05.839461,03 00 01 00 00 00 00 00,03000100,0.000000
2478,0,0x10F,STD,8,2026-01-28T18:42:05.839461,03 00 02 00 54 9F 28 41,03000200,0.000000
2479,0,0x10F,STD,8,2026-01-28T18:42:05.839461,03 00 01 00 00 00 00 00,03000100,0.000000
2480,0,0x110,STD,8,2026-01-28T18:42:05.839461,03 00 02 00 54 9F 28 41,03000200,0.000000
2481,0,0x10F,STD,8,2026-01-28T18:42:05.852464,03 00 03 00 5F 1D 19 3D,03000300,0.000000
2482,0,0x110,STD,8,2026-01-28T18:42:05.876469,03 00 03 00 A8 8F 67 48,03000300,0.000000
2483,0,0x10F,STD,8,2026-01-28T18:42:05.933482,03 00 03 00 74 C7 58 3D,03000300,0.000000
2484,0,0x110,STD,8,2026-01-28T18:42:05.957488,03 00 03 00 A4 CA 69 48,03000300,0.000000
2485,0,0x10F,STD,8,2026-01-28T18:42:06.014501,03 00 03 00 4B 5D 78 3D,03000300,0.000000
2486,0,0x110,STD,8,2026-01-28T18:42:06.038506,03 00 03 00 0A 34 3B 48,03000300,0.000000
2487,0,0x10F,STD,8,2026-01-28T18:42:06.095519,03 00 03 00 F9 20 60 3D,03000300,0.000000
2488,0,0x110,STD,8,2026-01-28T18:42:06.119524,03 00 03 00 1E 0F 42 48,03000300,0.000000
2489,0,0x10F,STD,8,2026-01-28T18:42:06.176537,03 00 03 00 28 FF 3C 3D,03000300,0.000000
2490,0,0x110,STD,8,2026-01-28T18:42:06.200542,03 00 03 00 A0 25 23 48,03000300,0.000000
2491,0,0x10F,STD,8,2026-01-28T18:42:06.257555,03 00 03 00 88 60 5D 3D,03000300,0.000000
2492,0,0x110,STD,8,2026-01-28T18:42:06.281561,03 00 03 00 14 1E 89 48,03000300,0.000000
2493,0,0x10F,STD,8,2026-01-28T18:42:06.338574,03 00 03 00 61 D4 1B 3D,03000300,0.000000
2494,0,0x110,STD,8,2026-01-28T18:42:06.362579,03 00 03 00 E3 C6 C6 48,03000300,0.000000
2495,0,0x10F,STD,8,2026-01-28T18:42:06.419591,03 00 03 00 A5 88 65 3D,03000300,0.000000
2496,0,0x110,STD,8,2026-01-28T18:42:06.443597,03 00 03 00 F8 C7 C6 48,03000300,0.000000
2497,0,0x10F,STD,8,2026-01-28T18:42:06.500004,03 00 03 00 4A 3A 8A 3D,03000300,0.000000
2498,0,0x110,STD,8,2026-01-28T18:42:06.524009,03 00 03 00 F4 FD 89 48,03000300,0.000000
2499,0,0x10F,STD,8,2026-01-28T18:42:06.570020,03 00 03 00 60 A4 7B 3D,03000300,0.000000
2500,0,0x110,STD,8,2026-01-28T18:42:06.605027,03 00 03 00 D8 DD 0B 48,03000300,0.000000
2501,0,0x10F,STD,8,2026-01-28T18:42:06.662040,03 00 03 00 6D 88 A4 3D,03000300,0.000000
2502,0,0x110,STD,8,2026-01-28T18:42:06.675043,03 00 03 00 E9 BB 5C 47,03000300,0.000000
2503,0,0x10F,STD,8,2026-01-28T18:42:06.732056,03 00 03 00 7E 87 8E 3D,03000300,0.000000
2504,0,0x110,STD,8,2026-01-28T18:42:06.756061,03 00 03 00 88 AE C0 47,03000300,0.000000
2505,0,0x10F,STD,8,2026-01-28T18:42:06.812578,03 00 03 00 66 80 88 3D,03000300,0.000000
2506,0,0x110,STD,8,2026-01-28T18:42:06.836584,03 00 03 00 D4 A4 12 48,03000300,0.000000
2507,0,0x10F,STD,8,2026-01-28T18:42:06.893597,03 00 03 00 D1 27 6C 3D,03000300,0.000000
2508,0,0x110,STD,8,2026-01-28T18:42:06.893597,03 00 01 00 00 00 00 00,03000100,0.000000
2509,0,0x10F,STD,8,2026-01-28T18:42:06.893597,03 00 02 00 54 9F 28 41,03000200,0.000000
2510,0,0x110,STD,8,2026-01-28T18:42:06.893597,03 00 02 00 54 9F 28 41,03000200,0.000000
2511,0,0x10F,STD,8,2026-01-28T18:42:06.893597,03 00 01 00 00 00 00 00,03000100,0.000000
2512,0,0x110,STD,8,2026-01-28T18:42:06.918602,03 00 03 00 80 5D 67 48,03000300,0.000000
2513,0,0x10F,STD,8,2026-01-28T18:42:06.975615,03 00 03 00 78 5C 0B 3D,03000300,0.000000
2514,0,0x110,STD,8,2026-01-28T18:42:06.999620,03 00 03 00 4F FE 50 48,03000300,0.000000
2515,0,0x10F,STD,8,2026-01-28T18:42:07.056633,03 00 03 00 9D EA 45 3D,03000300,0.000000
2516,0,0x110,STD,8,2026-01-28T18:42:07.080638,03 00 03 00 69 08 85 47,03000300,0.000000
2517,0,0x10F,STD,8,2026-01-28T18:42:07.126649,03 00 03 00 E5 7A FA 3C,03000300,0.000000
2518,0,0x110,STD,8,2026-01-28T18:42:07.150654,03 00 03 00 81 E6 4D 47,03000300,0.000000
2519,0,0x10F,STD,8,2026-01-28T18:42:07.207667,03 00 03 00 D8 3E 16 3D,03000300,0.000000
2520,0,0x110,STD,8,2026-01-28T18:42:07.231673,03 00 03 00 D6 50 5E 48,03000300,0.000000
2521,0,0x10F,STD,8,2026-01-28T18:42:07.288685,03 00 03 00 CF F5 FF 3C,03000300,0.000000
2522,0,0x110,STD,8,2026-01-28T18:42:07.312691,03 00 03 00 0E 9F 95 48,03000300,0.000000
2523,0,0x10F,STD,8,2026-01-28T18:42:07.369704,03 00 03 00 AC CA 21 3D,03000300,0.000000
2524,0,0x110,STD,8,2026-01-28T18:42:07.393709,03 00 03 00 17 B0 62 48,03000300,0.000000
2525,0,0x10F,STD,8,2026-01-28T18:42:07.450722,03 00 03 00 D4 55 0F 3D,03000300,0.000000
2526,0,0x110,STD,8,2026-01-28T18:42:07.474727,03 00 03 00 34 07 DF 48,03000300,0.000000
2527,0,0x10F,STD,8,2026-01-28T18:42:07.531740,03 00 03 00 01 81 2A 3D,03000300,0.000000
2528,0,0x110,STD,8,2026-01-28T18:42:07.555745,03 00 03 00 03 01 82 48,03000300,0.000000
2529,0,0x10F,STD,8,2026-01-28T18:42:07.612759,03 00 03 00 9B FA 1A 3D,03000300,0.000000
2530,0,0x110,STD,8,2026-01-28T18:42:07.636764,03 00 03 00 12 B3 C9 48,03000300,0.000000
2531,0,0x10F,STD,8,2026-01-28T18:42:07.693777,03 00 03 00 F0 28 1E 3D,03000300,0.000000
2532,0,0x110,STD,8,2026-01-28T18:42:07.717782,03 00 03 00 17 17 98 48,03000300,0.000000
2533,0,0x10F,STD,8,2026-01-28T18:42:07.774298,03 00 03 00 22 50 63 3D,03000300,0.000000
2534,0,0x110,STD,8,2026-01-28T18:42:07.798304,03 00 03 00 0F 18 DF 47,03000300,0.000000
2535,0,0x10F,STD,8,2026-01-28T18:42:07.844314,03 00 03 00 22 9C DD 3C,03000300,0.000000
2536,0,0x110,STD,8,2026-01-28T18:42:07.868320,03 00 03 00 E9 29 BF 47,03000300,0.000000
2537,0,0x10F,STD,8,2026-01-28T18:42:07.925333,03 00 03 00 57 E3 65 3D,03000300,0.000000
2538,0,0x110,STD,8,2026-01-28T18:42:07.938335,03 00 01 00 00 00 00 00,03000100,0.000000
2539,0,0x110,STD,8,2026-01-28T18:42:07.938335,03 00 02 00 1A 4B 24 41,03000200,0.000000
2540,0,0x10F,STD,8,2026-01-28T18:42:07.938335,03 00 01 00 00 00 00 00,03000100,0.000000
2541,0,0x110,STD,8,2026-01-28T18:42:07.938335,03 00 01 00 00 00 00 00,03000100,0.000000
2542,0,0x110,STD,8,2026-01-28T18:42:07.951338,03 00 03 00 35 84 7D 48,03000300,0.000000
2543,0,0x10F,STD,8,2026-01-28T18:42:08.008351,03 00 03 00 50 99 34 3D,03000300,0.000000
2544,0,0x110,STD,8,2026-01-28T18:42:08.032357,03 00 03 00 49 6E B9 48,03000300,0.000000
2545,0,0x10F,STD,8,2026-01-28T18:42:08.089369,03 00 03 00 39 57 5E 3D,03000300,0.000000
2546,0,0x110,STD,8,2026-01-28T18:42:08.113374,03 00 03 00 53 54 CF 48,03000300,0.000000
2547,0,0x10F,STD,8,2026-01-28T18:42:08.169889,03 00 03 00 2C 07 7C 3D,03000300,0.000000
2548,0,0x110,STD,8,2026-01-28T18:42:08.193894,03 00 03 00 6A CA ED 48,03000300,0.000000
2549,0,0x10F,STD,8,2026-01-28T18:42:08.250412,03 00 03 00 95 BB 34 3D,03000300,0.000000
2550,0,0x110,STD,8,2026-01-28T18:42:08.274417,03 00 03 00 76 8B 85 48,03000300,0.000000
2551,0,0x10F,STD,8,2026-01-28T18:42:08.331430,03 00 03 00 4C 3C 92 3D,03000300,0.000000
2552,0,0x110,STD,8,2026-01-28T18:42:08.355436,03 00 03 00 2F E2 3F 48,03000300,0.000000
2553,0,0x10F,STD,8,2026-01-28T18:42:08.412448,03 00 03 00 44 31 48 3D,03000300,0.000000
2554,0,0x110,STD,8,2026-01-28T18:42:08.436453,03 00 03 00 A9 F5 C6 48,03000300,0.000000
2555,0,0x10F,STD,8,2026-01-28T18:42:08.482464,03 00 03 00 74 82 4B 3D,03000300,0.000000
2556,0,0x110,STD,8,2026-01-28T18:42:08.506469,03 00 03 00 7A 52 F9 48,03000300,0.000000
2557,0,0x10F,STD,8,2026-01-28T18:42:08.562929,03 00 03 00 4A 13 5A 3D,03000300,0.000000
2558,0,0x110,STD,8,2026-01-28T18:42:08.586935,03 00 03 00 BA F3 9A 48,03000300,0.000000
2559,0,0x10F,STD,8,2026-01-28T18:42:08.643949,03 00 03 00 2F DA E0 3C,03000300,0.000000
2560,0,0x110,STD,8,2026-01-28T18:42:08.667953,03 00 03 00 65 68 FC 48,03000300,0.000000
2561,0,0x10F,STD,8,2026-01-28T18:42:08.724015,03 00 03 00 25 E4 44 3D,03000300,0.000000
2562,0,0x110,STD,8,2026-01-28T18:42:08.748020,03 00 03 00 D0 2E 3B 48,03000300,0.000000
2563,0,0x10F,STD,8,2026-01-28T18:42:08.805033,03 00 03 00 78 42 04 3D,03000300,0.000000
2564,0,0x110,STD,8,2026-01-28T18:42:08.829038,03 00 03 00 9D 2A 96 48,03000300,0.000000
2565,0,0x10F,STD,8,2026-01-28T18:42:08.886051,03 00 03 00 55 3E 37 3D,03000300,0.000000
2566,0,0x110,STD,8,2026-01-28T18:42:08.910056,03 00 03 00 C0 BD E4 48,03000300,0.000000
2567,0,0x10F,STD,8,2026-01-28T18:42:08.967070,03 00 03 00 FF B2 13 3D,03000300,0.000000
2568,0,0x110,STD,8,2026-01-28T18:42:08.991075,03 00 03 00 05 06 34 48,03000300,0.000000
2569,0,0x10F,STD,8,2026-01-28T18:42:08.991075,03 00 02 00 1A 4B 24 41,03000200,0.000000
2570,0,0x10F,STD,8,2026-01-28T18:42:08.991075,03 00 02 00 C6 82 22 41,03000200,0.000000
2571,0,0x110,STD,8,2026-01-28T18:42:08.991075,03 00 02 00 C6 82 22 41,03000200,0.000000
2572,0,0x10F,STD,8,2026-01-28T18:42:08.991075,03 00 01 00 00 00 00 00,03000100,0.000000
2573,0,0x10F,STD,8,2026-01-28T18:42:09.048087,03 00 03 00 79 8D F6 3C,03000300,0.000000
2574,0,0x110,STD,8,2026-01-28T18:42:09.072093,03 00 03 00 6F 45 AC 48,03000300,0.000000
2575,0,0x10F,STD,8,2026-01-28T18:42:09.129106,03 00 03 00 84 DC 2B 3D,03000300,0.000000
2576,0,0x110,STD,8,2026-01-28T18:42:09.153111,03 00 03 00 14 D1 9B 48,03000300,0.000000
2577,0,0x10F,STD,8,2026-01-28T18:42:09.209417,03 00 03 00 7F 01 A4 3C,03000300,0.000000
2578,0,0x110,STD,8,2026-01-28T18:42:09.233422,03 00 03 00 1C 28 BA 48,03000300,0.000000
2579,0,0x10F,STD,8,2026-01-28T18:42:09.279433,03 00 03 00 5D 53 45 3D,03000300,0.000000
2580,0,0x110,STD,8,2026-01-28T18:42:09.303438,03 00 03 00 FC D4 F5 48,03000300,0.000000
2581,0,0x10F,STD,8,2026-01-28T18:42:09.360451,03 00 03 00 32 CD 3E 3D,03000300,0.000000
2582,0,0x110,STD,8,2026-01-28T18:42:09.384456,03 00 03 00 DC 4E B1 48,03000300,0.000000
2583,0,0x10F,STD,8,2026-01-28T18:42:09.441010,03 00 03 00 BA 63 47 3D,03000300,0.000000
2584,0,0x110,STD,8,2026-01-28T18:42:09.465016,03 00 03 00 80 F7 D8 48,03000300,0.000000
2585,0,0x10F,STD,8,2026-01-28T18:42:09.522028,03 00 03 00 AA 64 60 3D,03000300,0.000000
2586,0,0x110,STD,8,2026-01-28T18:42:09.546033,03 00 03 00 C3 04 DA 48,03000300,0.000000
2587,0,0x10F,STD,8,2026-01-28T18:42:09.602393,03 00 03 00 51 47 40 3D,03000300,0.000000
2588,0,0x110,STD,8,2026-01-28T18:42:09.625421,03 00 03 00 3B FE 5A 48,03000300,0.000000
2589,0,0x10F,STD,8,2026-01-28T18:42:09.682434,03 00 03 00 83 6C 40 3D,03000300,0.000000
2590,0,0x110,STD,8,2026-01-28T18:42:09.705942,03 00 03 00 84 25 B2 48,03000300,0.000000
2591,0,0x10F,STD,8,2026-01-28T18:42:09.762955,03 00 03 00 05 03 0E 3D,03000300,0.000000
2592,0,0x110,STD,8,2026-01-28T18:42:09.786464,03 00 03 00 0C 14 AE 48,03000300,0.000000
2593,0,0x10F,STD,8,2026-01-28T18:42:09.843477,03 00 03 00 C5 B7 4A 3D,03000300,0.000000
2594,0,0x110,STD,8,2026-01-28T18:42:09.866565,03 00 03 00 48 12 5E 48,03000300,0.000000
2595,0,0x10F,STD,8,2026-01-28T18:42:09.923578,03 00 03 00 A9 E7 4A 3D,03000300,0.000000
2596,0,0x110,STD,8,2026-01-28T18:42:09.947088,03 00 03 00 74 79 BF 48,03000300,0.000000
2597,0,0x10F,STD,8,2026-01-28T18:42:10.004101,03 00 03 00 65 C5 86 3D,03000300,0.000000
2598,0,0x110,STD,8,2026-01-28T18:42:10.028106,03 00 03 00 7B F3 2C 48,03000300,0.000000
2599,0,0x110,STD,8,2026-01-28T18:42:10.041109,03 00 01 00 00 00 00 00,03000100,0.000000
2600,0,0x10F,STD,8,2026-01-28T18:42:10.041109,03 00 01 00 00 00 00 00,03000100,0.000000
2601,0,0x110,STD,8,2026-01-28T18:42:10.041109,03 00 01 00 00 00 00 00,03000100,0.000000
2602,0,0x10F,STD,8,2026-01-28T18:42:10.041109,03 00 02 00 71 53 34 41,03000200,0.000000
2603,0,0x10F,STD,8,2026-01-28T18:42:10.087120,03 00 03 00 5E 9B 60 3D,03000300,0.000000
2604,0,0x110,STD,8,2026-01-28T18:42:10.100122,03 00 03 00 70 90 BD 48,03000300,0.000000
2605,0,0x10F,STD,8,2026-01-28T18:42:10.167641,03 00 03 00 0B B5 42 3D,03000300,0.000000
2606,0,0x110,STD,8,2026-01-28T18:42:10.180644,03 00 03 00 4D 83 6C 48,03000300,0.000000
2607,0,0x10F,STD,8,2026-01-28T18:42:10.237657,03 00 03 00 5B 9C 61 3D,03000300,0.000000
2608,0,0x110,STD,8,2026-01-28T18:42:10.261662,03 00 03 00 CA 22 87 48,03000300,0.000000
2609,0,0x10F,STD,8,2026-01-28T18:42:10.318179,03 00 03 00 1E 05 01 3D,03000300,0.000000
2610,0,0x110,STD,8,2026-01-28T18:42:10.342184,03 00 03 00 18 6A 2C 48,03000300,0.000000
2611,0,0x10F,STD,8,2026-01-28T18:42:10.400701,03 00 03 00 3C 52 6B 3D,03000300,0.000000
2612,0,0x110,STD,8,2026-01-28T18:42:10.424707,03 00 03 00 EE 94 65 48,03000300,0.000000
2613,0,0x10F,STD,8,2026-01-28T18:42:10.481719,03 00 03 00 3F 1B 4E 3D,03000300,0.000000
2614,0,0x110,STD,8,2026-01-28T18:42:10.505725,03 00 03 00 AB 5F B5 48,03000300,0.000000
2615,0,0x10F,STD,8,2026-01-28T18:42:10.562241,03 00 03 00 8A 85 32 3D,03000300,0.000000
2616,0,0x110,STD,8,2026-01-28T18:42:10.586246,03 00 03 00 13 32 68 48,03000300,0.000000
2617,0,0x10F,STD,8,2026-01-28T18:42:10.642763,03 00 03 00 DF 88 76 3D,03000300,0.000000
2618,0,0x110,STD,8,2026-01-28T18:42:10.666768,03 00 03 00 B3 BE C4 47,03000300,0.000000
2619,0,0x10F,STD,8,2026-01-28T18:42:10.723285,03 00 03 00 19 4C 11 3D,03000300,0.000000
2620,0,0x110,STD,8,2026-01-28T18:42:10.747290,03 00 03 00 05 C5 56 48,03000300,0.000000
2621,0,0x10F,STD,8,2026-01-28T18:42:10.793300,03 00 03 00 21 05 6B 3D,03000300,0.000000
2622,0,0x110,STD,8,2026-01-28T18:42:10.828308,03 00 03 00 FA B3 31 48,03000300,0.000000
2623,0,0x10F,STD,8,2026-01-28T18:42:10.874319,03 00 03 00 11 9B 14 3D,03000300,0.000000
2624,0,0x110,STD,8,2026-01-28T18:42:10.898324,03 00 03 00 93 89 9B 48,03000300,0.000000
2625,0,0x10F,STD,8,2026-01-28T18:42:10.955337,03 00 03 00 47 6C 31 3D,03000300,0.000000
2626,0,0x110,STD,8,2026-01-28T18:42:10.979343,03 00 03 00 BF 95 0C 49,03000300,0.000000
2627,0,0x10F,STD,8,2026-01-28T18:42:11.036355,03 00 03 00 33 1E 39 3D,03000300,0.000000
2628,0,0x110,STD,8,2026-01-28T18:42:11.060361,03 00 03 00 69 C2 81 48,03000300,0.000000
2629,0,0x110,STD,8,2026-01-28T18:42:11.095368,03 00 02 00 71 53 34 41,03000200,0.000000
2630,0,0x10F,STD,8,2026-01-28T18:42:11.095368,03 00 02 00 BA 84 40 41,03000200,0.000000
2631,0,0x110,STD,8,2026-01-28T18:42:11.095368,03 00 01 00 00 00 00 00,03000100,0.000000
2632,0,0x110,STD,8,2026-01-28T18:42:11.095368,03 00 02 00 BA 84 40 41,03000200,0.000000
2633,0,0x10F,STD,8,2026-01-28T18:42:11.119374,03 00 03 00 ED 31 7D 3D,03000300,0.000000
2634,0,0x110,STD,8,2026-01-28T18:42:11.143379,03 00 03 00 7E 4C BB 48,03000300,0.000000
2635,0,0x10F,STD,8,2026-01-28T18:42:11.200392,03 00 03 00 A2 21 89 3D,03000300,0.000000
2636,0,0x110,STD,8,2026-01-28T18:42:11.224398,03 00 03 00 1A 5E 4D 48,03000300,0.000000
2637,0,0x10F,STD,8,2026-01-28T18:42:11.281410,03 00 03 00 E5 8C 8C 3D,03000300,0.000000
2638,0,0x110,STD,8,2026-01-28T18:42:11.305416,03 00 03 00 F2 9C 0D 48,03000300,0.000000
2639,0,0x10F,STD,8,2026-01-28T18:42:11.351426,03 00 03 00 D0 60 A6 3D,03000300,0.000000
2640,0,0x110,STD,8,2026-01-28T18:42:11.375432,03 00 03 00 55 8F 2A 48,03000300,0.000000
2641,0,0x10F,STD,8,2026-01-28T18:42:11.432445,03 00 03 00 0C C3 6B 3D,03000300,0.000000
2642,0,0x110,STD,8,2026-01-28T18:42:11.456450,03 00 03 00 38 D8 43 48,03000300,0.000000
2643,0,0x10F,STD,8,2026-01-28T18:42:11.513462,03 00 03 00 76 1D BB 3D,03000300,0.000000
2644,0,0x110,STD,8,2026-01-28T18:42:11.537468,03 00 03 00 05 B9 50 48,03000300,0.000000
2645,0,0x10F,STD,8,2026-01-28T18:42:11.594481,03 00 03 00 63 12 7C 3D,03000300,0.000000
2646,0,0x110,STD,8,2026-01-28T18:42:11.618486,03 00 03 00 EB 7C 81 48,03000300,0.000000
2647,0,0x10F,STD,8,2026-01-28T18:42:11.675499,03 00 03 00 AC 4C 94 3D,03000300,0.000000
2648,0,0x110,STD,8,2026-01-28T18:42:11.699505,03 00 03 00 50 45 13 48,03000300,0.000000
2649,0,0x10F,STD,8,2026-01-28T18:42:11.756517,03 00 03 00 44 BB 99 3D,03000300,0.000000
2650,0,0x110,STD,8,2026-01-28T18:42:11.780026,03 00 03 00 0F D2 4F 47,03000300,0.000000
2651,0,0x10F,STD,8,2026-01-28T18:42:11.837040,03 00 03 00 22 E7 2F 3D,03000300,0.000000
2652,0,0x110,STD,8,2026-01-28T18:42:11.861046,03 00 03 00 08 89 96 47,03000300,0.000000
2653,0,0x10F,STD,8,2026-01-28T18:42:11.918058,03 00 03 00 60 5A 97 3D,03000300,0.000000
2654,0,0x110,STD,8,2026-01-28T18:42:11.942064,03 00 03 00 0E F6 32 48,03000300,0.000000
2655,0,0x10F,STD,8,2026-01-28T18:42:11.998328,03 00 03 00 15 A0 26 3D,03000300,0.000000
2656,0,0x110,STD,8,2026-01-28T18:42:12.022333,03 00 03 00 33 CA CF 48,03000300,0.000000
2657,0,0x10F,STD,8,2026-01-28T18:42:12.079346,03 00 03 00 C0 38 B2 3D,03000300,0.000000
2658,0,0x110,STD,8,2026-01-28T18:42:12.103351,03 00 03 00 19 28 B1 48,03000300,0.000000
2659,0,0x10F,STD,8,2026-01-28T18:42:12.127357,03 00 01 00 00 00 00 00,03000100,0.000000
2660,0,0x110,STD,8,2026-01-28T18:42:12.127357,03 00 01 00 00 00 00 00,03000100,0.000000
2661,0,0x10F,STD,8,2026-01-28T18:42:12.127357,03 00 02 00 A6 CE 3E 41,03000200,0.000000
2662,0,0x110,STD,8,2026-01-28T18:42:12.127357,03 00 02 00 A6 CE 3E 41,03000200,0.000000
2663,0,0x10F,STD,8,2026-01-28T18:42:12.151362,03 00 03 00 47 3C 92 3D,03000300,0.000000
2664,0,0x110,STD,8,2026-01-28T18:42:12.175368,03 00 03 00 ED 05 D3 48,03000300,0.000000
2665,0,0x10F,STD,8,2026-01-28T18:42:12.232380,03 00 03 00 EE 9C 92 3D,03000300,0.000000
2666,0,0x110,STD,8,2026-01-28T18:42:12.256386,03 00 03 00 A2 EF 62 48,03000300,0.000000
2667,0,0x10F,STD,8,2026-01-28T18:42:12.313399,03 00 03 00 7B 84 9D 3D,03000300,0.000000
2668,0,0x110,STD,8,2026-01-28T18:42:12.337404,03 00 03 00 76 AC 5E 48,03000300,0.000000
2669,0,0x10F,STD,8,2026-01-28T18:42:12.394417,03 00 03 00 92 9B 45 3D,03000300,0.000000
2670,0,0x110,STD,8,2026-01-28T18:42:12.418422,03 00 03 00 93 91 73 48,03000300,0.000000
2671,0,0x10F,STD,8,2026-01-28T18:42:12.475435,03 00 03 00 CB CA A3 3D,03000300,0.000000
2672,0,0x110,STD,8,2026-01-28T18:42:12.499440,03 00 03 00 B7 06 9E 47,03000300,0.000000
2673,0,0x10F,STD,8,2026-01-28T18:42:12.556453,03 00 03 00 49 6C 11 3D,03000300,0.000000
2674,0,0x110,STD,8,2026-01-28T18:42:12.580459,03 00 03 00 58 BA 47 48,03000300,0.000000
2675,0,0x10F,STD,8,2026-01-28T18:42:12.637472,03 00 03 00 D8 D3 8B 3D,03000300,0.000000
2676,0,0x110,STD,8,2026-01-28T18:42:12.650475,03 00 03 00 DF 93 6E 48,03000300,0.000000
2677,0,0x10F,STD,8,2026-01-28T18:42:12.707487,03 00 03 00 31 EA 14 3D,03000300,0.000000
2678,0,0x110,STD,8,2026-01-28T18:42:12.731493,03 00 03 00 AA 1D D9 47,03000300,0.000000
2679,0,0x10F,STD,8,2026-01-28T18:42:12.788506,03 00 03 00 B0 DD 61 3D,03000300,0.000000
2680,0,0x110,STD,8,2026-01-28T18:42:12.812511,03 00 03 00 26 2C D8 47,03000300,0.000000
2681,0,0x10F,STD,8,2026-01-28T18:42:12.869524,03 00 03 00 5D 01 5A 3D,03000300,0.000000
2682,0,0x110,STD,8,2026-01-28T18:42:12.893529,03 00 03 00 94 05 8A 48,03000300,0.000000
2683,0,0x10F,STD,8,2026-01-28T18:42:12.950542,03 00 03 00 DE 65 2C 3D,03000300,0.000000
2684,0,0x110,STD,8,2026-01-28T18:42:12.974547,03 00 03 00 6B 72 85 48,03000300,0.000000
2685,0,0x10F,STD,8,2026-01-28T18:42:13.031560,03 00 03 00 00 60 86 3D,03000300,0.000000
2686,0,0x110,STD,8,2026-01-28T18:42:13.055566,03 00 03 00 82 BC AF 48,03000300,0.000000
2687,0,0x10F,STD,8,2026-01-28T18:42:13.112579,03 00 03 00 6A 78 4C 3D,03000300,0.000000
2688,0,0x110,STD,8,2026-01-28T18:42:13.136584,03 00 03 00 4A 47 FC 48,03000300,0.000000
2689,0,0x10F,STD,8,2026-01-28T18:42:13.160589,03 00 01 00 00 00 00 00,03000100,0.000000
2690,0,0x10F,STD,8,2026-01-28T18:42:13.160589,03 00 02 00 DE 11 46 41,03000200,0.000000
2691,0,0x110,STD,8,2026-01-28T18:42:13.160589,03 00 02 00 DE 11 46 41,03000200,0.000000
2692,0,0x10F,STD,8,2026-01-28T18:42:13.160589,03 00 01 00 00 00 00 00,03000100,0.000000
2693,0,0x10F,STD,8,2026-01-28T18:42:13.195598,03 00 03 00 9E 62 59 3D,03000300,0.000000
2694,0,0x110,STD,8,2026-01-28T18:42:13.208600,03 00 03 00 F2 08 B3 48,03000300,0.000000
2695,0,0x10F,STD,8,2026-01-28T18:42:13.265278,03 00 03 00 F6 32 2D 3D,03000300,0.000000
2696,0,0x110,STD,8,2026-01-28T18:42:13.300287,03 00 03 00 81 0A 03 49,03000300,0.000000
2697,0,0x10F,STD,8,2026-01-28T18:42:13.346297,03 00 03 00 83 0E 47 3D,03000300,0.000000
2698,0,0x110,STD,8,2026-01-28T18:42:13.370303,03 00 03 00 39 D8 A2 48,03000300,0.000000
2699,0,0x10F,STD,8,2026-01-28T18:42:13.427316,03 00 03 00 CC A0 68 3D,03000300,0.000000
2700,0,0x110,STD,8,2026-01-28T18:42:13.451321,03 00 03 00 96 C7 8D 48,03000300,0.000000
2701,0,0x10F,STD,8,2026-01-28T18:42:13.507839,03 00 03 00 CA E1 36 3D,03000300,0.000000
2702,0,0x110,STD,8,2026-01-28T18:42:13.531095,03 00 03 00 CD A0 8C 48,03000300,0.000000
2703,0,0x10F,STD,8,2026-01-28T18:42:13.588109,03 00 03 00 49 82 63 3D,03000300,0.000000
2704,0,0x110,STD,8,2026-01-28T18:42:13.612114,03 00 03 00 39 01 9C 47,03000300,0.000000
2705,0,0x10F,STD,8,2026-01-28T18:42:13.669127,03 00 03 00 FF 0A 3B 3D,03000300,0.000000
2706,0,0x110,STD,8,2026-01-28T18:42:13.693132,03 00 03 00 B4 08 0E 48,03000300,0.000000
2707,0,0x10F,STD,8,2026-01-28T18:42:13.750145,03 00 03 00 03 7F 69 3D,03000300,0.000000
2708,0,0x110,STD,8,2026-01-28T18:42:13.774151,03 00 03 00 E7 1B A4 47,03000300,0.000000
2709,0,0x10F,STD,8,2026-01-28T18:42:13.830875,03 00 03 00 07 24 0E 3D,03000300,0.000000
2710,0,0x110,STD,8,2026-01-28T18:42:13.854881,03 00 03 00 27 56 1F 48,03000300,0.000000
2711,0,0x10F,STD,8,2026-01-28T18:42:13.911894,03 00 03 00 49 A1 59 3D,03000300,0.000000
2712,0,0x110,STD,8,2026-01-28T18:42:13.935899,03 00 03 00 26 E0 1C 48,03000300,0.000000
2713,0,0x10F,STD,8,2026-01-28T18:42:13.992678,03 00 03 00 EA FE 25 3D,03000300,0.000000
2714,0,0x110,STD,8,2026-01-28T18:42:14.016683,03 00 03 00 5F 38 BF 47,03000300,0.000000
2715,0,0x10F,STD,8,2026-01-28T18:42:14.062694,03 00 03 00 70 B1 35 3D,03000300,0.000000
2716,0,0x110,STD,8,2026-01-28T18:42:14.086203,03 00 03 00 3F 8C 27 48,03000300,0.000000
2717,0,0x10F,STD,8,2026-01-28T18:42:14.143252,03 00 03 00 4F AD 87 3D,03000300,0.000000
2718,0,0x110,STD,8,2026-01-28T18:42:14.167258,03 00 03 00 02 73 5A 48,03000300,0.000000
2719,0,0x110,STD,8,2026-01-28T18:42:14.212940,03 00 01 00 00 00 00 00,03000100,0.000000
2720,0,0x10F,STD,8,2026-01-28T18:42:14.212940,03 00 02 00 3C DB 3F 41,03000200,0.000000
2721,0,0x110,STD,8,2026-01-28T18:42:14.212940,03 00 02 00 3C DB 3F 41,03000200,0.000000
2722,0,0x10F,STD,8,2026-01-28T18:42:14.212940,03 00 01 00 00 00 00 00,03000100,0.000000
2723,0,0x10F,STD,8,2026-01-28T18:42:14.226205,03 00 03 00 5E 3C 31 3D,03000300,0.000000
2724,0,0x110,STD,8,2026-01-28T18:42:14.250210,03 00 03 00 77 37 B8 48,03000300,0.000000
2725,0,0x10F,STD,8,2026-01-28T18:42:14.307223,03 00 03 00 48 FB 89 3D,03000300,0.000000
2726,0,0x110,STD,8,2026-01-28T18:42:14.331228,03 00 03 00 DD 83 93 48,03000300,0.000000
2727,0,0x10F,STD,8,2026-01-28T18:42:14.388241,03 00 03 00 83 14 53 3D,03000300,0.000000
2728,0,0x110,STD,8,2026-01-28T18:42:14.412246,03 00 03 00 E2 A7 90 48,03000300,0.000000
2729,0,0x10F,STD,8,2026-01-28T18:42:14.468762,03 00 03 00 1F 8C 28 3D,03000300,0.000000
2730,0,0x110,STD,8,2026-01-28T18:42:14.492127,03 00 03 00 AD 61 AF 48,03000300,0.000000
2731,0,0x10F,STD,8,2026-01-28T18:42:14.549140,03 00 03 00 6D BD 6A 3D,03000300,0.000000
2732,0,0x110,STD,8,2026-01-28T18:42:14.573145,03 00 03 00 0E 28 9F 48,03000300,0.000000
2733,0,0x10F,STD,8,2026-01-28T18:42:14.619156,03 00 03 00 4A 9A 22 3D,03000300,0.000000
2734,0,0x110,STD,8,2026-01-28T18:42:14.653669,03 00 03 00 21 A5 3C 48,03000300,0.000000
2735,0,0x10F,STD,8,2026-01-28T18:42:14.699679,03 00 03 00 2F 5F 99 3D,03000300,0.000000
2736,0,0x110,STD,8,2026-01-28T18:42:14.734190,03 00 03 00 17 74 CB 47,03000300,0.000000
2737,0,0x10F,STD,8,2026-01-28T18:42:14.779666,03 00 03 00 B0 07 53 3D,03000300,0.000000
2738,0,0x110,STD,8,2026-01-28T18:42:14.803161,03 00 03 00 6C 94 6A 47,03000300,0.000000
2739,0,0x10F,STD,8,2026-01-28T18:42:14.859695,03 00 03 00 61 58 7A 3D,03000300,0.000000
2740,0,0x110,STD,8,2026-01-28T18:42:14.883702,03 00 03 00 92 11 C2 47,03000300,0.000000
2741,0,0x10F,STD,8,2026-01-28T18:42:14.940716,03 00 03 00 03 2F 8C 3D,03000300,0.000000
2742,0,0x110,STD,8,2026-01-28T18:42:14.964721,03 00 03 00 8D E8 20 48,03000300,0.000000
2743,0,0x10F,STD,8,2026-01-28T18:42:15.021237,03 00 03 00 37 42 01 3D,03000300,0.000000
2744,0,0x110,STD,8,2026-01-28T18:42:15.045242,03 00 03 00 BA 8C 1F 48,03000300,0.000000
2745,0,0x10F,STD,8,2026-01-28T18:42:15.102255,03 00 03 00 66 C2 65 3D,03000300,0.000000
2746,0,0x110,STD,8,2026-01-28T18:42:15.126261,03 00 03 00 27 07 D7 47,03000300,0.000000
2747,0,0x10F,STD,8,2026-01-28T18:42:15.183273,03 00 03 00 D9 B4 0F 3D,03000300,0.000000
2748,0,0x110,STD,8,2026-01-28T18:42:15.207279,03 00 03 00 50 20 50 48,03000300,0.000000
2749,0,0x110,STD,8,2026-01-28T18:42:15.253289,03 00 01 00 00 00 00 00,03000100,0.000000
2750,0,0x10F,STD,8,2026-01-28T18:42:15.253289,03 00 01 00 00 00 00 00,03000100,0.000000
2751,0,0x10F,STD,8,2026-01-28T18:42:15.253289,03 00 02 00 B4 8B 2B 41,03000200,0.000000
2752,0,0x110,STD,8,2026-01-28T18:42:15.253289,03 00 01 00 00 00 00 00,03000100,0.000000
2753,0,0x10F,STD,8,2026-01-28T18:42:15.266292,03 00 03 00 95 A1 33 3D,03000300,0.000000
2754,0,0x110,STD,8,2026-01-28T18:42:15.290297,03 00 03 00 41 42 73 48,03000300,0.000000
2755,0,0x10F,STD,8,2026-01-28T18:42:15.346813,03 00 03 00 8B 76 FD 3C,03000300,0.000000
2756,0,0x110,STD,8,2026-01-28T18:42:15.370819,03 00 03 00 AC 4E AB 48,03000300,0.000000
2757,0,0x10F,STD,8,2026-01-28T18:42:15.427636,03 00 03 00 AD 2D 16 3D,03000300,0.000000
2758,0,0x110,STD,8,2026-01-28T18:42:15.451641,03 00 03 00 AF 2A 88 48,03000300,0.000000
2759,0,0x10F,STD,8,2026-01-28T18:42:15.497651,03 00 03 00 B2 93 1A 3D,03000300,0.000000
2760,0,0x110,STD,8,2026-01-28T18:42:15.521657,03 00 03 00 53 F8 20 48,03000300,0.000000
2761,0,0x10F,STD,8,2026-01-28T18:42:15.578670,03 00 03 00 88 6B 38 3D,03000300,0.000000
2762,0,0x110,STD,8,2026-01-28T18:42:15.602675,03 00 03 00 7F 68 45 48,03000300,0.000000
2763,0,0x10F,STD,8,2026-01-28T18:42:15.659688,03 00 03 00 F2 EB 70 3D,03000300,0.000000
2764,0,0x110,STD,8,2026-01-28T18:42:15.683330,03 00 03 00 04 69 2A 48,03000300,0.000000
2765,0,0x10F,STD,8,2026-01-28T18:42:15.740344,03 00 03 00 9E DC 34 3D,03000300,0.000000
2766,0,0x110,STD,8,2026-01-28T18:42:15.764349,03 00 03 00 38 8A E5 47,03000300,0.000000
2767,0,0x10F,STD,8,2026-01-28T18:42:15.821362,03 00 03 00 85 B2 85 3D,03000300,0.000000
2768,0,0x110,STD,8,2026-01-28T18:42:15.845367,03 00 03 00 AB F6 80 47,03000300,0.000000
2769,0,0x10F,STD,8,2026-01-28T18:42:15.902380,03 00 03 00 21 A4 18 3D,03000300,0.000000
2770,0,0x110,STD,8,2026-01-28T18:42:15.927386,03 00 03 00 FB 09 99 47,03000300,0.000000
2771,0,0x10F,STD,8,2026-01-28T18:42:15.978397,03 00 03 00 52 6E 3D 3D,03000300,0.000000
2772,0,0x110,STD,8,2026-01-28T18:42:16.001907,03 00 03 00 3F FD 99 48,03000300,0.000000
2773,0,0x10F,STD,8,2026-01-28T18:42:16.058920,03 00 03 00 A2 B9 7A 3D,03000300,0.000000
2774,0,0x110,STD,8,2026-01-28T18:42:16.082925,03 00 03 00 82 29 E2 48,03000300,0.000000
2775,0,0x10F,STD,8,2026-01-28T18:42:16.139029,03 00 03 00 3C 0C D7 3C,03000300,0.000000
2776,0,0x110,STD,8,2026-01-28T18:42:16.163035,03 00 03 00 7F 86 06 49,03000300,0.000000
2777,0,0x10F,STD,8,2026-01-28T18:42:16.219549,03 00 03 00 D4 6E 5D 3D,03000300,0.000000
2778,0,0x110,STD,8,2026-01-28T18:42:16.243554,03 00 03 00 10 EF 1E 49,03000300,0.000000
2779,0,0x10F,STD,8,2026-01-28T18:42:16.300257,03 00 03 00 2A 23 16 3D,03000300,0.000000
2780,0,0x110,STD,8,2026-01-28T18:42:16.300257,03 00 02 00 B4 8B 2B 41,03000200,0.000000
2781,0,0x110,STD,8,2026-01-28T18:42:16.302259,03 00 01 00 00 00 00 00,03000100,0.000000
2782,0,0x10F,STD,8,2026-01-28T18:42:16.302259,03 00 02 00 05 3A 3E 41,03000200,0.000000
2783,0,0x110,STD,8,2026-01-28T18:42:16.304260,03 00 02 00 05 3A 3E 41,03000200,0.000000
2784,0,0x110,STD,8,2026-01-28T18:42:16.317263,03 00 03 00 8D 84 00 49,03000300,0.000000
2785,0,0x10F,STD,8,2026-01-28T18:42:16.375618,03 00 03 00 18 A6 03 3D,03000300,0.000000
2786,0,0x110,STD,8,2026-01-28T18:42:16.399624,03 00 03 00 85 26 D2 48,03000300,0.000000
2787,0,0x10F,STD,8,2026-01-28T18:42:16.456196,03 00 03 00 C5 6B 48 3D,03000300,0.000000
2788,0,0x110,STD,8,2026-01-28T18:42:16.480201,03 00 03 00 65 32 01 49,03000300,0.000000
2789,0,0x10F,STD,8,2026-01-28T18:42:16.537214,03 00 03 00 15 9C 18 3D,03000300,0.000000
2790,0,0x110,STD,8,2026-01-28T18:42:16.561220,03 00 03 00 D5 85 B5 48,03000300,0.000000
2791,0,0x10F,STD,8,2026-01-28T18:42:16.618233,03 00 03 00 F9 CB 31 3D,03000300,0.000000
2792,0,0x110,STD,8,2026-01-28T18:42:16.642238,03 00 03 00 54 10 C4 48,03000300,0.000000
2793,0,0x10F,STD,8,2026-01-28T18:42:16.698841,03 00 03 00 37 47 22 3D,03000300,0.000000
2794,0,0x110,STD,8,2026-01-28T18:42:16.722847,03 00 03 00 81 2D 9B 48,03000300,0.000000
2795,0,0x10F,STD,8,2026-01-28T18:42:16.779606,03 00 03 00 8C 4C 3A 3D,03000300,0.000000
2796,0,0x110,STD,8,2026-01-28T18:42:16.803611,03 00 03 00 91 D0 77 48,03000300,0.000000
2797,0,0x10F,STD,8,2026-01-28T18:42:16.860625,03 00 03 00 61 CC 25 3D,03000300,0.000000
2798,0,0x110,STD,8,2026-01-28T18:42:16.884630,03 00 03 00 5E FE 83 48,03000300,0.000000
2799,0,0x10F,STD,8,2026-01-28T18:42:16.941145,03 00 03 00 79 E4 43 3D,03000300,0.000000
2800,0,0x110,STD,8,2026-01-28T18:42:16.965150,03 00 03 00 00 5D EA 47,03000300,0.000000
2801,0,0x10F,STD,8,2026-01-28T18:42:17.021177,03 00 03 00 99 11 36 3D,03000300,0.000000
2802,0,0x110,STD,8,2026-01-28T18:42:17.045182,03 00 03 00 23 34 78 48,03000300,0.000000
2803,0,0x10F,STD,8,2026-01-28T18:42:17.091192,03 00 03 00 35 B1 71 3D,03000300,0.000000
2804,0,0x110,STD,8,2026-01-28T18:42:17.115198,03 00 03 00 ED 6D 34 48,03000300,0.000000
2805,0,0x10F,STD,8,2026-01-28T18:42:17.172211,03 00 03 00 96 64 8C 3D,03000300,0.000000
2806,0,0x110,STD,8,2026-01-28T18:42:17.196217,03 00 03 00 1A 26 F7 47,03000300,0.000000
2807,0,0x10F,STD,8,2026-01-28T18:42:17.253229,03 00 03 00 71 AF 3C 3D,03000300,0.000000
2808,0,0x110,STD,8,2026-01-28T18:42:17.282236,03 00 03 00 35 4A 7B 48,03000300,0.000000
2809,0,0x10F,STD,8,2026-01-28T18:42:17.336997,03 00 03 00 2A D1 4E 3D,03000300,0.000000
2810,0,0x10F,STD,8,2026-01-28T18:42:17.336997,03 00 01 00 00 00 00 00,03000100,0.000000
2811,0,0x110,STD,8,2026-01-28T18:42:17.336997,03 00 02 00 2F 1E 2B 41,03000200,0.000000
2812,0,0x10F,STD,8,2026-01-28T18:42:17.336997,03 00 01 00 00 00 00 00,03000100,0.000000
2813,0,0x110,STD,8,2026-01-28T18:42:17.336997,03 00 01 00 00 00 00 00,03000100,0.000000
2814,0,0x110,STD,8,2026-01-28T18:42:17.362002,03 00 03 00 C3 DD CE 48,03000300,0.000000
2815,0,0x10F,STD,8,2026-01-28T18:42:17.419015,03 00 03 00 AF 53 1B 3D,03000300,0.000000
2816,0,0x110,STD,8,2026-01-28T18:42:17.443020,03 00 03 00 FE 41 C9 48,03000300,0.000000
2817,0,0x10F,STD,8,2026-01-28T18:42:17.499537,03 00 03 00 16 DD 26 3D,03000300,0.000000
2818,0,0x110,STD,8,2026-01-28T18:42:17.523542,03 00 03 00 8B 48 9B 48,03000300,0.000000
2819,0,0x10F,STD,8,2026-01-28T18:42:17.569285,03 00 03 00 1A D3 1A 3D,03000300,0.000000
2820,0,0x110,STD,8,2026-01-28T18:42:17.593290,03 00 03 00 06 DB A5 48,03000300,0.000000
2821,0,0x10F,STD,8,2026-01-28T18:42:17.650303,03 00 03 00 AA A0 08 3D,03000300,0.000000
2822,0,0x110,STD,8,2026-01-28T18:42:17.674308,03 00 03 00 DD B8 43 48,03000300,0.000000
2823,0,0x10F,STD,8,2026-01-28T18:42:17.731321,03 00 03 00 32 8B 2D 3D,03000300,0.000000
2824,0,0x110,STD,8,2026-01-28T18:42:17.755326,03 00 03 00 ED 35 2A 48,03000300,0.000000
2825,0,0x10F,STD,8,2026-01-28T18:42:17.811922,03 00 03 00 BE 4E 13 3D,03000300,0.000000
2826,0,0x110,STD,8,2026-01-28T18:42:17.835927,03 00 03 00 47 B5 65 48,03000300,0.000000
2827,0,0x10F,STD,8,2026-01-28T18:42:17.892940,03 00 03 00 9B 3C 48 3D,03000300,0.000000
2828,0,0x110,STD,8,2026-01-28T18:42:17.916945,03 00 03 00 0E F3 C8 47,03000300,0.000000
2829,0,0x10F,STD,8,2026-01-28T18:42:17.973558,03 00 03 00 0A 0F 30 3D,03000300,0.000000
2830,0,0x110,STD,8,2026-01-28T18:42:17.997175,03 00 03 00 2D 61 01 48,03000300,0.000000
2831,0,0x10F,STD,8,2026-01-28T18:42:18.053689,03 00 03 00 36 B1 3F 3D,03000300,0.000000
2832,0,0x110,STD,8,2026-01-28T18:42:18.076892,03 00 03 00 29 E3 47 48,03000300,0.000000
2833,0,0x10F,STD,8,2026-01-28T18:42:18.133408,03 00 03 00 12 8E 6E 3D,03000300,0.000000
2834,0,0x110,STD,8,2026-01-28T18:42:18.157414,03 00 03 00 AA 73 11 48,03000300,0.000000
2835,0,0x10F,STD,8,2026-01-28T18:42:18.214132,03 00 03 00 D0 D6 2A 3D,03000300,0.000000
2836,0,0x110,STD,8,2026-01-28T18:42:18.238137,03 00 03 00 A0 2B 43 48,03000300,0.000000
2837,0,0x10F,STD,8,2026-01-28T18:42:18.294198,03 00 03 00 FA B7 75 3D,03000300,0.000000
2838,0,0x110,STD,8,2026-01-28T18:42:18.318205,03 00 03 00 D6 C0 9D 47,03000300,0.000000
2839,0,0x10F,STD,8,2026-01-28T18:42:18.367215,03 00 03 00 99 0E 1D 3D,03000300,0.000000
2840,0,0x110,STD,8,2026-01-28T18:42:18.391220,03 00 03 00 8B 34 0A 48,03000300,0.000000
2841,0,0x10F,STD,8,2026-01-28T18:42:18.404223,03 00 02 00 2F 1E 2B 41,03000200,0.000000
2842,0,0x10F,STD,8,2026-01-28T18:42:18.404223,03 00 02 00 22 FA 29 41,03000200,0.000000
2843,0,0x110,STD,8,2026-01-28T18:42:18.404223,03 00 02 00 22 FA 29 41,03000200,0.000000
2844,0,0x10F,STD,8,2026-01-28T18:42:18.404223,03 00 01 00 00 00 00 00,03000100,0.000000
2845,0,0x10F,STD,8,2026-01-28T18:42:18.450233,03 00 03 00 A9 16 5F 3D,03000300,0.000000
2846,0,0x110,STD,8,2026-01-28T18:42:18.474238,03 00 03 00 73 9B 6A 48,03000300,0.000000
2847,0,0x10F,STD,8,2026-01-28T18:42:18.531251,03 00 03 00 3F F3 62 3D,03000300,0.000000
2848,0,0x110,STD,8,2026-01-28T18:42:18.555257,03 00 03 00 3E B1 15 48,03000300,0.000000
2849,0,0x10F,STD,8,2026-01-28T18:42:18.612269,03 00 03 00 FB 49 7F 3D,03000300,0.000000
2850,0,0x110,STD,8,2026-01-28T18:42:18.636275,03 00 03 00 88 24 2C 48,03000300,0.000000
2851,0,0x10F,STD,8,2026-01-28T18:42:18.692945,03 00 03 00 93 6F 7D 3D,03000300,0.000000
2852,0,0x110,STD,8,2026-01-28T18:42:18.716950,03 00 03 00 90 E6 91 48,03000300,0.000000
2853,0,0x10F,STD,8,2026-01-28T18:42:18.774049,03 00 03 00 23 1D 3C 3D,03000300,0.000000
2854,0,0x110,STD,8,2026-01-28T18:42:18.798054,03 00 03 00 B8 77 19 48,03000300,0.000000
2855,0,0x10F,STD,8,2026-01-28T18:42:18.855067,03 00 03 00 F4 2B 6D 3D,03000300,0.000000
2856,0,0x110,STD,8,2026-01-28T18:42:18.870070,03 00 03 00 17 67 98 48,03000300,0.000000
2857,0,0x10F,STD,8,2026-01-28T18:42:18.928083,03 00 03 00 F3 3B 14 3D,03000300,0.000000
2858,0,0x110,STD,8,2026-01-28T18:42:18.953089,03 00 03 00 C4 34 E4 48,03000300,0.000000
2859,0,0x10F,STD,8,2026-01-28T18:42:19.010102,03 00 03 00 D2 A6 36 3D,03000300,0.000000
2860,0,0x110,STD,8,2026-01-28T18:42:19.035107,03 00 03 00 C7 E5 61 48,03000300,0.000000
2861,0,0x10F,STD,8,2026-01-28T18:42:19.092716,03 00 03 00 33 5A 61 3D,03000300,0.000000
2862,0,0x110,STD,8,2026-01-28T18:42:19.116722,03 00 03 00 3E 4D 67 48,03000300,0.000000
2863,0,0x10F,STD,8,2026-01-28T18:42:19.163732,03 00 03 00 0D 8A 2C 3D,03000300,0.000000
2864,0,0x110,STD,8,2026-01-28T18:42:19.187738,03 00 03 00 C0 26 52 48,03000300,0.000000
2865,0,0x10F,STD,8,2026-01-28T18:42:19.244751,03 00 03 00 CE EC 53 3D,03000300,0.000000
2866,0,0x110,STD,8,2026-01-28T18:42:19.268756,03 00 03 00 67 47 C3 48,03000300,0.000000
2867,0,0x10F,STD,8,2026-01-28T18:42:19.327769,03 00 03 00 77 CB 1F 3D,03000300,0.000000
2868,0,0x110,STD,8,2026-01-28T18:42:19.352775,03 00 03 00 07 FC B8 48,03000300,0.000000
2869,0,0x10F,STD,8,2026-01-28T18:42:19.410788,03 00 03 00 22 74 70 3D,03000300,0.000000
2870,0,0x110,STD,8,2026-01-28T18:42:19.434793,03 00 03 00 30 D6 06 48,03000300,0.000000
2871,0,0x110,STD,8,2026-01-28T18:42:19.448511,03 00 01 00 00 00 00 00,03000100,0.000000
2872,0,0x10F,STD,8,2026-01-28T18:42:19.450512,03 00 01 00 00 00 00 00,03000100,0.000000
2873,0,0x110,STD,8,2026-01-28T18:42:19.450512,03 00 02 00 AB B0 2A 41,03000200,0.000000
2874,0,0x110,STD,8,2026-01-28T18:42:19.450512,03 00 01 00 00 00 00 00,03000100,0.000000
2875,0,0x10F,STD,8,2026-01-28T18:42:19.485520,03 00 03 00 75 92 51 3D,03000300,0.000000
2876,0,0x110,STD,8,2026-01-28T18:42:19.512526,03 00 03 00 71 87 1E 48,03000300,0.000000
2877,0,0x10F,STD,8,2026-01-28T18:42:19.569539,03 00 03 00 6A 9E 5F 3D,03000300,0.000000
2878,0,0x110,STD,8,2026-01-28T18:42:19.595544,03 00 03 00 EE 85 D3 47,03000300,0.000000
2879,0,0x10F,STD,8,2026-01-28T18:42:19.644555,03 00 03 00 3D 58 8A 3D,03000300,0.000000
2880,0,0x110,STD,8,2026-01-28T18:42:19.669561,03 00 03 00 99 F2 E7 47,03000300,0.000000
2881,0,0x10F,STD,8,2026-01-28T18:42:19.728574,03 00 03 00 CE 0E 62 3D,03000300,0.000000
2882,0,0x110,STD,8,2026-01-28T18:42:19.752580,03 00 03 00 04 45 10 48,03000300,0.000000
2883,0,0x10F,STD,8,2026-01-28T18:42:19.809592,03 00 03 00 00 BA 83 3D,03000300,0.000000
2884,0,0x110,STD,8,2026-01-28T18:42:19.834598,03 00 03 00 E9 FE E1 47,03000300,0.000000
2885,0,0x10F,STD,8,2026-01-28T18:42:19.880609,03 00 03 00 C8 B2 5A 3D,03000300,0.000000
2886,0,0x110,STD,8,2026-01-28T18:42:19.904614,03 00 03 00 17 17 4A 48,03000300,0.000000
2887,0,0x10F,STD,8,2026-01-28T18:42:19.961627,03 00 03 00 DE DD 93 3D,03000300,0.000000
2888,0,0x110,STD,8,2026-01-28T18:42:19.985632,03 00 03 00 AF 05 E0 47,03000300,0.000000
2889,0,0x10F,STD,8,2026-01-28T18:42:20.042645,03 00 03 00 1E 23 7D 3D,03000300,0.000000
2890,0,0x110,STD,8,2026-01-28T18:42:20.067651,03 00 03 00 BF 3E 5D 47,03000300,0.000000
2891,0,0x10F,STD,8,2026-01-28T18:42:20.124663,03 00 03 00 3E 38 61 3D,03000300,0.000000
2892,0,0x110,STD,8,2026-01-28T18:42:20.150670,03 00 03 00 E6 AD B7 47,03000300,0.000000
2893,0,0x10F,STD,8,2026-01-28T18:42:20.207494,03 00 03 00 7E 60 6B 3D,03000300,0.000000
2894,0,0x110,STD,8,2026-01-28T18:42:20.231499,03 00 03 00 FB BB 59 48,03000300,0.000000
2895,0,0x10F,STD,8,2026-01-28T18:42:20.288512,03 00 03 00 5D 73 41 3D,03000300,0.000000
2896,0,0x110,STD,8,2026-01-28T18:42:20.303515,03 00 03 00 D4 9D D8 47,03000300,0.000000
2897,0,0x10F,STD,8,2026-01-28T18:42:20.360528,03 00 03 00 3B C9 5B 3D,03000300,0.000000
2898,0,0x110,STD,8,2026-01-28T18:42:20.384534,03 00 03 00 94 D8 24 48,03000300,0.000000
2899,0,0x10F,STD,8,2026-01-28T18:42:20.443547,03 00 03 00 2A E4 10 3D,03000300,0.000000
2900,0,0x110,STD,8,2026-01-28T18:42:20.467552,03 00 03 00 BE F4 48 48,03000300,0.000000
2901,0,0x10F,STD,8,2026-01-28T18:42:20.491062,03 00 02 00 AB B0 2A 41,03000200,0.000000
2902,0,0x110,STD,8,2026-01-28T18:42:20.491062,03 00 02 00 6E 48 3B 41,03000200,0.000000
2903,0,0x10F,STD,8,2026-01-28T18:42:20.491062,03 00 01 00 00 00 00 00,03000100,0.000000
2904,0,0x110,STD,8,2026-01-28T18:42:20.491062,03 00 01 00 00 00 00 00,03000100,0.000000
2905,0,0x10F,STD,8,2026-01-28T18:42:20.526069,03 00 03 00 4B CE 70 3D,03000300,0.000000
2906,0,0x110,STD,8,2026-01-28T18:42:20.549577,03 00 03 00 80 C6 6B 48,03000300,0.000000
2907,0,0x10F,STD,8,2026-01-28T18:42:20.606590,03 00 03 00 A7 11 59 3D,03000300,0.000000
2908,0,0x110,STD,8,2026-01-28T18:42:20.630100,03 00 03 00 71 85 76 48,03000300,0.000000
2909,0,0x10F,STD,8,2026-01-28T18:42:20.687112,03 00 03 00 8F 8F 44 3D,03000300,0.000000
2910,0,0x110,STD,8,2026-01-28T18:42:20.701116,03 00 03 00 53 DF CE 47,03000300,0.000000
2911,0,0x10F,STD,8,2026-01-28T18:42:20.759355,03 00 03 00 8F 2E 63 3D,03000300,0.000000
2912,0,0x110,STD,8,2026-01-28T18:42:20.783360,03 00 03 00 8C CD 6C 48,03000300,0.000000
2913,0,0x10F,STD,8,2026-01-28T18:42:20.842373,03 00 03 00 BD 42 17 3D,03000300,0.000000
2914,0,0x110,STD,8,2026-01-28T18:42:20.869380,03 00 03 00 34 36 6F 48,03000300,0.000000
2915,0,0x10F,STD,8,2026-01-28T18:42:20.917391,03 00 03 00 AD 20 55 3D,03000300,0.000000
2916,0,0x110,STD,8,2026-01-28T18:42:20.941396,03 00 03 00 9E 00 8B 48,03000300,0.000000
2917,0,0x10F,STD,8,2026-01-28T18:42:20.999409,03 00 03 00 25 2C 02 3D,03000300,0.000000
2918,0,0x110,STD,8,2026-01-28T18:42:21.023415,03 00 03 00 01 CD 6E 48,03000300,0.000000
2919,0,0x10F,STD,8,2026-01-28T18:42:21.080045,03 00 03 00 8A AD 60 3D,03000300,0.000000
2920,0,0x110,STD,8,2026-01-28T18:42:21.104051,03 00 03 00 44 FD F1 47,03000300,0.000000
2921,0,0x10F,STD,8,2026-01-28T18:42:21.161063,03 00 03 00 3F B3 4E 3D,03000300,0.000000
2922,0,0x110,STD,8,2026-01-28T18:42:21.185068,03 00 03 00 1F 45 27 48,03000300,0.000000
2923,0,0x10F,STD,8,2026-01-28T18:42:21.241096,03 00 03 00 84 A9 30 3D,03000300,0.000000
2924,0,0x110,STD,8,2026-01-28T18:42:21.265101,03 00 03 00 33 94 64 48,03000300,0.000000
2925,0,0x10F,STD,8,2026-01-28T18:42:21.321618,03 00 03 00 4D 45 55 3D,03000300,0.000000
2926,0,0x110,STD,8,2026-01-28T18:42:21.345623,03 00 03 00 4B CD 6B 48,03000300,0.000000
2927,0,0x10F,STD,8,2026-01-28T18:42:21.402636,03 00 03 00 EE 96 12 3D,03000300,0.000000
2928,0,0x110,STD,8,2026-01-28T18:42:21.426641,03 00 03 00 FD B3 B4 48,03000300,0.000000
2929,0,0x10F,STD,8,2026-01-28T18:42:21.483654,03 00 03 00 A2 59 5B 3D,03000300,0.000000
2930,0,0x110,STD,8,2026-01-28T18:42:21.507659,03 00 03 00 09 5C F1 48,03000300,0.000000
2931,0,0x10F,STD,8,2026-01-28T18:42:21.531665,03 00 02 00 6E 48 3B 41,03000200,0.000000
2932,0,0x10F,STD,8,2026-01-28T18:42:21.531665,03 00 02 00 8D 2B 30 41,03000200,0.000000
2933,0,0x110,STD,8,2026-01-28T18:42:21.533665,03 00 02 00 8D 2B 30 41,03000200,0.000000
2934,0,0x10F,STD,8,2026-01-28T18:42:21.533665,03 00 01 00 00 00 00 00,03000100,0.000000
2935,0,0x10F,STD,8,2026-01-28T18:42:21.557670,03 00 03 00 A6 8A 4E 3D,03000300,0.000000
2936,0,0x110,STD,8,2026-01-28T18:42:21.581676,03 00 03 00 B4 9B A8 48,03000300,0.000000
2937,0,0x10F,STD,8,2026-01-28T18:42:21.638442,03 00 03 00 24 FE 7F 3D,03000300,0.000000
2938,0,0x110,STD,8,2026-01-28T18:42:21.662448,03 00 03 00 FE A5 1B 48,03000300,0.000000
2939,0,0x10F,STD,8,2026-01-28T18:42:21.719461,03 00 03 00 CE 3B 6E 3D,03000300,0.000000
2940,0,0x110,STD,8,2026-01-28T18:42:21.743466,03 00 03 00 A7 C1 72 48,03000300,0.000000
2941,0,0x10F,STD,8,2026-01-28T18:42:21.800479,03 00 03 00 80 91 19 3D,03000300,0.000000
2942,0,0x110,STD,8,2026-01-28T18:42:21.824485,03 00 03 00 F5 43 15 48,03000300,0.000000
2943,0,0x10F,STD,8,2026-01-28T18:42:21.881438,03 00 03 00 8A CB 7E 3D,03000300,0.000000
2944,0,0x110,STD,8,2026-01-28T18:42:21.904994,03 00 03 00 D7 D5 1B 48,03000300,0.000000
2945,0,0x10F,STD,8,2026-01-28T18:42:21.962008,03 00 03 00 BA 01 18 3D,03000300,0.000000
2946,0,0x110,STD,8,2026-01-28T18:42:21.986014,03 00 03 00 67 60 CA 47,03000300,0.000000
2947,0,0x10F,STD,8,2026-01-28T18:42:22.043026,03 00 03 00 FF 26 26 3D,03000300,0.000000
2948,0,0x110,STD,8,2026-01-28T18:42:22.067032,03 00 03 00 25 9C 90 48,03000300,0.000000
2949,0,0x10F,STD,8,2026-01-28T18:42:22.124045,03 00 03 00 92 20 49 3D,03000300,0.000000
2950,0,0x110,STD,8,2026-01-28T18:42:22.137048,03 00 03 00 7C CC E0 47,03000300,0.000000
2951,0,0x10F,STD,8,2026-01-28T18:42:22.194060,03 00 03 00 F4 22 11 3D,03000300,0.000000
2952,0,0x110,STD,8,2026-01-28T18:42:22.218066,03 00 03 00 0B 03 41 48,03000300,0.000000
2953,0,0x10F,STD,8,2026-01-28T18:42:22.275079,03 00 03 00 63 A9 4C 3D,03000300,0.000000
2954,0,0x110,STD,8,2026-01-28T18:42:22.299084,03 00 03 00 39 87 2A 48,03000300,0.000000
2955,0,0x10F,STD,8,2026-01-28T18:42:22.359098,03 00 03 00 91 60 2B 3D,03000300,0.000000
2956,0,0x110,STD,8,2026-01-28T18:42:22.383103,03 00 03 00 CD 54 9F 47,03000300,0.000000
2957,0,0x10F,STD,8,2026-01-28T18:42:22.439789,03 00 03 00 65 2B 1A 3D,03000300,0.000000
2958,0,0x110,STD,8,2026-01-28T18:42:22.462517,03 00 03 00 93 CC 36 48,03000300,0.000000
2959,0,0x10F,STD,8,2026-01-28T18:42:22.519531,03 00 03 00 E3 27 24 3D,03000300,0.000000
2960,0,0x110,STD,8,2026-01-28T18:42:22.543536,03 00 03 00 62 2D 94 48,03000300,0.000000
2961,0,0x10F,STD,8,2026-01-28T18:42:22.600550,03 00 03 00 EE 13 2C 3D,03000300,0.000000
2962,0,0x110,STD,8,2026-01-28T18:42:22.600550,03 00 01 00 00 00 00 00,03000100,0.000000
2963,0,0x10F,STD,8,2026-01-28T18:42:22.600550,03 00 02 00 F6 5F 4C 41,03000200,0.000000
2964,0,0x110,STD,8,2026-01-28T18:42:22.600550,03 00 02 00 F6 5F 4C 41,03000200,0.000000
2965,0,0x10F,STD,8,2026-01-28T18:42:22.600550,03 00 01 00 00 00 00 00,03000100,0.000000
2966,0,0x110,STD,8,2026-01-28T18:42:22.624555,03 00 03 00 42 92 A0 48,03000300,0.000000
2967,0,0x10F,STD,8,2026-01-28T18:42:22.681007,03 00 03 00 05 FF E3 3C,03000300,0.000000
2968,0,0x110,STD,8,2026-01-28T18:42:22.705012,03 00 03 00 55 55 FF 48,03000300,0.000000
2969,0,0x10F,STD,8,2026-01-28T18:42:22.761155,03 00 03 00 C9 8B 0E 3D,03000300,0.000000
2970,0,0x110,STD,8,2026-01-28T18:42:22.774158,03 00 03 00 71 2D 92 48,03000300,0.000000
2971,0,0x10F,STD,8,2026-01-28T18:42:22.831171,03 00 03 00 85 DE BA 3C,03000300,0.000000
2972,0,0x110,STD,8,2026-01-28T18:42:22.855176,03 00 03 00 83 A0 E9 47,03000300,0.000000
2973,0,0x10F,STD,8,2026-01-28T18:42:22.912423,03 00 03 00 ED 9E F0 3C,03000300,0.000000
2974,0,0x110,STD,8,2026-01-28T18:42:22.936428,03 00 03 00 E5 D7 1B 47,03000300,0.000000
2975,0,0x10F,STD,8,2026-01-28T18:42:22.992449,03 00 03 00 01 82 58 3D,03000300,0.000000
2976,0,0x110,STD,8,2026-01-28T18:42:23.016454,03 00 03 00 BA 68 56 47,03000300,0.000000
2977,0,0x10F,STD,8,2026-01-28T18:42:23.073467,03 00 03 00 37 DE 21 3D,03000300,0.000000
2978,0,0x110,STD,8,2026-01-28T18:42:23.097473,03 00 03 00 2D 92 36 47,03000300,0.000000
2979,0,0x10F,STD,8,2026-01-28T18:42:23.154485,03 00 03 00 E3 FE 76 3D,03000300,0.000000
2980,0,0x110,STD,8,2026-01-28T18:42:23.177993,03 00 03 00 93 E9 0A 48,03000300,0.000000
2981,0,0x10F,STD,8,2026-01-28T18:42:23.234226,03 00 03 00 77 E9 4B 3D,03000300,0.000000
2982,0,0x110,STD,8,2026-01-28T18:42:23.257914,03 00 03 00 59 3B 8A 48,03000300,0.000000
2983,0,0x10F,STD,8,2026-01-28T18:42:23.314928,03 00 03 00 5C 3B 62 3D,03000300,0.000000
2984,0,0x110,STD,8,2026-01-28T18:42:23.338934,03 00 03 00 73 76 1E 48,03000300,0.000000
2985,0,0x10F,STD,8,2026-01-28T18:42:23.394743,03 00 03 00 31 56 79 3D,03000300,0.000000
2986,0,0x110,STD,8,2026-01-28T18:42:23.418749,03 00 03 00 26 E4 91 48,03000300,0.000000
2987,0,0x10F,STD,8,2026-01-28T18:42:23.475027,03 00 03 00 D7 F3 05 3D,03000300,0.000000
2988,0,0x110,STD,8,2026-01-28T18:42:23.499033,03 00 03 00 30 72 E7 48,03000300,0.000000
2989,0,0x10F,STD,8,2026-01-28T18:42:23.556045,03 00 03 00 7B F4 65 3D,03000300,0.000000
2990,0,0x110,STD,8,2026-01-28T18:42:23.579555,03 00 03 00 72 02 C0 48,03000300,0.000000
2991,0,0x10F,STD,8,2026-01-28T18:42:23.636567,03 00 03 00 B9 E0 F4 3C,03000300,0.000000
2992,0,0x110,STD,8,2026-01-28T18:42:23.660076,03 00 03 00 76 1A 9E 48,03000300,0.000000
2993,0,0x110,STD,8,2026-01-28T18:42:23.660076,03 00 01 00 00 00 00 00,03000100,0.000000
2994,0,0x10F,STD,8,2026-01-28T18:42:23.660076,03 00 02 00 F6 5F 4C 41,03000200,0.000000
2995,0,0x10F,STD,8,2026-01-28T18:42:23.660076,03 00 01 00 00 00 00 00,03000100,0.000000
2996,0,0x110,STD,8,2026-01-28T18:42:23.660076,03 00 02 00 F6 5F 4C 41,03000200,0.000000
2997,0,0x10F,STD,8,2026-01-28T18:42:23.717089,03 00 03 00 12 11 34 3D,03000300,0.000000
2998,0,0x110,STD,8,2026-01-28T18:42:23.740780,03 00 03 00 E9 41 7C 48,03000300,0.000000
2999,0,0x10F,STD,8,2026-01-28T18:42:23.797794,03 00 03 00 49 0D 6E 3D,03000300,0.000000
3000,0,0x110,STD,8,2026-01-28T18:42:23.810797,03 00 03 00 8B 35 C8 47,03000300,0.000000
3001,0,0x10F,STD,8,2026-01-28T18:42:23.867810,03 00 03 00 CB D7 29 3D,03000300,0.000000
3002,0,0x110,STD,8,2026-01-28T18:42:23.891815,03 00 03 00 B2 CC 64 47,03000300,0.000000
3003,0,0x10F,STD,8,2026-01-28T18:42:23.948332,03 00 03 00 7C 70 8A 3D,03000300,0.000000
3004,0,0x110,STD,8,2026-01-28T18:42:23.972337,03 00 03 00 73 41 7D 47,03000300,0.000000
3005,0,0x10F,STD,8,2026-01-28T18:42:24.028967,03 00 03 00 E9 1E 4B 3D,03000300,0.000000
3006,0,0x110,STD,8,2026-01-28T18:42:24.052973,03 00 03 00 E7 F2 D3 47,03000300,0.000000
3007,0,0x10F,STD,8,2026-01-28T18:42:24.109986,03 00 03 00 47 A6 76 3D,03000300,0.000000
3008,0,0x110,STD,8,2026-01-28T18:42:24.133539,03 00 03 00 66 7A A4 47,03000300,0.000000
3009,0,0x10F,STD,8,2026-01-28T18:42:24.190142,03 00 03 00 EC 73 38 3D,03000300,0.000000
3010,0,0x110,STD,8,2026-01-28T18:42:24.214148,03 00 03 00 03 C2 BD 47,03000300,0.000000
3011,0,0x10F,STD,8,2026-01-28T18:42:24.271161,03 00 03 00 88 4C 69 3D,03000300,0.000000
3012,0,0x110,STD,8,2026-01-28T18:42:24.295166,03 00 03 00 79 82 ED 47,03000300,0.000000
3013,0,0x10F,STD,8,2026-01-28T18:42:24.351962,03 00 03 00 03 E7 67 3D,03000300,0.000000
3014,0,0x110,STD,8,2026-01-28T18:42:24.378968,03 00 03 00 9C E5 F5 47,03000300,0.000000
3015,0,0x10F,STD,8,2026-01-28T18:42:24.426979,03 00 03 00 DA 72 4A 3D,03000300,0.000000
3016,0,0x110,STD,8,2026-01-28T18:42:24.450984,03 00 03 00 9F 7B 24 48,03000300,0.000000
3017,0,0x10F,STD,8,2026-01-28T18:42:24.507997,03 00 03 00 31 70 75 3D,03000300,0.000000
3018,0,0x110,STD,8,2026-01-28T18:42:24.532002,03 00 03 00 0A BF 87 48,03000300,0.000000
3019,0,0x10F,STD,8,2026-01-28T18:42:24.588519,03 00 03 00 A3 A9 15 3D,03000300,0.000000
3020,0,0x110,STD,8,2026-01-28T18:42:24.612527,03 00 03 00 81 3C 84 48,03000300,0.000000
3021,0,0x10F,STD,8,2026-01-28T18:42:24.668507,03 00 03 00 9C 56 73 3D,03000300,0.000000
3022,0,0x110,STD,8,2026-01-28T18:42:24.692513,03 00 03 00 DB 6D 01 48,03000300,0.000000
3023,0,0x110,STD,8,2026-01-28T18:42:24.692513,03 00 01 00 00 00 00 00,03000100,0.000000
3024,0,0x10F,STD,8,2026-01-28T18:42:24.694513,03 00 02 00 23 55 36 41,03000200,0.000000
3025,0,0x110,STD,8,2026-01-28T18:42:24.694513,03 00 02 00 23 55 36 41,03000200,0.000000
3026,0,0x10F,STD,8,2026-01-28T18:42:24.694513,03 00 01 00 00 00 00 00,03000100,0.000000
3027,0,0x10F,STD,8,2026-01-28T18:42:24.751525,03 00 03 00 C1 A0 5A 3D,03000300,0.000000
3028,0,0x110,STD,8,2026-01-28T18:42:24.775531,03 00 03 00 3B CD 1C 48,03000300,0.000000
3029,0,0x10F,STD,8,2026-01-28T18:42:24.832544,03 00 03 00 25 B0 56 3D,03000300,0.000000
3030,0,0x110,STD,8,2026-01-28T18:42:24.856549,03 00 03 00 14 11 9A 47,03000300,0.000000
3031,0,0x10F,STD,8,2026-01-28T18:42:24.913066,03 00 03 00 01 DB 94 3D,03000300,0.000000
3032,0,0x110,STD,8,2026-01-28T18:42:24.936575,03 00 03 00 9D 50 19 48,03000300,0.000000
3033,0,0x10F,STD,8,2026-01-28T18:42:24.982585,03 00 03 00 F3 88 16 3D,03000300,0.000000
3034,0,0x110,STD,8,2026-01-28T18:42:25.006094,03 00 03 00 C0 C1 9D 47,03000300,0.000000
3035,0,0x10F,STD,8,2026-01-28T18:42:25.063107,03 00 03 00 CF B1 5D 3D,03000300,0.000000
3036,0,0x110,STD,8,2026-01-28T18:42:25.087113,03 00 03 00 89 23 0B 48,03000300,0.000000
3037,0,0x10F,STD,8,2026-01-28T18:42:25.144125,03 00 03 00 FF EC 28 3D,03000300,0.000000
3038,0,0x110,STD,8,2026-01-28T18:42:25.168131,03 00 03 00 29 B1 27 48,03000300,0.000000
3039,0,0x10F,STD,8,2026-01-28T18:42:25.224467,03 00 03 00 39 CF 3C 3D,03000300,0.000000
3040,0,0x110,STD,8,2026-01-28T18:42:25.248474,03 00 03 00 6D 97 DF 47,03000300,0.000000
3041,0,0x10F,STD,8,2026-01-28T18:42:25.305488,03 00 03 00 5C 5D 3D 3D,03000300,0.000000
3042,0,0x110,STD,8,2026-01-28T18:42:25.329495,03 00 03 00 6C 21 0D 48,03000300,0.000000
3043,0,0x10F,STD,8,2026-01-28T18:42:25.386508,03 00 03 00 08 7D 36 3D,03000300,0.000000
3044,0,0x110,STD,8,2026-01-28T18:42:25.409315,03 00 03 00 43 80 A5 47,03000300,0.000000
3045,0,0x10F,STD,8,2026-01-28T18:42:25.466328,03 00 03 00 33 27 5F 3D,03000300,0.000000
3046,0,0x110,STD,8,2026-01-28T18:42:25.490334,03 00 03 00 A4 4F 47 47,03000300,0.000000
3047,0,0x10F,STD,8,2026-01-28T18:42:25.547347,03 00 03 00 47 F2 19 3D,03000300,0.000000
3048,0,0x110,STD,8,2026-01-28T18:42:25.571352,03 00 03 00 F3 A6 04 48,03000300,0.000000
3049,0,0x10F,STD,8,2026-01-28T18:42:25.627918,03 00 03 00 E5 A1 81 3D,03000300,0.000000
3050,0,0x110,STD,8,2026-01-28T18:42:25.651923,03 00 03 00 45 A7 54 48,03000300,0.000000
3051,0,0x10F,STD,8,2026-01-28T18:42:25.708936,03 00 03 00 90 07 51 3D,03000300,0.000000
3052,0,0x110,STD,8,2026-01-28T18:42:25.732941,03 00 03 00 C4 F1 43 48,03000300,0.000000
3053,0,0x110,STD,8,2026-01-28T18:42:25.745944,03 00 01 00 00 00 00 00,03000100,0.000000
3054,0,0x10F,STD,8,2026-01-28T18:42:25.745944,03 00 01 00 00 00 00 00,03000100,0.000000
3055,0,0x10F,STD,8,2026-01-28T18:42:25.745944,03 00 02 00 9A AA 3D 41,03000200,0.000000
3056,0,0x110,STD,8,2026-01-28T18:42:25.745944,03 00 01 00 00 00 00 00,03000100,0.000000
3057,0,0x10F,STD,8,2026-01-28T18:42:25.780952,03 00 03 00 3A 7F 1C 3D,03000300,0.000000
3058,0,0x110,STD,8,2026-01-28T18:42:25.804958,03 00 03 00 30 91 26 48,03000300,0.000000
3059,0,0x10F,STD,8,2026-01-28T18:42:25.861910,03 00 03 00 91 3A 08 3D,03000300,0.000000
3060,0,0x110,STD,8,2026-01-28T18:42:25.885915,03 00 03 00 91 1D 5D 48,03000300,0.000000
3061,0,0x10F,STD,8,2026-01-28T18:42:25.942702,03 00 03 00 FA 75 CD 3C,03000300,0.000000
3062,0,0x110,STD,8,2026-01-28T18:42:25.966707,03 00 03 00 6B 00 75 48,03000300,0.000000
3063,0,0x10F,STD,8,2026-01-28T18:42:26.022444,03 00 03 00 F1 06 27 3D,03000300,0.000000
3064,0,0x110,STD,8,2026-01-28T18:42:26.045951,03 00 03 00 44 30 B8 47,03000300,0.000000
3065,0,0x10F,STD,8,2026-01-28T18:42:26.102712,03 00 03 00 C0 FE 1A 3D,03000300,0.000000
3066,0,0x110,STD,8,2026-01-28T18:42:26.126229,03 00 03 00 FA 37 BD 47,03000300,0.000000
3067,0,0x10F,STD,8,2026-01-28T18:42:26.183243,03 00 03 00 C5 A2 42 3D,03000300,0.000000
3068,0,0x110,STD,8,2026-01-28T18:42:26.207248,03 00 03 00 FE 60 B4 48,03000300,0.000000
3069,0,0x10F,STD,8,2026-01-28T18:42:26.264261,03 00 03 00 B9 AC 50 3D,03000300,0.000000
3070,0,0x110,STD,8,2026-01-28T18:42:26.288266,03 00 03 00 E0 2B E2 48,03000300,0.000000
3071,0,0x10F,STD,8,2026-01-28T18:42:26.345279,03 00 03 00 C5 BD 60 3D,03000300,0.000000
3072,0,0x110,STD,8,2026-01-28T18:42:26.369285,03 00 03 00 9C 23 A4 48,03000300,0.000000
3073,0,0x10F,STD,8,2026-01-28T18:42:26.426297,03 00 03 00 D6 86 41 3D,03000300,0.000000
3074,0,0x110,STD,8,2026-01-28T18:42:26.449806,03 00 03 00 94 F3 8F 48,03000300,0.000000
3075,0,0x10F,STD,8,2026-01-28T18:42:26.506818,03 00 03 00 78 11 49 3D,03000300,0.000000
3076,0,0x110,STD,8,2026-01-28T18:42:26.530824,03 00 03 00 31 15 05 48,03000300,0.000000
3077,0,0x10F,STD,8,2026-01-28T18:42:26.576337,03 00 03 00 E9 BB 6E 3D,03000300,0.000000
3078,0,0x110,STD,8,2026-01-28T18:42:26.600343,03 00 03 00 03 B9 5D 48,03000300,0.000000
3079,0,0x10F,STD,8,2026-01-28T18:42:26.657356,03 00 03 00 88 77 DE 3C,03000300,0.000000
3080,0,0x110,STD,8,2026-01-28T18:42:26.681361,03 00 03 00 A0 40 47 48,03000300,0.000000
3081,0,0x10F,STD,8,2026-01-28T18:42:26.737928,03 00 03 00 F5 1A 40 3D,03000300,0.000000
3082,0,0x110,STD,8,2026-01-28T18:42:26.761934,03 00 03 00 17 DC 60 48,03000300,0.000000
3083,0,0x110,STD,8,2026-01-28T18:42:26.796942,03 00 02 00 9A AA 3D 41,03000200,0.000000
3084,0,0x10F,STD,8,2026-01-28T18:42:26.796942,03 00 01 00 00 00 00 00,03000100,0.000000
3085,0,0x110,STD,8,2026-01-28T18:42:26.796942,03 00 02 00 EA 2F 43 41,03000200,0.000000
3086,0,0x110,STD,8,2026-01-28T18:42:26.796942,03 00 01 00 00 00 00 00,03000100,0.000000
3087,0,0x10F,STD,8,2026-01-28T18:42:26.820947,03 00 03 00 CE 06 0B 3D,03000300,0.000000
3088,0,0x110,STD,8,2026-01-28T18:42:26.844455,03 00 03 00 B1 D3 52 48,03000300,0.000000
3089,0,0x10F,STD,8,2026-01-28T18:42:26.901336,03 00 03 00 DA 92 93 3C,03000300,0.000000
3090,0,0x110,STD,8,2026-01-28T18:42:26.925342,03 00 03 00 7C 89 17 48,03000300,0.000000
3091,0,0x10F,STD,8,2026-01-28T18:42:26.981913,03 00 03 00 6F DB 37 3D,03000300,0.000000
3092,0,0x110,STD,8,2026-01-28T18:42:27.005053,03 00 03 00 61 76 0F 48,03000300,0.000000
3093,0,0x10F,STD,8,2026-01-28T18:42:27.062066,03 00 03 00 32 3B E1 3C,03000300,0.000000
3094,0,0x110,STD,8,2026-01-28T18:42:27.085603,03 00 03 00 EC 1E 68 48,03000300,0.000000
3095,0,0x10F,STD,8,2026-01-28T18:42:27.142281,03 00 03 00 FD D0 4B 3D,03000300,0.000000
3096,0,0x110,STD,8,2026-01-28T18:42:27.166287,03 00 03 00 FC 0A 81 48,03000300,0.000000
3097,0,0x10F,STD,8,2026-01-28T18:42:27.223300,03 00 03 00 6C C6 50 3D,03000300,0.000000
3098,0,0x110,STD,8,2026-01-28T18:42:27.247305,03 00 03 00 FA 04 58 48,03000300,0.000000
3099,0,0x10F,STD,8,2026-01-28T18:42:27.303854,03 00 03 00 04 4F 6B 3D,03000300,0.000000
3100,0,0x110,STD,8,2026-01-28T18:42:27.327859,03 00 03 00 F3 FB 98 48,03000300,0.000000
3101,0,0x10F,STD,8,2026-01-28T18:42:27.373869,03 00 03 00 96 2F 7E 3D,03000300,0.000000
3102,0,0x110,STD,8,2026-01-28T18:42:27.397875,03 00 03 00 81 A8 78 48,03000300,0.000000
3103,0,0x10F,STD,8,2026-01-28T18:42:27.454888,03 00 03 00 DB 64 6A 3D,03000300,0.000000
3104,0,0x110,STD,8,2026-01-28T18:42:27.485895,03 00 03 00 2B BA 52 48,03000300,0.000000
3105,0,0x10F,STD,8,2026-01-28T18:42:27.542908,03 00 03 00 9C C7 6C 3D,03000300,0.000000
3106,0,0x110,STD,8,2026-01-28T18:42:27.566913,03 00 03 00 7D 57 AE 47,03000300,0.000000
3107,0,0x10F,STD,8,2026-01-28T18:42:27.623926,03 00 03 00 2D 1A 1F 3D,03000300,0.000000
3108,0,0x110,STD,8,2026-01-28T18:42:27.636432,03 00 03 00 D3 B2 D6 47,03000300,0.000000
3109,0,0x10F,STD,8,2026-01-28T18:42:27.693445,03 00 03 00 0C B4 6F 3D,03000300,0.000000
3110,0,0x110,STD,8,2026-01-28T18:42:27.716954,03 00 03 00 A3 A8 A2 47,03000300,0.000000
3111,0,0x10F,STD,8,2026-01-28T18:42:27.773330,03 00 03 00 D8 EE 34 3D,03000300,0.000000
3112,0,0x110,STD,8,2026-01-28T18:42:27.797336,03 00 03 00 C8 77 E4 47,03000300,0.000000
3113,0,0x10F,STD,8,2026-01-28T18:42:27.854348,03 00 02 00 EA 2F 43 41,03000200,0.000000
3114,0,0x10F,STD,8,2026-01-28T18:42:27.854348,03 00 01 00 00 00 00 00,03000100,0.000000
3115,0,0x110,STD,8,2026-01-28T18:42:27.854348,03 00 01 00 00 00 00 00,03000100,0.000000
3116,0,0x10F,STD,8,2026-01-28T18:42:27.854348,03 00 02 00 51 1E 25 41,03000200,0.000000
3117,0,0x110,STD,8,2026-01-28T18:42:27.854348,03 00 01 00 00 00 00 00,03000100,0.000000
3118,0,0x110,STD,8,2026-01-28T18:42:27.878354,03 00 03 00 FA 57 15 48,03000300,0.000000
3119,0,0x10F,STD,8,2026-01-28T18:42:27.934664,03 00 03 00 DD 26 86 3D,03000300,0.000000
3120,0,0x110,STD,8,2026-01-28T18:42:27.958171,03 00 03 00 29 F0 74 48,03000300,0.000000
3121,0,0x10F,STD,8,2026-01-28T18:42:28.014794,03 00 03 00 C9 38 10 3D,03000300,0.000000
3122,0,0x110,STD,8,2026-01-28T18:42:28.038799,03 00 03 00 85 2D 55 48,03000300,0.000000
3123,0,0x10F,STD,8,2026-01-28T18:42:28.095812,03 00 03 00 0B 27 7C 3D,03000300,0.000000
3124,0,0x110,STD,8,2026-01-28T18:42:28.124818,03 00 03 00 A2 7B 8A 48,03000300,0.000000
3125,0,0x10F,STD,8,2026-01-28T18:42:28.170830,03 00 03 00 34 CE 23 3D,03000300,0.000000
3126,0,0x110,STD,8,2026-01-28T18:42:28.194834,03 00 03 00 42 B6 3C 48,03000300,0.000000
3127,0,0x10F,STD,8,2026-01-28T18:42:28.251847,03 00 03 00 5E ED 25 3D,03000300,0.000000
3128,0,0x110,STD,8,2026-01-28T18:42:28.275852,03 00 03 00 12 17 2C 48,03000300,0.000000
3129,0,0x10F,STD,8,2026-01-28T18:42:28.332866,03 00 03 00 9D 45 2C 3D,03000300,0.000000
3130,0,0x110,STD,8,2026-01-28T18:42:28.360872,03 00 03 00 C4 EC 6E 48,03000300,0.000000
3131,0,0x10F,STD,8,2026-01-28T18:42:28.417885,03 00 03 00 F1 9E 2A 3D,03000300,0.000000
3132,0,0x110,STD,8,2026-01-28T18:42:28.441890,03 00 03 00 34 96 2F 48,03000300,0.000000
3133,0,0x10F,STD,8,2026-01-28T18:42:28.498407,03 00 03 00 BD 9C 23 3D,03000300,0.000000
3134,0,0x110,STD,8,2026-01-28T18:42:28.522412,03 00 03 00 82 32 73 47,03000300,0.000000
3135,0,0x10F,STD,8,2026-01-28T18:42:28.579424,03 00 03 00 9C 31 1C 3D,03000300,0.000000
3136,0,0x110,STD,8,2026-01-28T18:42:28.603431,03 00 03 00 0C B2 61 47,03000300,0.000000
3137,0,0x10F,STD,8,2026-01-28T18:42:28.649441,03 00 03 00 E8 E7 41 3D,03000300,0.000000
3138,0,0x110,STD,8,2026-01-28T18:42:28.673446,03 00 03 00 7D CF 52 47,03000300,0.000000
3139,0,0x10F,STD,8,2026-01-28T18:42:28.731459,03 00 03 00 EC BB E0 3C,03000300,0.000000
3140,0,0x110,STD,8,2026-01-28T18:42:28.754968,03 00 03 00 EB A2 DB 47,03000300,0.000000
3141,0,0x10F,STD,8,2026-01-28T18:42:28.811980,03 00 03 00 2C 12 1E 3D,03000300,0.000000
3142,0,0x110,STD,8,2026-01-28T18:42:28.835986,03 00 03 00 74 F6 07 48,03000300,0.000000
3143,0,0x10F,STD,8,2026-01-28T18:42:28.892998,03 00 03 00 5F 9C 23 3D,03000300,0.000000
3144,0,0x110,STD,8,2026-01-28T18:42:28.892998,03 00 02 00 51 1E 25 41,03000200,0.000000
3145,0,0x10F,STD,8,2026-01-28T18:42:28.892998,03 00 02 00 C6 B1 33 41,03000200,0.000000
3146,0,0x110,STD,8,2026-01-28T18:42:28.892998,03 00 02 00 C6 B1 33 41,03000200,0.000000
3147,0,0x10F,STD,8,2026-01-28T18:42:28.894999,03 00 01 00 00 00 00 00,03000100,0.000000
3148,0,0x110,STD,8,2026-01-28T18:42:28.919004,03 00 03 00 9E 3D 2C 48,03000300,0.000000
3149,0,0x10F,STD,8,2026-01-28T18:42:28.976017,03 00 03 00 47 4B 49 3D,03000300,0.000000
3150,0,0x110,STD,8,2026-01-28T18:42:29.000022,03 00 03 00 69 3F 62 48,03000300,0.000000
3151,0,0x10F,STD,8,2026-01-28T18:42:29.057267,03 00 03 00 B1 48 66 3D,03000300,0.000000
3152,0,0x110,STD,8,2026-01-28T18:42:29.081273,03 00 03 00 FF 3B FA 47,03000300,0.000000
3153,0,0x10F,STD,8,2026-01-28T18:42:29.127283,03 00 03 00 6F 36 16 3D,03000300,0.000000
3154,0,0x110,STD,8,2026-01-28T18:42:29.151289,03 00 03 00 97 B9 22 48,03000300,0.000000
3155,0,0x10F,STD,8,2026-01-28T18:42:29.208232,03 00 03 00 10 5A 61 3D,03000300,0.000000
3156,0,0x110,STD,8,2026-01-28T18:42:29.232237,03 00 03 00 67 BD 5E 48,03000300,0.000000
3157,0,0x10F,STD,8,2026-01-28T18:42:29.289250,03 00 03 00 4D 1E BD 3C,03000300,0.000000
3158,0,0x110,STD,8,2026-01-28T18:42:29.312961,03 00 03 00 3E D9 1C 48,03000300,0.000000
3159,0,0x10F,STD,8,2026-01-28T18:42:29.369768,03 00 03 00 76 1A EC 3C,03000300,0.000000
3160,0,0x110,STD,8,2026-01-28T18:42:29.393773,03 00 03 00 A5 18 82 48,03000300,0.000000
3161,0,0x10F,STD,8,2026-01-28T18:42:29.450384,03 00 03 00 18 FC 2F 3D,03000300,0.000000
3162,0,0x110,STD,8,2026-01-28T18:42:29.474389,03 00 03 00 5E DE 33 48,03000300,0.000000
3163,0,0x10F,STD,8,2026-01-28T18:42:29.531402,03 00 03 00 28 87 1D 3D,03000300,0.000000
3164,0,0x110,STD,8,2026-01-28T18:42:29.555407,03 00 03 00 C1 A3 7D 48,03000300,0.000000
3165,0,0x10F,STD,8,2026-01-28T18:42:29.611970,03 00 03 00 C4 0E 66 3D,03000300,0.000000
3166,0,0x110,STD,8,2026-01-28T18:42:29.635976,03 00 03 00 DD 29 62 48,03000300,0.000000
3167,0,0x10F,STD,8,2026-01-28T18:42:29.692989,03 00 03 00 6F D2 25 3D,03000300,0.000000
3168,0,0x110,STD,8,2026-01-28T18:42:29.716995,03 00 03 00 2A F1 2C 48,03000300,0.000000
3169,0,0x10F,STD,8,2026-01-28T18:42:29.774007,03 00 03 00 01 45 49 3D,03000300,0.000000
3170,0,0x110,STD,8,2026-01-28T18:42:29.797515,03 00 03 00 DD AC 78 48,03000300,0.000000
3171,0,0x10F,STD,8,2026-01-28T18:42:29.854528,03 00 03 00 E6 9C 0E 3D,03000300,0.000000
3172,0,0x110,STD,8,2026-01-28T18:42:29.878534,03 00 03 00 33 CE 6C 48,03000300,0.000000
3173,0,0x10F,STD,8,2026-01-28T18:42:29.924207,03 00 03 00 3A BB 2F 3D,03000300,0.000000
3174,0,0x110,STD,8,2026-01-28T18:42:29.948212,03 00 03 00 B9 2C 0B 48,03000300,0.000000
3175,0,0x10F,STD,8,2026-01-28T18:42:29.950213,03 00 02 00 C6 B1 33 41,03000200,0.000000
3176,0,0x110,STD,8,2026-01-28T18:42:29.950213,03 00 01 00 00 00 00 00,03000100,0.000000
3177,0,0x110,STD,8,2026-01-28T18:42:29.950213,03 00 02 00 C6 B1 33 41,03000200,0.000000
3178,0,0x10F,STD,8,2026-01-28T18:42:29.952213,03 00 01 00 00 00 00 00,03000100,0.000000
3179,0,0x10F,STD,8,2026-01-28T18:42:30.009226,03 00 03 00 84 93 5E 3D,03000300,0.000000
3180,0,0x110,STD,8,2026-01-28T18:42:30.033232,03 00 03 00 4C BE 5E 48,03000300,0.000000
3181,0,0x10F,STD,8,2026-01-28T18:42:30.090244,03 00 03 00 A1 BC 41 3D,03000300,0.000000
3182,0,0x110,STD,8,2026-01-28T18:42:30.113810,03 00 03 00 BD EA 81 48,03000300,0.000000
3183,0,0x10F,STD,8,2026-01-28T18:42:30.170823,03 00 03 00 A8 48 63 3D,03000300,0.000000
3184,0,0x110,STD,8,2026-01-28T18:42:30.194828,03 00 03 00 89 33 42 48,03000300,0.000000
3185,0,0x10F,STD,8,2026-01-28T18:42:30.251841,03 00 03 00 33 C0 32 3D,03000300,0.000000
3186,0,0x110,STD,8,2026-01-28T18:42:30.274856,03 00 03 00 E0 62 97 48,03000300,0.000000
3187,0,0x10F,STD,8,2026-01-28T18:42:30.331869,03 00 03 00 20 1D 71 3D,03000300,0.000000
3188,0,0x110,STD,8,2026-01-28T18:42:30.355185,03 00 03 00 06 3C 3E 48,03000300,0.000000
3189,0,0x10F,STD,8,2026-01-28T18:42:30.412198,03 00 03 00 BF 06 57 3D,03000300,0.000000
3190,0,0x110,STD,8,2026-01-28T18:42:30.436203,03 00 03 00 8C E6 0D 48,03000300,0.000000
3191,0,0x10F,STD,8,2026-01-28T18:42:30.482213,03 00 03 00 07 8A 46 3D,03000300,0.000000
3192,0,0x110,STD,8,2026-01-28T18:42:30.516725,03 00 03 00 74 F7 9D 48,03000300,0.000000
3193,0,0x10F,STD,8,2026-01-28T18:42:30.573035,03 00 03 00 40 A9 63 3D,03000300,0.000000
3194,0,0x110,STD,8,2026-01-28T18:42:30.596545,03 00 03 00 E0 F5 A2 48,03000300,0.000000
3195,0,0x10F,STD,8,2026-01-28T18:42:30.642645,03 00 03 00 D8 1A 1A 3D,03000300,0.000000
3196,0,0x110,STD,8,2026-01-28T18:42:30.666651,03 00 03 00 5C 15 59 48,03000300,0.000000
3197,0,0x10F,STD,8,2026-01-28T18:42:30.723168,03 00 03 00 D8 80 6B 3D,03000300,0.000000
3198,0,0x110,STD,8,2026-01-28T18:42:30.747173,03 00 03 00 58 EF 48 47,03000300,0.000000
3199,0,0x10F,STD,8,2026-01-28T18:42:30.803689,03 00 03 00 20 09 1D 3D,03000300,0.000000
3200,0,0x110,STD,8,2026-01-28T18:42:30.827197,03 00 03 00 FA C9 BB 47,03000300,0.000000
3201,0,0x10F,STD,8,2026-01-28T18:42:30.883919,03 00 03 00 62 51 74 3D,03000300,0.000000
3202,0,0x110,STD,8,2026-01-28T18:42:30.907183,03 00 03 00 2B 88 85 48,03000300,0.000000
3203,0,0x10F,STD,8,2026-01-28T18:42:30.963773,03 00 03 00 B2 AC 55 3D,03000300,0.000000
3204,0,0x110,STD,8,2026-01-28T18:42:30.988781,03 00 03 00 2F 58 82 48,03000300,0.000000
3205,0,0x110,STD,8,2026-01-28T18:42:31.001784,03 00 01 00 00 00 00 00,03000100,0.000000
3206,0,0x10F,STD,8,2026-01-28T18:42:31.001784,03 00 02 00 21 3E 35 41,03000200,0.000000
3207,0,0x110,STD,8,2026-01-28T18:42:31.001784,03 00 02 00 21 3E 35 41,03000200,0.000000
3208,0,0x10F,STD,8,2026-01-28T18:42:31.001784,03 00 01 00 00 00 00 00,03000100,0.000000
3209,0,0x10F,STD,8,2026-01-28T18:42:31.047415,03 00 03 00 75 AC 24 3D,03000300,0.000000
3210,0,0x110,STD,8,2026-01-28T18:42:31.071420,03 00 03 00 29 AB 4D 48,03000300,0.000000
3211,0,0x10F,STD,8,2026-01-28T18:42:31.128433,03 00 03 00 68 EC 49 3D,03000300,0.000000
3212,0,0x110,STD,8,2026-01-28T18:42:31.152438,03 00 03 00 71 0C C7 47,03000300,0.000000
3213,0,0x10F,STD,8,2026-01-28T18:42:31.209206,03 00 03 00 02 15 0B 3D,03000300,0.000000
3214,0,0x110,STD,8,2026-01-28T18:42:31.233211,03 00 03 00 32 A8 70 47,03000300,0.000000
3215,0,0x10F,STD,8,2026-01-28T18:42:31.289574,03 00 03 00 8E 68 5D 3D,03000300,0.000000
3216,0,0x110,STD,8,2026-01-28T18:42:31.313579,03 00 03 00 D1 29 19 48,03000300,0.000000
3217,0,0x10F,STD,8,2026-01-28T18:42:31.370287,03 00 03 00 C2 38 48 3D,03000300,0.000000
3218,0,0x110,STD,8,2026-01-28T18:42:31.383289,03 00 03 00 1E 4E 1D 48,03000300,0.000000
3219,0,0x10F,STD,8,2026-01-28T18:42:31.450863,03 00 03 00 80 FF 4E 3D,03000300,0.000000
3220,0,0x110,STD,8,2026-01-28T18:42:31.463867,03 00 03 00 72 6C 99 48,03000300,0.000000
3221,0,0x10F,STD,8,2026-01-28T18:42:31.520880,03 00 03 00 CA A7 7A 3D,03000300,0.000000
3222,0,0x110,STD,8,2026-01-28T18:42:31.544885,03 00 03 00 66 52 87 48,03000300,0.000000
3223,0,0x10F,STD,8,2026-01-28T18:42:31.601898,03 00 03 00 F3 CA 41 3D,03000300,0.000000
3224,0,0x110,STD,8,2026-01-28T18:42:31.625904,03 00 03 00 1F 8F ED 47,03000300,0.000000
3225,0,0x10F,STD,8,2026-01-28T18:42:31.682916,03 00 03 00 8C 83 81 3D,03000300,0.000000
3226,0,0x110,STD,8,2026-01-28T18:42:31.706426,03 00 03 00 FF EC 96 47,03000300,0.000000
3227,0,0x10F,STD,8,2026-01-28T18:42:31.762944,03 00 03 00 C6 AD 40 3D,03000300,0.000000
3228,0,0x110,STD,8,2026-01-28T18:42:31.786682,03 00 03 00 32 F1 68 48,03000300,0.000000
3229,0,0x10F,STD,8,2026-01-28T18:42:31.842701,03 00 03 00 EF 34 54 3D,03000300,0.000000
3230,0,0x110,STD,8,2026-01-28T18:42:31.866707,03 00 03 00 2B E8 21 48,03000300,0.000000
3231,0,0x10F,STD,8,2026-01-28T18:42:31.923719,03 00 03 00 9D 60 75 3D,03000300,0.000000
3232,0,0x110,STD,8,2026-01-28T18:42:31.947156,03 00 03 00 13 D7 5B 48,03000300,0.000000
3233,0,0x10F,STD,8,2026-01-28T18:42:32.003756,03 00 03 00 87 7B 4E 3D,03000300,0.000000
3234,0,0x110,STD,8,2026-01-28T18:42:32.027761,03 00 03 00 D6 14 E7 47,03000300,0.000000
3235,0,0x110,STD,8,2026-01-28T18:42:32.040711,03 00 01 00 00 00 00 00,03000100,0.000000
3236,0,0x10F,STD,8,2026-01-28T18:42:32.040711,03 00 02 00 52 D7 2B 41,03000200,0.000000
3237,0,0x110,STD,8,2026-01-28T18:42:32.040711,03 00 02 00 52 D7 2B 41,03000200,0.000000
3238,0,0x10F,STD,8,2026-01-28T18:42:32.042711,03 00 01 00 00 00 00 00,03000100,0.000000
3239,0,0x10F,STD,8,2026-01-28T18:42:32.077719,03 00 03 00 2C 30 58 3D,03000300,0.000000
3240,0,0x110,STD,8,2026-01-28T18:42:32.101724,03 00 03 00 0D 26 4F 48,03000300,0.000000
3241,0,0x10F,STD,8,2026-01-28T18:42:32.161729,03 00 03 00 B6 44 31 3D,03000300,0.000000
3242,0,0x110,STD,8,2026-01-28T18:42:32.185735,03 00 03 00 A1 C9 AC 47,03000300,0.000000
3243,0,0x10F,STD,8,2026-01-28T18:42:32.242252,03 00 03 00 68 B4 2F 3D,03000300,0.000000
3244,0,0x110,STD,8,2026-01-28T18:42:32.265760,03 00 03 00 0F 51 4A 47,03000300,0.000000
3245,0,0x10F,STD,8,2026-01-28T18:42:32.322773,03 00 03 00 00 17 0E 3D,03000300,0.000000
3246,0,0x110,STD,8,2026-01-28T18:42:32.346779,03 00 03 00 27 40 53 47,03000300,0.000000
3247,0,0x10F,STD,8,2026-01-28T18:42:32.395220,03 00 03 00 25 F5 45 3D,03000300,0.000000
3248,0,0x110,STD,8,2026-01-28T18:42:32.419225,03 00 03 00 6C A5 7C 47,03000300,0.000000
3249,0,0x10F,STD,8,2026-01-28T18:42:32.487241,03 00 03 00 97 9A 41 3D,03000300,0.000000
3250,0,0x110,STD,8,2026-01-28T18:42:32.500243,03 00 03 00 D5 A6 DE 47,03000300,0.000000
3251,0,0x10F,STD,8,2026-01-28T18:42:32.556760,03 00 03 00 D0 09 98 3D,03000300,0.000000
3252,0,0x110,STD,8,2026-01-28T18:42:32.580765,03 00 03 00 54 A3 FF 47,03000300,0.000000
3253,0,0x10F,STD,8,2026-01-28T18:42:32.637308,03 00 03 00 1E B4 79 3D,03000300,0.000000
3254,0,0x110,STD,8,2026-01-28T18:42:32.661110,03 00 03 00 6A 37 CB 46,03000300,0.000000
3255,0,0x10F,STD,8,2026-01-28T18:42:32.718123,03 00 03 00 51 27 9B 3D,03000300,0.000000
3256,0,0x110,STD,8,2026-01-28T18:42:32.741695,03 00 03 00 04 C2 AD 47,03000300,0.000000
3257,0,0x10F,STD,8,2026-01-28T18:42:32.798339,03 00 03 00 26 28 AD 3D,03000300,0.000000
3258,0,0x110,STD,8,2026-01-28T18:42:32.822346,03 00 03 00 A5 67 47 48,03000300,0.000000
3259,0,0x10F,STD,8,2026-01-28T18:42:32.879359,03 00 03 00 4B 93 96 3D,03000300,0.000000
3260,0,0x110,STD,8,2026-01-28T18:42:32.903014,03 00 03 00 CE EE D7 47,03000300,0.000000
3261,0,0x10F,STD,8,2026-01-28T18:42:32.960704,03 00 03 00 C1 43 C0 3D,03000300,0.000000
3262,0,0x110,STD,8,2026-01-28T18:42:32.984679,03 00 03 00 54 E0 9D 48,03000300,0.000000
3263,0,0x10F,STD,8,2026-01-28T18:42:33.041693,03 00 03 00 E7 3B 4F 3D,03000300,0.000000
3264,0,0x110,STD,8,2026-01-28T18:42:33.065203,03 00 03 00 F3 1E EE 48,03000300,0.000000
3265,0,0x110,STD,8,2026-01-28T18:42:33.099857,03 00 01 00 00 00 00 00,03000100,0.000000
3266,0,0x10F,STD,8,2026-01-28T18:42:33.099857,03 00 02 00 A5 7C 4C 41,03000200,0.000000
3267,0,0x110,STD,8,2026-01-28T18:42:33.099857,03 00 02 00 A5 7C 4C 41,03000200,0.000000
3268,0,0x10F,STD,8,2026-01-28T18:42:33.099857,03 00 01 00 00 00 00 00,03000100,0.000000
3269,0,0x10F,STD,8,2026-01-28T18:42:33.112860,03 00 03 00 61 6B B4 3D,03000300,0.000000
3270,0,0x110,STD,8,2026-01-28T18:42:33.136866,03 00 03 00 28 C3 CE 48,03000300,0.000000
3271,0,0x10F,STD,8,2026-01-28T18:42:33.193439,03 00 03 00 FF 6A 92 3D,03000300,0.000000
3272,0,0x110,STD,8,2026-01-28T18:42:33.217445,03 00 03 00 EF FE DA 48,03000300,0.000000
3273,0,0x10F,STD,8,2026-01-28T18:42:33.274457,03 00 03 00 2F 21 58 3D,03000300,0.000000
3274,0,0x110,STD,8,2026-01-28T18:42:33.298463,03 00 03 00 72 EA F4 48,03000300,0.000000
3275,0,0x10F,STD,8,2026-01-28T18:42:33.355072,03 00 03 00 0D F8 91 3D,03000300,0.000000
3276,0,0x110,STD,8,2026-01-28T18:42:33.379078,03 00 03 00 99 59 10 49,03000300,0.000000
3277,0,0x10F,STD,8,2026-01-28T18:42:33.436091,03 00 03 00 BB 87 0E 3D,03000300,0.000000
3278,0,0x110,STD,8,2026-01-28T18:42:33.460097,03 00 03 00 F2 72 94 48,03000300,0.000000
3279,0,0x10F,STD,8,2026-01-28T18:42:33.516672,03 00 03 00 E3 C9 99 3D,03000300,0.000000
3280,0,0x110,STD,8,2026-01-28T18:42:33.540182,03 00 03 00 B2 CE E3 47,03000300,0.000000
3281,0,0x10F,STD,8,2026-01-28T18:42:33.596678,03 00 03 00 52 3C 30 3D,03000300,0.000000
3282,0,0x110,STD,8,2026-01-28T18:42:33.620683,03 00 03 00 03 CA 1A 48,03000300,0.000000
3283,0,0x10F,STD,8,2026-01-28T18:42:33.677696,03 00 03 00 DB 80 8F 3D,03000300,0.000000
3284,0,0x110,STD,8,2026-01-28T18:42:33.701203,03 00 03 00 AA C1 AB 47,03000300,0.000000
3285,0,0x10F,STD,8,2026-01-28T18:42:33.758217,03 00 03 00 56 8F 7E 3D,03000300,0.000000
3286,0,0x110,STD,8,2026-01-28T18:42:33.782222,03 00 03 00 9D A3 BA 47,03000300,0.000000
3287,0,0x10F,STD,8,2026-01-28T18:42:33.838670,03 00 03 00 DB 86 73 3D,03000300,0.000000
3288,0,0x110,STD,8,2026-01-28T18:42:33.862676,03 00 03 00 CA A5 1D 48,03000300,0.000000
3289,0,0x10F,STD,8,2026-01-28T18:42:33.919689,03 00 03 00 48 98 AC 3D,03000300,0.000000
3290,0,0x110,STD,8,2026-01-28T18:42:33.943694,03 00 03 00 D7 EC E3 47,03000300,0.000000
3291,0,0x10F,STD,8,2026-01-28T18:42:33.989704,03 00 03 00 EB 3E 55 3D,03000300,0.000000
3292,0,0x110,STD,8,2026-01-28T18:42:34.013710,03 00 03 00 9D A4 0B 48,03000300,0.000000
3293,0,0x10F,STD,8,2026-01-28T18:42:34.070654,03 00 03 00 89 2D BC 3D,03000300,0.000000
3294,0,0x110,STD,8,2026-01-28T18:42:34.094660,03 00 03 00 17 E9 55 48,03000300,0.000000
3295,0,0x110,STD,8,2026-01-28T18:42:34.151672,03 00 01 00 00 00 00 00,03000100,0.000000
3296,0,0x10F,STD,8,2026-01-28T18:42:34.151672,03 00 02 00 7B FC 35 41,03000200,0.000000
3297,0,0x110,STD,8,2026-01-28T18:42:34.151672,03 00 02 00 7B FC 35 41,03000200,0.000000
3298,0,0x10F,STD,8,2026-01-28T18:42:34.151672,03 00 01 00 00 00 00 00,03000100,0.000000
3299,0,0x10F,STD,8,2026-01-28T18:42:34.151672,03 00 03 00 FB 50 35 3D,03000300,0.000000
3300,0,0x110,STD,8,2026-01-28T18:42:34.175678,03 00 03 00 D7 FA 49 48,03000300,0.000000
3301,0,0x10F,STD,8,2026-01-28T18:42:34.232690,03 00 03 00 9B 7D 84 3D,03000300,0.000000
3302,0,0x110,STD,8,2026-01-28T18:42:34.256145,03 00 03 00 66 2D 03 48,03000300,0.000000
3303,0,0x10F,STD,8,2026-01-28T18:42:34.313158,03 00 03 00 A0 5C 6F 3D,03000300,0.000000
3304,0,0x110,STD,8,2026-01-28T18:42:34.337163,03 00 03 00 A3 31 AD 48,03000300,0.000000
3305,0,0x10F,STD,8,2026-01-28T18:42:34.394176,03 00 03 00 FF ED 3C 3D,03000300,0.000000
3306,0,0x110,STD,8,2026-01-28T18:42:34.418181,03 00 03 00 AD 9F 8F 48,03000300,0.000000
3307,0,0x10F,STD,8,2026-01-28T18:42:34.474331,03 00 03 00 57 80 75 3D,03000300,0.000000
3308,0,0x110,STD,8,2026-01-28T18:42:34.498336,03 00 03 00 38 9C F0 48,03000300,0.000000
3309,0,0x10F,STD,8,2026-01-28T18:42:34.555349,03 00 03 00 A8 85 4C 3D,03000300,0.000000
3310,0,0x110,STD,8,2026-01-28T18:42:34.579355,03 00 03 00 6E E7 B2 48,03000300,0.000000
3311,0,0x10F,STD,8,2026-01-28T18:42:34.635413,03 00 03 00 13 8C 87 3D,03000300,0.000000
3312,0,0x110,STD,8,2026-01-28T18:42:34.659419,03 00 03 00 0D F5 8F 47,03000300,0.000000
3313,0,0x10F,STD,8,2026-01-28T18:42:34.716431,03 00 03 00 94 4F 4C 3D,03000300,0.000000
3314,0,0x110,STD,8,2026-01-28T18:42:34.740437,03 00 03 00 25 BB 1C 48,03000300,0.000000
3315,0,0x10F,STD,8,2026-01-28T18:42:34.797450,03 00 03 00 FB B4 67 3D,03000300,0.000000
3316,0,0x110,STD,8,2026-01-28T18:42:34.821455,03 00 03 00 E1 11 04 48,03000300,0.000000
3317,0,0x10F,STD,8,2026-01-28T18:42:34.867067,03 00 03 00 0B 6D 3B 3D,03000300,0.000000
3318,0,0x110,STD,8,2026-01-28T18:42:34.891072,03 00 03 00 81 B9 9F 46,03000300,0.000000
3319,0,0x10F,STD,8,2026-01-28T18:42:34.948086,03 00 03 00 F2 47 55 3D,03000300,0.000000
3320,0,0x110,STD,8,2026-01-28T18:42:34.972091,03 00 03 00 E5 EB 24 48,03000300,0.000000
3321,0,0x10F,STD,8,2026-01-28T18:42:35.029103,03 00 03 00 BA E0 46 3D,03000300,0.000000
3322,0,0x110,STD,8,2026-01-28T18:42:35.053109,03 00 03 00 BB 92 49 48,03000300,0.000000
3323,0,0x10F,STD,8,2026-01-28T18:42:35.109702,03 00 03 00 8F C4 65 3D,03000300,0.000000
3324,0,0x110,STD,8,2026-01-28T18:42:35.133707,03 00 03 00 7C 3E 66 47,03000300,0.000000
3325,0,0x10F,STD,8,2026-01-28T18:42:35.190176,03 00 03 00 2E F9 8E 3D,03000300,0.000000
3326,0,0x10F,STD,8,2026-01-28T18:42:35.190176,03 00 01 00 00 00 00 00,03000100,0.000000
3327,0,0x110,STD,8,2026-01-28T18:42:35.190176,03 00 01 00 00 00 00 00,03000100,0.000000
3328,0,0x110,STD,8,2026-01-28T18:42:35.190176,03 00 01 00 00 00 00 00,03000100,0.000000
3329,0,0x10F,STD,8,2026-01-28T18:42:35.190176,03 00 02 00 7B FC 35 41,03000200,0.000000
3330,0,0x110,STD,8,2026-01-28T18:42:35.214180,03 00 03 00 6D 86 5C 47,03000300,0.000000
3331,0,0x10F,STD,8,2026-01-28T18:42:35.271194,03 00 03 00 40 72 47 3D,03000300,0.000000
3332,0,0x110,STD,8,2026-01-28T18:42:35.295199,03 00 03 00 34 56 53 47,03000300,0.000000
3333,0,0x10F,STD,8,2026-01-28T18:42:35.351773,03 00 03 00 7C B1 99 3D,03000300,0.000000
3334,0,0x110,STD,8,2026-01-28T18:42:35.375780,03 00 03 00 1C 7E 9C 48,03000300,0.000000
3335,0,0x10F,STD,8,2026-01-28T18:42:35.432861,03 00 03 00 95 A6 51 3D,03000300,0.000000
3336,0,0x110,STD,8,2026-01-28T18:42:35.456866,03 00 03 00 90 DA D1 48,03000300,0.000000
3337,0,0x10F,STD,8,2026-01-28T18:42:35.513879,03 00 03 00 84 08 10 3D,03000300,0.000000
3338,0,0x110,STD,8,2026-01-28T18:42:35.537388,03 00 03 00 51 6E 82 48,03000300,0.000000
3339,0,0x10F,STD,8,2026-01-28T18:42:35.593602,03 00 03 00 4F 61 7C 3D,03000300,0.000000
3340,0,0x110,STD,8,2026-01-28T18:42:35.617607,03 00 03 00 0B 58 99 48,03000300,0.000000
3341,0,0x10F,STD,8,2026-01-28T18:42:35.674620,03 00 03 00 67 AB 2E 3D,03000300,0.000000
3342,0,0x110,STD,8,2026-01-28T18:42:35.687623,03 00 03 00 57 D9 79 48,03000300,0.000000
3343,0,0x10F,STD,8,2026-01-28T18:42:35.744602,03 00 03 00 48 F0 67 3D,03000300,0.000000
3344,0,0x110,STD,8,2026-01-28T18:42:35.768608,03 00 03 00 51 2B C9 47,03000300,0.000000
3345,0,0x10F,STD,8,2026-01-28T18:42:35.825621,03 00 03 00 74 B9 5E 3D,03000300,0.000000
3346,0,0x110,STD,8,2026-01-28T18:42:35.849625,03 00 03 00 EC D3 C2 47,03000300,0.000000
3347,0,0x10F,STD,8,2026-01-28T18:42:35.906599,03 00 03 00 BF 74 58 3D,03000300,0.000000
3348,0,0x110,STD,8,2026-01-28T18:42:35.932605,03 00 03 00 93 CD 0F 48,03000300,0.000000
3349,0,0x10F,STD,8,2026-01-28T18:42:35.989618,03 00 03 00 E7 6C 25 3D,03000300,0.000000
3350,0,0x110,STD,8,2026-01-28T18:42:36.013623,03 00 03 00 B1 54 F5 47,03000300,0.000000
3351,0,0x10F,STD,8,2026-01-28T18:42:36.070142,03 00 03 00 A2 70 18 3D,03000300,0.000000
3352,0,0x110,STD,8,2026-01-28T18:42:36.094148,03 00 03 00 DC 02 12 48,03000300,0.000000
3353,0,0x10F,STD,8,2026-01-28T18:42:36.150603,03 00 03 00 2A CA 08 3D,03000300,0.000000
3354,0,0x110,STD,8,2026-01-28T18:42:36.174098,03 00 03 00 A5 E8 BD 48,03000300,0.000000
3355,0,0x10F,STD,8,2026-01-28T18:42:36.231111,03 00 03 00 94 C7 1F 3D,03000300,0.000000
3356,0,0x10F,STD,8,2026-01-28T18:42:36.231111,03 00 02 00 3B 7D 45 41,03000200,0.000000
3357,0,0x110,STD,8,2026-01-28T18:42:36.231111,03 00 02 00 7B FC 35 41,03000200,0.000000
3358,0,0x110,STD,8,2026-01-28T18:42:36.231111,03 00 02 00 3B 7D 45 41,03000200,0.000000
3359,0,0x10F,STD,8,2026-01-28T18:42:36.231111,03 00 01 00 00 00 00 00,03000100,0.000000
3360,0,0x110,STD,8,2026-01-28T18:42:36.245113,03 00 03 00 D6 21 2F 48,03000300,0.000000
3361,0,0x10F,STD,8,2026-01-28T18:42:36.301215,03 00 03 00 D4 46 9A 3D,03000300,0.000000
3362,0,0x110,STD,8,2026-01-28T18:42:36.325222,03 00 03 00 D3 E0 84 48,03000300,0.000000
3363,0,0x10F,STD,8,2026-01-28T18:42:36.381742,03 00 03 00 A0 EF 23 3D,03000300,0.000000
3364,0,0x110,STD,8,2026-01-28T18:42:36.405418,03 00 03 00 DD E2 83 48,03000300,0.000000
3365,0,0x10F,STD,8,2026-01-28T18:42:36.462576,03 00 03 00 29 48 89 3D,03000300,0.000000
3366,0,0x110,STD,8,2026-01-28T18:42:36.486582,03 00 03 00 9B 79 E6 47,03000300,0.000000
3367,0,0x10F,STD,8,2026-01-28T18:42:36.543595,03 00 03 00 CF A9 75 3D,03000300,0.000000
3368,0,0x110,STD,8,2026-01-28T18:42:36.567600,03 00 03 00 E6 35 70 48,03000300,0.000000
3369,0,0x10F,STD,8,2026-01-28T18:42:36.624613,03 00 03 00 63 1E 08 3D,03000300,0.000000
3370,0,0x110,STD,8,2026-01-28T18:42:36.648618,03 00 03 00 79 5E B1 48,03000300,0.000000
3371,0,0x10F,STD,8,2026-01-28T18:42:36.704778,03 00 03 00 AF 91 64 3D,03000300,0.000000
3372,0,0x110,STD,8,2026-01-28T18:42:36.728784,03 00 03 00 90 2F 01 48,03000300,0.000000
3373,0,0x10F,STD,8,2026-01-28T18:42:36.785797,03 00 03 00 51 97 DF 3C,03000300,0.000000
3374,0,0x110,STD,8,2026-01-28T18:42:36.809802,03 00 03 00 51 48 91 48,03000300,0.000000
3375,0,0x10F,STD,8,2026-01-28T18:42:36.866186,03 00 03 00 B9 FF 67 3D,03000300,0.000000
3376,0,0x110,STD,8,2026-01-28T18:42:36.889697,03 00 03 00 31 98 23 48,03000300,0.000000
3377,0,0x10F,STD,8,2026-01-28T18:42:36.948710,03 00 03 00 51 45 50 3D,03000300,0.000000
3378,0,0x110,STD,8,2026-01-28T18:42:36.972577,03 00 03 00 0A 26 DC 47,03000300,0.000000
3379,0,0x10F,STD,8,2026-01-28T18:42:37.029591,03 00 03 00 62 69 3A 3D,03000300,0.000000
3380,0,0x110,STD,8,2026-01-28T18:42:37.042593,03 00 03 00 82 A4 D8 47,03000300,0.000000
3381,0,0x10F,STD,8,2026-01-28T18:42:37.099108,03 00 03 00 93 FD 84 3D,03000300,0.000000
3382,0,0x110,STD,8,2026-01-28T18:42:37.134117,03 00 03 00 D7 44 79 48,03000300,0.000000
3383,0,0x10F,STD,8,2026-01-28T18:42:37.180127,03 00 03 00 D6 D5 4A 3D,03000300,0.000000
3384,0,0x110,STD,8,2026-01-28T18:42:37.203624,03 00 03 00 4C 60 94 47,03000300,0.000000
3385,0,0x10F,STD,8,2026-01-28T18:42:37.259741,03 00 03 00 EB 61 6B 3D,03000300,0.000000
3386,0,0x110,STD,8,2026-01-28T18:42:37.283250,03 00 01 00 00 00 00 00,03000100,0.000000
3387,0,0x110,STD,8,2026-01-28T18:42:37.283250,03 00 01 00 00 00 00 00,03000100,0.000000
3388,0,0x10F,STD,8,2026-01-28T18:42:37.283250,03 00 02 00 25 43 2A 41,03000200,0.000000
3389,0,0x110,STD,8,2026-01-28T18:42:37.283250,03 00 02 00 25 43 2A 41,03000200,0.000000
3390,0,0x10F,STD,8,2026-01-28T18:42:37.285250,03 00 01 00 00 00 00 00,03000100,0.000000
3391,0,0x10F,STD,8,2026-01-28T18:42:37.340669,03 00 03 00 09 3D 37 3D,03000300,0.000000
3392,0,0x110,STD,8,2026-01-28T18:42:37.364675,03 00 03 00 D4 C8 98 47,03000300,0.000000
3393,0,0x10F,STD,8,2026-01-28T18:42:37.421688,03 00 03 00 67 1E 7E 3D,03000300,0.000000
3394,0,0x110,STD,8,2026-01-28T18:42:37.445374,03 00 03 00 E4 DC 4A 48,03000300,0.000000
3395,0,0x10F,STD,8,2026-01-28T18:42:37.501671,03 00 03 00 33 A3 40 3D,03000300,0.000000
3396,0,0x110,STD,8,2026-01-28T18:42:37.525678,03 00 03 00 43 71 3C 48,03000300,0.000000
3397,0,0x10F,STD,8,2026-01-28T18:42:37.582691,03 00 03 00 3E F1 71 3D,03000300,0.000000
3398,0,0x110,STD,8,2026-01-28T18:42:37.606696,03 00 03 00 72 6C 89 48,03000300,0.000000
3399,0,0x10F,STD,8,2026-01-28T18:42:37.663709,03 00 03 00 54 FB 53 3D,03000300,0.000000
3400,0,0x110,STD,8,2026-01-28T18:42:37.687714,03 00 03 00 12 0C BC 48,03000300,0.000000
3401,0,0x10F,STD,8,2026-01-28T18:42:37.744727,03 00 03 00 9E 45 39 3D,03000300,0.000000
3402,0,0x110,STD,8,2026-01-28T18:42:37.768536,03 00 03 00 E5 CB 87 48,03000300,0.000000
3403,0,0x10F,STD,8,2026-01-28T18:42:37.825550,03 00 03 00 28 99 88 3D,03000300,0.000000
3404,0,0x110,STD,8,2026-01-28T18:42:37.849555,03 00 03 00 23 2E DF 48,03000300,0.000000
3405,0,0x10F,STD,8,2026-01-28T18:42:37.906073,03 00 03 00 A7 33 13 3D,03000300,0.000000
3406,0,0x110,STD,8,2026-01-28T18:42:37.930078,03 00 03 00 E1 81 AD 48,03000300,0.000000
3407,0,0x10F,STD,8,2026-01-28T18:42:37.976088,03 00 03 00 4D E3 38 3D,03000300,0.000000
3408,0,0x110,STD,8,2026-01-28T18:42:38.000094,03 00 03 00 B7 D5 8D 48,03000300,0.000000
3409,0,0x10F,STD,8,2026-01-28T18:42:38.068109,03 00 03 00 51 B6 32 3D,03000300,0.000000
3410,0,0x110,STD,8,2026-01-28T18:42:38.081111,03 00 03 00 A6 19 99 48,03000300,0.000000
3411,0,0x10F,STD,8,2026-01-28T18:42:38.138124,03 00 03 00 88 E4 E7 3C,03000300,0.000000
3412,0,0x110,STD,8,2026-01-28T18:42:38.162130,03 00 03 00 A6 FE F2 47,03000300,0.000000
3413,0,0x10F,STD,8,2026-01-28T18:42:38.219143,03 00 03 00 A8 4F 64 3D,03000300,0.000000
3414,0,0x110,STD,8,2026-01-28T18:42:38.243148,03 00 03 00 DF BB C9 47,03000300,0.000000
3415,0,0x10F,STD,8,2026-01-28T18:42:38.300161,03 00 03 00 5F 63 E1 3C,03000300,0.000000
3416,0,0x110,STD,8,2026-01-28T18:42:38.323898,03 00 03 00 87 01 C7 47,03000300,0.000000
3417,0,0x110,STD,8,2026-01-28T18:42:38.325899,03 00 01 00 00 00 00 00,03000100,0.000000
3418,0,0x10F,STD,8,2026-01-28T18:42:38.325899,03 00 02 00 F4 01 2A 41,03000200,0.000000
3419,0,0x110,STD,8,2026-01-28T18:42:38.327900,03 00 02 00 F4 01 2A 41,03000200,0.000000
3420,0,0x10F,STD,8,2026-01-28T18:42:38.327900,03 00 01 00 00 00 00 00,03000100,0.000000
3421,0,0x10F,STD,8,2026-01-28T18:42:38.373910,03 00 03 00 13 21 34 3D,03000300,0.000000
3422,0,0x110,STD,8,2026-01-28T18:42:38.397916,03 00 03 00 86 CB DD 47,03000300,0.000000
3423,0,0x10F,STD,8,2026-01-28T18:42:38.454928,03 00 03 00 19 B0 3D 3D,03000300,0.000000
3424,0,0x110,STD,8,2026-01-28T18:42:38.478934,03 00 03 00 DE FB 18 48,03000300,0.000000
3425,0,0x10F,STD,8,2026-01-28T18:42:38.535946,03 00 03 00 18 2F EE 3C,03000300,0.000000
3426,0,0x110,STD,8,2026-01-28T18:42:38.559455,03 00 03 00 34 75 4E 48,03000300,0.000000
3427,0,0x10F,STD,8,2026-01-28T18:42:38.616468,03 00 03 00 28 13 5F 3D,03000300,0.000000
3428,0,0x110,STD,8,2026-01-28T18:42:38.640473,03 00 03 00 D9 3E 56 48,03000300,0.000000
3429,0,0x10F,STD,8,2026-01-28T18:42:38.697352,03 00 03 00 A5 B5 3F 3D,03000300,0.000000
3430,0,0x110,STD,8,2026-01-28T18:42:38.721357,03 00 03 00 76 BA C7 48,03000300,0.000000
3431,0,0x10F,STD,8,2026-01-28T18:42:38.778370,03 00 03 00 E2 C3 62 3D,03000300,0.000000
3432,0,0x110,STD,8,2026-01-28T18:42:38.802375,03 00 03 00 D8 D2 E6 48,03000300,0.000000
3433,0,0x10F,STD,8,2026-01-28T18:42:38.859344,03 00 03 00 82 6B 4F 3D,03000300,0.000000
3434,0,0x110,STD,8,2026-01-28T18:42:38.883349,03 00 03 00 52 B9 BD 48,03000300,0.000000
3435,0,0x10F,STD,8,2026-01-28T18:42:38.940362,03 00 03 00 76 F0 66 3D,03000300,0.000000
3436,0,0x110,STD,8,2026-01-28T18:42:38.964519,03 00 03 00 45 4A DE 48,03000300,0.000000
3437,0,0x10F,STD,8,2026-01-28T18:42:39.021033,03 00 03 00 87 35 52 3D,03000300,0.000000
3438,0,0x110,STD,8,2026-01-28T18:42:39.045041,03 00 03 00 0E 0A 94 48,03000300,0.000000
3439,0,0x10F,STD,8,2026-01-28T18:42:39.102053,03 00 03 00 D0 06 70 3D,03000300,0.000000
3440,0,0x110,STD,8,2026-01-28T18:42:39.126058,03 00 03 00 4C B5 88 48,03000300,0.000000
3441,0,0x10F,STD,8,2026-01-28T18:42:39.183071,03 00 03 00 03 AD 4D 3D,03000300,0.000000
3442,0,0x110,STD,8,2026-01-28T18:42:39.195580,03 00 03 00 65 8F 3B 48,03000300,0.000000
3443,0,0x10F,STD,8,2026-01-28T18:42:39.252592,03 00 03 00 9D 47 28 3D,03000300,0.000000
3444,0,0x110,STD,8,2026-01-28T18:42:39.276100,03 00 03 00 85 6B 89 48,03000300,0.000000
3445,0,0x10F,STD,8,2026-01-28T18:42:39.333113,03 00 03 00 7D 9B 57 3D,03000300,0.000000
3446,0,0x110,STD,8,2026-01-28T18:42:39.357119,03 00 03 00 C6 AA A5 48,03000300,0.000000
3447,0,0x110,STD,8,2026-01-28T18:42:39.381124,03 00 01 00 00 00 00 00,03000100,0.000000
3448,0,0x10F,STD,8,2026-01-28T18:42:39.381124,03 00 01 00 00 00 00 00,03000100,0.000000
3449,0,0x110,STD,8,2026-01-28T18:42:39.381124,03 00 02 00 41 76 32 41,03000200,0.000000
3450,0,0x110,STD,8,2026-01-28T18:42:39.381124,03 00 01 00 00 00 00 00,03000100,0.000000
3451,0,0x10F,STD,8,2026-01-28T18:42:39.416132,03 00 03 00 8C 86 E1 3C,03000300,0.000000
3452,0,0x110,STD,8,2026-01-28T18:42:39.440097,03 00 03 00 50 78 2B 48,03000300,0.000000
3453,0,0x10F,STD,8,2026-01-28T18:42:39.497109,03 00 03 00 EC F8 75 3D,03000300,0.000000
3454,0,0x110,STD,8,2026-01-28T18:42:39.521115,03 00 03 00 C3 59 83 48,03000300,0.000000
3455,0,0x10F,STD,8,2026-01-28T18:42:39.578128,03 00 03 00 44 A3 5B 3D,03000300,0.000000
3456,0,0x110,STD,8,2026-01-28T18:42:39.601603,03 00 03 00 9C 79 48 48,03000300,0.000000
3457,0,0x10F,STD,8,2026-01-28T18:42:39.658120,03 00 03 00 28 31 27 3D,03000300,0.000000
3458,0,0x110,STD,8,2026-01-28T18:42:39.682126,03 00 03 00 75 C8 20 48,03000300,0.000000
3459,0,0x10F,STD,8,2026-01-28T18:42:39.739139,03 00 03 00 F5 D1 4F 3D,03000300,0.000000
3460,0,0x110,STD,8,2026-01-28T18:42:39.763144,03 00 03 00 8D 43 28 48,03000300,0.000000
3461,0,0x10F,STD,8,2026-01-28T18:42:39.809154,03 00 03 00 10 B1 13 3D,03000300,0.000000
3462,0,0x110,STD,8,2026-01-28T18:42:39.833160,03 00 03 00 76 90 73 48,03000300,0.000000
3463,0,0x10F,STD,8,2026-01-28T18:42:39.890173,03 00 03 00 3E 80 78 3D,03000300,0.000000
3464,0,0x110,STD,8,2026-01-28T18:42:39.914178,03 00 03 00 B1 28 A7 48,03000300,0.000000
3465,0,0x10F,STD,8,2026-01-28T18:42:39.970494,03 00 03 00 D8 8F 42 3D,03000300,0.000000
3466,0,0x110,STD,8,2026-01-28T18:42:39.992499,03 00 03 00 56 66 8A 48,03000300,0.000000
3467,0,0x10F,STD,8,2026-01-28T18:42:40.050512,03 00 03 00 0A 79 27 3D,03000300,0.000000
3468,0,0x110,STD,8,2026-01-28T18:42:40.073526,03 00 03 00 76 61 B6 48,03000300,0.000000
3469,0,0x10F,STD,8,2026-01-28T18:42:40.129664,03 00 03 00 11 1E 80 3D,03000300,0.000000
3470,0,0x110,STD,8,2026-01-28T18:42:40.153669,03 00 03 00 2B 53 84 48,03000300,0.000000
3471,0,0x10F,STD,8,2026-01-28T18:42:40.210682,03 00 03 00 6E 21 5A 3D,03000300,0.000000
3472,0,0x110,STD,8,2026-01-28T18:42:40.234687,03 00 03 00 D5 59 EA 48,03000300,0.000000
3473,0,0x10F,STD,8,2026-01-28T18:42:40.291700,03 00 03 00 DE AE 86 3D,03000300,0.000000
3474,0,0x110,STD,8,2026-01-28T18:42:40.315706,03 00 03 00 BE AE 38 48,03000300,0.000000
3475,0,0x10F,STD,8,2026-01-28T18:42:40.372718,03 00 03 00 A5 3C 60 3D,03000300,0.000000
3476,0,0x110,STD,8,2026-01-28T18:42:40.396436,03 00 03 00 F0 39 89 48,03000300,0.000000
3477,0,0x10F,STD,8,2026-01-28T18:42:40.431443,03 00 02 00 41 76 32 41,03000200,0.000000
3478,0,0x10F,STD,8,2026-01-28T18:42:40.431443,03 00 02 00 D0 57 47 41,03000200,0.000000
3479,0,0x110,STD,8,2026-01-28T18:42:40.431443,03 00 02 00 D0 57 47 41,03000200,0.000000
3480,0,0x10F,STD,8,2026-01-28T18:42:40.432444,03 00 01 00 00 00 00 00,03000100,0.000000
3481,0,0x10F,STD,8,2026-01-28T18:42:40.456449,03 00 03 00 A2 1F 9D 3D,03000300,0.000000
3482,0,0x110,STD,8,2026-01-28T18:42:40.479957,03 00 03 00 2A 5D D5 47,03000300,0.000000
3483,0,0x10F,STD,8,2026-01-28T18:42:40.536550,03 00 03 00 25 97 4F 3D,03000300,0.000000
3484,0,0x110,STD,8,2026-01-28T18:42:40.560458,03 00 03 00 84 A7 2D 48,03000300,0.000000
3485,0,0x10F,STD,8,2026-01-28T18:42:40.605970,03 00 03 00 C4 34 5A 3D,03000300,0.000000
3486,0,0x110,STD,8,2026-01-28T18:42:40.629976,03 00 03 00 B3 D9 3F 48,03000300,0.000000
3487,0,0x10F,STD,8,2026-01-28T18:42:40.686495,03 00 03 00 6C 5A 72 3D,03000300,0.000000
3488,0,0x110,STD,8,2026-01-28T18:42:40.710501,03 00 03 00 C4 ED 12 48,03000300,0.000000
3489,0,0x10F,STD,8,2026-01-28T18:42:40.767517,03 00 03 00 A6 9B 4C 3D,03000300,0.000000
3490,0,0x110,STD,8,2026-01-28T18:42:40.791522,03 00 03 00 50 37 3B 48,03000300,0.000000
3491,0,0x10F,STD,8,2026-01-28T18:42:40.848535,03 00 03 00 2E 19 79 3D,03000300,0.000000
3492,0,0x110,STD,8,2026-01-28T18:42:40.872540,03 00 03 00 5E 7E C0 48,03000300,0.000000
3493,0,0x10F,STD,8,2026-01-28T18:42:40.929553,03 00 03 00 BC C5 14 3D,03000300,0.000000
3494,0,0x110,STD,8,2026-01-28T18:42:40.953558,03 00 03 00 0C 5C C9 48,03000300,0.000000
3495,0,0x10F,STD,8,2026-01-28T18:42:41.009579,03 00 03 00 12 9E 66 3D,03000300,0.000000
3496,0,0x110,STD,8,2026-01-28T18:42:41.033584,03 00 03 00 DE 9C 35 48,03000300,0.000000
3497,0,0x10F,STD,8,2026-01-28T18:42:41.090597,03 00 03 00 4E 45 53 3D,03000300,0.000000
3498,0,0x110,STD,8,2026-01-28T18:42:41.113804,03 00 03 00 9E 82 B9 48,03000300,0.000000
3499,0,0x10F,STD,8,2026-01-28T18:42:41.170320,03 00 03 00 CE 03 3D 3D,03000300,0.000000
3500,0,0x110,STD,8,2026-01-28T18:42:41.194326,03 00 03 00 95 99 81 48,03000300,0.000000
3501,0,0x10F,STD,8,2026-01-28T18:42:41.251338,03 00 03 00 81 59 44 3D,03000300,0.000000
3502,0,0x110,STD,8,2026-01-28T18:42:41.275344,03 00 03 00 59 00 84 48,03000300,0.000000
3503,0,0x10F,STD,8,2026-01-28T18:42:41.332356,03 00 03 00 17 7D DE 3C,03000300,0.000000
3504,0,0x110,STD,8,2026-01-28T18:42:41.356361,03 00 03 00 53 16 51 48,03000300,0.000000
3505,0,0x10F,STD,8,2026-01-28T18:42:41.413375,03 00 03 00 51 45 71 3D,03000300,0.000000
3506,0,0x110,STD,8,2026-01-28T18:42:41.426378,03 00 03 00 DC 02 A1 48,03000300,0.000000
3507,0,0x10F,STD,8,2026-01-28T18:42:41.483391,03 00 03 00 90 59 81 3D,03000300,0.000000
3508,0,0x110,STD,8,2026-01-28T18:42:41.485391,03 00 01 00 00 00 00 00,03000100,0.000000
3509,0,0x110,STD,8,2026-01-28T18:42:41.485574,03 00 02 00 D0 57 47 41,03000200,0.000000
3510,0,0x10F,STD,8,2026-01-28T18:42:41.485574,03 00 01 00 00 00 00 00,03000100,0.000000
3511,0,0x110,STD,8,2026-01-28T18:42:41.485574,03 00 01 00 00 00 00 00,03000100,0.000000
3512,0,0x110,STD,8,2026-01-28T18:42:41.509396,03 00 03 00 3D 51 8A 48,03000300,0.000000
3513,0,0x10F,STD,8,2026-01-28T18:42:41.566258,03 00 03 00 0D 65 8A 3D,03000300,0.000000
3514,0,0x110,STD,8,2026-01-28T18:42:41.590262,03 00 03 00 30 EE E0 47,03000300,0.000000
3515,0,0x10F,STD,8,2026-01-28T18:42:41.646780,03 00 03 00 ED 8B 56 3D,03000300,0.000000
3516,0,0x110,STD,8,2026-01-28T18:42:41.670785,03 00 03 00 71 95 89 48,03000300,0.000000
3517,0,0x10F,STD,8,2026-01-28T18:42:41.727798,03 00 03 00 5E 60 8A 3D,03000300,0.000000
3518,0,0x110,STD,8,2026-01-28T18:42:41.751804,03 00 03 00 8F 48 4A 48,03000300,0.000000
3519,0,0x10F,STD,8,2026-01-28T18:42:41.808421,03 00 03 00 FC C3 63 3D,03000300,0.000000
3520,0,0x110,STD,8,2026-01-28T18:42:41.832426,03 00 03 00 63 39 6E 48,03000300,0.000000
3521,0,0x10F,STD,8,2026-01-28T18:42:41.889439,03 00 03 00 A4 44 2A 3D,03000300,0.000000
3522,0,0x110,STD,8,2026-01-28T18:42:41.913444,03 00 03 00 4D 2B FD 48,03000300,0.000000
3523,0,0x10F,STD,8,2026-01-28T18:42:41.970457,03 00 03 00 A0 95 88 3D,03000300,0.000000
3524,0,0x110,STD,8,2026-01-28T18:42:41.993921,03 00 03 00 EF 47 B7 48,03000300,0.000000
3525,0,0x10F,STD,8,2026-01-28T18:42:42.050934,03 00 03 00 82 C2 49 3D,03000300,0.000000
3526,0,0x110,STD,8,2026-01-28T18:42:42.064936,03 00 03 00 B3 64 2D 49,03000300,0.000000
3527,0,0x10F,STD,8,2026-01-28T18:42:42.121949,03 00 03 00 9F 0F 84 3D,03000300,0.000000
3528,0,0x110,STD,8,2026-01-28T18:42:42.147956,03 00 03 00 94 86 11 49,03000300,0.000000
3529,0,0x10F,STD,8,2026-01-28T18:42:42.204538,03 00 03 00 BE D9 5E 3D,03000300,0.000000
3530,0,0x110,STD,8,2026-01-28T18:42:42.228543,03 00 03 00 FB 26 74 48,03000300,0.000000
3531,0,0x10F,STD,8,2026-01-28T18:42:42.285555,03 00 03 00 B1 3F 49 3D,03000300,0.000000
3532,0,0x110,STD,8,2026-01-28T18:42:42.309561,03 00 03 00 6F B2 87 48,03000300,0.000000
3533,0,0x10F,STD,8,2026-01-28T18:42:42.362573,03 00 03 00 74 70 8C 3D,03000300,0.000000
3534,0,0x110,STD,8,2026-01-28T18:42:42.388579,03 00 03 00 AA D5 1D 48,03000300,0.000000
3535,0,0x10F,STD,8,2026-01-28T18:42:42.448409,03 00 03 00 C7 D6 10 3D,03000300,0.000000
3536,0,0x110,STD,8,2026-01-28T18:42:42.472428,03 00 03 00 92 6F DD 47,03000300,0.000000
3537,0,0x10F,STD,8,2026-01-28T18:42:42.529141,03 00 03 00 85 3C 81 3D,03000300,0.000000
3538,0,0x110,STD,8,2026-01-28T18:42:42.542144,03 00 03 00 9F D9 9A 47,03000300,0.000000
3539,0,0x10F,STD,8,2026-01-28T18:42:42.558148,03 00 02 00 D0 57 47 41,03000200,0.000000
3540,0,0x10F,STD,8,2026-01-28T18:42:42.559148,03 00 02 00 8C 5A 41 41,03000200,0.000000
3541,0,0x110,STD,8,2026-01-28T18:42:42.560149,03 00 02 00 8C 5A 41 41,03000200,0.000000
3542,0,0x10F,STD,8,2026-01-28T18:42:42.560149,03 00 01 00 00 00 00 00,03000100,0.000000
3543,0,0x10F,STD,8,2026-01-28T18:42:42.606159,03 00 03 00 30 03 8A 3D,03000300,0.000000
3544,0,0x110,STD,8,2026-01-28T18:42:42.630164,03 00 03 00 39 15 9F 47,03000300,0.000000
3545,0,0x10F,STD,8,2026-01-28T18:42:42.687178,03 00 03 00 49 DF 86 3D,03000300,0.000000
3546,0,0x110,STD,8,2026-01-28T18:42:42.711183,03 00 03 00 B6 80 D7 47,03000300,0.000000
3547,0,0x10F,STD,8,2026-01-28T18:42:42.767411,03 00 03 00 21 CD A4 3D,03000300,0.000000
3548,0,0x110,STD,8,2026-01-28T18:42:42.791512,03 00 03 00 F6 B5 1A 48,03000300,0.000000
3549,0,0x10F,STD,8,2026-01-28T18:42:42.840524,03 00 03 00 5A 1D 80 3D,03000300,0.000000
3550,0,0x110,STD,8,2026-01-28T18:42:42.865530,03 00 03 00 6A 58 3C 48,03000300,0.000000
3551,0,0x10F,STD,8,2026-01-28T18:42:42.923543,03 00 03 00 89 2C 95 3D,03000300,0.000000
3552,0,0x110,STD,8,2026-01-28T18:42:42.947052,03 00 03 00 BE FD 33 48,03000300,0.000000
3553,0,0x10F,STD,8,2026-01-28T18:42:43.004065,03 00 03 00 2F 55 54 3D,03000300,0.000000
3554,0,0x110,STD,8,2026-01-28T18:42:43.028070,03 00 03 00 87 3A 29 48,03000300,0.000000
3555,0,0x10F,STD,8,2026-01-28T18:42:43.085083,03 00 03 00 2E 75 76 3D,03000300,0.000000
3556,0,0x110,STD,8,2026-01-28T18:42:43.109088,03 00 03 00 80 73 FD 47,03000300,0.000000
3557,0,0x10F,STD,8,2026-01-28T18:42:43.164929,03 00 03 00 3E 8A 58 3D,03000300,0.000000
3558,0,0x110,STD,8,2026-01-28T18:42:43.188934,03 00 03 00 6A FE C0 48,03000300,0.000000
3559,0,0x10F,STD,8,2026-01-28T18:42:43.245947,03 00 03 00 F5 F2 5C 3D,03000300,0.000000
3560,0,0x110,STD,8,2026-01-28T18:42:43.269952,03 00 03 00 EF AA B9 48,03000300,0.000000
3561,0,0x10F,STD,8,2026-01-28T18:42:43.326966,03 00 03 00 3C 16 81 3D,03000300,0.000000
3562,0,0x110,STD,8,2026-01-28T18:42:43.350970,03 00 03 00 9F 4C A0 48,03000300,0.000000
3563,0,0x10F,STD,8,2026-01-28T18:42:43.396981,03 00 03 00 65 B2 4F 3D,03000300,0.000000
3564,0,0x110,STD,8,2026-01-28T18:42:43.420987,03 00 03 00 1A 86 AE 48,03000300,0.000000
3565,0,0x10F,STD,8,2026-01-28T18:42:43.477503,03 00 03 00 14 F9 6A 3D,03000300,0.000000
3566,0,0x110,STD,8,2026-01-28T18:42:43.501509,03 00 03 00 4B A8 C6 48,03000300,0.000000
3567,0,0x10F,STD,8,2026-01-28T18:42:43.558521,03 00 03 00 67 8F 5C 3D,03000300,0.000000
3568,0,0x110,STD,8,2026-01-28T18:42:43.582527,03 00 03 00 20 A5 8B 48,03000300,0.000000
3569,0,0x110,STD,8,2026-01-28T18:42:43.595530,03 00 01 00 00 00 00 00,03000100,0.000000
3570,0,0x10F,STD,8,2026-01-28T18:42:43.595530,03 00 02 00 9F 51 38 41,03000200,0.000000
3571,0,0x110,STD,8,2026-01-28T18:42:43.595530,03 00 02 00 9F 51 38 41,03000200,0.000000
3572,0,0x10F,STD,8,2026-01-28T18:42:43.595530,03 00 01 00 00 00 00 00,03000100,0.000000
3573,0,0x10F,STD,8,2026-01-28T18:42:43.641540,03 00 03 00 BC BE 7C 3D,03000300,0.000000
3574,0,0x110,STD,8,2026-01-28T18:42:43.665546,03 00 03 00 75 CA F8 48,03000300,0.000000
3575,0,0x10F,STD,8,2026-01-28T18:42:43.722092,03 00 03 00 E4 A9 69 3D,03000300,0.000000
3576,0,0x110,STD,8,2026-01-28T18:42:43.746097,03 00 03 00 35 F8 03 49,03000300,0.000000
3577,0,0x10F,STD,8,2026-01-28T18:42:43.802368,03 00 03 00 B6 9C 65 3D,03000300,0.000000
3578,0,0x110,STD,8,2026-01-28T18:42:43.826373,03 00 03 00 54 33 39 48,03000300,0.000000
3579,0,0x10F,STD,8,2026-01-28T18:42:43.883386,03 00 03 00 48 F5 5A 3D,03000300,0.000000
3580,0,0x110,STD,8,2026-01-28T18:42:43.907391,03 00 03 00 E8 43 29 48,03000300,0.000000
3581,0,0x10F,STD,8,2026-01-28T18:42:43.953402,03 00 03 00 1C 57 1E 3D,03000300,0.000000
3582,0,0x110,STD,8,2026-01-28T18:42:43.977407,03 00 03 00 FD 99 25 48,03000300,0.000000
3583,0,0x10F,STD,8,2026-01-28T18:42:44.034420,03 00 03 00 47 83 85 3D,03000300,0.000000
3584,0,0x110,STD,8,2026-01-28T18:42:44.058426,03 00 03 00 3F D3 64 48,03000300,0.000000
3585,0,0x10F,STD,8,2026-01-28T18:42:44.115174,03 00 03 00 3B 3A 2E 3D,03000300,0.000000
3586,0,0x110,STD,8,2026-01-28T18:42:44.138682,03 00 03 00 25 44 2F 48,03000300,0.000000
3587,0,0x10F,STD,8,2026-01-28T18:42:44.195333,03 00 03 00 D7 4C 0B 3D,03000300,0.000000
3588,0,0x110,STD,8,2026-01-28T18:42:44.219338,03 00 03 00 4A C0 9B 47,03000300,0.000000
3589,0,0x10F,STD,8,2026-01-28T18:42:44.276351,03 00 03 00 8A C7 61 3D,03000300,0.000000
3590,0,0x110,STD,8,2026-01-28T18:42:44.300357,03 00 03 00 6E 23 05 48,03000300,0.000000
3591,0,0x10F,STD,8,2026-01-28T18:42:44.357370,03 00 03 00 C6 45 BE 3C,03000300,0.000000
3592,0,0x110,STD,8,2026-01-28T18:42:44.381375,03 00 03 00 FE A8 8A 48,03000300,0.000000
3593,0,0x10F,STD,8,2026-01-28T18:42:44.438387,03 00 03 00 04 96 84 3D,03000300,0.000000
3594,0,0x110,STD,8,2026-01-28T18:42:44.461945,03 00 03 00 98 85 F7 48,03000300,0.000000
3595,0,0x10F,STD,8,2026-01-28T18:42:44.518958,03 00 03 00 76 DE 35 3D,03000300,0.000000
3596,0,0x110,STD,8,2026-01-28T18:42:44.542963,03 00 03 00 02 08 8F 48,03000300,0.000000
3597,0,0x10F,STD,8,2026-01-28T18:42:44.599976,03 00 03 00 6E 70 33 3D,03000300,0.000000
3598,0,0x110,STD,8,2026-01-28T18:42:44.623981,03 00 03 00 9A 4A 80 48,03000300,0.000000
3599,0,0x110,STD,8,2026-01-28T18:42:44.636985,03 00 01 00 00 00 00 00,03000100,0.000000
3600,0,0x110,STD,8,2026-01-28T18:42:44.638985,03 00 01 00 00 00 00 00,03000100,0.000000
3601,0,0x10F,STD,8,2026-01-28T18:42:44.638985,03 00 02 00 9C 69 48 41,03000200,0.000000
3602,0,0x110,STD,8,2026-01-28T18:42:44.638985,03 00 02 00 9C 69 48 41,03000200,0.000000
3603,0,0x10F,STD,8,2026-01-28T18:42:44.674152,03 00 03 00 30 3A 3F 3D,03000300,0.000000
3604,0,0x110,STD,8,2026-01-28T18:42:44.698158,03 00 03 00 66 7D C5 48,03000300,0.000000
3605,0,0x10F,STD,8,2026-01-28T18:42:44.755171,03 00 03 00 84 84 55 3D,03000300,0.000000
3606,0,0x110,STD,8,2026-01-28T18:42:44.779178,03 00 03 00 6E 9D 68 48,03000300,0.000000
3607,0,0x10F,STD,8,2026-01-28T18:42:44.836191,03 00 03 00 18 56 82 3D,03000300,0.000000
3608,0,0x110,STD,8,2026-01-28T18:42:44.860197,03 00 03 00 8D 09 DE 47,03000300,0.000000
3609,0,0x10F,STD,8,2026-01-28T18:42:44.917210,03 00 03 00 49 8B 59 3D,03000300,0.000000
3610,0,0x110,STD,8,2026-01-28T18:42:44.941215,03 00 03 00 29 7E F6 47,03000300,0.000000
3611,0,0x10F,STD,8,2026-01-28T18:42:44.998228,03 00 03 00 77 62 8E 3D,03000300,0.000000
3612,0,0x110,STD,8,2026-01-28T18:42:45.022233,03 00 03 00 7B 9D 06 48,03000300,0.000000
3613,0,0x10F,STD,8,2026-01-28T18:42:45.079246,03 00 03 00 DB 42 31 3D,03000300,0.000000
3614,0,0x110,STD,8,2026-01-28T18:42:45.103251,03 00 03 00 B9 C0 32 48,03000300,0.000000
3615,0,0x10F,STD,8,2026-01-28T18:42:45.159450,03 00 03 00 28 27 77 3D,03000300,0.000000
3616,0,0x110,STD,8,2026-01-28T18:42:45.183260,03 00 03 00 04 A2 7F 48,03000300,0.000000
3617,0,0x10F,STD,8,2026-01-28T18:42:45.229271,03 00 03 00 BC 0D 4E 3D,03000300,0.000000
3618,0,0x110,STD,8,2026-01-28T18:42:45.253277,03 00 03 00 69 E9 87 48,03000300,0.000000
3619,0,0x10F,STD,8,2026-01-28T18:42:45.310288,03 00 03 00 16 65 5C 3D,03000300,0.000000
3620,0,0x110,STD,8,2026-01-28T18:42:45.333498,03 00 03 00 37 15 86 48,03000300,0.000000
3621,0,0x10F,STD,8,2026-01-28T18:42:45.390511,03 00 03 00 72 19 8C 3D,03000300,0.000000
3622,0,0x110,STD,8,2026-01-28T18:42:45.414516,03 00 03 00 CC 9A 88 48,03000300,0.000000
3623,0,0x10F,STD,8,2026-01-28T18:42:45.471529,03 00 03 00 7A F5 59 3D,03000300,0.000000
3624,0,0x110,STD,8,2026-01-28T18:42:45.495534,03 00 03 00 CA FE 72 48,03000300,0.000000
3625,0,0x10F,STD,8,2026-01-28T18:42:45.552547,03 00 03 00 D2 86 96 3D,03000300,0.000000
3626,0,0x110,STD,8,2026-01-28T18:42:45.576553,03 00 03 00 71 2B 9B 48,03000300,0.000000
3627,0,0x10F,STD,8,2026-01-28T18:42:45.633566,03 00 03 00 DE 08 4C 3D,03000300,0.000000
3628,0,0x110,STD,8,2026-01-28T18:42:45.657571,03 00 03 00 34 0B F9 48,03000300,0.000000
3629,0,0x10F,STD,8,2026-01-28T18:42:45.703581,03 00 01 00 00 00 00 00,03000100,0.000000
3630,0,0x10F,STD,8,2026-01-28T18:42:45.705582,03 00 02 00 D5 27 27 41,03000200,0.000000
3631,0,0x110,STD,8,2026-01-28T18:42:45.707582,03 00 02 00 D5 27 27 41,03000200,0.000000
3632,0,0x10F,STD,8,2026-01-28T18:42:45.707582,03 00 01 00 00 00 00 00,03000100,0.000000
3633,0,0x110,STD,8,2026-01-28T18:42:45.707582,03 00 02 00 D5 27 27 41,03000200,0.000000
3634,0,0x110,STD,8,2026-01-28T18:42:45.742094,03 00 03 00 AC 75 E3 48,03000300,0.000000
3635,0,0x10F,STD,8,2026-01-28T18:42:45.788104,03 00 03 00 91 0D 44 3D,03000300,0.000000
3636,0,0x110,STD,8,2026-01-28T18:42:45.823112,03 00 03 00 AD 75 AC 48,03000300,0.000000
3637,0,0x10F,STD,8,2026-01-28T18:42:45.868681,03 00 03 00 20 28 42 3D,03000300,0.000000
3638,0,0x110,STD,8,2026-01-28T18:42:45.891800,03 00 03 00 6F 87 A3 48,03000300,0.000000
3639,0,0x10F,STD,8,2026-01-28T18:42:45.948316,03 00 03 00 5F 50 77 3D,03000300,0.000000
3640,0,0x110,STD,8,2026-01-28T18:42:45.972321,03 00 03 00 60 8D 96 48,03000300,0.000000
3641,0,0x10F,STD,8,2026-01-28T18:42:46.029111,03 00 03 00 0D AF 2F 3D,03000300,0.000000
3642,0,0x110,STD,8,2026-01-28T18:42:46.052674,03 00 03 00 4C E2 8D 48,03000300,0.000000
3643,0,0x10F,STD,8,2026-01-28T18:42:46.109687,03 00 03 00 02 4E 71 3D,03000300,0.000000
3644,0,0x110,STD,8,2026-01-28T18:42:46.133044,03 00 03 00 B1 0E 6C 48,03000300,0.000000
3645,0,0x10F,STD,8,2026-01-28T18:42:46.189732,03 00 03 00 64 50 81 3D,03000300,0.000000
3646,0,0x110,STD,8,2026-01-28T18:42:46.212976,03 00 03 00 2E 8A 0A 48,03000300,0.000000
3647,0,0x10F,STD,8,2026-01-28T18:42:46.269990,03 00 03 00 B4 E8 7E 3D,03000300,0.000000
3648,0,0x110,STD,8,2026-01-28T18:42:46.293994,03 00 03 00 11 88 66 47,03000300,0.000000
3649,0,0x10F,STD,8,2026-01-28T18:42:46.350523,03 00 03 00 40 00 84 3D,03000300,0.000000
3650,0,0x110,STD,8,2026-01-28T18:42:46.374528,03 00 03 00 74 83 3A 48,03000300,0.000000
3651,0,0x10F,STD,8,2026-01-28T18:42:46.431541,03 00 03 00 21 4E 85 3D,03000300,0.000000
3652,0,0x110,STD,8,2026-01-28T18:42:46.454725,03 00 03 00 1B EF 2A 48,03000300,0.000000
3653,0,0x10F,STD,8,2026-01-28T18:42:46.511738,03 00 03 00 48 58 85 3D,03000300,0.000000
3654,0,0x110,STD,8,2026-01-28T18:42:46.535743,03 00 03 00 51 67 50 48,03000300,0.000000
3655,0,0x10F,STD,8,2026-01-28T18:42:46.592261,03 00 03 00 BC 06 3B 3D,03000300,0.000000
3656,0,0x110,STD,8,2026-01-28T18:42:46.616266,03 00 03 00 30 2C 8E 48,03000300,0.000000
3657,0,0x10F,STD,8,2026-01-28T18:42:46.673279,03 00 03 00 9C D8 76 3D,03000300,0.000000
3658,0,0x110,STD,8,2026-01-28T18:42:46.697285,03 00 03 00 21 B4 45 48,03000300,0.000000
3659,0,0x10F,STD,8,2026-01-28T18:42:46.753448,03 00 03 00 87 62 2A 3D,03000300,0.000000
3660,0,0x10F,STD,8,2026-01-28T18:42:46.753448,03 00 02 00 D5 27 27 41,03000200,0.000000
3661,0,0x110,STD,8,2026-01-28T18:42:46.753448,03 00 01 00 00 00 00 00,03000100,0.000000
3662,0,0x110,STD,8,2026-01-28T18:42:46.753448,03 00 02 00 D5 27 27 41,03000200,0.000000
3663,0,0x10F,STD,8,2026-01-28T18:42:46.753448,03 00 01 00 00 00 00 00,03000100,0.000000
3664,0,0x110,STD,8,2026-01-28T18:42:46.777160,03 00 03 00 B1 C1 D4 48,03000300,0.000000
3665,0,0x10F,STD,8,2026-01-28T18:42:46.823171,03 00 03 00 7D 17 50 3D,03000300,0.000000
3666,0,0x110,STD,8,2026-01-28T18:42:46.847176,03 00 03 00 9D 1D 79 48,03000300,0.000000
3667,0,0x10F,STD,8,2026-01-28T18:42:46.903752,03 00 03 00 2F 49 5A 3D,03000300,0.000000
3668,0,0x110,STD,8,2026-01-28T18:42:46.927446,03 00 03 00 EA B1 90 48,03000300,0.000000
3669,0,0x10F,STD,8,2026-01-28T18:42:46.984460,03 00 03 00 E2 C5 52 3D,03000300,0.000000
3670,0,0x110,STD,8,2026-01-28T18:42:47.008466,03 00 03 00 18 CC BF 48,03000300,0.000000
3671,0,0x10F,STD,8,2026-01-28T18:42:47.065009,03 00 03 00 38 24 9D 3D,03000300,0.000000
3672,0,0x110,STD,8,2026-01-28T18:42:47.089011,03 00 03 00 58 A3 1A 48,03000300,0.000000
3673,0,0x10F,STD,8,2026-01-28T18:42:47.146024,03 00 03 00 8F BB 68 3D,03000300,0.000000
3674,0,0x110,STD,8,2026-01-28T18:42:47.170030,03 00 03 00 4C A1 AA 48,03000300,0.000000
3675,0,0x10F,STD,8,2026-01-28T18:42:47.227042,03 00 03 00 00 BC 8A 3D,03000300,0.000000
3676,0,0x110,STD,8,2026-01-28T18:42:47.251048,03 00 03 00 9F 57 82 48,03000300,0.000000
3677,0,0x10F,STD,8,2026-01-28T18:42:47.308061,03 00 03 00 FB 30 8D 3D,03000300,0.000000
3678,0,0x110,STD,8,2026-01-28T18:42:47.332066,03 00 03 00 5D 5E 59 48,03000300,0.000000
3679,0,0x10F,STD,8,2026-01-28T18:42:47.389079,03 00 03 00 BB 42 58 3D,03000300,0.000000
3680,0,0x110,STD,8,2026-01-28T18:42:47.412251,03 00 03 00 18 D2 BB 47,03000300,0.000000
3681,0,0x10F,STD,8,2026-01-28T18:42:47.469264,03 00 03 00 9E D8 72 3D,03000300,0.000000
3682,0,0x110,STD,8,2026-01-28T18:42:47.493270,03 00 03 00 8F 65 45 48,03000300,0.000000
3683,0,0x10F,STD,8,2026-01-28T18:42:47.550282,03 00 03 00 29 7D 3F 3D,03000300,0.000000
3684,0,0x110,STD,8,2026-01-28T18:42:47.574288,03 00 03 00 96 02 21 48,03000300,0.000000
3685,0,0x10F,STD,8,2026-01-28T18:42:47.620298,03 00 03 00 18 B9 8B 3D,03000300,0.000000
3686,0,0x110,STD,8,2026-01-28T18:42:47.644303,03 00 03 00 56 1C 04 48,03000300,0.000000
3687,0,0x10F,STD,8,2026-01-28T18:42:47.700819,03 00 03 00 31 FF 68 3D,03000300,0.000000
3688,0,0x110,STD,8,2026-01-28T18:42:47.724824,03 00 03 00 86 F6 11 48,03000300,0.000000
3689,0,0x10F,STD,8,2026-01-28T18:42:47.781236,03 00 03 00 99 54 64 3D,03000300,0.000000
3690,0,0x110,STD,8,2026-01-28T18:42:47.794240,03 00 01 00 00 00 00 00,03000100,0.000000
3691,0,0x10F,STD,8,2026-01-28T18:42:47.794240,03 00 02 00 ED 52 4C 41,03000200,0.000000
3692,0,0x10F,STD,8,2026-01-28T18:42:47.794240,03 00 01 00 00 00 00 00,03000100,0.000000
3693,0,0x110,STD,8,2026-01-28T18:42:47.794240,03 00 02 00 ED 52 4C 41,03000200,0.000000
3694,0,0x110,STD,8,2026-01-28T18:42:47.807243,03 00 03 00 6B 1F 14 48,03000300,0.000000
3695,0,0x10F,STD,8,2026-01-28T18:42:47.863774,03 00 03 00 6A 5C 6B 3D,03000300,0.000000
3696,0,0x110,STD,8,2026-01-28T18:42:47.887053,03 00 03 00 D7 7A 6F 47,03000300,0.000000
3697,0,0x10F,STD,8,2026-01-28T18:42:47.944066,03 00 03 00 49 91 23 3D,03000300,0.000000
3698,0,0x110,STD,8,2026-01-28T18:42:47.968071,03 00 03 00 6A 1C 41 48,03000300,0.000000
3699,0,0x10F,STD,8,2026-01-28T18:42:48.025084,03 00 03 00 D0 9C 5F 3D,03000300,0.000000
3700,0,0x110,STD,8,2026-01-28T18:42:48.049089,03 00 03 00 F6 49 20 48,03000300,0.000000
3701,0,0x10F,STD,8,2026-01-28T18:42:48.106102,03 00 03 00 37 8E F5 3C,03000300,0.000000
3702,0,0x110,STD,8,2026-01-28T18:42:48.130107,03 00 03 00 93 8E DB 47,03000300,0.000000
3703,0,0x10F,STD,8,2026-01-28T18:42:48.187120,03 00 03 00 28 79 4E 3D,03000300,0.000000
3704,0,0x110,STD,8,2026-01-28T18:42:48.211126,03 00 03 00 26 09 AD 48,03000300,0.000000
3705,0,0x10F,STD,8,2026-01-28T18:42:48.268139,03 00 03 00 C0 DA 54 3D,03000300,0.000000
3706,0,0x110,STD,8,2026-01-28T18:42:48.292144,03 00 03 00 83 C8 5A 48,03000300,0.000000
3707,0,0x10F,STD,8,2026-01-28T18:42:48.337734,03 00 03 00 EC B1 48 3D,03000300,0.000000
3708,0,0x110,STD,8,2026-01-28T18:42:48.372741,03 00 03 00 C6 CB 00 49,03000300,0.000000
3709,0,0x10F,STD,8,2026-01-28T18:42:48.417914,03 00 03 00 6A 72 63 3D,03000300,0.000000
3710,0,0x110,STD,8,2026-01-28T18:42:48.441919,03 00 03 00 86 93 EA 48,03000300,0.000000
3711,0,0x10F,STD,8,2026-01-28T18:42:48.498070,03 00 03 00 85 6B 73 3D,03000300,0.000000
3712,0,0x110,STD,8,2026-01-28T18:42:48.522075,03 00 03 00 A9 72 01 49,03000300,0.000000
3713,0,0x10F,STD,8,2026-01-28T18:42:48.578212,03 00 03 00 E4 95 95 3D,03000300,0.000000
3714,0,0x110,STD,8,2026-01-28T18:42:48.602218,03 00 03 00 80 A6 B8 48,03000300,0.000000
3715,0,0x10F,STD,8,2026-01-28T18:42:48.657061,03 00 03 00 62 CC 3F 3D,03000300,0.000000
3716,0,0x110,STD,8,2026-01-28T18:42:48.681067,03 00 03 00 25 7B 50 48,03000300,0.000000
3717,0,0x10F,STD,8,2026-01-28T18:42:48.738081,03 00 03 00 B1 1A 77 3D,03000300,0.000000
3718,0,0x110,STD,8,2026-01-28T18:42:48.762086,03 00 03 00 35 CE A7 48,03000300,0.000000
3719,0,0x10F,STD,8,2026-01-28T18:42:48.819099,03 00 03 00 23 E0 69 3D,03000300,0.000000
3720,0,0x110,STD,8,2026-01-28T18:42:48.843105,03 00 01 00 00 00 00 00,03000100,0.000000
3721,0,0x110,STD,8,2026-01-28T18:42:48.843105,03 00 01 00 00 00 00 00,03000100,0.000000
3722,0,0x10F,STD,8,2026-01-28T18:42:48.843105,03 00 01 00 00 00 00 00,03000100,0.000000
3723,0,0x110,STD,8,2026-01-28T18:42:48.843105,03 00 01 00 00 00 00 00,03000100,0.000000
3724,0,0x10F,STD,8,2026-01-28T18:42:48.843105,03 00 02 00 ED 52 4C 41,03000200,0.000000
3725,0,0x10F,STD,8,2026-01-28T18:42:48.899724,03 00 03 00 7E 83 3D 3D,03000300,0.000000
3726,0,0x110,STD,8,2026-01-28T18:42:48.923729,03 00 03 00 9D 5D C4 47,03000300,0.000000
3727,0,0x10F,STD,8,2026-01-28T18:42:48.980743,03 00 03 00 03 57 5E 3D,03000300,0.000000
3728,0,0x110,STD,8,2026-01-28T18:42:49.004748,03 00 03 00 C3 F0 C3 47,03000300,0.000000
3729,0,0x10F,STD,8,2026-01-28T18:42:49.061761,03 00 03 00 D4 9C B5 3C,03000300,0.000000
3730,0,0x110,STD,8,2026-01-28T18:42:49.085269,03 00 03 00 4B F3 33 48,03000300,0.000000
3731,0,0x10F,STD,8,2026-01-28T18:42:49.142282,03 00 03 00 68 97 07 3D,03000300,0.000000
3732,0,0x110,STD,8,2026-01-28T18:42:49.165209,03 00 03 00 C4 F9 1C 48,03000300,0.000000
3733,0,0x10F,STD,8,2026-01-28T18:42:49.222222,03 00 03 00 51 10 93 3C,03000300,0.000000
3734,0,0x110,STD,8,2026-01-28T18:42:49.246227,03 00 03 00 30 D0 8E 48,03000300,0.000000
3735,0,0x10F,STD,8,2026-01-28T18:42:49.302515,03 00 03 00 F3 51 32 3C,03000300,0.000000
3736,0,0x110,STD,8,2026-01-28T18:42:49.326521,03 00 03 00 53 8B 0E 48,03000300,0.000000
3737,0,0x10F,STD,8,2026-01-28T18:42:49.383182,03 00 03 00 58 C5 4E 3C,03000300,0.000000
3738,0,0x110,STD,8,2026-01-28T18:42:49.407189,03 00 03 00 DB ED 53 48,03000300,0.000000
3739,0,0x10F,STD,8,2026-01-28T18:42:49.463608,03 00 03 00 FA AB 07 3D,03000300,0.000000
3740,0,0x110,STD,8,2026-01-28T18:42:49.487614,03 00 03 00 88 24 0F 48,03000300,0.000000
3741,0,0x10F,STD,8,2026-01-28T18:42:49.533624,03 00 03 00 73 73 56 3D,03000300,0.000000
3742,0,0x110,STD,8,2026-01-28T18:42:49.557630,03 00 03 00 43 39 3A 48,03000300,0.000000
3743,0,0x10F,STD,8,2026-01-28T18:42:49.614642,03 00 03 00 A8 B0 2F 3D,03000300,0.000000
3744,0,0x110,STD,8,2026-01-28T18:42:49.638648,03 00 03 00 E1 46 C7 48,03000300,0.000000
3745,0,0x10F,STD,8,2026-01-28T18:42:49.695661,03 00 03 00 A2 9B 62 3D,03000300,0.000000
3746,0,0x110,STD,8,2026-01-28T18:42:49.719666,03 00 03 00 B2 AB 88 48,03000300,0.000000
3747,0,0x10F,STD,8,2026-01-28T18:42:49.776679,03 00 03 00 AF 84 16 3D,03000300,0.000000
3748,0,0x110,STD,8,2026-01-28T18:42:49.800684,03 00 03 00 B4 47 BA 48,03000300,0.000000
3749,0,0x10F,STD,8,2026-01-28T18:42:49.857697,03 00 03 00 DB 67 40 3D,03000300,0.000000
3750,0,0x110,STD,8,2026-01-28T18:42:49.881205,03 00 03 00 B4 7E 97 48,03000300,0.000000
3751,0,0x110,STD,8,2026-01-28T18:42:49.894208,03 00 02 00 ED 52 4C 41,03000200,0.000000
3752,0,0x10F,STD,8,2026-01-28T18:42:49.894208,03 00 01 00 00 00 00 00,03000100,0.000000
3753,0,0x110,STD,8,2026-01-28T18:42:49.894208,03 00 01 00 00 00 00 00,03000100,0.000000
3754,0,0x10F,STD,8,2026-01-28T18:42:49.896208,03 00 02 00 6B 25 32 41,03000200,0.000000
3755,0,0x10F,STD,8,2026-01-28T18:42:49.942218,03 00 03 00 60 5F 42 3D,03000300,0.000000
3756,0,0x110,STD,8,2026-01-28T18:42:49.956222,03 00 03 00 0E B0 0D 48,03000300,0.000000
3757,0,0x10F,STD,8,2026-01-28T18:42:50.012739,03 00 03 00 81 97 0E 3D,03000300,0.000000
3758,0,0x110,STD,8,2026-01-28T18:42:50.036745,03 00 03 00 18 61 0C 48,03000300,0.000000
3759,0,0x10F,STD,8,2026-01-28T18:42:50.093758,03 00 03 00 3E 26 56 3D,03000300,0.000000
3760,0,0x110,STD,8,2026-01-28T18:42:50.117763,03 00 03 00 92 A4 8F 48,03000300,0.000000
3761,0,0x10F,STD,8,2026-01-28T18:42:50.174776,03 00 03 00 00 F9 27 3D,03000300,0.000000
3762,0,0x110,STD,8,2026-01-28T18:42:50.198781,03 00 03 00 B4 01 89 48,03000300,0.000000
3763,0,0x10F,STD,8,2026-01-28T18:42:50.255795,03 00 03 00 A5 61 52 3D,03000300,0.000000
3764,0,0x110,STD,8,2026-01-28T18:42:50.279799,03 00 03 00 E8 A2 FD 47,03000300,0.000000
3765,0,0x10F,STD,8,2026-01-28T18:42:50.336812,03 00 03 00 29 D3 51 3D,03000300,0.000000
3766,0,0x110,STD,8,2026-01-28T18:42:50.364819,03 00 03 00 09 D0 96 48,03000300,0.000000
3767,0,0x10F,STD,8,2026-01-28T18:42:50.410829,03 00 03 00 B0 2D 4C 3D,03000300,0.000000
3768,0,0x110,STD,8,2026-01-28T18:42:50.434834,03 00 03 00 01 13 2E 48,03000300,0.000000
3769,0,0x10F,STD,8,2026-01-28T18:42:50.491847,03 00 03 00 3E 4E 83 3D,03000300,0.000000
3770,0,0x110,STD,8,2026-01-28T18:42:50.515853,03 00 03 00 A7 A7 83 47,03000300,0.000000
3771,0,0x10F,STD,8,2026-01-28T18:42:50.572866,03 00 03 00 C1 F2 67 3D,03000300,0.000000
3772,0,0x110,STD,8,2026-01-28T18:42:50.595931,03 00 03 00 B3 F3 13 48,03000300,0.000000
3773,0,0x10F,STD,8,2026-01-28T18:42:50.652448,03 00 03 00 A7 73 86 3D,03000300,0.000000
3774,0,0x110,STD,8,2026-01-28T18:42:50.676453,03 00 03 00 2B 32 72 48,03000300,0.000000
3775,0,0x10F,STD,8,2026-01-28T18:42:50.733150,03 00 03 00 53 96 3A 3D,03000300,0.000000
3776,0,0x110,STD,8,2026-01-28T18:42:50.757156,03 00 03 00 65 72 97 48,03000300,0.000000
3777,0,0x10F,STD,8,2026-01-28T18:42:50.814169,03 00 03 00 C6 7E 48 3D,03000300,0.000000
3778,0,0x110,STD,8,2026-01-28T18:42:50.838174,03 00 03 00 B5 DE A1 48,03000300,0.000000
3779,0,0x10F,STD,8,2026-01-28T18:42:50.894749,03 00 03 00 C5 6D 05 3D,03000300,0.000000
3780,0,0x110,STD,8,2026-01-28T18:42:50.918756,03 00 03 00 6F 65 2A 48,03000300,0.000000
3781,0,0x110,STD,8,2026-01-28T18:42:50.942761,03 00 02 00 6B 25 32 41,03000200,0.000000
3782,0,0x10F,STD,8,2026-01-28T18:42:50.942761,03 00 02 00 4A F6 26 41,03000200,0.000000
3783,0,0x110,STD,8,2026-01-28T18:42:50.942761,03 00 02 00 4A F6 26 41,03000200,0.000000
3784,0,0x10F,STD,8,2026-01-28T18:42:50.942761,03 00 01 00 00 00 00 00,03000100,0.000000
3785,0,0x10F,STD,8,2026-01-28T18:42:50.977769,03 00 03 00 64 74 2B 3D,03000300,0.000000
3786,0,0x110,STD,8,2026-01-28T18:42:51.001774,03 00 03 00 37 D1 A4 47,03000300,0.000000
3787,0,0x10F,STD,8,2026-01-28T18:42:51.049785,03 00 03 00 37 16 49 3D,03000300,0.000000
3788,0,0x110,STD,8,2026-01-28T18:42:51.073548,03 00 03 00 E1 96 6D 48,03000300,0.000000
3789,0,0x10F,STD,8,2026-01-28T18:42:51.130142,03 00 03 00 67 73 51 3D,03000300,0.000000
3790,0,0x110,STD,8,2026-01-28T18:42:51.154148,03 00 03 00 51 C1 A6 48,03000300,0.000000
3791,0,0x10F,STD,8,2026-01-28T18:42:51.211161,03 00 03 00 4A 94 8D 3D,03000300,0.000000
3792,0,0x110,STD,8,2026-01-28T18:42:51.234464,03 00 03 00 BB 27 1B 48,03000300,0.000000
3793,0,0x10F,STD,8,2026-01-28T18:42:51.291052,03 00 03 00 46 B2 2E 3D,03000300,0.000000
3794,0,0x110,STD,8,2026-01-28T18:42:51.314564,03 00 03 00 05 54 12 48,03000300,0.000000
3795,0,0x10F,STD,8,2026-01-28T18:42:51.371578,03 00 03 00 CB 30 8A 3D,03000300,0.000000
3796,0,0x110,STD,8,2026-01-28T18:42:51.395583,03 00 03 00 88 81 74 48,03000300,0.000000
3797,0,0x10F,STD,8,2026-01-28T18:42:51.452131,03 00 03 00 23 9B 2E 3D,03000300,0.000000
3798,0,0x110,STD,8,2026-01-28T18:42:51.476136,03 00 03 00 B2 67 25 48,03000300,0.000000
3799,0,0x10F,STD,8,2026-01-28T18:42:51.533149,03 00 03 00 D8 F9 3B 3D,03000300,0.000000
3800,0,0x110,STD,8,2026-01-28T18:42:51.557154,03 00 03 00 27 AF 4F 48,03000300,0.000000
3801,0,0x10F,STD,8,2026-01-28T18:42:51.614167,03 00 03 00 01 5C 6D 3D,03000300,0.000000
3802,0,0x110,STD,8,2026-01-28T18:42:51.638172,03 00 03 00 73 8A D3 47,03000300,0.000000
3803,0,0x10F,STD,8,2026-01-28T18:42:51.695185,03 00 03 00 08 85 05 3D,03000300,0.000000
3804,0,0x110,STD,8,2026-01-28T18:42:51.719121,03 00 03 00 23 8A 0B 48,03000300,0.000000
3805,0,0x10F,STD,8,2026-01-28T18:42:51.765131,03 00 03 00 C7 F7 60 3D,03000300,0.000000
3806,0,0x110,STD,8,2026-01-28T18:42:51.799722,03 00 03 00 09 3F 55 47,03000300,0.000000
3807,0,0x10F,STD,8,2026-01-28T18:42:51.845733,03 00 03 00 75 44 30 3D,03000300,0.000000
3808,0,0x110,STD,8,2026-01-28T18:42:51.880295,03 00 03 00 D3 A4 F2 47,03000300,0.000000
3809,0,0x10F,STD,8,2026-01-28T18:42:51.926307,03 00 03 00 F0 D7 6F 3D,03000300,0.000000
3810,0,0x110,STD,8,2026-01-28T18:42:51.950312,03 00 03 00 0F F0 A9 48,03000300,0.000000
3811,0,0x110,STD,8,2026-01-28T18:42:51.974119,03 00 01 00 00 00 00 00,03000100,0.000000
3812,0,0x10F,STD,8,2026-01-28T18:42:51.974119,03 00 02 00 FA 3B 34 41,03000200,0.000000
3813,0,0x110,STD,8,2026-01-28T18:42:51.976120,03 00 02 00 FA 3B 34 41,03000200,0.000000
3814,0,0x10F,STD,8,2026-01-28T18:42:51.976120,03 00 01 00 00 00 00 00,03000100,0.000000
3815,0,0x10F,STD,8,2026-01-28T18:42:52.011126,03 00 03 00 FA 1B 57 3D,03000300,0.000000
3816,0,0x110,STD,8,2026-01-28T18:42:52.035132,03 00 03 00 2D F2 AC 48,03000300,0.000000
3817,0,0x10F,STD,8,2026-01-28T18:42:52.091712,03 00 03 00 7E 49 26 3D,03000300,0.000000
3818,0,0x110,STD,8,2026-01-28T18:42:52.115717,03 00 03 00 89 6C 02 48,03000300,0.000000
3819,0,0x10F,STD,8,2026-01-28T18:42:52.172531,03 00 03 00 35 EC 48 3D,03000300,0.000000
3820,0,0x110,STD,8,2026-01-28T18:42:52.195843,03 00 03 00 2D 76 82 48,03000300,0.000000
3821,0,0x10F,STD,8,2026-01-28T18:42:52.252856,03 00 03 00 FA CE D7 3C,03000300,0.000000
3822,0,0x110,STD,8,2026-01-28T18:42:52.276862,03 00 03 00 E0 8B 4D 48,03000300,0.000000
3823,0,0x10F,STD,8,2026-01-28T18:42:52.333874,03 00 03 00 F4 D2 4B 3D,03000300,0.000000
3824,0,0x110,STD,8,2026-01-28T18:42:52.357519,03 00 03 00 36 A8 2C 48,03000300,0.000000
3825,0,0x10F,STD,8,2026-01-28T18:42:52.403529,03 00 03 00 67 FD 3A 3D,03000300,0.000000
3826,0,0x110,STD,8,2026-01-28T18:42:52.427534,03 00 03 00 24 C7 5B 48,03000300,0.000000
3827,0,0x10F,STD,8,2026-01-28T18:42:52.484547,03 00 03 00 48 14 7B 3D,03000300,0.000000
3828,0,0x110,STD,8,2026-01-28T18:42:52.508553,03 00 03 00 C1 5B 73 48,03000300,0.000000
3829,0,0x10F,STD,8,2026-01-28T18:42:52.565565,03 00 03 00 3C A1 76 3D,03000300,0.000000
3830,0,0x110,STD,8,2026-01-28T18:42:52.589571,03 00 03 00 00 39 6B 48,03000300,0.000000
3831,0,0x10F,STD,8,2026-01-28T18:42:52.646583,03 00 03 00 7D 05 46 3D,03000300,0.000000
3832,0,0x110,STD,8,2026-01-28T18:42:52.670589,03 00 03 00 65 BB A6 48,03000300,0.000000
3833,0,0x10F,STD,8,2026-01-28T18:42:52.727509,03 00 03 00 DD 08 7B 3D,03000300,0.000000
3834,0,0x110,STD,8,2026-01-28T18:42:52.751514,03 00 03 00 2E EE F6 48,03000300,0.000000
3835,0,0x10F,STD,8,2026-01-28T18:42:52.808527,03 00 03 00 88 BA 30 3D,03000300,0.000000
3836,0,0x110,STD,8,2026-01-28T18:42:52.832533,03 00 03 00 69 4A 91 48,03000300,0.000000
3837,0,0x10F,STD,8,2026-01-28T18:42:52.889545,03 00 03 00 67 84 84 3D,03000300,0.000000
3838,0,0x110,STD,8,2026-01-28T18:42:52.913551,03 00 03 00 D6 9C AA 47,03000300,0.000000
3839,0,0x10F,STD,8,2026-01-28T18:42:52.970564,03 00 03 00 73 D7 66 3D,03000300,0.000000
3840,0,0x110,STD,8,2026-01-28T18:42:52.994569,03 00 03 00 14 BA DA 47,03000300,0.000000
3841,0,0x110,STD,8,2026-01-28T18:42:53.029577,03 00 01 00 00 00 00 00,03000100,0.000000
3842,0,0x10F,STD,8,2026-01-28T18:42:53.029577,03 00 01 00 00 00 00 00,03000100,0.000000
3843,0,0x110,STD,8,2026-01-28T18:42:53.029577,03 00 01 00 00 00 00 00,03000100,0.000000
3844,0,0x10F,STD,8,2026-01-28T18:42:53.029577,03 00 02 00 26 7B 2D 41,03000200,0.000000
3845,0,0x10F,STD,8,2026-01-28T18:42:53.042580,03 00 03 00 E9 87 74 3D,03000300,0.000000
3846,0,0x110,STD,8,2026-01-28T18:42:53.066585,03 00 03 00 D7 C3 6B 48,03000300,0.000000
3847,0,0x10F,STD,8,2026-01-28T18:42:53.123598,03 00 03 00 76 58 6D 3D,03000300,0.000000
3848,0,0x110,STD,8,2026-01-28T18:42:53.147604,03 00 03 00 4D BB 15 48,03000300,0.000000
3849,0,0x10F,STD,8,2026-01-28T18:42:53.204121,03 00 03 00 B7 82 00 3D,03000300,0.000000
3850,0,0x110,STD,8,2026-01-28T18:42:53.228126,03 00 03 00 BD AD 2E 48,03000300,0.000000
3851,0,0x10F,STD,8,2026-01-28T18:42:53.285072,03 00 03 00 CB 73 45 3D,03000300,0.000000
3852,0,0x110,STD,8,2026-01-28T18:42:53.309079,03 00 03 00 EB 7E C1 48,03000300,0.000000
3853,0,0x10F,STD,8,2026-01-28T18:42:53.365481,03 00 03 00 F0 90 D0 3C,03000300,0.000000
3854,0,0x110,STD,8,2026-01-28T18:42:53.389488,03 00 03 00 B5 70 94 48,03000300,0.000000
3855,0,0x10F,STD,8,2026-01-28T18:42:53.446491,03 00 03 00 9A 6F 57 3D,03000300,0.000000
3856,0,0x110,STD,8,2026-01-28T18:42:53.470157,03 00 03 00 C9 E6 C5 48,03000300,0.000000
3857,0,0x10F,STD,8,2026-01-28T18:42:53.527170,03 00 03 00 16 F9 65 3D,03000300,0.000000
3858,0,0x110,STD,8,2026-01-28T18:42:53.551175,03 00 03 00 0F EF BD 48,03000300,0.000000
3859,0,0x10F,STD,8,2026-01-28T18:42:53.608188,03 00 03 00 57 B3 5F 3D,03000300,0.000000
3860,0,0x110,STD,8,2026-01-28T18:42:53.632057,03 00 03 00 F9 92 25 48,03000300,0.000000
3861,0,0x10F,STD,8,2026-01-28T18:42:53.689070,03 00 03 00 95 78 89 3D,03000300,0.000000
3862,0,0x110,STD,8,2026-01-28T18:42:53.702074,03 00 03 00 B7 59 AA 48,03000300,0.000000
3863,0,0x10F,STD,8,2026-01-28T18:42:53.758953,03 00 03 00 1F 9B 31 3D,03000300,0.000000
3864,0,0x110,STD,8,2026-01-28T18:42:53.793961,03 00 03 00 2A 78 88 48,03000300,0.000000
3865,0,0x10F,STD,8,2026-01-28T18:42:53.839971,03 00 03 00 DD 71 55 3D,03000300,0.000000
3866,0,0x110,STD,8,2026-01-28T18:42:53.863976,03 00 03 00 58 77 64 48,03000300,0.000000
3867,0,0x10F,STD,8,2026-01-28T18:42:53.920532,03 00 03 00 C6 CA 33 3D,03000300,0.000000
3868,0,0x110,STD,8,2026-01-28T18:42:53.944538,03 00 03 00 BF BB 16 49,03000300,0.000000
3869,0,0x10F,STD,8,2026-01-28T18:42:54.001551,03 00 03 00 B3 44 43 3D,03000300,0.000000
3870,0,0x110,STD,8,2026-01-28T18:42:54.025556,03 00 03 00 75 90 01 49,03000300,0.000000
3871,0,0x110,STD,8,2026-01-28T18:42:54.071567,03 00 02 00 26 7B 2D 41,03000200,0.000000
3872,0,0x10F,STD,8,2026-01-28T18:42:54.071567,03 00 02 00 8D 22 3E 41,03000200,0.000000
3873,0,0x110,STD,8,2026-01-28T18:42:54.073567,03 00 02 00 8D 22 3E 41,03000200,0.000000
3874,0,0x10F,STD,8,2026-01-28T18:42:54.086570,03 00 01 00 00 00 00 00,03000100,0.000000
3875,0,0x10F,STD,8,2026-01-28T18:42:54.086570,03 00 03 00 EA 09 46 3D,03000300,0.000000
3876,0,0x110,STD,8,2026-01-28T18:42:54.110575,03 00 03 00 78 4E 00 49,03000300,0.000000
3877,0,0x10F,STD,8,2026-01-28T18:42:54.167588,03 00 03 00 7B 5E 5D 3D,03000300,0.000000
3878,0,0x110,STD,8,2026-01-28T18:42:54.180591,03 00 03 00 99 7C E4 48,03000300,0.000000
3879,0,0x10F,STD,8,2026-01-28T18:42:54.237604,03 00 03 00 32 03 82 3D,03000300,0.000000
3880,0,0x110,STD,8,2026-01-28T18:42:54.261609,03 00 03 00 D2 30 BD 48,03000300,0.000000
3881,0,0x10F,STD,8,2026-01-28T18:42:54.318622,03 00 03 00 E1 DE 8F 3D,03000300,0.000000
3882,0,0x110,STD,8,2026-01-28T18:42:54.342628,03 00 03 00 FC 13 8C 48,03000300,0.000000
3883,0,0x10F,STD,8,2026-01-28T18:42:54.401641,03 00 03 00 F6 E7 9A 3D,03000300,0.000000
3884,0,0x110,STD,8,2026-01-28T18:42:54.425646,03 00 03 00 D4 65 4D 48,03000300,0.000000
3885,0,0x10F,STD,8,2026-01-28T18:42:54.482658,03 00 03 00 50 76 6F 3D,03000300,0.000000
3886,0,0x110,STD,8,2026-01-28T18:42:54.506664,03 00 03 00 DC F9 35 48,03000300,0.000000
3887,0,0x10F,STD,8,2026-01-28T18:42:54.563677,03 00 03 00 AB 4E A3 3D,03000300,0.000000
3888,0,0x110,STD,8,2026-01-28T18:42:54.587683,03 00 03 00 5D E6 5E 48,03000300,0.000000
3889,0,0x10F,STD,8,2026-01-28T18:42:54.644696,03 00 03 00 84 10 7B 3D,03000300,0.000000
3890,0,0x110,STD,8,2026-01-28T18:42:54.668701,03 00 03 00 81 38 BA 47,03000300,0.000000
3891,0,0x10F,STD,8,2026-01-28T18:42:54.725445,03 00 03 00 21 E0 92 3D,03000300,0.000000
3892,0,0x110,STD,8,2026-01-28T18:42:54.738448,03 00 03 00 6C A0 63 47,03000300,0.000000
3893,0,0x10F,STD,8,2026-01-28T18:42:54.805694,03 00 03 00 93 E6 8A 3D,03000300,0.000000
3894,0,0x110,STD,8,2026-01-28T18:42:54.818696,03 00 03 00 31 A3 EC 47,03000300,0.000000
3895,0,0x10F,STD,8,2026-01-28T18:42:54.875709,03 00 03 00 B8 00 26 3D,03000300,0.000000
3896,0,0x110,STD,8,2026-01-28T18:42:54.899217,03 00 03 00 AE 69 1F 48,03000300,0.000000
3897,0,0x10F,STD,8,2026-01-28T18:42:54.957231,03 00 03 00 63 E9 8A 3D,03000300,0.000000
3898,0,0x110,STD,8,2026-01-28T18:42:54.982236,03 00 03 00 77 6C 71 48,03000300,0.000000
3899,0,0x10F,STD,8,2026-01-28T18:42:55.039249,03 00 03 00 2B 53 00 3D,03000300,0.000000
3900,0,0x110,STD,8,2026-01-28T18:42:55.063254,03 00 03 00 76 C9 04 48,03000300,0.000000
3901,0,0x10F,STD,8,2026-01-28T18:42:55.120267,03 00 03 00 15 A1 86 3D,03000300,0.000000
3902,0,0x110,STD,8,2026-01-28T18:42:55.120267,03 00 01 00 00 00 00 00,03000100,0.000000
3903,0,0x110,STD,8,2026-01-28T18:42:55.120267,03 00 01 00 00 00 00 00,03000100,0.000000
3904,0,0x10F,STD,8,2026-01-28T18:42:55.120267,03 00 02 00 1E EF 30 41,03000200,0.000000
3905,0,0x110,STD,8,2026-01-28T18:42:55.120267,03 00 02 00 1E EF 30 41,03000200,0.000000
3906,0,0x110,STD,8,2026-01-28T18:42:55.144273,03 00 03 00 86 DC C3 48,03000300,0.000000
3907,0,0x10F,STD,8,2026-01-28T18:42:55.201285,03 00 03 00 37 90 38 3D,03000300,0.000000
3908,0,0x110,STD,8,2026-01-28T18:42:55.225291,03 00 03 00 D2 C9 8E 48,03000300,0.000000
3909,0,0x10F,STD,8,2026-01-28T18:42:55.282304,03 00 03 00 23 7C 75 3D,03000300,0.000000
3910,0,0x110,STD,8,2026-01-28T18:42:55.306309,03 00 03 00 CA 4B 19 48,03000300,0.000000
3911,0,0x10F,STD,8,2026-01-28T18:42:55.352319,03 00 03 00 66 B4 85 3D,03000300,0.000000
3912,0,0x110,STD,8,2026-01-28T18:42:55.376325,03 00 03 00 BE 6A 87 48,03000300,0.000000
3913,0,0x10F,STD,8,2026-01-28T18:42:55.433338,03 00 03 00 91 39 39 3D,03000300,0.000000
3914,0,0x110,STD,8,2026-01-28T18:42:55.457343,03 00 03 00 4B B3 FC 47,03000300,0.000000
3915,0,0x10F,STD,8,2026-01-28T18:42:55.514356,03 00 03 00 0C FE A7 3D,03000300,0.000000
3916,0,0x110,STD,8,2026-01-28T18:42:55.538361,03 00 03 00 E9 C2 B4 48,03000300,0.000000
3917,0,0x10F,STD,8,2026-01-28T18:42:55.595374,03 00 03 00 97 CA 0F 3D,03000300,0.000000
3918,0,0x110,STD,8,2026-01-28T18:42:55.619380,03 00 03 00 90 67 C9 48,03000300,0.000000
3919,0,0x10F,STD,8,2026-01-28T18:42:55.676392,03 00 03 00 CA C7 A0 3D,03000300,0.000000
3920,0,0x110,STD,8,2026-01-28T18:42:55.700398,03 00 03 00 BC 18 58 48,03000300,0.000000
3921,0,0x10F,STD,8,2026-01-28T18:42:55.757411,03 00 03 00 07 74 33 3D,03000300,0.000000
3922,0,0x110,STD,8,2026-01-28T18:42:55.781416,03 00 03 00 BC 48 C5 48,03000300,0.000000
3923,0,0x10F,STD,8,2026-01-28T18:42:55.838429,03 00 03 00 BC ED 70 3D,03000300,0.000000
3924,0,0x110,STD,8,2026-01-28T18:42:55.862434,03 00 03 00 F1 A6 85 48,03000300,0.000000
3925,0,0x10F,STD,8,2026-01-28T18:42:55.919447,03 00 03 00 FB 33 80 3D,03000300,0.000000
3926,0,0x110,STD,8,2026-01-28T18:42:55.943453,03 00 03 00 F2 A6 27 48,03000300,0.000000
3927,0,0x10F,STD,8,2026-01-28T18:42:56.000465,03 00 03 00 14 BB 06 3D,03000300,0.000000
3928,0,0x110,STD,8,2026-01-28T18:42:56.024471,03 00 03 00 12 20 5A 47,03000300,0.000000
3929,0,0x10F,STD,8,2026-01-28T18:42:56.072481,03 00 03 00 86 09 6D 3D,03000300,0.000000
3930,0,0x110,STD,8,2026-01-28T18:42:56.096487,03 00 03 00 0B 32 24 48,03000300,0.000000
3931,0,0x10F,STD,8,2026-01-28T18:42:56.153500,03 00 03 00 00 E0 F7 3C,03000300,0.000000
3932,0,0x110,STD,8,2026-01-28T18:42:56.177506,03 00 03 00 75 AD AC 48,03000300,0.000000
3933,0,0x10F,STD,8,2026-01-28T18:42:56.177506,03 00 01 00 00 00 00 00,03000100,0.000000
3934,0,0x110,STD,8,2026-01-28T18:42:56.177506,03 00 01 00 00 00 00 00,03000100,0.000000
3935,0,0x10F,STD,8,2026-01-28T18:42:56.177506,03 00 02 00 1E EF 30 41,03000200,0.000000
3936,0,0x110,STD,8,2026-01-28T18:42:56.177506,03 00 02 00 1E EF 30 41,03000200,0.000000
3937,0,0x10F,STD,8,2026-01-28T18:42:56.234417,03 00 03 00 FE 57 44 3D,03000300,0.000000
3938,0,0x110,STD,8,2026-01-28T18:42:56.258101,03 00 03 00 59 48 7D 48,03000300,0.000000
3939,0,0x10F,STD,8,2026-01-28T18:42:56.314014,03 00 03 00 7E 85 30 3D,03000300,0.000000
3940,0,0x110,STD,8,2026-01-28T18:42:56.338020,03 00 03 00 CE 9E 0B 48,03000300,0.000000
3941,0,0x10F,STD,8,2026-01-28T18:42:56.398986,03 00 03 00 FA A4 49 3D,03000300,0.000000
3942,0,0x110,STD,8,2026-01-28T18:42:56.422976,03 00 03 00 05 79 8F 48,03000300,0.000000
3943,0,0x10F,STD,8,2026-01-28T18:42:56.469096,03 00 03 00 29 68 50 3D,03000300,0.000000
3944,0,0x110,STD,8,2026-01-28T18:42:56.493102,03 00 03 00 B8 DF 4F 48,03000300,0.000000
3945,0,0x10F,STD,8,2026-01-28T18:42:56.549991,03 00 03 00 BD 28 0E 3D,03000300,0.000000
3946,0,0x110,STD,8,2026-01-28T18:42:56.573996,03 00 03 00 41 37 66 47,03000300,0.000000
3947,0,0x10F,STD,8,2026-01-28T18:42:56.631009,03 00 03 00 68 35 6E 3D,03000300,0.000000
3948,0,0x110,STD,8,2026-01-28T18:42:56.655015,03 00 03 00 EF F2 4C 48,03000300,0.000000
3949,0,0x10F,STD,8,2026-01-28T18:42:56.712027,03 00 03 00 30 F6 02 3D,03000300,0.000000
3950,0,0x110,STD,8,2026-01-28T18:42:56.736033,03 00 03 00 CC B3 91 48,03000300,0.000000
3951,0,0x10F,STD,8,2026-01-28T18:42:56.792969,03 00 03 00 36 0F 4D 3D,03000300,0.000000
3952,0,0x110,STD,8,2026-01-28T18:42:56.816974,03 00 03 00 58 6C 18 48,03000300,0.000000
3953,0,0x10F,STD,8,2026-01-28T18:42:56.873554,03 00 03 00 33 CE 3A 3D,03000300,0.000000
3954,0,0x110,STD,8,2026-01-28T18:42:56.897560,03 00 03 00 B0 20 18 48,03000300,0.000000
3955,0,0x10F,STD,8,2026-01-28T18:42:56.954573,03 00 03 00 0B D6 39 3D,03000300,0.000000
3956,0,0x110,STD,8,2026-01-28T18:42:56.978578,03 00 03 00 76 84 8D 48,03000300,0.000000
3957,0,0x10F,STD,8,2026-01-28T18:42:57.035373,03 00 03 00 72 65 7F 3D,03000300,0.000000
3958,0,0x110,STD,8,2026-01-28T18:42:57.059380,03 00 03 00 70 77 28 48,03000300,0.000000
3959,0,0x10F,STD,8,2026-01-28T18:42:57.115956,03 00 03 00 71 9C 2A 3D,03000300,0.000000
3960,0,0x110,STD,8,2026-01-28T18:42:57.139961,03 00 03 00 10 65 11 48,03000300,0.000000
3961,0,0x10F,STD,8,2026-01-28T18:42:57.196974,03 00 03 00 DB CE 5D 3D,03000300,0.000000
3962,0,0x110,STD,8,2026-01-28T18:42:57.220980,03 00 03 00 CF 07 39 48,03000300,0.000000
3963,0,0x10F,STD,8,2026-01-28T18:42:57.220980,03 00 01 00 00 00 00 00,03000100,0.000000
3964,0,0x110,STD,8,2026-01-28T18:42:57.220980,03 00 01 00 00 00 00 00,03000100,0.000000
3965,0,0x10F,STD,8,2026-01-28T18:42:57.220980,03 00 02 00 56 EB 3E 41,03000200,0.000000
3966,0,0x110,STD,8,2026-01-28T18:42:57.220980,03 00 02 00 56 EB 3E 41,03000200,0.000000
3967,0,0x10F,STD,8,2026-01-28T18:42:57.266990,03 00 03 00 1D F8 5E 3D,03000300,0.000000
3968,0,0x110,STD,8,2026-01-28T18:42:57.290995,03 00 03 00 B3 1F CF 47,03000300,0.000000
3969,0,0x10F,STD,8,2026-01-28T18:42:57.347510,03 00 03 00 5A C0 83 3D,03000300,0.000000
3970,0,0x110,STD,8,2026-01-28T18:42:57.371516,03 00 03 00 04 4A C0 47,03000300,0.000000
3971,0,0x10F,STD,8,2026-01-28T18:42:57.428528,03 00 03 00 71 C8 82 3D,03000300,0.000000
3972,0,0x110,STD,8,2026-01-28T18:42:57.452534,03 00 03 00 EC 2C C3 48,03000300,0.000000
3973,0,0x10F,STD,8,2026-01-28T18:42:57.509547,03 00 03 00 A7 7B 6B 3D,03000300,0.000000
3974,0,0x110,STD,8,2026-01-28T18:42:57.533552,03 00 03 00 57 3D A1 48,03000300,0.000000
3975,0,0x10F,STD,8,2026-01-28T18:42:57.590566,03 00 03 00 E8 9C 74 3D,03000300,0.000000
3976,0,0x110,STD,8,2026-01-28T18:42:57.614570,03 00 03 00 6C A2 77 48,03000300,0.000000
3977,0,0x10F,STD,8,2026-01-28T18:42:57.671583,03 00 03 00 FD 27 4E 3D,03000300,0.000000
3978,0,0x110,STD,8,2026-01-28T18:42:57.695589,03 00 03 00 30 D5 C6 48,03000300,0.000000
3979,0,0x10F,STD,8,2026-01-28T18:42:57.751967,03 00 03 00 1A 42 4B 3D,03000300,0.000000
3980,0,0x110,STD,8,2026-01-28T18:42:57.775973,03 00 03 00 2D CF DD 48,03000300,0.000000
3981,0,0x10F,STD,8,2026-01-28T18:42:57.832985,03 00 03 00 50 24 36 3D,03000300,0.000000
3982,0,0x110,STD,8,2026-01-28T18:42:57.856991,03 00 03 00 31 E9 16 49,03000300,0.000000
3983,0,0x10F,STD,8,2026-01-28T18:42:57.914004,03 00 03 00 C2 D8 8A 3D,03000300,0.000000
3984,0,0x110,STD,8,2026-01-28T18:42:57.938009,03 00 03 00 27 0C D4 48,03000300,0.000000
3985,0,0x10F,STD,8,2026-01-28T18:42:57.984019,03 00 03 00 83 D5 2C 3D,03000300,0.000000
3986,0,0x110,STD,8,2026-01-28T18:42:58.008025,03 00 03 00 AE A5 B4 48,03000300,0.000000
3987,0,0x10F,STD,8,2026-01-28T18:42:58.065038,03 00 03 00 A1 46 38 3D,03000300,0.000000
3988,0,0x110,STD,8,2026-01-28T18:42:58.089043,03 00 03 00 00 97 A6 48,03000300,0.000000
3989,0,0x10F,STD,8,2026-01-28T18:42:58.146056,03 00 03 00 E6 C1 57 3D,03000300,0.000000
3990,0,0x110,STD,8,2026-01-28T18:42:58.170062,03 00 03 00 2A 89 C4 48,03000300,0.000000
3991,0,0x10F,STD,8,2026-01-28T18:42:58.227074,03 00 03 00 2F 28 EF 3C,03000300,0.000000
3992,0,0x110,STD,8,2026-01-28T18:42:58.251080,03 00 03 00 1E EC 4C 48,03000300,0.000000
3993,0,0x10F,STD,8,2026-01-28T18:42:58.285914,03 00 01 00 00 00 00 00,03000100,0.000000
3994,0,0x110,STD,8,2026-01-28T18:42:58.285914,03 00 02 00 50 91 41 41,03000200,0.000000
3995,0,0x10F,STD,8,2026-01-28T18:42:58.285914,03 00 01 00 00 00 00 00,03000100,0.000000
3996,0,0x110,STD,8,2026-01-28T18:42:58.285914,03 00 01 00 00 00 00 00,03000100,0.000000
3997,0,0x10F,STD,8,2026-01-28T18:42:58.309922,03 00 03 00 D3 45 4E 3D,03000300,0.000000
3998,0,0x110,STD,8,2026-01-28T18:42:58.333927,03 00 03 00 C8 22 2D 48,03000300,0.000000
3999,0,0x10F,STD,8,2026-01-28T18:42:58.390940,03 00 03 00 CA 19 AD 3C,03000300,0.000000
4000,0,0x110,STD,8,2026-01-28T18:42:58.414945,03 00 03 00 6C F0 D8 47,03000300,0.000000
4001,0,0x10F,STD,8,2026-01-28T18:42:58.471919,03 00 03 00 15 A9 F8 3C,03000300,0.000000
4002,0,0x110,STD,8,2026-01-28T18:42:58.495577,03 00 03 00 CE 6C B2 48,03000300,0.000000
4003,0,0x10F,STD,8,2026-01-28T18:42:58.541131,03 00 03 00 B6 1B C8 3C,03000300,0.000000
4004,0,0x110,STD,8,2026-01-28T18:42:58.565137,03 00 03 00 19 3A 89 48,03000300,0.000000
4005,0,0x10F,STD,8,2026-01-28T18:42:58.622149,03 00 03 00 24 94 B8 3C,03000300,0.000000
4006,0,0x110,STD,8,2026-01-28T18:42:58.646154,03 00 03 00 DF AE C1 48,03000300,0.000000
4007,0,0x10F,STD,8,2026-01-28T18:42:58.702671,03 00 03 00 8C 17 6D 3D,03000300,0.000000
4008,0,0x110,STD,8,2026-01-28T18:42:58.726180,03 00 03 00 9E 45 86 48,03000300,0.000000
4009,0,0x10F,STD,8,2026-01-28T18:42:58.783192,03 00 03 00 63 6A 59 3D,03000300,0.000000
4010,0,0x110,STD,8,2026-01-28T18:42:58.807199,03 00 03 00 A5 A3 A0 47,03000300,0.000000
4011,0,0x10F,STD,8,2026-01-28T18:42:58.864211,03 00 03 00 A9 66 92 3D,03000300,0.000000
4012,0,0x110,STD,8,2026-01-28T18:42:58.888217,03 00 03 00 D0 A4 F2 47,03000300,0.000000
4013,0,0x10F,STD,8,2026-01-28T18:42:58.945230,03 00 03 00 9A B8 89 3D,03000300,0.000000
4014,0,0x110,STD,8,2026-01-28T18:42:58.968767,03 00 03 00 B0 B0 9B 47,03000300,0.000000
4015,0,0x10F,STD,8,2026-01-28T18:42:59.025786,03 00 03 00 8A E2 58 3D,03000300,0.000000
4016,0,0x110,STD,8,2026-01-28T18:42:59.049791,03 00 03 00 6D C8 44 48,03000300,0.000000
4017,0,0x10F,STD,8,2026-01-28T18:42:59.106804,03 00 03 00 6D BE 87 3D,03000300,0.000000
4018,0,0x110,STD,8,2026-01-28T18:42:59.130809,03 00 03 00 89 CE B3 47,03000300,0.000000
4019,0,0x10F,STD,8,2026-01-28T18:42:59.187822,03 00 03 00 D3 BA 3E 3D,03000300,0.000000
4020,0,0x110,STD,8,2026-01-28T18:42:59.211827,03 00 03 00 8F 1F 69 48,03000300,0.000000
4021,0,0x10F,STD,8,2026-01-28T18:42:59.268441,03 00 03 00 87 56 74 3D,03000300,0.000000
4022,0,0x110,STD,8,2026-01-28T18:42:59.292446,03 00 03 00 0E 77 9E 48,03000300,0.000000
4023,0,0x10F,STD,8,2026-01-28T18:42:59.338457,03 00 03 00 1B 7F FA 3C,03000300,0.000000
4024,0,0x10F,STD,8,2026-01-28T18:42:59.351460,03 00 02 00 50 91 41 41,03000200,0.000000
4025,0,0x10F,STD,8,2026-01-28T18:42:59.351460,03 00 02 00 31 73 33 41,03000200,0.000000
4026,0,0x110,STD,8,2026-01-28T18:42:59.351460,03 00 02 00 31 73 33 41,03000200,0.000000
4027,0,0x10F,STD,8,2026-01-28T18:42:59.351460,03 00 01 00 00 00 00 00,03000100,0.000000
4028,0,0x110,STD,8,2026-01-28T18:42:59.364463,03 00 03 00 76 40 01 48,03000300,0.000000
4029,0,0x10F,STD,8,2026-01-28T18:42:59.421475,03 00 03 00 9D 36 31 3D,03000300,0.000000
4030,0,0x110,STD,8,2026-01-28T18:42:59.445481,03 00 03 00 97 50 2B 48,03000300,0.000000
4031,0,0x10F,STD,8,2026-01-28T18:42:59.502494,03 00 03 00 07 05 14 3D,03000300,0.000000
4032,0,0x110,STD,8,2026-01-28T18:42:59.526499,03 00 03 00 A0 13 A0 48,03000300,0.000000
4033,0,0x10F,STD,8,2026-01-28T18:42:59.583512,03 00 03 00 C2 A7 0F 3D,03000300,0.000000
4034,0,0x110,STD,8,2026-01-28T18:42:59.607517,03 00 03 00 BC EA 82 48,03000300,0.000000
4035,0,0x10F,STD,8,2026-01-28T18:42:59.664530,03 00 03 00 45 FF 14 3D,03000300,0.000000
4036,0,0x110,STD,8,2026-01-28T18:42:59.688536,03 00 03 00 65 95 0C 48,03000300,0.000000
4037,0,0x10F,STD,8,2026-01-28T18:42:59.745549,03 00 03 00 BC 81 F1 3C,03000300,0.000000
4038,0,0x110,STD,8,2026-01-28T18:42:59.769554,03 00 03 00 13 29 68 48,03000300,0.000000
4039,0,0x10F,STD,8,2026-01-28T18:42:59.826567,03 00 03 00 86 A0 46 3D,03000300,0.000000
4040,0,0x110,STD,8,2026-01-28T18:42:59.850572,03 00 03 00 BD 8D C4 48,03000300,0.000000
4041,0,0x10F,STD,8,2026-01-28T18:42:59.907088,03 00 03 00 3A 9B 21 3D,03000300,0.000000
4042,0,0x110,STD,8,2026-01-28T18:42:59.920092,03 00 03 00 1B C6 7C 48,03000300,0.000000
4043,0,0x10F,STD,8,2026-01-28T18:42:59.977104,03 00 03 00 26 01 55 3D,03000300,0.000000
4044,0,0x110,STD,8,2026-01-28T18:43:00.001110,03 00 03 00 C0 9A A5 47,03000300,0.000000
4045,0,0x10F,STD,8,2026-01-28T18:43:00.058123,03 00 03 00 00 53 4D 3D,03000300,0.000000
4046,0,0x110,STD,8,2026-01-28T18:43:00.082128,03 00 03 00 74 99 A6 48,03000300,0.000000
4047,0,0x10F,STD,8,2026-01-28T18:43:00.139141,03 00 03 00 16 8C 22 3D,03000300,0.000000
4048,0,0x110,STD,8,2026-01-28T18:43:00.163146,03 00 03 00 C5 FA 16 49,03000300,0.000000
4049,0,0x10F,STD,8,2026-01-28T18:43:00.220159,03 00 03 00 E6 67 86 3D,03000300,0.000000
4050,0,0x110,STD,8,2026-01-28T18:43:00.244165,03 00 03 00 F3 F3 A6 48,03000300,0.000000
4051,0,0x10F,STD,8,2026-01-28T18:43:00.301177,03 00 03 00 F2 85 FB 3C,03000300,0.000000
4052,0,0x110,STD,8,2026-01-28T18:43:00.325183,03 00 03 00 15 86 ED 48,03000300,0.000000
4053,0,0x10F,STD,8,2026-01-28T18:43:00.381856,03 00 03 00 3C 18 76 3D,03000300,0.000000
4054,0,0x110,STD,8,2026-01-28T18:43:00.405853,03 00 03 00 F3 75 B2 48,03000300,0.000000
4055,0,0x110,STD,8,2026-01-28T18:43:00.405853,03 00 01 00 00 00 00 00,03000100,0.000000
4056,0,0x110,STD,8,2026-01-28T18:43:00.405853,03 00 02 00 7A D3 28 41,03000200,0.000000
4057,0,0x10F,STD,8,2026-01-28T18:43:00.405853,03 00 01 00 00 00 00 00,03000100,0.000000
4058,0,0x110,STD,8,2026-01-28T18:43:00.405853,03 00 01 00 00 00 00 00,03000100,0.000000
4059,0,0x10F,STD,8,2026-01-28T18:43:00.462866,03 00 03 00 A7 ED 4B 3D,03000300,0.000000
4060,0,0x110,STD,8,2026-01-28T18:43:00.486872,03 00 03 00 B9 4C 1B 48,03000300,0.000000
4061,0,0x10F,STD,8,2026-01-28T18:43:00.543884,03 00 03 00 0F B1 15 3D,03000300,0.000000
4062,0,0x110,STD,8,2026-01-28T18:43:00.567890,03 00 03 00 BD 62 B6 48,03000300,0.000000
4063,0,0x10F,STD,8,2026-01-28T18:43:00.613900,03 00 03 00 C8 A7 50 3D,03000300,0.000000
4064,0,0x110,STD,8,2026-01-28T18:43:00.637906,03 00 03 00 D6 18 28 48,03000300,0.000000
4065,0,0x10F,STD,8,2026-01-28T18:43:00.694919,03 00 03 00 D0 13 06 3D,03000300,0.000000
4066,0,0x110,STD,8,2026-01-28T18:43:00.718316,03 00 03 00 38 32 A2 47,03000300,0.000000
4067,0,0x10F,STD,8,2026-01-28T18:43:00.775329,03 00 03 00 86 35 3F 3D,03000300,0.000000
4068,0,0x110,STD,8,2026-01-28T18:43:00.799334,03 00 03 00 00 DF 9D 48,03000300,0.000000
4069,0,0x10F,STD,8,2026-01-28T18:43:00.856347,03 00 03 00 0C F6 1E 3D,03000300,0.000000
4070,0,0x110,STD,8,2026-01-28T18:43:00.880353,03 00 03 00 0C FE B7 48,03000300,0.000000
4071,0,0x10F,STD,8,2026-01-28T18:43:00.937365,03 00 03 00 B7 CF 5F 3D,03000300,0.000000
4072,0,0x110,STD,8,2026-01-28T18:43:00.961371,03 00 03 00 9B DE 30 48,03000300,0.000000
4073,0,0x10F,STD,8,2026-01-28T18:43:01.018384,03 00 03 00 54 BB 65 3D,03000300,0.000000
4074,0,0x110,STD,8,2026-01-28T18:43:01.042389,03 00 03 00 18 DF D9 48,03000300,0.000000
4075,0,0x10F,STD,8,2026-01-28T18:43:01.099402,03 00 03 00 F7 C4 4C 3D,03000300,0.000000
4076,0,0x110,STD,8,2026-01-28T18:43:01.123407,03 00 03 00 7B 11 91 48,03000300,0.000000
4077,0,0x10F,STD,8,2026-01-28T18:43:01.180420,03 00 03 00 73 2B 67 3D,03000300,0.000000
4078,0,0x110,STD,8,2026-01-28T18:43:01.204426,03 00 03 00 90 A3 84 48,03000300,0.000000
4079,0,0x10F,STD,8,2026-01-28T18:43:01.261439,03 00 03 00 A2 37 CE 3C,03000300,0.000000
4080,0,0x110,STD,8,2026-01-28T18:43:01.284284,03 00 03 00 2A BC CA 48,03000300,0.000000
4081,0,0x10F,STD,8,2026-01-28T18:43:01.341297,03 00 03 00 AC 79 0E 3D,03000300,0.000000
4082,0,0x110,STD,8,2026-01-28T18:43:01.354300,03 00 03 00 68 4D 95 48,03000300,0.000000
4083,0,0x10F,STD,8,2026-01-28T18:43:01.410272,03 00 03 00 AB 96 AE 3C,03000300,0.000000
4084,0,0x110,STD,8,2026-01-28T18:43:01.434278,03 00 03 00 10 E5 CB 48,03000300,0.000000
4085,0,0x10F,STD,8,2026-01-28T18:43:01.458284,03 00 02 00 7A D3 28 41,03000200,0.000000
4086,0,0x10F,STD,8,2026-01-28T18:43:01.458284,03 00 02 00 39 8F 29 41,03000200,0.000000
4087,0,0x10F,STD,8,2026-01-28T18:43:01.458284,03 00 01 00 00 00 00 00,03000100,0.000000
4088,0,0x110,STD,8,2026-01-28T18:43:01.458284,03 00 02 00 39 8F 29 41,03000200,0.000000
4089,0,0x10F,STD,8,2026-01-28T18:43:01.492339,03 00 03 00 FE 43 22 3D,03000300,0.000000
4090,0,0x110,STD,8,2026-01-28T18:43:01.516345,03 00 03 00 D2 72 A0 48,03000300,0.000000
4091,0,0x10F,STD,8,2026-01-28T18:43:01.571831,03 00 03 00 2F AE 01 3D,03000300,0.000000
4092,0,0x110,STD,8,2026-01-28T18:43:01.595836,03 00 03 00 3B 0C 95 48,03000300,0.000000
4093,0,0x10F,STD,8,2026-01-28T18:43:01.652849,03 00 03 00 21 DA 24 3D,03000300,0.000000
4094,0,0x110,STD,8,2026-01-28T18:43:01.676359,03 00 03 00 E2 FB CF 48,03000300,0.000000
4095,0,0x10F,STD,8,2026-01-28T18:43:01.732916,03 00 03 00 61 FC 2F 3D,03000300,0.000000
4096,0,0x110,STD,8,2026-01-28T18:43:01.756921,03 00 03 00 77 69 5B 48,03000300,0.000000
4097,0,0x10F,STD,8,2026-01-28T18:43:01.813934,03 00 03 00 D0 F1 D2 3C,03000300,0.000000
4098,0,0x110,STD,8,2026-01-28T18:43:01.837226,03 00 03 00 A5 01 AD 48,03000300,0.000000
4099,0,0x10F,STD,8,2026-01-28T18:43:01.893760,03 00 03 00 62 C5 3A 3D,03000300,0.000000
4100,0,0x110,STD,8,2026-01-28T18:43:01.917765,03 00 03 00 4B B1 A2 48,03000300,0.000000
4101,0,0x10F,STD,8,2026-01-28T18:43:01.974778,03 00 03 00 A6 C0 01 3D,03000300,0.000000
4102,0,0x110,STD,8,2026-01-28T18:43:01.998354,03 00 03 00 F8 A3 05 48,03000300,0.000000
4103,0,0x10F,STD,8,2026-01-28T18:43:02.055366,03 00 03 00 79 E4 62 3D,03000300,0.000000
4104,0,0x110,STD,8,2026-01-28T18:43:02.079372,03 00 03 00 AD 64 DA 47,03000300,0.000000
4105,0,0x10F,STD,8,2026-01-28T18:43:02.135988,03 00 03 00 BF 84 59 3D,03000300,0.000000
4106,0,0x110,STD,8,2026-01-28T18:43:02.159993,03 00 03 00 2E 59 86 48,03000300,0.000000
4107,0,0x10F,STD,8,2026-01-28T18:43:02.217006,03 00 03 00 FB 3C 25 3D,03000300,0.000000
4108,0,0x110,STD,8,2026-01-28T18:43:02.241012,03 00 03 00 D0 FA EA 48,03000300,0.000000
4109,0,0x10F,STD,8,2026-01-28T18:43:02.298025,03 00 03 00 DA 86 58 3D,03000300,0.000000
4110,0,0x110,STD,8,2026-01-28T18:43:02.322030,03 00 03 00 60 F6 8E 48,03000300,0.000000
4111,0,0x10F,STD,8,2026-01-28T18:43:02.368041,03 00 03 00 3E 52 32 3D,03000300,0.000000
4112,0,0x110,STD,8,2026-01-28T18:43:02.392046,03 00 03 00 93 67 6F 48,03000300,0.000000
4113,0,0x10F,STD,8,2026-01-28T18:43:02.449058,03 00 03 00 F6 C0 53 3D,03000300,0.000000
4114,0,0x110,STD,8,2026-01-28T18:43:02.473064,03 00 03 00 45 6C D9 48,03000300,0.000000
4115,0,0x110,STD,8,2026-01-28T18:43:02.497070,03 00 01 00 00 00 00 00,03000100,0.000000
4116,0,0x10F,STD,8,2026-01-28T18:43:02.497070,03 00 01 00 00 00 00 00,03000100,0.000000
4117,0,0x110,STD,8,2026-01-28T18:43:02.497070,03 00 01 00 00 00 00 00,03000100,0.000000
4118,0,0x10F,STD,8,2026-01-28T18:43:02.497070,03 00 02 00 29 C7 43 41,03000200,0.000000
4119,0,0x10F,STD,8,2026-01-28T18:43:02.533077,03 00 03 00 31 BB 53 3D,03000300,0.000000
4120,0,0x110,STD,8,2026-01-28T18:43:02.557083,03 00 03 00 94 5C 3B 48,03000300,0.000000
4121,0,0x10F,STD,8,2026-01-28T18:43:02.614096,03 00 03 00 FB 06 51 3D,03000300,0.000000
4122,0,0x110,STD,8,2026-01-28T18:43:02.638101,03 00 03 00 AB BF 22 48,03000300,0.000000
4123,0,0x10F,STD,8,2026-01-28T18:43:02.695114,03 00 03 00 CD 99 7F 3D,03000300,0.000000
4124,0,0x110,STD,8,2026-01-28T18:43:02.719119,03 00 03 00 BB 4C 9A 48,03000300,0.000000
4125,0,0x10F,STD,8,2026-01-28T18:43:02.765130,03 00 03 00 3D 33 60 3D,03000300,0.000000
4126,0,0x110,STD,8,2026-01-28T18:43:02.800138,03 00 03 00 71 54 2F 48,03000300,0.000000
4127,0,0x10F,STD,8,2026-01-28T18:43:02.846148,03 00 03 00 DD B3 91 3D,03000300,0.000000
4128,0,0x110,STD,8,2026-01-28T18:43:02.870153,03 00 03 00 FB 4F 4B 48,03000300,0.000000
4129,0,0x10F,STD,8,2026-01-28T18:43:02.927166,03 00 03 00 8E EF 5C 3D,03000300,0.000000
4130,0,0x110,STD,8,2026-01-28T18:43:02.951172,03 00 03 00 7A 58 8C 48,03000300,0.000000
4131,0,0x10F,STD,8,2026-01-28T18:43:03.008185,03 00 03 00 C4 EA 99 3D,03000300,0.000000
4132,0,0x110,STD,8,2026-01-28T18:43:03.032190,03 00 03 00 A1 AA 12 48,03000300,0.000000
4133,0,0x10F,STD,8,2026-01-28T18:43:03.090203,03 00 03 00 8A 96 86 3D,03000300,0.000000
4134,0,0x110,STD,8,2026-01-28T18:43:03.114208,03 00 03 00 67 90 D4 47,03000300,0.000000
4135,0,0x10F,STD,8,2026-01-28T18:43:03.171221,03 00 03 00 3B 0B 53 3D,03000300,0.000000
4136,0,0x110,STD,8,2026-01-28T18:43:03.195227,03 00 03 00 98 24 60 47,03000300,0.000000
4137,0,0x10F,STD,8,2026-01-28T18:43:03.252239,03 00 03 00 9F 60 43 3D,03000300,0.000000
4138,0,0x110,STD,8,2026-01-28T18:43:03.275831,03 00 03 00 54 8A 8E 48,03000300,0.000000
4139,0,0x10F,STD,8,2026-01-28T18:43:03.332843,03 00 03 00 D2 95 65 3D,03000300,0.000000
4140,0,0x110,STD,8,2026-01-28T18:43:03.356352,03 00 03 00 C1 66 F4 48,03000300,0.000000
4141,0,0x10F,STD,8,2026-01-28T18:43:03.413365,03 00 03 00 BB C0 80 3D,03000300,0.000000
4142,0,0x110,STD,8,2026-01-28T18:43:03.437370,03 00 03 00 14 74 8A 48,03000300,0.000000
4143,0,0x10F,STD,8,2026-01-28T18:43:03.483150,03 00 03 00 A4 5E 6B 3D,03000300,0.000000
4144,0,0x110,STD,8,2026-01-28T18:43:03.518158,03 00 03 00 7C 6C 8C 48,03000300,0.000000
4145,0,0x110,STD,8,2026-01-28T18:43:03.542163,03 00 02 00 29 C7 43 41,03000200,0.000000
4146,0,0x10F,STD,8,2026-01-28T18:43:03.542163,03 00 02 00 D4 94 3F 41,03000200,0.000000
4147,0,0x110,STD,8,2026-01-28T18:43:03.542163,03 00 02 00 D4 94 3F 41,03000200,0.000000
4148,0,0x10F,STD,8,2026-01-28T18:43:03.542163,03 00 01 00 00 00 00 00,03000100,0.000000
4149,0,0x10F,STD,8,2026-01-28T18:43:03.566169,03 00 03 00 62 8E 9E 3D,03000300,0.000000
4150,0,0x110,STD,8,2026-01-28T18:43:03.589753,03 00 03 00 40 E6 7E 48,03000300,0.000000
4151,0,0x10F,STD,8,2026-01-28T18:43:03.646365,03 00 03 00 AE BC 8B 3D,03000300,0.000000
4152,0,0x110,STD,8,2026-01-28T18:43:03.670370,03 00 03 00 9B 42 1A 48,03000300,0.000000
4153,0,0x10F,STD,8,2026-01-28T18:43:03.727383,03 00 03 00 23 B7 8B 3D,03000300,0.000000
4154,0,0x110,STD,8,2026-01-28T18:43:03.751388,03 00 03 00 5B 22 66 48,03000300,0.000000
4155,0,0x10F,STD,8,2026-01-28T18:43:03.808402,03 00 03 00 E9 5B 8A 3D,03000300,0.000000
4156,0,0x110,STD,8,2026-01-28T18:43:03.832129,03 00 03 00 A6 2E 82 48,03000300,0.000000
4157,0,0x10F,STD,8,2026-01-28T18:43:03.888755,03 00 03 00 02 00 61 3D,03000300,0.000000
4158,0,0x110,STD,8,2026-01-28T18:43:03.912414,03 00 03 00 39 8B 3D 48,03000300,0.000000
4159,0,0x10F,STD,8,2026-01-28T18:43:03.970166,03 00 03 00 62 36 99 3D,03000300,0.000000
4160,0,0x110,STD,8,2026-01-28T18:43:03.993757,03 00 03 00 F7 09 57 48,03000300,0.000000
4161,0,0x10F,STD,8,2026-01-28T18:43:04.050769,03 00 03 00 07 49 7A 3D,03000300,0.000000
4162,0,0x110,STD,8,2026-01-28T18:43:04.074775,03 00 03 00 80 35 7E 47,03000300,0.000000
4163,0,0x10F,STD,8,2026-01-28T18:43:04.120785,03 00 03 00 B3 C8 8A 3D,03000300,0.000000
4164,0,0x110,STD,8,2026-01-28T18:43:04.144791,03 00 03 00 86 24 E2 47,03000300,0.000000
4165,0,0x10F,STD,8,2026-01-28T18:43:04.201803,03 00 03 00 D7 8C 8E 3D,03000300,0.000000
4166,0,0x110,STD,8,2026-01-28T18:43:04.225809,03 00 03 00 3E 47 8D 48,03000300,0.000000
4167,0,0x10F,STD,8,2026-01-28T18:43:04.282822,03 00 03 00 47 47 5B 3D,03000300,0.000000
4168,0,0x110,STD,8,2026-01-28T18:43:04.306827,03 00 03 00 99 30 B9 48,03000300,0.000000
4169,0,0x10F,STD,8,2026-01-28T18:43:04.363839,03 00 03 00 E5 A3 98 3D,03000300,0.000000
4170,0,0x110,STD,8,2026-01-28T18:43:04.387845,03 00 03 00 C9 B7 B1 48,03000300,0.000000
4171,0,0x10F,STD,8,2026-01-28T18:43:04.444858,03 00 03 00 F1 5C 83 3D,03000300,0.000000
4172,0,0x110,STD,8,2026-01-28T18:43:04.468863,03 00 03 00 61 7D 5C 48,03000300,0.000000
4173,0,0x10F,STD,8,2026-01-28T18:43:04.525878,03 00 03 00 6C B8 85 3D,03000300,0.000000
4174,0,0x110,STD,8,2026-01-28T18:43:04.549883,03 00 03 00 F8 BF 84 48,03000300,0.000000
4175,0,0x110,STD,8,2026-01-28T18:43:04.584891,03 00 01 00 00 00 00 00,03000100,0.000000
4176,0,0x110,STD,8,2026-01-28T18:43:04.584891,03 00 02 00 30 B7 3E 41,03000200,0.000000
4177,0,0x10F,STD,8,2026-01-28T18:43:04.584891,03 00 01 00 00 00 00 00,03000100,0.000000
4178,0,0x110,STD,8,2026-01-28T18:43:04.584891,03 00 01 00 00 00 00 00,03000100,0.000000
4179,0,0x10F,STD,8,2026-01-28T18:43:04.608897,03 00 03 00 FC B4 8A 3D,03000300,0.000000
4180,0,0x110,STD,8,2026-01-28T18:43:04.632902,03 00 03 00 A0 DC 80 48,03000300,0.000000
4181,0,0x10F,STD,8,2026-01-28T18:43:04.689915,03 00 03 00 B6 61 58 3D,03000300,0.000000
4182,0,0x110,STD,8,2026-01-28T18:43:04.702918,03 00 03 00 04 C8 B5 47,03000300,0.000000
4183,0,0x10F,STD,8,2026-01-28T18:43:04.759931,03 00 03 00 D1 4C 50 3D,03000300,0.000000
4184,0,0x110,STD,8,2026-01-28T18:43:04.783936,03 00 03 00 49 F3 43 48,03000300,0.000000
4185,0,0x10F,STD,8,2026-01-28T18:43:04.840949,03 00 03 00 7E 3F 13 3D,03000300,0.000000
4186,0,0x110,STD,8,2026-01-28T18:43:04.864954,03 00 03 00 F7 AD 2D 48,03000300,0.000000
4187,0,0x10F,STD,8,2026-01-28T18:43:04.921967,03 00 03 00 85 01 41 3D,03000300,0.000000
4188,0,0x110,STD,8,2026-01-28T18:43:04.945973,03 00 03 00 7F 74 A9 48,03000300,0.000000
4189,0,0x10F,STD,8,2026-01-28T18:43:05.002985,03 00 03 00 53 DB 1E 3D,03000300,0.000000
4190,0,0x110,STD,8,2026-01-28T18:43:05.026991,03 00 03 00 94 E0 EE 48,03000300,0.000000
4191,0,0x10F,STD,8,2026-01-28T18:43:05.084004,03 00 03 00 77 04 60 3D,03000300,0.000000
4192,0,0x110,STD,8,2026-01-28T18:43:05.108009,03 00 03 00 CC F5 E3 48,03000300,0.000000
4193,0,0x10F,STD,8,2026-01-28T18:43:05.165022,03 00 03 00 13 7C 32 3D,03000300,0.000000
4194,0,0x110,STD,8,2026-01-28T18:43:05.189027,03 00 03 00 36 6D 0D 49,03000300,0.000000
4195,0,0x10F,STD,8,2026-01-28T18:43:05.246040,03 00 03 00 38 0A 39 3D,03000300,0.000000
4196,0,0x110,STD,8,2026-01-28T18:43:05.270045,03 00 03 00 C2 D7 07 49,03000300,0.000000
4197,0,0x10F,STD,8,2026-01-28T18:43:05.316056,03 00 03 00 FE A8 75 3D,03000300,0.000000
4198,0,0x110,STD,8,2026-01-28T18:43:05.351064,03 00 03 00 EA E8 14 49,03000300,0.000000
4199,0,0x10F,STD,8,2026-01-28T18:43:05.408077,03 00 03 00 13 4A 41 3D,03000300,0.000000
4200,0,0x110,STD,8,2026-01-28T18:43:05.421080,03 00 03 00 E4 91 C8 48,03000300,0.000000
4201,0,0x10F,STD,8,2026-01-28T18:43:05.478092,03 00 03 00 EC 00 87 3D,03000300,0.000000
4202,0,0x110,STD,8,2026-01-28T18:43:05.502098,03 00 03 00 74 1C DD 48,03000300,0.000000
4203,0,0x10F,STD,8,2026-01-28T18:43:05.559111,03 00 03 00 EA 10 43 3D,03000300,0.000000
4204,0,0x110,STD,8,2026-01-28T18:43:05.583116,03 00 03 00 21 E0 90 48,03000300,0.000000
4205,0,0x10F,STD,8,2026-01-28T18:43:05.629126,03 00 02 00 30 B7 3E 41,03000200,0.000000
4206,0,0x10F,STD,8,2026-01-28T18:43:05.629126,03 00 02 00 81 8E 36 41,03000200,0.000000
4207,0,0x10F,STD,8,2026-01-28T18:43:05.629126,03 00 01 00 00 00 00 00,03000100,0.000000
4208,0,0x110,STD,8,2026-01-28T18:43:05.629126,03 00 02 00 81 8E 36 41,03000200,0.000000
4209,0,0x10F,STD,8,2026-01-28T18:43:05.642129,03 00 03 00 D1 60 68 3D,03000300,0.000000
4210,0,0x110,STD,8,2026-01-28T18:43:05.666135,03 00 03 00 A1 D9 8C 48,03000300,0.000000
4211,0,0x10F,STD,8,2026-01-28T18:43:05.722187,03 00 03 00 C1 00 55 3D,03000300,0.000000
4212,0,0x110,STD,8,2026-01-28T18:43:05.746191,03 00 03 00 8B DE 99 48,03000300,0.000000
4213,0,0x10F,STD,8,2026-01-28T18:43:05.803205,03 00 03 00 50 C1 52 3D,03000300,0.000000
4214,0,0x110,STD,8,2026-01-28T18:43:05.827210,03 00 03 00 43 68 55 48,03000300,0.000000
4215,0,0x10F,STD,8,2026-01-28T18:43:05.884223,03 00 03 00 7B 5B 87 3D,03000300,0.000000
4216,0,0x110,STD,8,2026-01-28T18:43:05.908229,03 00 03 00 50 FB A6 48,03000300,0.000000
4217,0,0x10F,STD,8,2026-01-28T18:43:05.965242,03 00 03 00 11 A7 1B 3D,03000300,0.000000
4218,0,0x110,STD,8,2026-01-28T18:43:05.978244,03 00 03 00 04 39 36 48,03000300,0.000000
4219,0,0x10F,STD,8,2026-01-28T18:43:06.035257,03 00 03 00 FC E8 73 3D,03000300,0.000000
4220,0,0x110,STD,8,2026-01-28T18:43:06.059263,03 00 03 00 5D AB 75 48,03000300,0.000000
4221,0,0x10F,STD,8,2026-01-28T18:43:06.116275,03 00 03 00 98 06 37 3D,03000300,0.000000
4222,0,0x110,STD,8,2026-01-28T18:43:06.140280,03 00 03 00 0D 1B 52 48,03000300,0.000000
4223,0,0x10F,STD,8,2026-01-28T18:43:06.196990,03 00 03 00 47 F4 29 3D,03000300,0.000000
4224,0,0x110,STD,8,2026-01-28T18:43:06.220680,03 00 03 00 5C DC 42 48,03000300,0.000000
4225,0,0x10F,STD,8,2026-01-28T18:43:06.277693,03 00 03 00 59 68 55 3D,03000300,0.000000
4226,0,0x110,STD,8,2026-01-28T18:43:06.301698,03 00 03 00 1C B9 55 48,03000300,0.000000
4227,0,0x10F,STD,8,2026-01-28T18:43:06.358682,03 00 03 00 8A 8B 7F 3D,03000300,0.000000
4228,0,0x110,STD,8,2026-01-28T18:43:06.382193,03 00 03 00 43 2D 1A 48,03000300,0.000000
4229,0,0x10F,STD,8,2026-01-28T18:43:06.439209,03 00 03 00 E8 04 80 3D,03000300,0.000000
4230,0,0x110,STD,8,2026-01-28T18:43:06.463215,03 00 03 00 E4 D6 1E 48,03000300,0.000000
4231,0,0x10F,STD,8,2026-01-28T18:43:06.520227,03 00 03 00 5A CC 57 3D,03000300,0.000000
4232,0,0x110,STD,8,2026-01-28T18:43:06.543665,03 00 03 00 91 6D 24 48,03000300,0.000000
4233,0,0x10F,STD,8,2026-01-28T18:43:06.600678,03 00 03 00 7E 66 91 3D,03000300,0.000000
4234,0,0x110,STD,8,2026-01-28T18:43:06.624684,03 00 03 00 1B 56 2D 48,03000300,0.000000
4235,0,0x10F,STD,8,2026-01-28T18:43:06.681396,03 00 03 00 DD 28 61 3D,03000300,0.000000
4236,0,0x110,STD,8,2026-01-28T18:43:06.681396,03 00 01 00 00 00 00 00,03000100,0.000000
4237,0,0x10F,STD,8,2026-01-28T18:43:06.681396,03 00 02 00 48 72 35 41,03000200,0.000000
4238,0,0x110,STD,8,2026-01-28T18:43:06.681396,03 00 02 00 48 72 35 41,03000200,0.000000
4239,0,0x10F,STD,8,2026-01-28T18:43:06.681396,03 00 01 00 00 00 00 00,03000100,0.000000
4240,0,0x110,STD,8,2026-01-28T18:43:06.695400,03 00 03 00 06 76 67 48,03000300,0.000000
4241,0,0x10F,STD,8,2026-01-28T18:43:06.751971,03 00 03 00 59 05 8D 3D,03000300,0.000000
4242,0,0x110,STD,8,2026-01-28T18:43:06.775977,03 00 03 00 70 C2 4D 48,03000300,0.000000
4243,0,0x10F,STD,8,2026-01-28T18:43:06.832989,03 00 03 00 E8 11 70 3D,03000300,0.000000
4244,0,0x110,STD,8,2026-01-28T18:43:06.856995,03 00 03 00 04 B1 6D 48,03000300,0.000000
4245,0,0x10F,STD,8,2026-01-28T18:43:06.914008,03 00 03 00 34 9C 37 3D,03000300,0.000000
4246,0,0x110,STD,8,2026-01-28T18:43:06.937543,03 00 03 00 16 C2 60 48,03000300,0.000000
4247,0,0x10F,STD,8,2026-01-28T18:43:06.994659,03 00 03 00 E3 66 89 3D,03000300,0.000000
4248,0,0x110,STD,8,2026-01-28T18:43:07.018664,03 00 03 00 01 B8 73 48,03000300,0.000000
4249,0,0x10F,STD,8,2026-01-28T18:43:07.075195,03 00 03 00 16 CE 2A 3D,03000300,0.000000
4250,0,0x110,STD,8,2026-01-28T18:43:07.099201,03 00 03 00 F6 D6 49 48,03000300,0.000000
4251,0,0x10F,STD,8,2026-01-28T18:43:07.156214,03 00 03 00 19 1C 60 3D,03000300,0.000000
4252,0,0x110,STD,8,2026-01-28T18:43:07.180220,03 00 03 00 B9 56 79 48,03000300,0.000000
4253,0,0x10F,STD,8,2026-01-28T18:43:07.237233,03 00 03 00 6F FE 5C 3D,03000300,0.000000
4254,0,0x110,STD,8,2026-01-28T18:43:07.261238,03 00 03 00 14 39 5C 48,03000300,0.000000
4255,0,0x10F,STD,8,2026-01-28T18:43:07.318251,03 00 03 00 1E B8 4B 3D,03000300,0.000000
4256,0,0x110,STD,8,2026-01-28T18:43:07.342256,03 00 03 00 9A 38 92 48,03000300,0.000000
4257,0,0x10F,STD,8,2026-01-28T18:43:07.399269,03 00 03 00 F6 2A 78 3D,03000300,0.000000
4258,0,0x110,STD,8,2026-01-28T18:43:07.412272,03 00 03 00 17 25 B2 48,03000300,0.000000
4259,0,0x10F,STD,8,2026-01-28T18:43:07.469285,03 00 03 00 F0 E3 3E 3D,03000300,0.000000
4260,0,0x110,STD,8,2026-01-28T18:43:07.493290,03 00 03 00 B7 AF B5 48,03000300,0.000000
4261,0,0x10F,STD,8,2026-01-28T18:43:07.550303,03 00 03 00 F9 57 7B 3D,03000300,0.000000
4262,0,0x110,STD,8,2026-01-28T18:43:07.574308,03 00 03 00 B9 97 8D 48,03000300,0.000000
4263,0,0x10F,STD,8,2026-01-28T18:43:07.631058,03 00 03 00 CE 02 48 3D,03000300,0.000000
4264,0,0x110,STD,8,2026-01-28T18:43:07.655064,03 00 03 00 A8 96 05 48,03000300,0.000000
4265,0,0x10F,STD,8,2026-01-28T18:43:07.712077,03 00 03 00 26 66 81 3D,03000300,0.000000
4266,0,0x110,STD,8,2026-01-28T18:43:07.725079,03 00 01 00 00 00 00 00,03000100,0.000000
4267,0,0x110,STD,8,2026-01-28T18:43:07.725079,03 00 01 00 00 00 00 00,03000100,0.000000
4268,0,0x10F,STD,8,2026-01-28T18:43:07.725079,03 00 02 00 3B 4B 46 41,03000200,0.000000
4269,0,0x110,STD,8,2026-01-28T18:43:07.725079,03 00 02 00 3B 4B 46 41,03000200,0.000000
4270,0,0x110,STD,8,2026-01-28T18:43:07.738083,03 00 03 00 8D DE 70 48,03000300,0.000000
4271,0,0x10F,STD,8,2026-01-28T18:43:07.795095,03 00 03 00 40 C7 91 3D,03000300,0.000000
4272,0,0x110,STD,8,2026-01-28T18:43:07.819101,03 00 03 00 30 00 A5 48,03000300,0.000000
4273,0,0x10F,STD,8,2026-01-28T18:43:07.876114,03 00 03 00 1E 2C 69 3D,03000300,0.000000
4274,0,0x110,STD,8,2026-01-28T18:43:07.900119,03 00 03 00 D1 D4 20 48,03000300,0.000000
4275,0,0x10F,STD,8,2026-01-28T18:43:07.957132,03 00 03 00 6A 1F 88 3D,03000300,0.000000
4276,0,0x110,STD,8,2026-01-28T18:43:07.981137,03 00 03 00 D6 A9 DC 48,03000300,0.000000
4277,0,0x10F,STD,8,2026-01-28T18:43:08.027148,03 00 03 00 74 71 6F 3D,03000300,0.000000
4278,0,0x110,STD,8,2026-01-28T18:43:08.051153,03 00 03 00 63 E4 73 48,03000300,0.000000
4279,0,0x10F,STD,8,2026-01-28T18:43:08.109166,03 00 03 00 90 D3 9B 3D,03000300,0.000000
4280,0,0x110,STD,8,2026-01-28T18:43:08.133172,03 00 03 00 21 F9 B4 48,03000300,0.000000
4281,0,0x10F,STD,8,2026-01-28T18:43:08.190185,03 00 03 00 51 89 67 3D,03000300,0.000000
4282,0,0x110,STD,8,2026-01-28T18:43:08.214190,03 00 03 00 DD 30 07 48,03000300,0.000000
4283,0,0x10F,STD,8,2026-01-28T18:43:08.270439,03 00 03 00 DC C9 94 3D,03000300,0.000000
4284,0,0x110,STD,8,2026-01-28T18:43:08.294041,03 00 03 00 D3 71 CA 48,03000300,0.000000
4285,0,0x10F,STD,8,2026-01-28T18:43:08.355056,03 00 03 00 94 5C 4C 3D,03000300,0.000000
4286,0,0x110,STD,8,2026-01-28T18:43:08.369059,03 00 03 00 59 60 8D 48,03000300,0.000000
4287,0,0x10F,STD,8,2026-01-28T18:43:08.425576,03 00 03 00 61 A0 46 3D,03000300,0.000000
4288,0,0x110,STD,8,2026-01-28T18:43:08.449581,03 00 03 00 58 F7 B3 48,03000300,0.000000
4289,0,0x10F,STD,8,2026-01-28T18:43:08.506594,03 00 03 00 ED 73 71 3D,03000300,0.000000
4290,0,0x110,STD,8,2026-01-28T18:43:08.530602,03 00 03 00 FA FE 8D 48,03000300,0.000000
4291,0,0x10F,STD,8,2026-01-28T18:43:08.587615,03 00 03 00 B1 D3 0B 3D,03000300,0.000000
4292,0,0x110,STD,8,2026-01-28T18:43:08.611621,03 00 03 00 AF DD 57 48,03000300,0.000000
4293,0,0x10F,STD,8,2026-01-28T18:43:08.668633,03 00 03 00 6C 5D 63 3D,03000300,0.000000
4294,0,0x110,STD,8,2026-01-28T18:43:08.692142,03 00 03 00 29 74 AF 48,03000300,0.000000
4295,0,0x10F,STD,8,2026-01-28T18:43:08.749156,03 00 03 00 72 A5 24 3D,03000300,0.000000
4296,0,0x10F,STD,8,2026-01-28T18:43:08.773161,03 00 01 00 00 00 00 00,03000100,0.000000
4297,0,0x10F,STD,8,2026-01-28T18:43:08.773161,03 00 01 00 00 00 00 00,03000100,0.000000
4298,0,0x110,STD,8,2026-01-28T18:43:08.773161,03 00 01 00 00 00 00 00,03000100,0.000000
4299,0,0x10F,STD,8,2026-01-28T18:43:08.773161,03 00 02 00 3B 4B 46 41,03000200,0.000000
4300,0,0x110,STD,8,2026-01-28T18:43:08.773161,03 00 02 00 3B 4B 46 41,03000200,0.000000
4301,0,0x10F,STD,8,2026-01-28T18:43:08.830174,03 00 03 00 1B F0 5C 3D,03000300,0.000000
4302,0,0x110,STD,8,2026-01-28T18:43:08.854179,03 00 03 00 64 0E 79 48,03000300,0.000000
4303,0,0x10F,STD,8,2026-01-28T18:43:08.911192,03 00 03 00 E1 31 7B 3D,03000300,0.000000
4304,0,0x110,STD,8,2026-01-28T18:43:08.935197,03 00 03 00 FA 09 70 48,03000300,0.000000
4305,0,0x10F,STD,8,2026-01-28T18:43:08.991786,03 00 03 00 DE CB 37 3D,03000300,0.000000
4306,0,0x110,STD,8,2026-01-28T18:43:09.015442,03 00 03 00 F5 B9 41 48,03000300,0.000000
4307,0,0x10F,STD,8,2026-01-28T18:43:09.072455,03 00 03 00 A0 4F 71 3D,03000300,0.000000
4308,0,0x110,STD,8,2026-01-28T18:43:09.096460,03 00 03 00 C2 BA 62 48,03000300,0.000000
4309,0,0x10F,STD,8,2026-01-28T18:43:09.142471,03 00 03 00 32 8B 27 3D,03000300,0.000000
4310,0,0x110,STD,8,2026-01-28T18:43:09.166476,03 00 03 00 B9 E4 C3 47,03000300,0.000000
4311,0,0x10F,STD,8,2026-01-28T18:43:09.223489,03 00 03 00 53 85 81 3D,03000300,0.000000
4312,0,0x110,STD,8,2026-01-28T18:43:09.247494,03 00 03 00 6C DF 23 48,03000300,0.000000
4313,0,0x10F,STD,8,2026-01-28T18:43:09.304507,03 00 03 00 17 9D 72 3D,03000300,0.000000
4314,0,0x110,STD,8,2026-01-28T18:43:09.328512,03 00 03 00 ED 23 0C 48,03000300,0.000000
4315,0,0x10F,STD,8,2026-01-28T18:43:09.385525,03 00 03 00 B8 EE 54 3D,03000300,0.000000
4316,0,0x110,STD,8,2026-01-28T18:43:09.409530,03 00 03 00 E6 10 91 48,03000300,0.000000
4317,0,0x10F,STD,8,2026-01-28T18:43:09.466544,03 00 03 00 E7 2A 9D 3D,03000300,0.000000
4318,0,0x110,STD,8,2026-01-28T18:43:09.490548,03 00 03 00 49 3F 0B 48,03000300,0.000000
4319,0,0x10F,STD,8,2026-01-28T18:43:09.547562,03 00 03 00 B8 11 59 3D,03000300,0.000000
4320,0,0x110,STD,8,2026-01-28T18:43:09.571567,03 00 03 00 32 C8 1E 48,03000300,0.000000
4321,0,0x10F,STD,8,2026-01-28T18:43:09.628580,03 00 03 00 EF 0D 82 3D,03000300,0.000000
4322,0,0x110,STD,8,2026-01-28T18:43:09.652585,03 00 03 00 B3 E9 34 48,03000300,0.000000
4323,0,0x10F,STD,8,2026-01-28T18:43:09.709598,03 00 03 00 6A F1 48 3D,03000300,0.000000
4324,0,0x110,STD,8,2026-01-28T18:43:09.733604,03 00 03 00 09 3F BE 47,03000300,0.000000
4325,0,0x10F,STD,8,2026-01-28T18:43:09.790616,03 00 03 00 50 25 64 3D,03000300,0.000000
4326,0,0x110,STD,8,2026-01-28T18:43:09.814621,03 00 03 00 A9 01 41 48,03000300,0.000000
4327,0,0x10F,STD,8,2026-01-28T18:43:09.827127,03 00 01 00 00 00 00 00,03000100,0.000000
4328,0,0x10F,STD,8,2026-01-28T18:43:09.827127,03 00 02 00 F5 36 3F 41,03000200,0.000000
4329,0,0x110,STD,8,2026-01-28T18:43:09.827127,03 00 02 00 F5 36 3F 41,03000200,0.000000
4330,0,0x10F,STD,8,2026-01-28T18:43:09.827127,03 00 01 00 00 00 00 00,03000100,0.000000
4331,0,0x10F,STD,8,2026-01-28T18:43:09.862135,03 00 03 00 D8 BA 54 3D,03000300,0.000000
4332,0,0x110,STD,8,2026-01-28T18:43:09.886140,03 00 03 00 FF 14 32 48,03000300,0.000000
4333,0,0x10F,STD,8,2026-01-28T18:43:09.943153,03 00 03 00 37 E3 46 3D,03000300,0.000000
4334,0,0x110,STD,8,2026-01-28T18:43:09.968159,03 00 03 00 CC 24 C7 47,03000300,0.000000
4335,0,0x10F,STD,8,2026-01-28T18:43:10.025171,03 00 03 00 9F C0 82 3D,03000300,0.000000
4336,0,0x110,STD,8,2026-01-28T18:43:10.049177,03 00 03 00 25 AC 56 48,03000300,0.000000
4337,0,0x10F,STD,8,2026-01-28T18:43:10.106191,03 00 03 00 EA D7 1A 3D,03000300,0.000000
4338,0,0x110,STD,8,2026-01-28T18:43:10.130195,03 00 03 00 8F F7 A6 47,03000300,0.000000
4339,0,0x10F,STD,8,2026-01-28T18:43:10.187208,03 00 03 00 2A CD 58 3D,03000300,0.000000
4340,0,0x110,STD,8,2026-01-28T18:43:10.210716,03 00 03 00 2B C6 D1 46,03000300,0.000000
4341,0,0x10F,STD,8,2026-01-28T18:43:10.267729,03 00 03 00 3C 63 38 3D,03000300,0.000000
4342,0,0x110,STD,8,2026-01-28T18:43:10.291734,03 00 03 00 BF 97 C0 47,03000300,0.000000
4343,0,0x10F,STD,8,2026-01-28T18:43:10.348747,03 00 03 00 23 91 33 3D,03000300,0.000000
4344,0,0x110,STD,8,2026-01-28T18:43:10.372753,03 00 03 00 77 AD 15 48,03000300,0.000000
4345,0,0x10F,STD,8,2026-01-28T18:43:10.418267,03 00 03 00 06 5B 67 3D,03000300,0.000000
4346,0,0x110,STD,8,2026-01-28T18:43:10.452778,03 00 03 00 F8 21 DE 47,03000300,0.000000
4347,0,0x10F,STD,8,2026-01-28T18:43:10.498292,03 00 03 00 08 33 1B 3D,03000300,0.000000
4348,0,0x110,STD,8,2026-01-28T18:43:10.522298,03 00 03 00 BF 52 F8 47,03000300,0.000000
4349,0,0x10F,STD,8,2026-01-28T18:43:10.578685,03 00 03 00 C7 D0 8B 3D,03000300,0.000000
4350,0,0x110,STD,8,2026-01-28T18:43:10.613693,03 00 03 00 6F 58 A4 47,03000300,0.000000
4351,0,0x10F,STD,8,2026-01-28T18:43:10.659703,03 00 03 00 8B 44 4A 3D,03000300,0.000000
4352,0,0x110,STD,8,2026-01-28T18:43:10.683709,03 00 03 00 3D F4 F0 46,03000300,0.000000
4353,0,0x10F,STD,8,2026-01-28T18:43:10.740722,03 00 03 00 6B FE 90 3D,03000300,0.000000
4354,0,0x110,STD,8,2026-01-28T18:43:10.764727,03 00 03 00 16 F2 09 48,03000300,0.000000
4355,0,0x10F,STD,8,2026-01-28T18:43:10.821740,03 00 03 00 03 FA 90 3D,03000300,0.000000
4356,0,0x110,STD,8,2026-01-28T18:43:10.845745,03 00 03 00 16 38 8B 48,03000300,0.000000
4357,0,0x110,STD,8,2026-01-28T18:43:10.869751,03 00 01 00 00 00 00 00,03000100,0.000000
4358,0,0x110,STD,8,2026-01-28T18:43:10.869751,03 00 01 00 00 00 00 00,03000100,0.000000
4359,0,0x10F,STD,8,2026-01-28T18:43:10.869751,03 00 02 00 F7 88 31 41,03000200,0.000000
4360,0,0x110,STD,8,2026-01-28T18:43:10.869751,03 00 02 00 F7 88 31 41,03000200,0.000000
4361,0,0x10F,STD,8,2026-01-28T18:43:10.904759,03 00 03 00 0F 1E 4D 3D,03000300,0.000000
4362,0,0x110,STD,8,2026-01-28T18:43:10.928764,03 00 03 00 A5 97 A0 48,03000300,0.000000
4363,0,0x10F,STD,8,2026-01-28T18:43:10.985777,03 00 03 00 83 D8 58 3D,03000300,0.000000
4364,0,0x110,STD,8,2026-01-28T18:43:11.009782,03 00 03 00 D4 AF 72 48,03000300,0.000000
4365,0,0x10F,STD,8,2026-01-28T18:43:11.055793,03 00 03 00 D3 5B 54 3D,03000300,0.000000
4366,0,0x110,STD,8,2026-01-28T18:43:11.079798,03 00 03 00 DF 3F C9 47,03000300,0.000000
4367,0,0x10F,STD,8,2026-01-28T18:43:11.136811,03 00 03 00 4C 19 5B 3D,03000300,0.000000
4368,0,0x110,STD,8,2026-01-28T18:43:11.160816,03 00 03 00 36 D9 04 48,03000300,0.000000
4369,0,0x10F,STD,8,2026-01-28T18:43:11.216918,03 00 03 00 31 C1 5B 3D,03000300,0.000000
4370,0,0x110,STD,8,2026-01-28T18:43:11.240582,03 00 03 00 BA C5 86 48,03000300,0.000000
4371,0,0x10F,STD,8,2026-01-28T18:43:11.297595,03 00 03 00 64 29 8C 3D,03000300,0.000000
4372,0,0x110,STD,8,2026-01-28T18:43:11.321105,03 00 03 00 D9 52 D0 48,03000300,0.000000
4373,0,0x10F,STD,8,2026-01-28T18:43:11.378118,03 00 03 00 D0 E0 35 3D,03000300,0.000000
4374,0,0x110,STD,8,2026-01-28T18:43:11.400667,03 00 03 00 5D CD D4 48,03000300,0.000000
4375,0,0x10F,STD,8,2026-01-28T18:43:11.456617,03 00 03 00 A7 10 6B 3D,03000300,0.000000
4376,0,0x110,STD,8,2026-01-28T18:43:11.480125,03 00 03 00 D0 22 15 49,03000300,0.000000
4377,0,0x10F,STD,8,2026-01-28T18:43:11.536674,03 00 03 00 C8 B4 4E 3D,03000300,0.000000
4378,0,0x110,STD,8,2026-01-28T18:43:11.560679,03 00 03 00 8C 32 CC 48,03000300,0.000000
4379,0,0x10F,STD,8,2026-01-28T18:43:11.617198,03 00 03 00 C7 23 F1 3C,03000300,0.000000
4380,0,0x110,STD,8,2026-01-28T18:43:11.641202,03 00 03 00 E2 D3 6A 48,03000300,0.000000
4381,0,0x10F,STD,8,2026-01-28T18:43:11.697510,03 00 03 00 07 A9 8B 3D,03000300,0.000000
4382,0,0x110,STD,8,2026-01-28T18:43:11.721517,03 00 03 00 FF 11 C8 48,03000300,0.000000
4383,0,0x10F,STD,8,2026-01-28T18:43:11.778530,03 00 03 00 27 A8 5B 3D,03000300,0.000000
4384,0,0x110,STD,8,2026-01-28T18:43:11.802019,03 00 03 00 7D BF 23 48,03000300,0.000000
4385,0,0x10F,STD,8,2026-01-28T18:43:11.858710,03 00 03 00 E6 4C 7D 3D,03000300,0.000000
4386,0,0x110,STD,8,2026-01-28T18:43:11.882715,03 00 03 00 EA EF AB 48,03000300,0.000000
4387,0,0x10F,STD,8,2026-01-28T18:43:11.906505,03 00 01 00 00 00 00 00,03000100,0.000000
4388,0,0x110,STD,8,2026-01-28T18:43:11.906505,03 00 02 00 1F 56 45 41,03000200,0.000000
4389,0,0x10F,STD,8,2026-01-28T18:43:11.906505,03 00 01 00 00 00 00 00,03000100,0.000000
4390,0,0x110,STD,8,2026-01-28T18:43:11.906505,03 00 01 00 00 00 00 00,03000100,0.000000
4391,0,0x10F,STD,8,2026-01-28T18:43:11.941513,03 00 03 00 6D 5A 88 3D,03000300,0.000000
4392,0,0x110,STD,8,2026-01-28T18:43:11.965519,03 00 03 00 8D CD 5E 48,03000300,0.000000
4393,0,0x10F,STD,8,2026-01-28T18:43:12.022504,03 00 03 00 77 F8 66 3D,03000300,0.000000
4394,0,0x110,STD,8,2026-01-28T18:43:12.046509,03 00 03 00 45 E6 8A 48,03000300,0.000000
4395,0,0x10F,STD,8,2026-01-28T18:43:12.103110,03 00 03 00 16 CE A2 3D,03000300,0.000000
4396,0,0x110,STD,8,2026-01-28T18:43:12.116112,03 00 03 00 49 D9 8A 48,03000300,0.000000
4397,0,0x10F,STD,8,2026-01-28T18:43:12.172628,03 00 03 00 5B F1 76 3D,03000300,0.000000
4398,0,0x110,STD,8,2026-01-28T18:43:12.196634,03 00 03 00 E1 33 A6 47,03000300,0.000000
4399,0,0x10F,STD,8,2026-01-28T18:43:12.253646,03 00 03 00 BF 77 99 3D,03000300,0.000000
4400,0,0x110,STD,8,2026-01-28T18:43:12.277652,03 00 03 00 78 9A A2 47,03000300,0.000000
4401,0,0x10F,STD,8,2026-01-28T18:43:12.334665,03 00 03 00 FD A1 6A 3D,03000300,0.000000
4402,0,0x110,STD,8,2026-01-28T18:43:12.358670,03 00 03 00 A2 B1 29 47,03000300,0.000000
4403,0,0x10F,STD,8,2026-01-28T18:43:12.415683,03 00 03 00 1D 54 6C 3D,03000300,0.000000
4404,0,0x110,STD,8,2026-01-28T18:43:12.439688,03 00 03 00 88 C2 07 48,03000300,0.000000
4405,0,0x10F,STD,8,2026-01-28T18:43:12.496701,03 00 03 00 97 02 45 3D,03000300,0.000000
4406,0,0x110,STD,8,2026-01-28T18:43:12.520707,03 00 03 00 A8 AB 53 48,03000300,0.000000
4407,0,0x10F,STD,8,2026-01-28T18:43:12.577719,03 00 03 00 C1 E2 3F 3D,03000300,0.000000
4408,0,0x110,STD,8,2026-01-28T18:43:12.601725,03 00 03 00 9C BE AE 47,03000300,0.000000
4409,0,0x10F,STD,8,2026-01-28T18:43:12.658738,03 00 03 00 8A 82 73 3D,03000300,0.000000
4410,0,0x110,STD,8,2026-01-28T18:43:12.682743,03 00 03 00 A6 72 2A 48,03000300,0.000000
4411,0,0x10F,STD,8,2026-01-28T18:43:12.739756,03 00 03 00 CE 27 40 3D,03000300,0.000000
4412,0,0x110,STD,8,2026-01-28T18:43:12.763761,03 00 03 00 59 F0 5F 48,03000300,0.000000
4413,0,0x10F,STD,8,2026-01-28T18:43:12.820774,03 00 03 00 79 B1 98 3D,03000300,0.000000
4414,0,0x110,STD,8,2026-01-28T18:43:12.833777,03 00 03 00 85 2F 25 48,03000300,0.000000
4415,0,0x10F,STD,8,2026-01-28T18:43:12.890486,03 00 03 00 4F FC 85 3D,03000300,0.000000
4416,0,0x110,STD,8,2026-01-28T18:43:12.924997,03 00 03 00 4C 99 A7 48,03000300,0.000000
4417,0,0x10F,STD,8,2026-01-28T18:43:12.971007,03 00 02 00 1F 56 45 41,03000200,0.000000
4418,0,0x10F,STD,8,2026-01-28T18:43:12.971007,03 00 02 00 3F 27 2E 41,03000200,0.000000
4419,0,0x110,STD,8,2026-01-28T18:43:12.971007,03 00 02 00 3F 27 2E 41,03000200,0.000000
4420,0,0x10F,STD,8,2026-01-28T18:43:12.971007,03 00 01 00 00 00 00 00,03000100,0.000000
4421,0,0x10F,STD,8,2026-01-28T18:43:12.971007,03 00 01 00 00 00 00 00,03000100,0.000000
4422,0,0x110,STD,8,2026-01-28T18:43:12.995012,03 00 03 00 CC F9 7E 48,03000300,0.000000
4423,0,0x10F,STD,8,2026-01-28T18:43:13.052025,03 00 03 00 C4 CA A6 3D,03000300,0.000000
4424,0,0x110,STD,8,2026-01-28T18:43:13.076031,03 00 03 00 DD 55 6E 48,03000300,0.000000
4425,0,0x10F,STD,8,2026-01-28T18:43:13.133044,03 00 03 00 0B 55 47 3D,03000300,0.000000
4426,0,0x110,STD,8,2026-01-28T18:43:13.156654,03 00 03 00 86 AB A8 48,03000300,0.000000
4427,0,0x10F,STD,8,2026-01-28T18:43:13.213667,03 00 03 00 E0 C7 61 3D,03000300,0.000000
4428,0,0x110,STD,8,2026-01-28T18:43:13.237672,03 00 03 00 68 F1 F4 48,03000300,0.000000
4429,0,0x10F,STD,8,2026-01-28T18:43:13.294685,03 00 03 00 F9 96 4E 3D,03000300,0.000000
4430,0,0x110,STD,8,2026-01-28T18:43:13.318691,03 00 03 00 B8 C0 47 48,03000300,0.000000
4431,0,0x10F,STD,8,2026-01-28T18:43:13.375703,03 00 03 00 A4 47 5F 3D,03000300,0.000000
4432,0,0x110,STD,8,2026-01-28T18:43:13.399243,03 00 03 00 63 4D 87 48,03000300,0.000000
4433,0,0x10F,STD,8,2026-01-28T18:43:13.455759,03 00 03 00 F1 80 20 3D,03000300,0.000000
4434,0,0x110,STD,8,2026-01-28T18:43:13.479764,03 00 03 00 00 2F 56 48,03000300,0.000000
4435,0,0x10F,STD,8,2026-01-28T18:43:13.536394,03 00 03 00 4D 91 10 3D,03000300,0.000000
4436,0,0x110,STD,8,2026-01-28T18:43:13.559493,03 00 03 00 03 AE B6 47,03000300,0.000000
4437,0,0x10F,STD,8,2026-01-28T18:43:13.616506,03 00 03 00 13 01 19 3D,03000300,0.000000
4438,0,0x110,STD,8,2026-01-28T18:43:13.639826,03 00 03 00 AC DE 11 48,03000300,0.000000
4439,0,0x10F,STD,8,2026-01-28T18:43:13.696839,03 00 03 00 51 F2 10 3D,03000300,0.000000
4440,0,0x110,STD,8,2026-01-28T18:43:13.720349,03 00 03 00 AD CE 62 47,03000300,0.000000
4441,0,0x10F,STD,8,2026-01-28T18:43:13.765471,03 00 03 00 6B EC 2F 3D,03000300,0.000000
4442,0,0x110,STD,8,2026-01-28T18:43:13.789478,03 00 03 00 42 CE A3 47,03000300,0.000000
4443,0,0x10F,STD,8,2026-01-28T18:43:13.846491,03 00 03 00 54 2C 37 3D,03000300,0.000000
4444,0,0x110,STD,8,2026-01-28T18:43:13.870052,03 00 03 00 4B E8 40 47,03000300,0.000000
4445,0,0x10F,STD,8,2026-01-28T18:43:13.927065,03 00 03 00 0B 5F 71 3D,03000300,0.000000
4446,0,0x110,STD,8,2026-01-28T18:43:13.951070,03 00 03 00 57 76 DB 47,03000300,0.000000
4447,0,0x10F,STD,8,2026-01-28T18:43:14.007890,03 00 03 00 3B CD 4B 3D,03000300,0.000000
4448,0,0x110,STD,8,2026-01-28T18:43:14.020892,03 00 01 00 00 00 00 00,03000100,0.000000
4449,0,0x10F,STD,8,2026-01-28T18:43:14.020892,03 00 02 00 DD 75 44 41,03000200,0.000000
4450,0,0x110,STD,8,2026-01-28T18:43:14.020892,03 00 01 00 00 00 00 00,03000100,0.000000
4451,0,0x110,STD,8,2026-01-28T18:43:14.020892,03 00 02 00 DD 75 44 41,03000200,0.000000
4452,0,0x110,STD,8,2026-01-28T18:43:14.033895,03 00 03 00 F0 E8 47 48,03000300,0.000000
4453,0,0x10F,STD,8,2026-01-28T18:43:14.090908,03 00 03 00 34 05 2D 3D,03000300,0.000000
4454,0,0x110,STD,8,2026-01-28T18:43:14.114913,03 00 03 00 24 52 7E 48,03000300,0.000000
4455,0,0x10F,STD,8,2026-01-28T18:43:14.171926,03 00 03 00 99 43 5B 3D,03000300,0.000000
4456,0,0x110,STD,8,2026-01-28T18:43:14.195932,03 00 03 00 5B F3 37 48,03000300,0.000000
4457,0,0x10F,STD,8,2026-01-28T18:43:14.252945,03 00 03 00 29 46 34 3D,03000300,0.000000
4458,0,0x110,STD,8,2026-01-28T18:43:14.276454,03 00 03 00 F4 0F 02 48,03000300,0.000000
4459,0,0x10F,STD,8,2026-01-28T18:43:14.333466,03 00 03 00 72 18 8A 3D,03000300,0.000000
4460,0,0x110,STD,8,2026-01-28T18:43:14.360473,03 00 03 00 14 11 3B 48,03000300,0.000000
4461,0,0x10F,STD,8,2026-01-28T18:43:14.406484,03 00 03 00 55 67 86 3D,03000300,0.000000
4462,0,0x110,STD,8,2026-01-28T18:43:14.429992,03 00 03 00 A7 2E C4 48,03000300,0.000000
4463,0,0x10F,STD,8,2026-01-28T18:43:14.487005,03 00 03 00 AF 21 77 3D,03000300,0.000000
4464,0,0x110,STD,8,2026-01-28T18:43:14.511011,03 00 03 00 E1 E8 C4 48,03000300,0.000000
4465,0,0x10F,STD,8,2026-01-28T18:43:14.568023,03 00 03 00 48 D5 96 3D,03000300,0.000000
4466,0,0x110,STD,8,2026-01-28T18:43:14.592029,03 00 03 00 C2 46 7B 48,03000300,0.000000
4467,0,0x10F,STD,8,2026-01-28T18:43:14.649042,03 00 03 00 76 2A 78 3D,03000300,0.000000
4468,0,0x110,STD,8,2026-01-28T18:43:14.673046,03 00 03 00 84 7F 8C 47,03000300,0.000000
4469,0,0x10F,STD,8,2026-01-28T18:43:14.730060,03 00 03 00 A5 F2 92 3D,03000300,0.000000
4470,0,0x110,STD,8,2026-01-28T18:43:14.754065,03 00 03 00 DB D6 EE 47,03000300,0.000000
4471,0,0x10F,STD,8,2026-01-28T18:43:14.810581,03 00 03 00 FD CC 3E 3D,03000300,0.000000
4472,0,0x110,STD,8,2026-01-28T18:43:14.834586,03 00 03 00 63 F6 52 48,03000300,0.000000
4473,0,0x10F,STD,8,2026-01-28T18:43:14.891599,03 00 03 00 49 F7 51 3D,03000300,0.000000
4474,0,0x110,STD,8,2026-01-28T18:43:14.915605,03 00 03 00 04 6E 88 48,03000300,0.000000
4475,0,0x10F,STD,8,2026-01-28T18:43:14.961615,03 00 03 00 E9 41 4E 3D,03000300,0.000000
4476,0,0x110,STD,8,2026-01-28T18:43:14.985620,03 00 03 00 4E 96 BC 48,03000300,0.000000
4477,0,0x10F,STD,8,2026-01-28T18:43:15.042633,03 00 03 00 50 72 1B 3D,03000300,0.000000
4478,0,0x110,STD,8,2026-01-28T18:43:15.066639,03 00 03 00 C1 53 A8 48,03000300,0.000000
4479,0,0x10F,STD,8,2026-01-28T18:43:15.079641,03 00 01 00 00 00 00 00,03000100,0.000000
4480,0,0x10F,STD,8,2026-01-28T18:43:15.079641,03 00 02 00 5F 65 2F 41,03000200,0.000000
4481,0,0x10F,STD,8,2026-01-28T18:43:15.079641,03 00 01 00 00 00 00 00,03000100,0.000000
4482,0,0x110,STD,8,2026-01-28T18:43:15.079641,03 00 02 00 5F 65 2F 41,03000200,0.000000
4483,0,0x10F,STD,8,2026-01-28T18:43:15.125652,03 00 03 00 40 CC 5A 3D,03000300,0.000000
4484,0,0x110,STD,8,2026-01-28T18:43:15.149657,03 00 03 00 C3 DE A7 48,03000300,0.000000
4485,0,0x10F,STD,8,2026-01-28T18:43:15.206670,03 00 03 00 25 EB 32 3D,03000300,0.000000
4486,0,0x110,STD,8,2026-01-28T18:43:15.230676,03 00 03 00 F5 9D 1E 48,03000300,0.000000
4487,0,0x10F,STD,8,2026-01-28T18:43:15.287688,03 00 03 00 1A 78 49 3D,03000300,0.000000
4488,0,0x110,STD,8,2026-01-28T18:43:15.311694,03 00 03 00 01 E1 E9 47,03000300,0.000000
4489,0,0x10F,STD,8,2026-01-28T18:43:15.368707,03 00 03 00 15 9D 67 3D,03000300,0.000000
4490,0,0x110,STD,8,2026-01-28T18:43:15.392712,03 00 03 00 5F BF 28 47,03000300,0.000000
4491,0,0x10F,STD,8,2026-01-28T18:43:15.449725,03 00 03 00 C1 F0 8A 3D,03000300,0.000000
4492,0,0x110,STD,8,2026-01-28T18:43:15.473730,03 00 03 00 74 9C 28 47,03000300,0.000000
4493,0,0x10F,STD,8,2026-01-28T18:43:15.519741,03 00 03 00 0F A8 7C 3D,03000300,0.000000
4494,0,0x110,STD,8,2026-01-28T18:43:15.543746,03 00 03 00 D6 2D E4 47,03000300,0.000000
4495,0,0x10F,STD,8,2026-01-28T18:43:15.600759,03 00 03 00 94 76 9E 3D,03000300,0.000000
4496,0,0x110,STD,8,2026-01-28T18:43:15.624764,03 00 03 00 70 7D AB 47,03000300,0.000000
4497,0,0x10F,STD,8,2026-01-28T18:43:15.681778,03 00 03 00 12 ED AA 3D,03000300,0.000000
4498,0,0x110,STD,8,2026-01-28T18:43:15.705783,03 00 03 00 7D C7 7C 48,03000300,0.000000
4499,0,0x10F,STD,8,2026-01-28T18:43:15.762795,03 00 03 00 01 C0 9F 3D,03000300,0.000000
4500,0,0x110,STD,8,2026-01-28T18:43:15.786801,03 00 03 00 7D 1A 47 48,03000300,0.000000
4501,0,0x10F,STD,8,2026-01-28T18:43:15.843814,03 00 03 00 AD 9D C4 3D,03000300,0.000000
4502,0,0x110,STD,8,2026-01-28T18:43:15.867819,03 00 03 00 57 C4 68 48,03000300,0.000000
4503,0,0x10F,STD,8,2026-01-28T18:43:15.924832,03 00 03 00 19 35 93 3D,03000300,0.000000
4504,0,0x110,STD,8,2026-01-28T18:43:15.948837,03 00 03 00 35 02 AE 48,03000300,0.000000
4505,0,0x10F,STD,8,2026-01-28T18:43:16.005384,03 00 03 00 9F 09 A4 3D,03000300,0.000000
4506,0,0x110,STD,8,2026-01-28T18:43:16.029390,03 00 03 00 57 D4 93 48,03000300,0.000000
4507,0,0x10F,STD,8,2026-01-28T18:43:16.086403,03 00 03 00 AA 30 4C 3D,03000300,0.000000
4508,0,0x110,STD,8,2026-01-28T18:43:16.110408,03 00 03 00 B7 DE B3 48,03000300,0.000000
4509,0,0x110,STD,8,2026-01-28T18:43:16.134413,03 00 01 00 00 00 00 00,03000100,0.000000
4510,0,0x10F,STD,8,2026-01-28T18:43:16.134413,03 00 01 00 00 00 00 00,03000100,0.000000
4511,0,0x110,STD,8,2026-01-28T18:43:16.134413,03 00 01 00 00 00 00 00,03000100,0.000000
4512,0,0x10F,STD,8,2026-01-28T18:43:16.134413,03 00 02 00 C6 1E 4C 41,03000200,0.000000
4513,0,0x10F,STD,8,2026-01-28T18:43:16.169421,03 00 03 00 1F F6 4A 3D,03000300,0.000000
4514,0,0x110,STD,8,2026-01-28T18:43:16.182424,03 00 03 00 B8 E2 93 48,03000300,0.000000
4515,0,0x10F,STD,8,2026-01-28T18:43:16.239347,03 00 03 00 8F 9E 38 3D,03000300,0.000000
4516,0,0x110,STD,8,2026-01-28T18:43:16.262857,03 00 03 00 0B EE 8D 48,03000300,0.000000
4517,0,0x10F,STD,8,2026-01-28T18:43:16.319870,03 00 03 00 BD 5E 21 3D,03000300,0.000000
4518,0,0x110,STD,8,2026-01-28T18:43:16.343875,03 00 03 00 EC F0 95 48,03000300,0.000000
4519,0,0x10F,STD,8,2026-01-28T18:43:16.400448,03 00 03 00 13 F4 9D 3D,03000300,0.000000
4520,0,0x110,STD,8,2026-01-28T18:43:16.424453,03 00 03 00 13 FF 66 48,03000300,0.000000
4521,0,0x10F,STD,8,2026-01-28T18:43:16.480969,03 00 03 00 B7 40 34 3D,03000300,0.000000
4522,0,0x110,STD,8,2026-01-28T18:43:16.504573,03 00 03 00 9D B0 61 48,03000300,0.000000
4523,0,0x10F,STD,8,2026-01-28T18:43:16.561587,03 00 03 00 AF 50 9F 3D,03000300,0.000000
4524,0,0x110,STD,8,2026-01-28T18:43:16.585361,03 00 03 00 EC 87 96 48,03000300,0.000000
4525,0,0x10F,STD,8,2026-01-28T18:43:16.642374,03 00 03 00 A5 EA 6F 3D,03000300,0.000000
4526,0,0x110,STD,8,2026-01-28T18:43:16.666380,03 00 03 00 0B 71 DA 47,03000300,0.000000
4527,0,0x10F,STD,8,2026-01-28T18:43:16.723393,03 00 03 00 6D 5B 8F 3D,03000300,0.000000
4528,0,0x110,STD,8,2026-01-28T18:43:16.746488,03 00 03 00 D3 3F 72 48,03000300,0.000000
4529,0,0x10F,STD,8,2026-01-28T18:43:16.803500,03 00 03 00 E8 F9 99 3D,03000300,0.000000
4530,0,0x110,STD,8,2026-01-28T18:43:16.827009,03 00 03 00 0A F0 24 48,03000300,0.000000
4531,0,0x10F,STD,8,2026-01-28T18:43:16.883350,03 00 03 00 70 FB 29 3D,03000300,0.000000
4532,0,0x110,STD,8,2026-01-28T18:43:16.907357,03 00 03 00 86 00 53 47,03000300,0.000000
4533,0,0x10F,STD,8,2026-01-28T18:43:16.964369,03 00 03 00 84 99 95 3D,03000300,0.000000
4534,0,0x110,STD,8,2026-01-28T18:43:16.988339,03 00 03 00 94 50 94 47,03000300,0.000000
4535,0,0x10F,STD,8,2026-01-28T18:43:17.034349,03 00 03 00 79 0E 06 3D,03000300,0.000000
4536,0,0x110,STD,8,2026-01-28T18:43:17.058355,03 00 03 00 5A 18 19 48,03000300,0.000000
4537,0,0x10F,STD,8,2026-01-28T18:43:17.114910,03 00 03 00 BB 11 64 3D,03000300,0.000000
4538,0,0x110,STD,8,2026-01-28T18:43:17.138915,03 00 03 00 CC 9A 97 48,03000300,0.000000
4539,0,0x110,STD,8,2026-01-28T18:43:17.184925,03 00 02 00 C6 1E 4C 41,03000200,0.000000
4540,0,0x110,STD,8,2026-01-28T18:43:17.184925,03 00 01 00 00 00 00 00,03000100,0.000000
4541,0,0x10F,STD,8,2026-01-28T18:43:17.186926,03 00 02 00 CB EB 3D 41,03000200,0.000000
4542,0,0x110,STD,8,2026-01-28T18:43:17.186926,03 00 02 00 CB EB 3D 41,03000200,0.000000
4543,0,0x10F,STD,8,2026-01-28T18:43:17.199929,03 00 03 00 6C 99 0C 3D,03000300,0.000000
4544,0,0x110,STD,8,2026-01-28T18:43:17.223438,03 00 03 00 AC 35 8E 48,03000300,0.000000
4545,0,0x10F,STD,8,2026-01-28T18:43:17.280451,03 00 03 00 9D 2D 1A 3D,03000300,0.000000
4546,0,0x110,STD,8,2026-01-28T18:43:17.304456,03 00 03 00 21 3B A5 48,03000300,0.000000
4547,0,0x10F,STD,8,2026-01-28T18:43:17.361469,03 00 03 00 D4 FA 1F 3D,03000300,0.000000
4548,0,0x110,STD,8,2026-01-28T18:43:17.385302,03 00 03 00 CB 00 64 48,03000300,0.000000
4549,0,0x10F,STD,8,2026-01-28T18:43:17.442316,03 00 03 00 49 9B F8 3C,03000300,0.000000
4550,0,0x110,STD,8,2026-01-28T18:43:17.466321,03 00 03 00 1C C7 E5 47,03000300,0.000000
4551,0,0x10F,STD,8,2026-01-28T18:43:17.512331,03 00 03 00 9A 31 47 3D,03000300,0.000000
4552,0,0x110,STD,8,2026-01-28T18:43:17.536337,03 00 03 00 DB 7D A8 48,03000300,0.000000
4553,0,0x10F,STD,8,2026-01-28T18:43:17.593350,03 00 03 00 47 3A 18 3D,03000300,0.000000
4554,0,0x110,STD,8,2026-01-28T18:43:17.617355,03 00 03 00 D8 EA A1 48,03000300,0.000000
4555,0,0x10F,STD,8,2026-01-28T18:43:17.674368,03 00 03 00 A1 9B 5C 3D,03000300,0.000000
4556,0,0x110,STD,8,2026-01-28T18:43:17.698373,03 00 03 00 89 B1 2D 48,03000300,0.000000
4557,0,0x10F,STD,8,2026-01-28T18:43:17.755386,03 00 03 00 25 96 3E 3D,03000300,0.000000
4558,0,0x110,STD,8,2026-01-28T18:43:17.779391,03 00 03 00 62 11 B1 48,03000300,0.000000
4559,0,0x10F,STD,8,2026-01-28T18:43:17.836404,03 00 03 00 A7 40 77 3D,03000300,0.000000
4560,0,0x110,STD,8,2026-01-28T18:43:17.860325,03 00 03 00 E8 B7 37 48,03000300,0.000000
4561,0,0x10F,STD,8,2026-01-28T18:43:17.917338,03 00 03 00 56 AA 80 3D,03000300,0.000000
4562,0,0x110,STD,8,2026-01-28T18:43:17.941344,03 00 03 00 34 39 8A 48,03000300,0.000000
4563,0,0x10F,STD,8,2026-01-28T18:43:17.998357,03 00 03 00 92 4F 69 3D,03000300,0.000000
4564,0,0x110,STD,8,2026-01-28T18:43:18.022361,03 00 03 00 82 4E 3D 48,03000300,0.000000
4565,0,0x10F,STD,8,2026-01-28T18:43:18.079375,03 00 03 00 02 F7 96 3D,03000300,0.000000
4566,0,0x110,STD,8,2026-01-28T18:43:18.103380,03 00 03 00 7C 89 BF 47,03000300,0.000000
4567,0,0x10F,STD,8,2026-01-28T18:43:18.160393,03 00 03 00 76 6E 50 3D,03000300,0.000000
4568,0,0x110,STD,8,2026-01-28T18:43:18.184399,03 00 03 00 B8 EF 98 47,03000300,0.000000
4569,0,0x10F,STD,8,2026-01-28T18:43:18.230409,03 00 03 00 EE 5D 82 3D,03000300,0.000000
4570,0,0x10F,STD,8,2026-01-28T18:43:18.232409,03 00 01 00 00 00 00 00,03000100,0.000000
4571,0,0x110,STD,8,2026-01-28T18:43:18.232409,03 00 01 00 00 00 00 00,03000100,0.000000
4572,0,0x10F,STD,8,2026-01-28T18:43:18.234410,03 00 02 00 67 4C 38 41,03000200,0.000000
4573,0,0x110,STD,8,2026-01-28T18:43:18.234410,03 00 02 00 67 4C 38 41,03000200,0.000000
4574,0,0x110,STD,8,2026-01-28T18:43:18.258415,03 00 03 00 78 7E 65 48,03000300,0.000000
4575,0,0x10F,STD,8,2026-01-28T18:43:18.315428,03 00 03 00 E7 1E 5D 3D,03000300,0.000000
4576,0,0x110,STD,8,2026-01-28T18:43:18.339433,03 00 03 00 4B 8A 55 48,03000300,0.000000
4577,0,0x10F,STD,8,2026-01-28T18:43:18.399951,03 00 03 00 7F 01 36 3D,03000300,0.000000
4578,0,0x110,STD,8,2026-01-28T18:43:18.422793,03 00 03 00 3E 02 5C 48,03000300,0.000000
4579,0,0x10F,STD,8,2026-01-28T18:43:18.479315,03 00 03 00 E3 27 41 3D,03000300,0.000000
4580,0,0x110,STD,8,2026-01-28T18:43:18.492318,03 00 03 00 73 E6 BD 48,03000300,0.000000
4581,0,0x10F,STD,8,2026-01-28T18:43:18.549330,03 00 03 00 83 7C 1F 3D,03000300,0.000000
4582,0,0x110,STD,8,2026-01-28T18:43:18.573336,03 00 03 00 9E 3C 42 48,03000300,0.000000
4583,0,0x10F,STD,8,2026-01-28T18:43:18.629394,03 00 03 00 F9 2A 57 3D,03000300,0.000000
4584,0,0x110,STD,8,2026-01-28T18:43:18.653399,03 00 03 00 FA 19 8E 48,03000300,0.000000
4585,0,0x10F,STD,8,2026-01-28T18:43:18.710412,03 00 03 00 AF 50 10 3D,03000300,0.000000
4586,0,0x110,STD,8,2026-01-28T18:43:18.734418,03 00 03 00 C8 E1 01 48,03000300,0.000000
4587,0,0x10F,STD,8,2026-01-28T18:43:18.790977,03 00 03 00 B3 1C 82 3D,03000300,0.000000
4588,0,0x110,STD,8,2026-01-28T18:43:18.814982,03 00 03 00 A8 C3 83 48,03000300,0.000000
4589,0,0x10F,STD,8,2026-01-28T18:43:18.871995,03 00 03 00 2C 9E 5A 3D,03000300,0.000000
4590,0,0x110,STD,8,2026-01-28T18:43:18.896000,03 00 03 00 B2 E3 80 48,03000300,0.000000
4591,0,0x10F,STD,8,2026-01-28T18:43:18.952208,03 00 03 00 A4 3F 58 3D,03000300,0.000000
4592,0,0x110,STD,8,2026-01-28T18:43:18.979216,03 00 03 00 76 63 EC 48,03000300,0.000000
4593,0,0x10F,STD,8,2026-01-28T18:43:19.035207,03 00 03 00 AD 7A 76 3D,03000300,0.000000
4594,0,0x110,STD,8,2026-01-28T18:43:19.059214,03 00 03 00 5C 5A F2 48,03000300,0.000000
4595,0,0x10F,STD,8,2026-01-28T18:43:19.116226,03 00 03 00 00 40 1A 3D,03000300,0.000000
4596,0,0x110,STD,8,2026-01-28T18:43:19.140232,03 00 03 00 4C 41 B5 48,03000300,0.000000
4597,0,0x10F,STD,8,2026-01-28T18:43:19.197245,03 00 03 00 0C CA 65 3D,03000300,0.000000
4598,0,0x110,STD,8,2026-01-28T18:43:19.221250,03 00 03 00 EE FC DD 48,03000300,0.000000
4599,0,0x10F,STD,8,2026-01-28T18:43:19.267260,03 00 03 00 32 01 2D 3D,03000300,0.000000
4600,0,0x110,STD,8,2026-01-28T18:43:19.291265,03 00 03 00 7F B8 C3 48,03000300,0.000000
4601,0,0x10F,STD,8,2026-01-28T18:43:19.292768,03 00 01 00 00 00 00 00,03000100,0.000000
4602,0,0x10F,STD,8,2026-01-28T18:43:19.292768,03 00 02 00 25 78 3F 41,03000200,0.000000
4603,0,0x110,STD,8,2026-01-28T18:43:19.294769,03 00 02 00 25 78 3F 41,03000200,0.000000
4604,0,0x10F,STD,8,2026-01-28T18:43:19.294769,03 00 01 00 00 00 00 00,03000100,0.000000
4605,0,0x10F,STD,8,2026-01-28T18:43:19.351782,03 00 03 00 E3 D3 0D 3D,03000300,0.000000
4606,0,0x110,STD,8,2026-01-28T18:43:19.375788,03 00 03 00 5C 05 C5 48,03000300,0.000000
4607,0,0x10F,STD,8,2026-01-28T18:43:19.432800,03 00 03 00 E3 66 76 3D,03000300,0.000000
4608,0,0x110,STD,8,2026-01-28T18:43:19.456805,03 00 03 00 27 DE C1 48,03000300,0.000000
4609,0,0x10F,STD,8,2026-01-28T18:43:19.513819,03 00 03 00 D8 B4 2E 3D,03000300,0.000000
4610,0,0x110,STD,8,2026-01-28T18:43:19.537824,03 00 03 00 70 D1 9A 48,03000300,0.000000
4611,0,0x10F,STD,8,2026-01-28T18:43:19.594837,03 00 03 00 6D 80 5A 3D,03000300,0.000000
4612,0,0x110,STD,8,2026-01-28T18:43:19.618842,03 00 03 00 68 A6 1F 48,03000300,0.000000
4613,0,0x10F,STD,8,2026-01-28T18:43:19.664357,03 00 03 00 E6 CF 51 3D,03000300,0.000000
4614,0,0x110,STD,8,2026-01-28T18:43:19.688362,03 00 03 00 86 B6 FD 47,03000300,0.000000
4615,0,0x10F,STD,8,2026-01-28T18:43:19.745375,03 00 03 00 70 3F 81 3D,03000300,0.000000
4616,0,0x110,STD,8,2026-01-28T18:43:19.769380,03 00 03 00 2E 8E 21 48,03000300,0.000000
4617,0,0x10F,STD,8,2026-01-28T18:43:19.826393,03 00 03 00 59 F2 50 3D,03000300,0.000000
4618,0,0x110,STD,8,2026-01-28T18:43:19.850398,03 00 03 00 72 1F 07 48,03000300,0.000000
4619,0,0x10F,STD,8,2026-01-28T18:43:19.907411,03 00 03 00 E5 90 5F 3D,03000300,0.000000
4620,0,0x110,STD,8,2026-01-28T18:43:19.931417,03 00 03 00 B1 5F DF 47,03000300,0.000000
4621,0,0x10F,STD,8,2026-01-28T18:43:19.988430,03 00 03 00 10 E1 29 3D,03000300,0.000000
4622,0,0x110,STD,8,2026-01-28T18:43:20.012435,03 00 03 00 87 FA 3F 48,03000300,0.000000
4623,0,0x10F,STD,8,2026-01-28T18:43:20.069448,03 00 03 00 68 01 43 3D,03000300,0.000000
4624,0,0x110,STD,8,2026-01-28T18:43:20.093453,03 00 03 00 1F F6 4B 48,03000300,0.000000
4625,0,0x10F,STD,8,2026-01-28T18:43:20.150466,03 00 03 00 F1 70 2F 3D,03000300,0.000000
4626,0,0x110,STD,8,2026-01-28T18:43:20.174471,03 00 03 00 71 68 6C 48,03000300,0.000000
4627,0,0x10F,STD,8,2026-01-28T18:43:20.231485,03 00 03 00 71 BC 0A 3D,03000300,0.000000
4628,0,0x110,STD,8,2026-01-28T18:43:20.255490,03 00 03 00 01 C2 87 48,03000300,0.000000
4629,0,0x10F,STD,8,2026-01-28T18:43:20.312503,03 00 03 00 07 D2 4E 3D,03000300,0.000000
4630,0,0x110,STD,8,2026-01-28T18:43:20.336508,03 00 03 00 42 56 2B 48,03000300,0.000000
4631,0,0x110,STD,8,2026-01-28T18:43:20.360514,03 00 01 00 00 00 00 00,03000100,0.000000
4632,0,0x110,STD,8,2026-01-28T18:43:20.360514,03 00 01 00 00 00 00 00,03000100,0.000000
4633,0,0x10F,STD,8,2026-01-28T18:43:20.360514,03 00 02 00 1F 1E 42 41,03000200,0.000000
4634,0,0x110,STD,8,2026-01-28T18:43:20.360514,03 00 02 00 1F 1E 42 41,03000200,0.000000
4635,0,0x10F,STD,8,2026-01-28T18:43:20.384519,03 00 03 00 B9 24 2C 3D,03000300,0.000000
4636,0,0x110,STD,8,2026-01-28T18:43:20.408524,03 00 03 00 36 AA 05 48,03000300,0.000000
4637,0,0x10F,STD,8,2026-01-28T18:43:20.465537,03 00 03 00 C0 D7 4C 3D,03000300,0.000000
4638,0,0x110,STD,8,2026-01-28T18:43:20.489543,03 00 03 00 C1 AE 93 47,03000300,0.000000
4639,0,0x10F,STD,8,2026-01-28T18:43:20.546555,03 00 03 00 A1 A3 6A 3D,03000300,0.000000
4640,0,0x110,STD,8,2026-01-28T18:43:20.570561,03 00 03 00 5F EB 32 48,03000300,0.000000
4641,0,0x10F,STD,8,2026-01-28T18:43:20.627574,03 00 03 00 8D 06 1C 3D,03000300,0.000000
4642,0,0x110,STD,8,2026-01-28T18:43:20.651579,03 00 03 00 A4 B2 A6 48,03000300,0.000000
4643,0,0x10F,STD,8,2026-01-28T18:43:20.708592,03 00 03 00 75 47 23 3D,03000300,0.000000
4644,0,0x110,STD,8,2026-01-28T18:43:20.732597,03 00 03 00 45 0B 8C 48,03000300,0.000000
4645,0,0x10F,STD,8,2026-01-28T18:43:20.789610,03 00 03 00 43 BB 13 3D,03000300,0.000000
4646,0,0x110,STD,8,2026-01-28T18:43:20.813616,03 00 03 00 ED 65 6A 48,03000300,0.000000
4647,0,0x10F,STD,8,2026-01-28T18:43:20.870628,03 00 03 00 9D 05 40 3D,03000300,0.000000
4648,0,0x110,STD,8,2026-01-28T18:43:20.894634,03 00 03 00 11 C6 A6 48,03000300,0.000000
4649,0,0x10F,STD,8,2026-01-28T18:43:20.951646,03 00 03 00 60 E9 0E 3D,03000300,0.000000
4650,0,0x110,STD,8,2026-01-28T18:43:20.964650,03 00 03 00 27 5A 92 48,03000300,0.000000
4651,0,0x10F,STD,8,2026-01-28T18:43:21.021662,03 00 03 00 DA 91 3B 3D,03000300,0.000000
4652,0,0x110,STD,8,2026-01-28T18:43:21.045668,03 00 03 00 A0 D2 18 48,03000300,0.000000
4653,0,0x10F,STD,8,2026-01-28T18:43:21.105681,03 00 03 00 AF 12 63 3D,03000300,0.000000
4654,0,0x110,STD,8,2026-01-28T18:43:21.129687,03 00 03 00 7A E5 96 48,03000300,0.000000
4655,0,0x10F,STD,8,2026-01-28T18:43:21.186700,03 00 03 00 00 B0 42 3D,03000300,0.000000
4656,0,0x110,STD,8,2026-01-28T18:43:21.210237,03 00 03 00 6E EF 36 48,03000300,0.000000
4657,0,0x10F,STD,8,2026-01-28T18:43:21.267093,03 00 03 00 59 7D 82 3D,03000300,0.000000
4658,0,0x110,STD,8,2026-01-28T18:43:21.291099,03 00 03 00 9B 97 5C 48,03000300,0.000000
4659,0,0x10F,STD,8,2026-01-28T18:43:21.348112,03 00 03 00 8E 7F 44 3D,03000300,0.000000
4660,0,0x110,STD,8,2026-01-28T18:43:21.372118,03 00 03 00 0A CD E1 48,03000300,0.000000
4661,0,0x10F,STD,8,2026-01-28T18:43:21.407125,03 00 01 00 00 00 00 00,03000100,0.000000
4662,0,0x10F,STD,8,2026-01-28T18:43:21.407125,03 00 02 00 C5 5C 2B 41,03000200,0.000000
4663,0,0x110,STD,8,2026-01-28T18:43:21.407125,03 00 02 00 C5 5C 2B 41,03000200,0.000000
4664,0,0x10F,STD,8,2026-01-28T18:43:21.407125,03 00 01 00 00 00 00 00,03000100,0.000000
4665,0,0x10F,STD,8,2026-01-28T18:43:21.420128,03 00 03 00 C2 FE 86 3D,03000300,0.000000
4666,0,0x110,STD,8,2026-01-28T18:43:21.443478,03 00 03 00 4E 3B 7A 48,03000300,0.000000
4667,0,0x10F,STD,8,2026-01-28T18:43:21.499343,03 00 03 00 5D 20 7D 3D,03000300,0.000000
4668,0,0x110,STD,8,2026-01-28T18:43:21.523349,03 00 03 00 97 BF 7F 48,03000300,0.000000
4669,0,0x10F,STD,8,2026-01-28T18:43:21.579642,03 00 03 00 A2 2C 75 3D,03000300,0.000000
4670,0,0x110,STD,8,2026-01-28T18:43:21.603053,03 00 03 00 5B 00 59 48,03000300,0.000000
4671,0,0x10F,STD,8,2026-01-28T18:43:21.659011,03 00 03 00 44 67 89 3D,03000300,0.000000
4672,0,0x110,STD,8,2026-01-28T18:43:21.683018,03 00 03 00 14 AD 86 48,03000300,0.000000
4673,0,0x10F,STD,8,2026-01-28T18:43:21.740031,03 00 03 00 95 BE 35 3D,03000300,0.000000
4674,0,0x110,STD,8,2026-01-28T18:43:21.764036,03 00 03 00 EA 92 C0 48,03000300,0.000000
4675,0,0x10F,STD,8,2026-01-28T18:43:21.821049,03 00 03 00 71 77 89 3D,03000300,0.000000
4676,0,0x110,STD,8,2026-01-28T18:43:21.845054,03 00 03 00 A9 49 D6 48,03000300,0.000000
4677,0,0x10F,STD,8,2026-01-28T18:43:21.902067,03 00 03 00 5D 66 5A 3D,03000300,0.000000
4678,0,0x110,STD,8,2026-01-28T18:43:21.926073,03 00 03 00 E5 6E 11 49,03000300,0.000000
4679,0,0x10F,STD,8,2026-01-28T18:43:21.983085,03 00 03 00 E0 6A 73 3D,03000300,0.000000
4680,0,0x110,STD,8,2026-01-28T18:43:22.007091,03 00 03 00 A5 D7 A9 48,03000300,0.000000
4681,0,0x10F,STD,8,2026-01-28T18:43:22.063688,03 00 03 00 8F 2E 7A 3D,03000300,0.000000
4682,0,0x110,STD,8,2026-01-28T18:43:22.087694,03 00 03 00 53 55 D8 48,03000300,0.000000
4683,0,0x10F,STD,8,2026-01-28T18:43:22.144707,03 00 03 00 6E B6 31 3D,03000300,0.000000
4684,0,0x110,STD,8,2026-01-28T18:43:22.168712,03 00 03 00 11 9B C3 48,03000300,0.000000
4685,0,0x10F,STD,8,2026-01-28T18:43:22.225725,03 00 03 00 C6 33 6A 3D,03000300,0.000000
4686,0,0x110,STD,8,2026-01-28T18:43:22.249730,03 00 03 00 D3 3A 01 48,03000300,0.000000
4687,0,0x10F,STD,8,2026-01-28T18:43:22.295741,03 00 03 00 7C C5 18 3D,03000300,0.000000
4688,0,0x110,STD,8,2026-01-28T18:43:22.319746,03 00 03 00 B7 E8 39 48,03000300,0.000000
4689,0,0x10F,STD,8,2026-01-28T18:43:22.377759,03 00 03 00 EF C6 86 3D,03000300,0.000000
4690,0,0x110,STD,8,2026-01-28T18:43:22.401765,03 00 03 00 6D EA 74 48,03000300,0.000000
4691,0,0x110,STD,8,2026-01-28T18:43:22.447775,03 00 01 00 00 00 00 00,03000100,0.000000
4692,0,0x110,STD,8,2026-01-28T18:43:22.447775,03 00 02 00 39 54 38 41,03000200,0.000000
4693,0,0x10F,STD,8,2026-01-28T18:43:22.447775,03 00 01 00 00 00 00 00,03000100,0.000000
4694,0,0x110,STD,8,2026-01-28T18:43:22.447775,03 00 01 00 00 00 00 00,03000100,0.000000
4695,0,0x10F,STD,8,2026-01-28T18:43:22.460778,03 00 03 00 3C EA 47 3D,03000300,0.000000
4696,0,0x110,STD,8,2026-01-28T18:43:22.484783,03 00 03 00 77 F0 C6 48,03000300,0.000000
4697,0,0x10F,STD,8,2026-01-28T18:43:22.541796,03 00 03 00 08 D3 53 3D,03000300,0.000000
4698,0,0x110,STD,8,2026-01-28T18:43:22.565305,03 00 03 00 0E 99 27 48,03000300,0.000000
4699,0,0x10F,STD,8,2026-01-28T18:43:22.622318,03 00 03 00 23 C5 79 3D,03000300,0.000000
4700,0,0x110,STD,8,2026-01-28T18:43:22.646324,03 00 03 00 4D 9D 6A 48,03000300,0.000000
4701,0,0x10F,STD,8,2026-01-28T18:43:22.703337,03 00 03 00 1F 5A 37 3D,03000300,0.000000
4702,0,0x110,STD,8,2026-01-28T18:43:22.726962,03 00 03 00 EB 9A 2F 48,03000300,0.000000
4703,0,0x10F,STD,8,2026-01-28T18:43:22.783975,03 00 03 00 53 3D 78 3D,03000300,0.000000
4704,0,0x110,STD,8,2026-01-28T18:43:22.807980,03 00 03 00 FA E2 C7 47,03000300,0.000000
4705,0,0x10F,STD,8,2026-01-28T18:43:22.853990,03 00 03 00 76 EE 1D 3D,03000300,0.000000
4706,0,0x110,STD,8,2026-01-28T18:43:22.877996,03 00 03 00 85 4A 1E 48,03000300,0.000000
4707,0,0x10F,STD,8,2026-01-28T18:43:22.935009,03 00 03 00 04 7E 58 3D,03000300,0.000000
4708,0,0x110,STD,8,2026-01-28T18:43:22.959014,03 00 03 00 A0 0B C5 48,03000300,0.000000
4709,0,0x10F,STD,8,2026-01-28T18:43:23.016027,03 00 03 00 1A A8 69 3D,03000300,0.000000
4710,0,0x110,STD,8,2026-01-28T18:43:23.040032,03 00 03 00 F0 B6 03 49,03000300,0.000000
4711,0,0x10F,STD,8,2026-01-28T18:43:23.097045,03 00 03 00 AC 72 5F 3D,03000300,0.000000
4712,0,0x110,STD,8,2026-01-28T18:43:23.121050,03 00 03 00 C6 21 C4 48,03000300,0.000000
4713,0,0x10F,STD,8,2026-01-28T18:43:23.177566,03 00 03 00 8A 5D 7D 3D,03000300,0.000000
4714,0,0x110,STD,8,2026-01-28T18:43:23.201571,03 00 03 00 09 12 E6 48,03000300,0.000000
4715,0,0x10F,STD,8,2026-01-28T18:43:23.258584,03 00 03 00 EE 2C 5D 3D,03000300,0.000000
4716,0,0x110,STD,8,2026-01-28T18:43:23.282589,03 00 03 00 07 FB 8E 48,03000300,0.000000
4717,0,0x10F,STD,8,2026-01-28T18:43:23.339285,03 00 03 00 A5 FF 73 3D,03000300,0.000000
4718,0,0x110,STD,8,2026-01-28T18:43:23.363292,03 00 03 00 E8 2C 6C 48,03000300,0.000000
4719,0,0x10F,STD,8,2026-01-28T18:43:23.420280,03 00 03 00 67 3A 50 3D,03000300,0.000000
4720,0,0x110,STD,8,2026-01-28T18:43:23.444287,03 00 03 00 6A 05 8F 48,03000300,0.000000
4721,0,0x10F,STD,8,2026-01-28T18:43:23.501300,03 00 03 00 9B D1 77 3D,03000300,0.000000
4722,0,0x10F,STD,8,2026-01-28T18:43:23.501300,03 00 02 00 39 54 38 41,03000200,0.000000
4723,0,0x110,STD,8,2026-01-28T18:43:23.501300,03 00 02 00 77 BF 3D 41,03000200,0.000000
4724,0,0x10F,STD,8,2026-01-28T18:43:23.501300,03 00 01 00 00 00 00 00,03000100,0.000000
4725,0,0x110,STD,8,2026-01-28T18:43:23.501300,03 00 01 00 00 00 00 00,03000100,0.000000
4726,0,0x110,STD,8,2026-01-28T18:43:23.525306,03 00 03 00 E4 EE 5D 48,03000300,0.000000
4727,0,0x10F,STD,8,2026-01-28T18:43:23.571316,03 00 03 00 36 4C 4E 3D,03000300,0.000000
4728,0,0x110,STD,8,2026-01-28T18:43:23.595322,03 00 03 00 78 8B DF 48,03000300,0.000000
4729,0,0x10F,STD,8,2026-01-28T18:43:23.652334,03 00 03 00 25 0C 44 3D,03000300,0.000000
4730,0,0x110,STD,8,2026-01-28T18:43:23.676241,03 00 03 00 56 AE 4E 48,03000300,0.000000
4731,0,0x10F,STD,8,2026-01-28T18:43:23.733263,03 00 03 00 DC 9F 6D 3D,03000300,0.000000
4732,0,0x110,STD,8,2026-01-28T18:43:23.756583,03 00 03 00 79 A9 B8 48,03000300,0.000000
4733,0,0x10F,STD,8,2026-01-28T18:43:23.813596,03 00 03 00 4F FD 16 3D,03000300,0.000000
4734,0,0x110,STD,8,2026-01-28T18:43:23.837106,03 00 03 00 22 1D 54 48,03000300,0.000000
4735,0,0x10F,STD,8,2026-01-28T18:43:23.893722,03 00 03 00 33 2A 64 3D,03000300,0.000000
4736,0,0x110,STD,8,2026-01-28T18:43:23.917017,03 00 03 00 1F 46 3C 48,03000300,0.000000
4737,0,0x10F,STD,8,2026-01-28T18:43:23.973532,03 00 03 00 EC 0F 4F 3D,03000300,0.000000
4738,0,0x110,STD,8,2026-01-28T18:43:23.997539,03 00 03 00 22 E7 A3 48,03000300,0.000000
4739,0,0x10F,STD,8,2026-01-28T18:43:24.054145,03 00 03 00 11 67 3B 3D,03000300,0.000000
4740,0,0x110,STD,8,2026-01-28T18:43:24.077902,03 00 03 00 76 E9 6A 48,03000300,0.000000
4741,0,0x10F,STD,8,2026-01-28T18:43:24.134558,03 00 03 00 66 2F 73 3D,03000300,0.000000
4742,0,0x110,STD,8,2026-01-28T18:43:24.158563,03 00 03 00 AB 4A 32 48,03000300,0.000000
4743,0,0x10F,STD,8,2026-01-28T18:43:24.215576,03 00 03 00 00 1F 1C 3D,03000300,0.000000
4744,0,0x110,STD,8,2026-01-28T18:43:24.239582,03 00 03 00 86 D4 84 48,03000300,0.000000
4745,0,0x10F,STD,8,2026-01-28T18:43:24.296594,03 00 03 00 4F 49 3D 3D,03000300,0.000000
4746,0,0x110,STD,8,2026-01-28T18:43:24.320600,03 00 03 00 41 1C FC 47,03000300,0.000000
4747,0,0x10F,STD,8,2026-01-28T18:43:24.377612,03 00 03 00 5E EB 3D 3D,03000300,0.000000
4748,0,0x110,STD,8,2026-01-28T18:43:24.401128,03 00 03 00 F9 6E AD 48,03000300,0.000000
4749,0,0x10F,STD,8,2026-01-28T18:43:24.447138,03 00 03 00 8A 4D 56 3D,03000300,0.000000
4750,0,0x110,STD,8,2026-01-28T18:43:24.471144,03 00 03 00 BC 8F 57 48,03000300,0.000000
4751,0,0x10F,STD,8,2026-01-28T18:43:24.528157,03 00 03 00 F7 68 7A 3D,03000300,0.000000
4752,0,0x10F,STD,8,2026-01-28T18:43:24.541160,03 00 02 00 77 BF 3D 41,03000200,0.000000
4753,0,0x10F,STD,8,2026-01-28T18:43:24.541160,03 00 02 00 65 32 49 41,03000200,0.000000
4754,0,0x110,STD,8,2026-01-28T18:43:24.541160,03 00 02 00 65 32 49 41,03000200,0.000000
4755,0,0x10F,STD,8,2026-01-28T18:43:24.541160,03 00 01 00 00 00 00 00,03000100,0.000000
4756,0,0x110,STD,8,2026-01-28T18:43:24.554163,03 00 03 00 0A 78 98 48,03000300,0.000000
4757,0,0x10F,STD,8,2026-01-28T18:43:24.611175,03 00 03 00 6E 96 85 3D,03000300,0.000000
4758,0,0x110,STD,8,2026-01-28T18:43:24.635181,03 00 03 00 8B 57 91 48,03000300,0.000000
4759,0,0x10F,STD,8,2026-01-28T18:43:24.692193,03 00 03 00 49 F6 69 3D,03000300,0.000000
4760,0,0x110,STD,8,2026-01-28T18:43:24.716199,03 00 03 00 23 14 9A 48,03000300,0.000000
4761,0,0x10F,STD,8,2026-01-28T18:43:24.773212,03 00 03 00 21 83 5A 3D,03000300,0.000000
4762,0,0x110,STD,8,2026-01-28T18:43:24.797217,03 00 03 00 60 36 19 48,03000300,0.000000
4763,0,0x10F,STD,8,2026-01-28T18:43:24.854230,03 00 03 00 F9 FA 3B 3D,03000300,0.000000
4764,0,0x110,STD,8,2026-01-28T18:43:24.878236,03 00 03 00 A0 E0 49 48,03000300,0.000000
4765,0,0x10F,STD,8,2026-01-28T18:43:24.935249,03 00 03 00 9F 64 05 3D,03000300,0.000000
4766,0,0x110,STD,8,2026-01-28T18:43:24.959254,03 00 03 00 4C 80 A4 48,03000300,0.000000
4767,0,0x10F,STD,8,2026-01-28T18:43:25.005264,03 00 03 00 0D 8C 4F 3D,03000300,0.000000
4768,0,0x110,STD,8,2026-01-28T18:43:25.029270,03 00 03 00 37 2D A6 48,03000300,0.000000
4769,0,0x10F,STD,8,2026-01-28T18:43:25.086282,03 00 03 00 6F 17 05 3D,03000300,0.000000
4770,0,0x110,STD,8,2026-01-28T18:43:25.110288,03 00 03 00 5C 05 4B 48,03000300,0.000000
4771,0,0x10F,STD,8,2026-01-28T18:43:25.167301,03 00 03 00 E9 63 6D 3D,03000300,0.000000
4772,0,0x110,STD,8,2026-01-28T18:43:25.191306,03 00 03 00 1C 17 EF 47,03000300,0.000000
4773,0,0x10F,STD,8,2026-01-28T18:43:25.248319,03 00 03 00 45 2B 55 3D,03000300,0.000000
4774,0,0x110,STD,8,2026-01-28T18:43:25.272324,03 00 03 00 B5 FB 59 48,03000300,0.000000
4775,0,0x10F,STD,8,2026-01-28T18:43:25.329337,03 00 03 00 09 0B 10 3D,03000300,0.000000
4776,0,0x110,STD,8,2026-01-28T18:43:25.353343,03 00 03 00 A7 23 9D 48,03000300,0.000000
4777,0,0x10F,STD,8,2026-01-28T18:43:25.410355,03 00 03 00 3F E6 87 3D,03000300,0.000000
4778,0,0x110,STD,8,2026-01-28T18:43:25.434361,03 00 03 00 2E 7C C2 48,03000300,0.000000
4779,0,0x10F,STD,8,2026-01-28T18:43:25.491373,03 00 03 00 23 52 4A 3D,03000300,0.000000
4780,0,0x110,STD,8,2026-01-28T18:43:25.515379,03 00 03 00 AC 2C F9 48,03000300,0.000000
4781,0,0x10F,STD,8,2026-01-28T18:43:25.572392,03 00 03 00 C4 49 7E 3D,03000300,0.000000
4782,0,0x110,STD,8,2026-01-28T18:43:25.572392,03 00 01 00 00 00 00 00,03000100,0.000000
4783,0,0x10F,STD,8,2026-01-28T18:43:25.572392,03 00 01 00 00 00 00 00,03000100,0.000000
4784,0,0x110,STD,8,2026-01-28T18:43:25.572392,03 00 01 00 00 00 00 00,03000100,0.000000
4785,0,0x10F,STD,8,2026-01-28T18:43:25.572392,03 00 02 00 65 32 49 41,03000200,0.000000
4786,0,0x110,STD,8,2026-01-28T18:43:25.596397,03 00 03 00 64 19 99 48,03000300,0.000000
4787,0,0x10F,STD,8,2026-01-28T18:43:25.653410,03 00 03 00 79 72 83 3D,03000300,0.000000
4788,0,0x110,STD,8,2026-01-28T18:43:25.677416,03 00 03 00 65 8C 84 48,03000300,0.000000
4789,0,0x10F,STD,8,2026-01-28T18:43:25.723425,03 00 03 00 00 CB 59 3D,03000300,0.000000
4790,0,0x110,STD,8,2026-01-28T18:43:25.747431,03 00 03 00 BA 2E 22 48,03000300,0.000000
4791,0,0x10F,STD,8,2026-01-28T18:43:25.804444,03 00 03 00 BF A2 AC 3D,03000300,0.000000
4792,0,0x110,STD,8,2026-01-28T18:43:25.828450,03 00 03 00 17 40 2E 48,03000300,0.000000
4793,0,0x10F,STD,8,2026-01-28T18:43:25.885462,03 00 03 00 96 82 4D 3D,03000300,0.000000
4794,0,0x110,STD,8,2026-01-28T18:43:25.909468,03 00 03 00 F0 A8 18 48,03000300,0.000000
4795,0,0x10F,STD,8,2026-01-28T18:43:25.966089,03 00 03 00 21 90 65 3D,03000300,0.000000
4796,0,0x110,STD,8,2026-01-28T18:43:25.990094,03 00 03 00 37 39 C5 48,03000300,0.000000
4797,0,0x10F,STD,8,2026-01-28T18:43:26.047107,03 00 03 00 19 1C 1C 3D,03000300,0.000000
4798,0,0x110,STD,8,2026-01-28T18:43:26.071112,03 00 03 00 2A A4 CD 48,03000300,0.000000
4799,0,0x10F,STD,8,2026-01-28T18:43:26.128125,03 00 03 00 FE 5A 0F 3D,03000300,0.000000
4800,0,0x110,STD,8,2026-01-28T18:43:26.152131,03 00 03 00 6D CF 7F 48,03000300,0.000000
4801,0,0x10F,STD,8,2026-01-28T18:43:26.208766,03 00 03 00 A0 88 15 3D,03000300,0.000000
4802,0,0x110,STD,8,2026-01-28T18:43:26.232772,03 00 03 00 B4 16 92 48,03000300,0.000000
4803,0,0x10F,STD,8,2026-01-28T18:43:26.288622,03 00 03 00 A5 55 03 3D,03000300,0.000000
4804,0,0x110,STD,8,2026-01-28T18:43:26.312627,03 00 03 00 9A DB B2 47,03000300,0.000000
4805,0,0x10F,STD,8,2026-01-28T18:43:26.369639,03 00 03 00 E8 35 6A 3D,03000300,0.000000
4806,0,0x110,STD,8,2026-01-28T18:43:26.393646,03 00 03 00 A1 E3 6A 48,03000300,0.000000
4807,0,0x10F,STD,8,2026-01-28T18:43:26.450660,03 00 03 00 56 D4 47 3D,03000300,0.000000
4808,0,0x110,STD,8,2026-01-28T18:43:26.474666,03 00 03 00 FE 26 1D 48,03000300,0.000000
4809,0,0x10F,STD,8,2026-01-28T18:43:26.520676,03 00 03 00 59 0D 6E 3D,03000300,0.000000
4810,0,0x110,STD,8,2026-01-28T18:43:26.544682,03 00 03 00 2A 96 A4 48,03000300,0.000000
4811,0,0x10F,STD,8,2026-01-28T18:43:26.601079,03 00 03 00 53 F6 51 3D,03000300,0.000000
4812,0,0x110,STD,8,2026-01-28T18:43:26.625084,03 00 03 00 D1 A2 95 48,03000300,0.000000
4813,0,0x110,STD,8,2026-01-28T18:43:26.625084,03 00 02 00 65 32 49 41,03000200,0.000000
4814,0,0x10F,STD,8,2026-01-28T18:43:26.627085,03 00 02 00 53 67 4D 41,03000200,0.000000
4815,0,0x110,STD,8,2026-01-28T18:43:26.627085,03 00 02 00 53 67 4D 41,03000200,0.000000
4816,0,0x10F,STD,8,2026-01-28T18:43:26.627085,03 00 01 00 00 00 00 00,03000100,0.000000
4817,0,0x10F,STD,8,2026-01-28T18:43:26.684098,03 00 03 00 A3 6C 55 3D,03000300,0.000000
4818,0,0x110,STD,8,2026-01-28T18:43:26.708103,03 00 03 00 4D BA 8E 48,03000300,0.000000
4819,0,0x10F,STD,8,2026-01-28T18:43:26.764676,03 00 03 00 F9 E5 4F 3D,03000300,0.000000
4820,0,0x110,STD,8,2026-01-28T18:43:26.788682,03 00 03 00 B9 0F A6 48,03000300,0.000000
4821,0,0x10F,STD,8,2026-01-28T18:43:26.845695,03 00 03 00 E3 2F 26 3D,03000300,0.000000
4822,0,0x110,STD,8,2026-01-28T18:43:26.869203,03 00 03 00 F0 96 7F 48,03000300,0.000000
4823,0,0x10F,STD,8,2026-01-28T18:43:26.926058,03 00 03 00 9C F3 7D 3D,03000300,0.000000
4824,0,0x110,STD,8,2026-01-28T18:43:26.950063,03 00 03 00 EA 72 97 48,03000300,0.000000
4825,0,0x10F,STD,8,2026-01-28T18:43:27.007055,03 00 03 00 A6 39 2B 3D,03000300,0.000000
4826,0,0x110,STD,8,2026-01-28T18:43:27.031060,03 00 03 00 15 8B 33 48,03000300,0.000000
4827,0,0x10F,STD,8,2026-01-28T18:43:27.088045,03 00 03 00 4B 8A 85 3D,03000300,0.000000
4828,0,0x110,STD,8,2026-01-28T18:43:27.112051,03 00 03 00 5E D9 13 48,03000300,0.000000
4829,0,0x10F,STD,8,2026-01-28T18:43:27.158061,03 00 03 00 42 7B 67 3D,03000300,0.000000
4830,0,0x110,STD,8,2026-01-28T18:43:27.182066,03 00 03 00 88 12 3F 48,03000300,0.000000
4831,0,0x10F,STD,8,2026-01-28T18:43:27.239079,03 00 03 00 C4 B5 68 3D,03000300,0.000000
4832,0,0x110,STD,8,2026-01-28T18:43:27.263084,03 00 03 00 B5 AD EA 47,03000300,0.000000
4833,0,0x10F,STD,8,2026-01-28T18:43:27.319600,03 00 03 00 EA 64 9C 3D,03000300,0.000000
4834,0,0x110,STD,8,2026-01-28T18:43:27.343606,03 00 03 00 E5 51 A1 47,03000300,0.000000
4835,0,0x10F,STD,8,2026-01-28T18:43:27.400619,03 00 03 00 C9 26 4B 3D,03000300,0.000000
4836,0,0x110,STD,8,2026-01-28T18:43:27.424624,03 00 03 00 AD 69 FA 47,03000300,0.000000
4837,0,0x10F,STD,8,2026-01-28T18:43:27.481636,03 00 03 00 3E 4F 84 3D,03000300,0.000000
4838,0,0x110,STD,8,2026-01-28T18:43:27.505144,03 00 03 00 03 16 46 48,03000300,0.000000
4839,0,0x10F,STD,8,2026-01-28T18:43:27.561461,03 00 03 00 6E 50 1C 3D,03000300,0.000000
4840,0,0x110,STD,8,2026-01-28T18:43:27.585466,03 00 03 00 49 B1 1D 48,03000300,0.000000
4841,0,0x10F,STD,8,2026-01-28T18:43:27.642479,03 00 03 00 37 7C 63 3D,03000300,0.000000
4842,0,0x110,STD,8,2026-01-28T18:43:27.665987,03 00 03 00 DC FF D7 47,03000300,0.000000
4843,0,0x110,STD,8,2026-01-28T18:43:27.665987,03 00 01 00 00 00 00 00,03000100,0.000000
4844,0,0x10F,STD,8,2026-01-28T18:43:27.665987,03 00 02 00 51 E6 49 41,03000200,0.000000
4845,0,0x110,STD,8,2026-01-28T18:43:27.665987,03 00 02 00 51 E6 49 41,03000200,0.000000
4846,0,0x10F,STD,8,2026-01-28T18:43:27.665987,03 00 01 00 00 00 00 00,03000100,0.000000
4847,0,0x10F,STD,8,2026-01-28T18:43:27.723000,03 00 03 00 21 A4 0A 3D,03000300,0.000000
4848,0,0x110,STD,8,2026-01-28T18:43:27.747005,03 00 03 00 11 76 30 47,03000300,0.000000
4849,0,0x10F,STD,8,2026-01-28T18:43:27.803521,03 00 03 00 34 B3 18 3D,03000300,0.000000
4850,0,0x110,STD,8,2026-01-28T18:43:27.827527,03 00 03 00 5C E1 E6 47,03000300,0.000000
4851,0,0x10F,STD,8,2026-01-28T18:43:27.884540,03 00 03 00 1A 66 68 3D,03000300,0.000000
4852,0,0x110,STD,8,2026-01-28T18:43:27.908545,03 00 03 00 A2 80 9B 47,03000300,0.000000
4853,0,0x10F,STD,8,2026-01-28T18:43:27.954555,03 00 03 00 17 25 C9 3C,03000300,0.000000
4854,0,0x110,STD,8,2026-01-28T18:43:27.989563,03 00 03 00 55 C2 05 48,03000300,0.000000
4855,0,0x10F,STD,8,2026-01-28T18:43:28.035573,03 00 03 00 80 FD 53 3D,03000300,0.000000
4856,0,0x110,STD,8,2026-01-28T18:43:28.070582,03 00 03 00 97 54 EC 47,03000300,0.000000
4857,0,0x10F,STD,8,2026-01-28T18:43:28.117592,03 00 03 00 73 AD 46 3D,03000300,0.000000
4858,0,0x110,STD,8,2026-01-28T18:43:28.141597,03 00 03 00 C8 9D 87 47,03000300,0.000000
4859,0,0x10F,STD,8,2026-01-28T18:43:28.198610,03 00 03 00 67 C8 0C 3D,03000300,0.000000
4860,0,0x110,STD,8,2026-01-28T18:43:28.222013,03 00 03 00 3E AE 99 48,03000300,0.000000
4861,0,0x10F,STD,8,2026-01-28T18:43:28.279026,03 00 03 00 03 B9 65 3D,03000300,0.000000
4862,0,0x110,STD,8,2026-01-28T18:43:28.302565,03 00 03 00 2B E7 E8 48,03000300,0.000000
4863,0,0x10F,STD,8,2026-01-28T18:43:28.353079,03 00 03 00 1E 44 2B 3D,03000300,0.000000
4864,0,0x110,STD,8,2026-01-28T18:43:28.378085,03 00 03 00 32 66 9E 48,03000300,0.000000
4865,0,0x10F,STD,8,2026-01-28T18:43:28.435112,03 00 03 00 F3 1F 4C 3D,03000300,0.000000
4866,0,0x110,STD,8,2026-01-28T18:43:28.459118,03 00 03 00 56 B1 D8 48,03000300,0.000000
4867,0,0x10F,STD,8,2026-01-28T18:43:28.516012,03 00 03 00 A1 66 45 3D,03000300,0.000000
4868,0,0x110,STD,8,2026-01-28T18:43:28.539520,03 00 03 00 FE D5 C1 48,03000300,0.000000
4869,0,0x10F,STD,8,2026-01-28T18:43:28.596533,03 00 03 00 A0 C2 94 3D,03000300,0.000000
4870,0,0x110,STD,8,2026-01-28T18:43:28.620538,03 00 03 00 D0 5A 00 48,03000300,0.000000
4871,0,0x10F,STD,8,2026-01-28T18:43:28.677055,03 00 03 00 86 29 60 3D,03000300,0.000000
4872,0,0x110,STD,8,2026-01-28T18:43:28.700567,03 00 03 00 6B 81 96 47,03000300,0.000000
4873,0,0x110,STD,8,2026-01-28T18:43:28.713074,03 00 01 00 00 00 00 00,03000100,0.000000
4874,0,0x110,STD,8,2026-01-28T18:43:28.713074,03 00 02 00 C1 48 40 41,03000200,0.000000
4875,0,0x10F,STD,8,2026-01-28T18:43:28.713074,03 00 01 00 00 00 00 00,03000100,0.000000
4876,0,0x110,STD,8,2026-01-28T18:43:28.713074,03 00 01 00 00 00 00 00,03000100,0.000000
4877,0,0x10F,STD,8,2026-01-28T18:43:28.759084,03 00 03 00 73 48 77 3D,03000300,0.000000
4878,0,0x110,STD,8,2026-01-28T18:43:28.782594,03 00 03 00 1C DA 5F 48,03000300,0.000000
4879,0,0x10F,STD,8,2026-01-28T18:43:28.838212,03 00 03 00 15 6D 77 3D,03000300,0.000000
4880,0,0x110,STD,8,2026-01-28T18:43:28.861719,03 00 03 00 F4 2D 0D 48,03000300,0.000000
4881,0,0x10F,STD,8,2026-01-28T18:43:28.918237,03 00 03 00 85 C5 40 3D,03000300,0.000000
4882,0,0x110,STD,8,2026-01-28T18:43:28.942242,03 00 03 00 62 11 46 48,03000300,0.000000
4883,0,0x10F,STD,8,2026-01-28T18:43:28.999255,03 00 03 00 6C 9F 8B 3D,03000300,0.000000
4884,0,0x110,STD,8,2026-01-28T18:43:29.023261,03 00 03 00 8B E2 88 48,03000300,0.000000
4885,0,0x10F,STD,8,2026-01-28T18:43:29.080274,03 00 03 00 78 5C 16 3D,03000300,0.000000
4886,0,0x110,STD,8,2026-01-28T18:43:29.103987,03 00 03 00 5E D2 19 48,03000300,0.000000
4887,0,0x10F,STD,8,2026-01-28T18:43:29.160588,03 00 03 00 00 A0 6B 3D,03000300,0.000000
4888,0,0x110,STD,8,2026-01-28T18:43:29.184594,03 00 03 00 AD 2F 8F 47,03000300,0.000000
4889,0,0x10F,STD,8,2026-01-28T18:43:29.241607,03 00 03 00 BB 34 55 3D,03000300,0.000000
4890,0,0x110,STD,8,2026-01-28T18:43:29.254610,03 00 03 00 73 F0 24 48,03000300,0.000000
4891,0,0x10F,STD,8,2026-01-28T18:43:29.311623,03 00 03 00 FE 2A 1E 3D,03000300,0.000000
4892,0,0x110,STD,8,2026-01-28T18:43:29.335629,03 00 03 00 87 B3 7A 48,03000300,0.000000
4893,0,0x10F,STD,8,2026-01-28T18:43:29.392641,03 00 03 00 33 17 68 3D,03000300,0.000000
4894,0,0x110,STD,8,2026-01-28T18:43:29.416646,03 00 03 00 13 4F 76 48,03000300,0.000000
4895,0,0x10F,STD,8,2026-01-28T18:43:29.473660,03 00 03 00 33 7B 06 3D,03000300,0.000000
4896,0,0x110,STD,8,2026-01-28T18:43:29.497664,03 00 03 00 B8 C7 6D 48,03000300,0.000000
4897,0,0x10F,STD,8,2026-01-28T18:43:29.554678,03 00 03 00 9B DE 4B 3D,03000300,0.000000
4898,0,0x110,STD,8,2026-01-28T18:43:29.578683,03 00 03 00 F4 9F 80 48,03000300,0.000000
4899,0,0x10F,STD,8,2026-01-28T18:43:29.635696,03 00 03 00 AD 9F 1E 3D,03000300,0.000000
4900,0,0x110,STD,8,2026-01-28T18:43:29.659701,03 00 03 00 41 DB 59 48,03000300,0.000000
4901,0,0x10F,STD,8,2026-01-28T18:43:29.716714,03 00 03 00 7A 92 01 3D,03000300,0.000000
4902,0,0x110,STD,8,2026-01-28T18:43:29.740720,03 00 03 00 D6 F4 5C 48,03000300,0.000000
4903,0,0x10F,STD,8,2026-01-28T18:43:29.753722,03 00 02 00 C1 48 40 41,03000200,0.000000
4904,0,0x110,STD,8,2026-01-28T18:43:29.753722,03 00 01 00 00 00 00 00,03000100,0.000000
4905,0,0x10F,STD,8,2026-01-28T18:43:29.753722,03 00 02 00 07 2E 36 41,03000200,0.000000
4906,0,0x110,STD,8,2026-01-28T18:43:29.753722,03 00 02 00 07 2E 36 41,03000200,0.000000
4907,0,0x10F,STD,8,2026-01-28T18:43:29.799733,03 00 03 00 A7 74 FB 3C,03000300,0.000000
4908,0,0x110,STD,8,2026-01-28T18:43:29.823738,03 00 03 00 AB AC 11 48,03000300,0.000000
4909,0,0x10F,STD,8,2026-01-28T18:43:29.869748,03 00 03 00 03 29 F3 3C,03000300,0.000000
4910,0,0x110,STD,8,2026-01-28T18:43:29.893754,03 00 03 00 04 2C 6E 48,03000300,0.000000
4911,0,0x10F,STD,8,2026-01-28T18:43:29.950767,03 00 03 00 06 E2 0B 3D,03000300,0.000000
4912,0,0x110,STD,8,2026-01-28T18:43:29.974772,03 00 03 00 D7 AC 8F 48,03000300,0.000000
4913,0,0x10F,STD,8,2026-01-28T18:43:30.031785,03 00 03 00 B5 0E 0D 3D,03000300,0.000000
4914,0,0x110,STD,8,2026-01-28T18:43:30.055790,03 00 03 00 48 CA 8C 48,03000300,0.000000
4915,0,0x10F,STD,8,2026-01-28T18:43:30.112803,03 00 03 00 0E 00 43 3D,03000300,0.000000
4916,0,0x110,STD,8,2026-01-28T18:43:30.136809,03 00 03 00 61 93 E1 48,03000300,0.000000
4917,0,0x10F,STD,8,2026-01-28T18:43:30.193821,03 00 03 00 E3 2F 22 3D,03000300,0.000000
4918,0,0x110,STD,8,2026-01-28T18:43:30.217827,03 00 03 00 D4 CE 9D 48,03000300,0.000000
4919,0,0x10F,STD,8,2026-01-28T18:43:30.274840,03 00 03 00 5A CD 6E 3D,03000300,0.000000
4920,0,0x110,STD,8,2026-01-28T18:43:30.298845,03 00 03 00 BF 81 F3 48,03000300,0.000000
4921,0,0x10F,STD,8,2026-01-28T18:43:30.357858,03 00 03 00 FE 8E 57 3D,03000300,0.000000
4922,0,0x110,STD,8,2026-01-28T18:43:30.381864,03 00 03 00 2C 57 F9 48,03000300,0.000000
4923,0,0x10F,STD,8,2026-01-28T18:43:30.426959,03 00 03 00 3F 62 30 3D,03000300,0.000000
4924,0,0x110,STD,8,2026-01-28T18:43:30.450965,03 00 03 00 91 D4 D8 48,03000300,0.000000
4925,0,0x10F,STD,8,2026-01-28T18:43:30.507978,03 00 03 00 E0 F1 8C 3D,03000300,0.000000
4926,0,0x110,STD,8,2026-01-28T18:43:30.531983,03 00 03 00 31 FC 15 49,03000300,0.000000
4927,0,0x10F,STD,8,2026-01-28T18:43:30.588996,03 00 03 00 79 F7 2D 3D,03000300,0.000000
4928,0,0x110,STD,8,2026-01-28T18:43:30.612018,03 00 03 00 5C C4 DE 48,03000300,0.000000
4929,0,0x10F,STD,8,2026-01-28T18:43:30.669031,03 00 03 00 73 ED 4C 3D,03000300,0.000000
4930,0,0x110,STD,8,2026-01-28T18:43:30.693037,03 00 03 00 5D 5B CC 48,03000300,0.000000
4931,0,0x10F,STD,8,2026-01-28T18:43:30.750050,03 00 03 00 2C A8 58 3D,03000300,0.000000
4932,0,0x110,STD,8,2026-01-28T18:43:30.774055,03 00 03 00 0B B6 94 48,03000300,0.000000
4933,0,0x10F,STD,8,2026-01-28T18:43:30.787058,03 00 01 00 00 00 00 00,03000100,0.000000
4934,0,0x10F,STD,8,2026-01-28T18:43:30.787058,03 00 02 00 1A 7D 23 41,03000200,0.000000
4935,0,0x110,STD,8,2026-01-28T18:43:30.789058,03 00 02 00 1A 7D 23 41,03000200,0.000000
4936,0,0x10F,STD,8,2026-01-28T18:43:30.789058,03 00 01 00 00 00 00 00,03000100,0.000000
4937,0,0x10F,STD,8,2026-01-28T18:43:30.824066,03 00 03 00 C2 D7 14 3D,03000300,0.000000
4938,0,0x110,STD,8,2026-01-28T18:43:30.859074,03 00 03 00 2E 00 9C 47,03000300,0.000000
4939,0,0x10F,STD,8,2026-01-28T18:43:30.905084,03 00 03 00 27 8F 7A 3D,03000300,0.000000
4940,0,0x110,STD,8,2026-01-28T18:43:30.929090,03 00 03 00 02 D6 74 48,03000300,0.000000
4941,0,0x10F,STD,8,2026-01-28T18:43:30.986103,03 00 03 00 A8 4B 1C 3D,03000300,0.000000
4942,0,0x110,STD,8,2026-01-28T18:43:31.010108,03 00 03 00 7B 97 18 48,03000300,0.000000
4943,0,0x10F,STD,8,2026-01-28T18:43:31.067121,03 00 03 00 76 49 55 3D,03000300,0.000000
4944,0,0x110,STD,8,2026-01-28T18:43:31.091126,03 00 03 00 CD 76 15 48,03000300,0.000000
4945,0,0x10F,STD,8,2026-01-28T18:43:31.148139,03 00 03 00 67 CA 12 3D,03000300,0.000000
4946,0,0x110,STD,8,2026-01-28T18:43:31.172145,03 00 03 00 F0 B1 5D 48,03000300,0.000000
4947,0,0x10F,STD,8,2026-01-28T18:43:31.229157,03 00 03 00 CE A4 23 3D,03000300,0.000000
4948,0,0x110,STD,8,2026-01-28T18:43:31.252795,03 00 03 00 CA 81 F4 48,03000300,0.000000
4949,0,0x10F,STD,8,2026-01-28T18:43:31.309461,03 00 03 00 FB 67 14 3D,03000300,0.000000
4950,0,0x110,STD,8,2026-01-28T18:43:31.332971,03 00 03 00 24 2F 4D 48,03000300,0.000000
4951,0,0x10F,STD,8,2026-01-28T18:43:31.389489,03 00 03 00 28 60 26 3D,03000300,0.000000
4952,0,0x110,STD,8,2026-01-28T18:43:31.413495,03 00 03 00 20 CB C2 48,03000300,0.000000
4953,0,0x10F,STD,8,2026-01-28T18:43:31.470508,03 00 03 00 1C B0 31 3D,03000300,0.000000
4954,0,0x110,STD,8,2026-01-28T18:43:31.494513,03 00 03 00 95 A9 4A 48,03000300,0.000000
4955,0,0x10F,STD,8,2026-01-28T18:43:31.551526,03 00 03 00 D3 A5 05 3D,03000300,0.000000
4956,0,0x110,STD,8,2026-01-28T18:43:31.575532,03 00 03 00 F8 26 98 48,03000300,0.000000
4957,0,0x10F,STD,8,2026-01-28T18:43:31.632544,03 00 03 00 9C 4F 4B 3D,03000300,0.000000
4958,0,0x110,STD,8,2026-01-28T18:43:31.645547,03 00 03 00 FD A0 7C 48,03000300,0.000000
4959,0,0x10F,STD,8,2026-01-28T18:43:31.702106,03 00 03 00 89 C2 1B 3D,03000300,0.000000
4960,0,0x110,STD,8,2026-01-28T18:43:31.726112,03 00 03 00 0E 80 06 48,03000300,0.000000
4961,0,0x10F,STD,8,2026-01-28T18:43:31.793629,03 00 03 00 94 78 4E 3D,03000300,0.000000
4962,0,0x110,STD,8,2026-01-28T18:43:31.806632,03 00 03 00 B2 1F 34 48,03000300,0.000000
4963,0,0x110,STD,8,2026-01-28T18:43:31.819635,03 00 01 00 00 00 00 00,03000100,0.000000
4964,0,0x110,STD,8,2026-01-28T18:43:31.821636,03 00 01 00 00 00 00 00,03000100,0.000000
4965,0,0x10F,STD,8,2026-01-28T18:43:31.821636,03 00 02 00 AA 81 41 41,03000200,0.000000
4966,0,0x110,STD,8,2026-01-28T18:43:31.823636,03 00 02 00 AA 81 41 41,03000200,0.000000
4967,0,0x10F,STD,8,2026-01-28T18:43:31.869647,03 00 03 00 70 E8 6B 3D,03000300,0.000000
4968,0,0x110,STD,8,2026-01-28T18:43:31.892915,03 00 03 00 4B E8 CD 48,03000300,0.000000
4969,0,0x10F,STD,8,2026-01-28T18:43:31.949927,03 00 03 00 AF 57 56 3D,03000300,0.000000
4970,0,0x110,STD,8,2026-01-28T18:43:31.973020,03 00 03 00 EE 0A 89 48,03000300,0.000000
4971,0,0x10F,STD,8,2026-01-28T18:43:32.029904,03 00 03 00 65 0F 83 3D,03000300,0.000000
4972,0,0x110,STD,8,2026-01-28T18:43:32.053909,03 00 03 00 DD CE B8 48,03000300,0.000000
4973,0,0x10F,STD,8,2026-01-28T18:43:32.099920,03 00 03 00 D2 F5 58 3D,03000300,0.000000
4974,0,0x110,STD,8,2026-01-28T18:43:32.123925,03 00 03 00 01 39 AC 48,03000300,0.000000
4975,0,0x10F,STD,8,2026-01-28T18:43:32.180938,03 00 03 00 FC 7C 7B 3D,03000300,0.000000
4976,0,0x110,STD,8,2026-01-28T18:43:32.204943,03 00 03 00 36 BB 9B 48,03000300,0.000000
4977,0,0x10F,STD,8,2026-01-28T18:43:32.261956,03 00 03 00 E0 01 4D 3D,03000300,0.000000
4978,0,0x110,STD,8,2026-01-28T18:43:32.285962,03 00 03 00 AB 76 A8 48,03000300,0.000000
4979,0,0x10F,STD,8,2026-01-28T18:43:32.342974,03 00 03 00 34 63 5C 3D,03000300,0.000000
4980,0,0x110,STD,8,2026-01-28T18:43:32.366980,03 00 03 00 84 83 44 48,03000300,0.000000
4981,0,0x10F,STD,8,2026-01-28T18:43:32.423993,03 00 03 00 E4 A9 56 3D,03000300,0.000000
4982,0,0x110,STD,8,2026-01-28T18:43:32.447998,03 00 03 00 A0 1E 6D 48,03000300,0.000000
4983,0,0x10F,STD,8,2026-01-28T18:43:32.505011,03 00 03 00 7A B9 4D 3D,03000300,0.000000
4984,0,0x110,STD,8,2026-01-28T18:43:32.529016,03 00 03 00 DF E2 82 48,03000300,0.000000
4985,0,0x10F,STD,8,2026-01-28T18:43:32.586029,03 00 03 00 B0 56 88 3D,03000300,0.000000
4986,0,0x110,STD,8,2026-01-28T18:43:32.610035,03 00 03 00 FA 6F 01 48,03000300,0.000000
4987,0,0x10F,STD,8,2026-01-28T18:43:32.667047,03 00 03 00 AE 74 62 3D,03000300,0.000000
4988,0,0x110,STD,8,2026-01-28T18:43:32.691053,03 00 03 00 6A 7B 74 48,03000300,0.000000
4989,0,0x10F,STD,8,2026-01-28T18:43:32.748066,03 00 03 00 34 B0 6E 3D,03000300,0.000000
4990,0,0x110,STD,8,2026-01-28T18:43:32.772071,03 00 03 00 CF A4 71 48,03000300,0.000000
4991,0,0x10F,STD,8,2026-01-28T18:43:32.818081,03 00 03 00 84 CE 3D 3D,03000300,0.000000
4992,0,0x110,STD,8,2026-01-28T18:43:32.842087,03 00 03 00 8E D7 2E 48,03000300,0.000000
4993,0,0x10F,STD,8,2026-01-28T18:43:32.865386,03 00 01 00 00 00 00 00,03000100,0.000000
4994,0,0x10F,STD,8,2026-01-28T18:43:32.867386,03 00 02 00 F1 57 41 41,03000200,0.000000
4995,0,0x110,STD,8,2026-01-28T18:43:32.867386,03 00 02 00 F1 57 41 41,03000200,0.000000
4996,0,0x10F,STD,8,2026-01-28T18:43:32.867386,03 00 01 00 00 00 00 00,03000100,0.000000
4997,0,0x10F,STD,8,2026-01-28T18:43:32.902395,03 00 03 00 6E EA 8D 3D,03000300,0.000000
4998,0,0x110,STD,8,2026-01-28T18:43:32.926400,03 00 03 00 CF 09 E2 48,03000300,0.000000
4999,0,0x10F,STD,8,2026-01-28T18:43:32.983413,03 00 03 00 A5 86 72 3D,03000300,0.000000
5000,0,0x110,STD,8,2026-01-28T18:43:33.007418,03 00 03 00 9F 84 8E 48,03000300,0.000000
5001,0,0x10F,STD,8,2026-01-28T18:43:33.064431,03 00 03 00 88 0D 54 3D,03000300,0.000000
5002,0,0x110,STD,8,2026-01-28T18:43:33.090437,03 00 03 00 34 3F 5A 48,03000300,0.000000
5003,0,0x10F,STD,8,2026-01-28T18:43:33.136448,03 00 03 00 25 43 8A 3D,03000300,0.000000
5004,0,0x110,STD,8,2026-01-28T18:43:33.160453,03 00 03 00 AC 17 A0 48,03000300,0.000000
5005,0,0x10F,STD,8,2026-01-28T18:43:33.217466,03 00 03 00 13 63 45 3D,03000300,0.000000
5006,0,0x110,STD,8,2026-01-28T18:43:33.241194,03 00 03 00 92 6B 2F 48,03000300,0.000000
5007,0,0x10F,STD,8,2026-01-28T18:43:33.298277,03 00 03 00 5F 8C 89 3D,03000300,0.000000
5008,0,0x110,STD,8,2026-01-28T18:43:33.322283,03 00 03 00 2F 54 B7 48,03000300,0.000000
5009,0,0x10F,STD,8,2026-01-28T18:43:33.379295,03 00 03 00 47 12 34 3D,03000300,0.000000
5010,0,0x110,STD,8,2026-01-28T18:43:33.403304,03 00 03 00 A1 72 9C 48,03000300,0.000000
5011,0,0x10F,STD,8,2026-01-28T18:43:33.458863,03 00 03 00 F4 D2 23 3D,03000300,0.000000
5012,0,0x110,STD,8,2026-01-28T18:43:33.482370,03 00 03 00 BE 6D 9F 48,03000300,0.000000
5013,0,0x10F,STD,8,2026-01-28T18:43:33.539385,03 00 03 00 CC 06 59 3D,03000300,0.000000
5014,0,0x110,STD,8,2026-01-28T18:43:33.563390,03 00 03 00 5D A4 A1 48,03000300,0.000000
5015,0,0x10F,STD,8,2026-01-28T18:43:33.620403,03 00 03 00 47 6A E5 3C,03000300,0.000000
5016,0,0x110,STD,8,2026-01-28T18:43:33.644409,03 00 03 00 0D B3 F1 47,03000300,0.000000
5017,0,0x10F,STD,8,2026-01-28T18:43:33.701318,03 00 03 00 11 DE 40 3D,03000300,0.000000
5018,0,0x110,STD,8,2026-01-28T18:43:33.724876,03 00 03 00 B4 72 5A 48,03000300,0.000000
5019,0,0x10F,STD,8,2026-01-28T18:43:33.780397,03 00 03 00 78 59 3E 3D,03000300,0.000000
5020,0,0x110,STD,8,2026-01-28T18:43:33.804402,03 00 03 00 61 F1 D8 47,03000300,0.000000
5021,0,0x10F,STD,8,2026-01-28T18:43:33.861415,03 00 03 00 A9 18 4D 3D,03000300,0.000000
5022,0,0x110,STD,8,2026-01-28T18:43:33.885421,03 00 03 00 7A 3A 44 48,03000300,0.000000
5023,0,0x110,STD,8,2026-01-28T18:43:33.920429,03 00 01 00 00 00 00 00,03000100,0.000000
5024,0,0x110,STD,8,2026-01-28T18:43:33.922429,03 00 01 00 00 00 00 00,03000100,0.000000
5025,0,0x10F,STD,8,2026-01-28T18:43:33.922429,03 00 02 00 CD D9 31 41,03000200,0.000000
5026,0,0x110,STD,8,2026-01-28T18:43:33.924430,03 00 02 00 CD D9 31 41,03000200,0.000000
5027,0,0x10F,STD,8,2026-01-28T18:43:33.937432,03 00 03 00 4C F7 48 3D,03000300,0.000000
5028,0,0x110,STD,8,2026-01-28T18:43:33.964439,03 00 03 00 DC 2A 2E 48,03000300,0.000000
5029,0,0x10F,STD,8,2026-01-28T18:43:34.021451,03 00 03 00 37 6E 4B 3D,03000300,0.000000
5030,0,0x110,STD,8,2026-01-28T18:43:34.045457,03 00 03 00 C7 AD 89 48,03000300,0.000000
5031,0,0x10F,STD,8,2026-01-28T18:43:34.102470,03 00 03 00 ED 7B 6D 3D,03000300,0.000000
5032,0,0x110,STD,8,2026-01-28T18:43:34.126475,03 00 03 00 B4 BF 53 48,03000300,0.000000
5033,0,0x10F,STD,8,2026-01-28T18:43:34.183488,03 00 03 00 AD 0C 41 3D,03000300,0.000000
5034,0,0x110,STD,8,2026-01-28T18:43:34.196491,03 00 03 00 45 93 DF 47,03000300,0.000000
5035,0,0x10F,STD,8,2026-01-28T18:43:34.253504,03 00 03 00 9E 53 89 3D,03000300,0.000000
5036,0,0x110,STD,8,2026-01-28T18:43:34.277509,03 00 03 00 8E 0B 7D 48,03000300,0.000000
5037,0,0x10F,STD,8,2026-01-28T18:43:34.334522,03 00 03 00 ED 0F 50 3D,03000300,0.000000
5038,0,0x110,STD,8,2026-01-28T18:43:34.362528,03 00 03 00 17 36 4B 48,03000300,0.000000
5039,0,0x10F,STD,8,2026-01-28T18:43:34.419635,03 00 03 00 43 FA 6A 3D,03000300,0.000000
5040,0,0x110,STD,8,2026-01-28T18:43:34.443640,03 00 03 00 08 40 40 47,03000300,0.000000
5041,0,0x10F,STD,8,2026-01-28T18:43:34.500653,03 00 03 00 5D A9 7F 3D,03000300,0.000000
5042,0,0x110,STD,8,2026-01-28T18:43:34.524658,03 00 03 00 D3 8D 3B 48,03000300,0.000000
5043,0,0x10F,STD,8,2026-01-28T18:43:34.581671,03 00 03 00 6C C5 52 3D,03000300,0.000000
5044,0,0x110,STD,8,2026-01-28T18:43:34.594674,03 00 03 00 90 24 8D 48,03000300,0.000000
5045,0,0x10F,STD,8,2026-01-28T18:43:34.651687,03 00 03 00 91 01 68 3D,03000300,0.000000
5046,0,0x110,STD,8,2026-01-28T18:43:34.675692,03 00 03 00 C4 00 32 48,03000300,0.000000
5047,0,0x10F,STD,8,2026-01-28T18:43:34.732705,03 00 03 00 9B D8 39 3D,03000300,0.000000
5048,0,0x110,STD,8,2026-01-28T18:43:34.756711,03 00 03 00 74 8F 8F 48,03000300,0.000000
5049,0,0x10F,STD,8,2026-01-28T18:43:34.813723,03 00 03 00 A3 89 78 3D,03000300,0.000000
5050,0,0x110,STD,8,2026-01-28T18:43:34.837728,03 00 03 00 59 D8 1F 48,03000300,0.000000
5051,0,0x10F,STD,8,2026-01-28T18:43:34.894741,03 00 03 00 2A 2A 4E 3D,03000300,0.000000
5052,0,0x110,STD,8,2026-01-28T18:43:34.918747,03 00 03 00 9F D5 41 48,03000300,0.000000
5053,0,0x10F,STD,8,2026-01-28T18:43:34.975760,03 00 01 00 00 00 00 00,03000100,0.000000
5054,0,0x10F,STD,8,2026-01-28T18:43:34.975760,03 00 03 00 34 57 6E 3D,03000300,0.000000
5055,0,0x110,STD,8,2026-01-28T18:43:34.975760,03 00 02 00 CD D9 31 41,03000200,0.000000
5056,0,0x10F,STD,8,2026-01-28T18:43:34.975760,03 00 01 00 00 00 00 00,03000100,0.000000
5057,0,0x110,STD,8,2026-01-28T18:43:34.975760,03 00 01 00 00 00 00 00,03000100,0.000000
5058,0,0x110,STD,8,2026-01-28T18:43:34.999765,03 00 03 00 63 BC 1B 48,03000300,0.000000
5059,0,0x10F,STD,8,2026-01-28T18:43:35.056778,03 00 03 00 04 EE 45 3D,03000300,0.000000
5060,0,0x110,STD,8,2026-01-28T18:43:35.080783,03 00 03 00 E1 DF 24 48,03000300,0.000000
5061,0,0x10F,STD,8,2026-01-28T18:43:35.137797,03 00 03 00 DA 46 0D 3D,03000300,0.000000
5062,0,0x110,STD,8,2026-01-28T18:43:35.161802,03 00 03 00 97 17 8E 48,03000300,0.000000
5063,0,0x10F,STD,8,2026-01-28T18:43:35.218815,03 00 03 00 85 D2 6B 3D,03000300,0.000000
5064,0,0x110,STD,8,2026-01-28T18:43:35.242820,03 00 03 00 98 C7 82 48,03000300,0.000000
5065,0,0x10F,STD,8,2026-01-28T18:43:35.288830,03 00 03 00 63 50 0E 3D,03000300,0.000000
5066,0,0x110,STD,8,2026-01-28T18:43:35.312835,03 00 03 00 31 D3 A4 48,03000300,0.000000
5067,0,0x10F,STD,8,2026-01-28T18:43:35.369849,03 00 03 00 CB 2C 58 3D,03000300,0.000000
5068,0,0x110,STD,8,2026-01-28T18:43:35.393794,03 00 03 00 60 91 30 48,03000300,0.000000
5069,0,0x10F,STD,8,2026-01-28T18:43:35.450806,03 00 03 00 C8 2D 12 3D,03000300,0.000000
5070,0,0x110,STD,8,2026-01-28T18:43:35.474811,03 00 03 00 7F 5E CD 48,03000300,0.000000
5071,0,0x10F,STD,8,2026-01-28T18:43:35.531824,03 00 03 00 5F 0D CD 3C,03000300,0.000000
5072,0,0x110,STD,8,2026-01-28T18:43:35.555830,03 00 03 00 4F 35 97 48,03000300,0.000000
5073,0,0x10F,STD,8,2026-01-28T18:43:35.612842,03 00 03 00 5A A1 25 3D,03000300,0.000000
5074,0,0x110,STD,8,2026-01-28T18:43:35.636848,03 00 03 00 FA 37 80 48,03000300,0.000000
5075,0,0x10F,STD,8,2026-01-28T18:43:35.693124,03 00 03 00 AC 34 10 3D,03000300,0.000000
5076,0,0x110,STD,8,2026-01-28T18:43:35.716788,03 00 03 00 72 70 7E 48,03000300,0.000000
5077,0,0x10F,STD,8,2026-01-28T18:43:35.773801,03 00 03 00 87 C7 53 3D,03000300,0.000000
5078,0,0x110,STD,8,2026-01-28T18:43:35.797806,03 00 03 00 34 FE 63 48,03000300,0.000000
5079,0,0x10F,STD,8,2026-01-28T18:43:35.854819,03 00 03 00 96 99 2C 3D,03000300,0.000000
5080,0,0x110,STD,8,2026-01-28T18:43:35.878825,03 00 03 00 1C 9E 2B 48,03000300,0.000000
5081,0,0x10F,STD,8,2026-01-28T18:43:35.935837,03 00 03 00 E0 65 2F 3D,03000300,0.000000
5082,0,0x110,STD,8,2026-01-28T18:43:35.959843,03 00 03 00 00 C6 40 47,03000300,0.000000
5083,0,0x10F,STD,8,2026-01-28T18:43:36.005853,03 00 03 00 FF F6 31 3D,03000300,0.000000
5084,0,0x10F,STD,8,2026-01-28T18:43:36.029858,03 00 02 00 CD D9 31 41,03000200,0.000000
5085,0,0x10F,STD,8,2026-01-28T18:43:36.029858,03 00 02 00 8F E4 22 41,03000200,0.000000
5086,0,0x10F,STD,8,2026-01-28T18:43:36.029858,03 00 01 00 00 00 00 00,03000100,0.000000
5087,0,0x110,STD,8,2026-01-28T18:43:36.029858,03 00 02 00 8F E4 22 41,03000200,0.000000
5088,0,0x110,STD,8,2026-01-28T18:43:36.029858,03 00 03 00 AE CA 2B 48,03000300,0.000000
5089,0,0x10F,STD,8,2026-01-28T18:43:36.087872,03 00 03 00 C6 05 2A 3D,03000300,0.000000
5090,0,0x110,STD,8,2026-01-28T18:43:36.111877,03 00 03 00 46 73 6E 48,03000300,0.000000
5091,0,0x10F,STD,8,2026-01-28T18:43:36.168766,03 00 03 00 35 32 53 3D,03000300,0.000000
5092,0,0x110,STD,8,2026-01-28T18:43:36.192773,03 00 03 00 BF D9 1B 48,03000300,0.000000
5093,0,0x10F,STD,8,2026-01-28T18:43:36.249785,03 00 03 00 D8 79 0A 3D,03000300,0.000000
5094,0,0x110,STD,8,2026-01-28T18:43:36.273473,03 00 03 00 C6 CB 44 48,03000300,0.000000
5095,0,0x10F,STD,8,2026-01-28T18:43:36.330485,03 00 03 00 93 DA 3B 3D,03000300,0.000000
5096,0,0x110,STD,8,2026-01-28T18:43:36.356491,03 00 03 00 DB 0F B8 47,03000300,0.000000
5097,0,0x10F,STD,8,2026-01-28T18:43:36.413009,03 00 03 00 F3 41 38 3D,03000300,0.000000
5098,0,0x110,STD,8,2026-01-28T18:43:36.437014,03 00 03 00 26 D7 ED 47,03000300,0.000000
5099,0,0x10F,STD,8,2026-01-28T18:43:36.483024,03 00 03 00 15 00 45 3D,03000300,0.000000
5100,0,0x110,STD,8,2026-01-28T18:43:36.518032,03 00 03 00 B7 3D 9D 47,03000300,0.000000
5101,0,0x10F,STD,8,2026-01-28T18:43:36.564042,03 00 03 00 F6 78 85 3D,03000300,0.000000
5102,0,0x110,STD,8,2026-01-28T18:43:36.587810,03 00 03 00 36 D9 E6 47,03000300,0.000000
5103,0,0x10F,STD,8,2026-01-28T18:43:36.644364,03 00 03 00 04 13 29 3D,03000300,0.000000
5104,0,0x110,STD,8,2026-01-28T18:43:36.667529,03 00 03 00 8C 8B EA 47,03000300,0.000000
5105,0,0x10F,STD,8,2026-01-28T18:43:36.724543,03 00 03 00 6C 25 65 3D,03000300,0.000000
5106,0,0x110,STD,8,2026-01-28T18:43:36.748548,03 00 03 00 79 3F AF 47,03000300,0.000000
5107,0,0x10F,STD,8,2026-01-28T18:43:36.805175,03 00 03 00 C8 E9 16 3D,03000300,0.000000
5108,0,0x110,STD,8,2026-01-28T18:43:36.829180,03 00 03 00 C5 7C 24 47,03000300,0.000000
5109,0,0x10F,STD,8,2026-01-28T18:43:36.886193,03 00 03 00 2C 22 51 3D,03000300,0.000000
5110,0,0x110,STD,8,2026-01-28T18:43:36.909704,03 00 03 00 ED 67 FA 47,03000300,0.000000
5111,0,0x10F,STD,8,2026-01-28T18:43:36.966717,03 00 03 00 50 88 1E 3D,03000300,0.000000
5112,0,0x110,STD,8,2026-01-28T18:43:36.990722,03 00 03 00 67 F3 59 47,03000300,0.000000
5113,0,0x10F,STD,8,2026-01-28T18:43:37.047735,03 00 03 00 78 A6 42 3D,03000300,0.000000
5114,0,0x110,STD,8,2026-01-28T18:43:37.071747,03 00 03 00 B5 45 99 47,03000300,0.000000
5115,0,0x110,STD,8,2026-01-28T18:43:37.071747,03 00 01 00 00 00 00 00,03000100,0.000000
5116,0,0x10F,STD,8,2026-01-28T18:43:37.071747,03 00 02 00 8F E4 22 41,03000200,0.000000
5117,0,0x110,STD,8,2026-01-28T18:43:37.071747,03 00 02 00 8F E4 22 41,03000200,0.000000
5118,0,0x10F,STD,8,2026-01-28T18:43:37.071747,03 00 01 00 00 00 00 00,03000100,0.000000
5119,0,0x10F,STD,8,2026-01-28T18:43:37.128759,03 00 03 00 60 D0 67 3D,03000300,0.000000
5120,0,0x110,STD,8,2026-01-28T18:43:37.152765,03 00 03 00 07 1B 1F 48,03000300,0.000000
5121,0,0x10F,STD,8,2026-01-28T18:43:37.209778,03 00 03 00 98 54 4F 3D,03000300,0.000000
5122,0,0x110,STD,8,2026-01-28T18:43:37.233783,03 00 03 00 7D DE 86 48,03000300,0.000000
5123,0,0x10F,STD,8,2026-01-28T18:43:37.290796,03 00 03 00 9B DC 8F 3D,03000300,0.000000
5124,0,0x110,STD,8,2026-01-28T18:43:37.314801,03 00 03 00 FC ED 7A 48,03000300,0.000000
5125,0,0x10F,STD,8,2026-01-28T18:43:37.360812,03 00 03 00 0D F3 49 3D,03000300,0.000000
5126,0,0x110,STD,8,2026-01-28T18:43:37.395745,03 00 03 00 CC 7F 00 49,03000300,0.000000
5127,0,0x10F,STD,8,2026-01-28T18:43:37.441755,03 00 03 00 79 3E B0 3D,03000300,0.000000
5128,0,0x110,STD,8,2026-01-28T18:43:37.465761,03 00 03 00 FC DD A3 48,03000300,0.000000
5129,0,0x10F,STD,8,2026-01-28T18:43:37.522357,03 00 03 00 E1 52 64 3D,03000300,0.000000
5130,0,0x110,STD,8,2026-01-28T18:43:37.546363,03 00 03 00 A7 72 C3 48,03000300,0.000000
5131,0,0x10F,STD,8,2026-01-28T18:43:37.603375,03 00 03 00 B4 E8 96 3D,03000300,0.000000
5132,0,0x110,STD,8,2026-01-28T18:43:37.627380,03 00 03 00 33 66 9B 48,03000300,0.000000
5133,0,0x10F,STD,8,2026-01-28T18:43:37.684393,03 00 03 00 3B 74 8F 3D,03000300,0.000000
5134,0,0x110,STD,8,2026-01-28T18:43:37.707730,03 00 03 00 29 A1 97 47,03000300,0.000000
5135,0,0x10F,STD,8,2026-01-28T18:43:37.764742,03 00 03 00 03 6C 52 3D,03000300,0.000000
5136,0,0x110,STD,8,2026-01-28T18:43:37.788748,03 00 03 00 29 61 E8 47,03000300,0.000000
5137,0,0x10F,STD,8,2026-01-28T18:43:37.845761,03 00 03 00 F1 57 96 3D,03000300,0.000000
5138,0,0x110,STD,8,2026-01-28T18:43:37.869766,03 00 03 00 BA 66 E0 47,03000300,0.000000
5139,0,0x10F,STD,8,2026-01-28T18:43:37.926779,03 00 03 00 1C FD E2 3C,03000300,0.000000
5140,0,0x110,STD,8,2026-01-28T18:43:37.950062,03 00 03 00 FB 8B 8A 47,03000300,0.000000
5141,0,0x10F,STD,8,2026-01-28T18:43:38.007075,03 00 03 00 E0 3C 5F 3D,03000300,0.000000
5142,0,0x110,STD,8,2026-01-28T18:43:38.031080,03 00 03 00 EB 09 8E 47,03000300,0.000000
5143,0,0x10F,STD,8,2026-01-28T18:43:38.089093,03 00 03 00 F8 45 BA 3C,03000300,0.000000
5144,0,0x110,STD,8,2026-01-28T18:43:38.103097,03 00 03 00 7F 8F 89 47,03000300,0.000000
5145,0,0x110,STD,8,2026-01-28T18:43:38.127102,03 00 01 00 00 00 00 00,03000100,0.000000
5146,0,0x110,STD,8,2026-01-28T18:43:38.127102,03 00 02 00 5C 48 2A 41,03000200,0.000000
5147,0,0x10F,STD,8,2026-01-28T18:43:38.127102,03 00 01 00 00 00 00 00,03000100,0.000000
5148,0,0x110,STD,8,2026-01-28T18:43:38.127102,03 00 01 00 00 00 00 00,03000100,0.000000
5149,0,0x10F,STD,8,2026-01-28T18:43:38.162110,03 00 03 00 BF A3 5A 3D,03000300,0.000000
5150,0,0x110,STD,8,2026-01-28T18:43:38.186115,03 00 03 00 B1 E8 2A 48,03000300,0.000000
5151,0,0x10F,STD,8,2026-01-28T18:43:38.243128,03 00 03 00 F3 D9 27 3D,03000300,0.000000
5152,0,0x110,STD,8,2026-01-28T18:43:38.267133,03 00 03 00 74 F7 6F 48,03000300,0.000000
5153,0,0x10F,STD,8,2026-01-28T18:43:38.324146,03 00 03 00 F0 80 40 3D,03000300,0.000000
5154,0,0x110,STD,8,2026-01-28T18:43:38.348152,03 00 03 00 15 8E 16 48,03000300,0.000000
5155,0,0x10F,STD,8,2026-01-28T18:43:38.405165,03 00 03 00 27 E2 80 3D,03000300,0.000000
5156,0,0x110,STD,8,2026-01-28T18:43:38.428674,03 00 03 00 15 9B 46 48,03000300,0.000000
5157,0,0x10F,STD,8,2026-01-28T18:43:38.484709,03 00 03 00 56 A9 04 3D,03000300,0.000000
5158,0,0x110,STD,8,2026-01-28T18:43:38.508716,03 00 03 00 D8 B6 67 48,03000300,0.000000
5159,0,0x10F,STD,8,2026-01-28T18:43:38.565729,03 00 03 00 97 96 86 3D,03000300,0.000000
5160,0,0x110,STD,8,2026-01-28T18:43:38.589734,03 00 03 00 5D E7 D5 47,03000300,0.000000
5161,0,0x10F,STD,8,2026-01-28T18:43:38.646746,03 00 03 00 DF 53 E2 3C,03000300,0.000000
5162,0,0x110,STD,8,2026-01-28T18:43:38.659749,03 00 03 00 D6 89 3C 48,03000300,0.000000
5163,0,0x10F,STD,8,2026-01-28T18:43:38.716762,03 00 03 00 42 5B 0E 3D,03000300,0.000000
5164,0,0x110,STD,8,2026-01-28T18:43:38.740203,03 00 03 00 B4 57 43 48,03000300,0.000000
5165,0,0x10F,STD,8,2026-01-28T18:43:38.797216,03 00 03 00 F5 0D 0B 3D,03000300,0.000000
5166,0,0x110,STD,8,2026-01-28T18:43:38.821221,03 00 03 00 22 8D 25 48,03000300,0.000000
5167,0,0x10F,STD,8,2026-01-28T18:43:38.878234,03 00 03 00 0B B2 FA 3C,03000300,0.000000
5168,0,0x110,STD,8,2026-01-28T18:43:38.901693,03 00 03 00 C6 2E 94 48,03000300,0.000000
5169,0,0x10F,STD,8,2026-01-28T18:43:38.958706,03 00 03 00 08 5F 25 3D,03000300,0.000000
5170,0,0x110,STD,8,2026-01-28T18:43:38.982711,03 00 03 00 59 AF 3A 48,03000300,0.000000
5171,0,0x10F,STD,8,2026-01-28T18:43:39.039724,03 00 03 00 36 B3 27 3D,03000300,0.000000
5172,0,0x110,STD,8,2026-01-28T18:43:39.063730,03 00 03 00 3A 49 0E 49,03000300,0.000000
5173,0,0x10F,STD,8,2026-01-28T18:43:39.120742,03 00 03 00 39 14 64 3D,03000300,0.000000
5174,0,0x110,STD,8,2026-01-28T18:43:39.144748,03 00 03 00 92 FC A3 48,03000300,0.000000
5175,0,0x10F,STD,8,2026-01-28T18:43:39.179683,03 00 02 00 5C 48 2A 41,03000200,0.000000
5176,0,0x110,STD,8,2026-01-28T18:43:39.179683,03 00 01 00 00 00 00 00,03000100,0.000000
5177,0,0x10F,STD,8,2026-01-28T18:43:39.179683,03 00 02 00 FC 8A 38 41,03000200,0.000000
5178,0,0x110,STD,8,2026-01-28T18:43:39.179683,03 00 02 00 FC 8A 38 41,03000200,0.000000
5179,0,0x10F,STD,8,2026-01-28T18:43:39.203688,03 00 03 00 2D 95 36 3D,03000300,0.000000
5180,0,0x110,STD,8,2026-01-28T18:43:39.227694,03 00 03 00 62 B7 67 48,03000300,0.000000
5181,0,0x10F,STD,8,2026-01-28T18:43:39.284706,03 00 03 00 E2 01 8D 3D,03000300,0.000000
5182,0,0x110,STD,8,2026-01-28T18:43:39.308712,03 00 03 00 27 AB 8D 48,03000300,0.000000
5183,0,0x10F,STD,8,2026-01-28T18:43:39.354722,03 00 03 00 4D D8 52 3D,03000300,0.000000
5184,0,0x110,STD,8,2026-01-28T18:43:39.378728,03 00 03 00 D2 11 6F 48,03000300,0.000000
5185,0,0x10F,STD,8,2026-01-28T18:43:39.435741,03 00 03 00 67 EA 8A 3D,03000300,0.000000
5186,0,0x110,STD,8,2026-01-28T18:43:39.459746,03 00 03 00 6D C5 D6 47,03000300,0.000000
5187,0,0x10F,STD,8,2026-01-28T18:43:39.516759,03 00 03 00 59 64 A2 3D,03000300,0.000000
5188,0,0x110,STD,8,2026-01-28T18:43:39.540764,03 00 03 00 82 D5 88 48,03000300,0.000000
5189,0,0x10F,STD,8,2026-01-28T18:43:39.597777,03 00 03 00 BD 7B 61 3D,03000300,0.000000
5190,0,0x110,STD,8,2026-01-28T18:43:39.621782,03 00 03 00 F5 73 31 48,03000300,0.000000
5191,0,0x10F,STD,8,2026-01-28T18:43:39.678795,03 00 03 00 07 0D AB 3D,03000300,0.000000
5192,0,0x110,STD,8,2026-01-28T18:43:39.702802,03 00 03 00 BC BA 83 47,03000300,0.000000
5193,0,0x10F,STD,8,2026-01-28T18:43:39.759815,03 00 03 00 70 DD 76 3D,03000300,0.000000
5194,0,0x110,STD,8,2026-01-28T18:43:39.783821,03 00 03 00 7C 1E 4F 47,03000300,0.000000
5195,0,0x10F,STD,8,2026-01-28T18:43:39.840834,03 00 03 00 B9 9C 6E 3D,03000300,0.000000
5196,0,0x110,STD,8,2026-01-28T18:43:39.864839,03 00 03 00 4D 88 64 47,03000300,0.000000
5197,0,0x10F,STD,8,2026-01-28T18:43:39.921852,03 00 03 00 C9 FC 7D 3D,03000300,0.000000
5198,0,0x110,STD,8,2026-01-28T18:43:39.945857,03 00 03 00 52 1C 5D 47,03000300,0.000000
5199,0,0x10F,STD,8,2026-01-28T18:43:39.991868,03 00 03 00 D4 8D 56 3D,03000300,0.000000
5200,0,0x110,STD,8,2026-01-28T18:43:40.026876,03 00 03 00 44 03 1A 48,03000300,0.000000
5201,0,0x10F,STD,8,2026-01-28T18:43:40.072886,03 00 03 00 CA E2 6E 3D,03000300,0.000000
5202,0,0x110,STD,8,2026-01-28T18:43:40.096653,03 00 03 00 CA 1C 3D 48,03000300,0.000000
5203,0,0x10F,STD,8,2026-01-28T18:43:40.153666,03 00 03 00 03 49 29 3D,03000300,0.000000
5204,0,0x110,STD,8,2026-01-28T18:43:40.177671,03 00 03 00 E8 98 50 48,03000300,0.000000
5205,0,0x10F,STD,8,2026-01-28T18:43:40.223682,03 00 01 00 00 00 00 00,03000100,0.000000
5206,0,0x10F,STD,8,2026-01-28T18:43:40.223682,03 00 01 00 00 00 00 00,03000100,0.000000
5207,0,0x110,STD,8,2026-01-28T18:43:40.223682,03 00 01 00 00 00 00 00,03000100,0.000000
5208,0,0x10F,STD,8,2026-01-28T18:43:40.223682,03 00 02 00 67 4C 38 41,03000200,0.000000
5209,0,0x10F,STD,8,2026-01-28T18:43:40.236685,03 00 03 00 A5 35 5D 3D,03000300,0.000000
5210,0,0x110,STD,8,2026-01-28T18:43:40.260690,03 00 03 00 51 63 0B 48,03000300,0.000000
5211,0,0x10F,STD,8,2026-01-28T18:43:40.317703,03 00 03 00 38 B3 3F 3D,03000300,0.000000
5212,0,0x110,STD,8,2026-01-28T18:43:40.341708,03 00 03 00 1F 7E B6 48,03000300,0.000000
5213,0,0x10F,STD,8,2026-01-28T18:43:40.398721,03 00 03 00 8E 76 3D 3D,03000300,0.000000
5214,0,0x110,STD,8,2026-01-28T18:43:40.422726,03 00 03 00 F9 09 CF 48,03000300,0.000000
5215,0,0x10F,STD,8,2026-01-28T18:43:40.479739,03 00 03 00 F2 B8 7F 3D,03000300,0.000000
5216,0,0x110,STD,8,2026-01-28T18:43:40.503745,03 00 03 00 17 55 C6 48,03000300,0.000000
5217,0,0x10F,STD,8,2026-01-28T18:43:40.560758,03 00 03 00 A2 F6 5B 3D,03000300,0.000000
5218,0,0x110,STD,8,2026-01-28T18:43:40.573760,03 00 03 00 46 67 FC 48,03000300,0.000000
5219,0,0x10F,STD,8,2026-01-28T18:43:40.629894,03 00 03 00 01 FF 80 3D,03000300,0.000000
5220,0,0x110,STD,8,2026-01-28T18:43:40.653899,03 00 03 00 F8 A3 77 48,03000300,0.000000
5221,0,0x10F,STD,8,2026-01-28T18:43:40.710912,03 00 03 00 35 A1 22 3D,03000300,0.000000
5222,0,0x110,STD,8,2026-01-28T18:43:40.734917,03 00 03 00 EA C1 A0 48,03000300,0.000000
5223,0,0x10F,STD,8,2026-01-28T18:43:40.791930,03 00 03 00 14 EB 73 3D,03000300,0.000000
5224,0,0x110,STD,8,2026-01-28T18:43:40.815936,03 00 03 00 04 41 22 48,03000300,0.000000
5225,0,0x10F,STD,8,2026-01-28T18:43:40.872948,03 00 03 00 75 B5 39 3D,03000300,0.000000
5226,0,0x110,STD,8,2026-01-28T18:43:40.896954,03 00 03 00 C2 F9 34 48,03000300,0.000000
5227,0,0x10F,STD,8,2026-01-28T18:43:40.953967,03 00 03 00 0A 41 54 3D,03000300,0.000000
5228,0,0x110,STD,8,2026-01-28T18:43:40.977972,03 00 03 00 A1 2A 4B 48,03000300,0.000000
5229,0,0x10F,STD,8,2026-01-28T18:43:41.034985,03 00 03 00 1E AE 75 3D,03000300,0.000000
5230,0,0x110,STD,8,2026-01-28T18:43:41.060991,03 00 03 00 6E 79 23 48,03000300,0.000000
5231,0,0x10F,STD,8,2026-01-28T18:43:41.107001,03 00 03 00 A3 80 15 3D,03000300,0.000000
5232,0,0x110,STD,8,2026-01-28T18:43:41.142009,03 00 03 00 FA 13 CF 48,03000300,0.000000
5233,0,0x10F,STD,8,2026-01-28T18:43:41.187456,03 00 03 00 75 95 64 3D,03000300,0.000000
5234,0,0x110,STD,8,2026-01-28T18:43:41.211463,03 00 03 00 78 A1 90 48,03000300,0.000000
5235,0,0x10F,STD,8,2026-01-28T18:43:41.268475,03 00 03 00 E6 DD 0D 3D,03000300,0.000000
5236,0,0x10F,STD,8,2026-01-28T18:43:41.268475,03 00 02 00 67 4C 38 41,03000200,0.000000
5237,0,0x110,STD,8,2026-01-28T18:43:41.268475,03 00 02 00 67 4C 38 41,03000200,0.000000
5238,0,0x110,STD,8,2026-01-28T18:43:41.268475,03 00 02 00 67 4C 38 41,03000200,0.000000
5239,0,0x10F,STD,8,2026-01-28T18:43:41.268475,03 00 01 00 00 00 00 00,03000100,0.000000
5240,0,0x110,STD,8,2026-01-28T18:43:41.292481,03 00 03 00 AC C0 DC 47,03000300,0.000000
5241,0,0x10F,STD,8,2026-01-28T18:43:41.347961,03 00 03 00 97 B2 39 3D,03000300,0.000000
5242,0,0x110,STD,8,2026-01-28T18:43:41.371966,03 00 03 00 73 88 A8 47,03000300,0.000000
5243,0,0x10F,STD,8,2026-01-28T18:43:41.428979,03 00 03 00 39 77 41 3D,03000300,0.000000
5244,0,0x110,STD,8,2026-01-28T18:43:41.452984,03 00 03 00 B4 B6 A2 47,03000300,0.000000
5245,0,0x10F,STD,8,2026-01-28T18:43:41.509997,03 00 03 00 78 51 1C 3D,03000300,0.000000
5246,0,0x110,STD,8,2026-01-28T18:43:41.534003,03 00 03 00 D2 91 09 47,03000300,0.000000
5247,0,0x10F,STD,8,2026-01-28T18:43:41.591015,03 00 03 00 07 AA 4D 3D,03000300,0.000000
5248,0,0x110,STD,8,2026-01-28T18:43:41.615021,03 00 03 00 B9 09 4C 48,03000300,0.000000
5249,0,0x10F,STD,8,2026-01-28T18:43:41.672034,03 00 03 00 79 94 1A 3D,03000300,0.000000
5250,0,0x110,STD,8,2026-01-28T18:43:41.696039,03 00 03 00 7C 40 5C 48,03000300,0.000000
5251,0,0x10F,STD,8,2026-01-28T18:43:41.753052,03 00 03 00 A3 AE 1B 3D,03000300,0.000000
5252,0,0x110,STD,8,2026-01-28T18:43:41.776560,03 00 03 00 90 3B 01 48,03000300,0.000000
5253,0,0x10F,STD,8,2026-01-28T18:43:41.833573,03 00 03 00 39 E6 28 3D,03000300,0.000000
5254,0,0x110,STD,8,2026-01-28T18:43:41.857579,03 00 03 00 E3 8C D9 47,03000300,0.000000
5255,0,0x10F,STD,8,2026-01-28T18:43:41.913840,03 00 03 00 17 F1 52 3D,03000300,0.000000
5256,0,0x110,STD,8,2026-01-28T18:43:41.937845,03 00 03 00 43 C2 56 48,03000300,0.000000
5257,0,0x10F,STD,8,2026-01-28T18:43:41.994509,03 00 03 00 6C 4A 3D 3D,03000300,0.000000
5258,0,0x110,STD,8,2026-01-28T18:43:42.007512,03 00 03 00 43 A2 59 48,03000300,0.000000
5259,0,0x10F,STD,8,2026-01-28T18:43:42.064525,03 00 03 00 34 F1 5D 3D,03000300,0.000000
5260,0,0x110,STD,8,2026-01-28T18:43:42.088530,03 00 03 00 EA B4 F2 47,03000300,0.000000
5261,0,0x10F,STD,8,2026-01-28T18:43:42.145543,03 00 03 00 0A C9 7F 3D,03000300,0.000000
5262,0,0x110,STD,8,2026-01-28T18:43:42.169548,03 00 03 00 75 ED EF 48,03000300,0.000000
5263,0,0x10F,STD,8,2026-01-28T18:43:42.226148,03 00 03 00 6C 73 1E 3D,03000300,0.000000
5264,0,0x110,STD,8,2026-01-28T18:43:42.250153,03 00 03 00 30 03 C1 48,03000300,0.000000
5265,0,0x110,STD,8,2026-01-28T18:43:42.296163,03 00 01 00 00 00 00 00,03000100,0.000000
5266,0,0x10F,STD,8,2026-01-28T18:43:42.298164,03 00 02 00 E3 07 45 41,03000200,0.000000
5267,0,0x110,STD,8,2026-01-28T18:43:42.298164,03 00 02 00 E3 07 45 41,03000200,0.000000
5268,0,0x10F,STD,8,2026-01-28T18:43:42.300165,03 00 01 00 00 00 00 00,03000100,0.000000
5269,0,0x10F,STD,8,2026-01-28T18:43:42.302164,03 00 03 00 BE 6F 81 3D,03000300,0.000000
5270,0,0x110,STD,8,2026-01-28T18:43:42.326170,03 00 03 00 C1 A0 6F 48,03000300,0.000000
5271,0,0x10F,STD,8,2026-01-28T18:43:42.384183,03 00 03 00 D6 3C 33 3D,03000300,0.000000
5272,0,0x110,STD,8,2026-01-28T18:43:42.408189,03 00 03 00 28 EE 82 48,03000300,0.000000
5273,0,0x10F,STD,8,2026-01-28T18:43:42.465202,03 00 03 00 BC E4 51 3D,03000300,0.000000
5274,0,0x110,STD,8,2026-01-28T18:43:42.489206,03 00 03 00 31 56 38 48,03000300,0.000000
5275,0,0x10F,STD,8,2026-01-28T18:43:42.546220,03 00 03 00 4A 0D 56 3D,03000300,0.000000
5276,0,0x110,STD,8,2026-01-28T18:43:42.570225,03 00 03 00 97 36 E3 48,03000300,0.000000
5277,0,0x10F,STD,8,2026-01-28T18:43:42.627238,03 00 03 00 54 F4 2A 3D,03000300,0.000000
5278,0,0x110,STD,8,2026-01-28T18:43:42.651243,03 00 03 00 C6 44 56 48,03000300,0.000000
5279,0,0x10F,STD,8,2026-01-28T18:43:42.708256,03 00 03 00 D4 F9 69 3D,03000300,0.000000
5280,0,0x110,STD,8,2026-01-28T18:43:42.731766,03 00 03 00 8E 67 0E 48,03000300,0.000000
5281,0,0x10F,STD,8,2026-01-28T18:43:42.788779,03 00 03 00 90 77 11 3D,03000300,0.000000
5282,0,0x110,STD,8,2026-01-28T18:43:42.812784,03 00 03 00 2B EC BA 47,03000300,0.000000
5283,0,0x10F,STD,8,2026-01-28T18:43:42.869797,03 00 03 00 74 02 6E 3D,03000300,0.000000
5284,0,0x110,STD,8,2026-01-28T18:43:42.893803,03 00 03 00 C1 A0 91 48,03000300,0.000000
5285,0,0x10F,STD,8,2026-01-28T18:43:42.950815,03 00 03 00 4B FF 44 3D,03000300,0.000000
5286,0,0x110,STD,8,2026-01-28T18:43:42.963818,03 00 03 00 79 41 12 48,03000300,0.000000
5287,0,0x10F,STD,8,2026-01-28T18:43:43.020831,03 00 03 00 42 46 57 3D,03000300,0.000000
5288,0,0x110,STD,8,2026-01-28T18:43:43.044837,03 00 03 00 9C 56 7A 48,03000300,0.000000
5289,0,0x10F,STD,8,2026-01-28T18:43:43.103850,03 00 03 00 FD D8 82 3D,03000300,0.000000
5290,0,0x110,STD,8,2026-01-28T18:43:43.127855,03 00 03 00 DF 00 B1 48,03000300,0.000000
5291,0,0x10F,STD,8,2026-01-28T18:43:43.184868,03 00 03 00 B3 DE 56 3D,03000300,0.000000
5292,0,0x110,STD,8,2026-01-28T18:43:43.208874,03 00 03 00 5A 80 1B 48,03000300,0.000000
5293,0,0x10F,STD,8,2026-01-28T18:43:43.265886,03 00 03 00 53 4A 8D 3D,03000300,0.000000
5294,0,0x110,STD,8,2026-01-28T18:43:43.289553,03 00 03 00 69 E9 A4 48,03000300,0.000000
5295,0,0x10F,STD,8,2026-01-28T18:43:43.346567,03 00 03 00 0D CE 13 3D,03000300,0.000000
5296,0,0x110,STD,8,2026-01-28T18:43:43.346567,03 00 01 00 00 00 00 00,03000100,0.000000
5297,0,0x10F,STD,8,2026-01-28T18:43:43.346567,03 00 02 00 D1 AF 3D 41,03000200,0.000000
5298,0,0x10F,STD,8,2026-01-28T18:43:43.346567,03 00 01 00 00 00 00 00,03000100,0.000000
5299,0,0x110,STD,8,2026-01-28T18:43:43.346567,03 00 02 00 D1 AF 3D 41,03000200,0.000000
5300,0,0x110,STD,8,2026-01-28T18:43:43.370572,03 00 03 00 89 6D 4E 48,03000300,0.000000
5301,0,0x10F,STD,8,2026-01-28T18:43:43.425574,03 00 03 00 68 27 3A 3D,03000300,0.000000
5302,0,0x110,STD,8,2026-01-28T18:43:43.449579,03 00 03 00 2B A8 D3 48,03000300,0.000000
5303,0,0x10F,STD,8,2026-01-28T18:43:43.505718,03 00 03 00 9A 92 16 3D,03000300,0.000000
5304,0,0x110,STD,8,2026-01-28T18:43:43.529724,03 00 03 00 68 CF 6F 48,03000300,0.000000
5305,0,0x10F,STD,8,2026-01-28T18:43:43.586737,03 00 03 00 73 40 EF 3C,03000300,0.000000
5306,0,0x110,STD,8,2026-01-28T18:43:43.610743,03 00 03 00 13 66 6C 48,03000300,0.000000
5307,0,0x10F,STD,8,2026-01-28T18:43:43.667711,03 00 03 00 B6 58 EC 3C,03000300,0.000000
5308,0,0x110,STD,8,2026-01-28T18:43:43.691716,03 00 03 00 97 EC 33 48,03000300,0.000000
5309,0,0x10F,STD,8,2026-01-28T18:43:43.748528,03 00 03 00 58 73 F8 3C,03000300,0.000000
5310,0,0x110,STD,8,2026-01-28T18:43:43.761531,03 00 03 00 19 D0 36 48,03000300,0.000000
5311,0,0x10F,STD,8,2026-01-28T18:43:43.818544,03 00 03 00 4D EA 7C 3D,03000300,0.000000
5312,0,0x110,STD,8,2026-01-28T18:43:43.842549,03 00 03 00 9E 22 8D 48,03000300,0.000000
5313,0,0x10F,STD,8,2026-01-28T18:43:43.899562,03 00 03 00 40 15 23 3D,03000300,0.000000
5314,0,0x110,STD,8,2026-01-28T18:43:43.923173,03 00 03 00 5D 96 07 48,03000300,0.000000
5315,0,0x10F,STD,8,2026-01-28T18:43:43.980187,03 00 03 00 D8 6D 85 3D,03000300,0.000000
5316,0,0x110,STD,8,2026-01-28T18:43:44.004192,03 00 03 00 E5 92 36 48,03000300,0.000000
5317,0,0x10F,STD,8,2026-01-28T18:43:44.060967,03 00 03 00 37 0A 6C 3D,03000300,0.000000
5318,0,0x110,STD,8,2026-01-28T18:43:44.084973,03 00 03 00 09 82 0B 48,03000300,0.000000
5319,0,0x10F,STD,8,2026-01-28T18:43:44.141986,03 00 03 00 AA 0F 31 3D,03000300,0.000000
5320,0,0x110,STD,8,2026-01-28T18:43:44.165539,03 00 03 00 3A C1 62 48,03000300,0.000000
5321,0,0x10F,STD,8,2026-01-28T18:43:44.222552,03 00 03 00 24 DC 97 3D,03000300,0.000000
5322,0,0x110,STD,8,2026-01-28T18:43:44.246557,03 00 03 00 F4 B2 82 48,03000300,0.000000
5323,0,0x10F,STD,8,2026-01-28T18:43:44.303571,03 00 03 00 6E AA 2D 3D,03000300,0.000000
5324,0,0x110,STD,8,2026-01-28T18:43:44.327576,03 00 03 00 C0 58 26 48,03000300,0.000000
5325,0,0x10F,STD,8,2026-01-28T18:43:44.384589,03 00 03 00 57 CA 90 3D,03000300,0.000000
5326,0,0x110,STD,8,2026-01-28T18:43:44.386589,03 00 01 00 00 00 00 00,03000100,0.000000
5327,0,0x10F,STD,8,2026-01-28T18:43:44.386589,03 00 01 00 00 00 00 00,03000100,0.000000
5328,0,0x110,STD,8,2026-01-28T18:43:44.386589,03 00 01 00 00 00 00 00,03000100,0.000000
5329,0,0x10F,STD,8,2026-01-28T18:43:44.388589,03 00 02 00 47 14 3B 41,03000200,0.000000
5330,0,0x110,STD,8,2026-01-28T18:43:44.401160,03 00 03 00 2E 89 BB 48,03000300,0.000000
5331,0,0x10F,STD,8,2026-01-28T18:43:44.458172,03 00 03 00 24 D3 88 3D,03000300,0.000000
5332,0,0x110,STD,8,2026-01-28T18:43:44.482178,03 00 03 00 6D C5 B1 48,03000300,0.000000
5333,0,0x10F,STD,8,2026-01-28T18:43:44.539191,03 00 03 00 02 C6 74 3D,03000300,0.000000
5334,0,0x110,STD,8,2026-01-28T18:43:44.563196,03 00 03 00 74 8C 4A 48,03000300,0.000000
5335,0,0x10F,STD,8,2026-01-28T18:43:44.620209,03 00 03 00 54 64 A6 3D,03000300,0.000000
5336,0,0x110,STD,8,2026-01-28T18:43:44.644215,03 00 03 00 CB 51 96 48,03000300,0.000000
5337,0,0x10F,STD,8,2026-01-28T18:43:44.701227,03 00 03 00 99 53 50 3D,03000300,0.000000
5338,0,0x110,STD,8,2026-01-28T18:43:44.725233,03 00 03 00 77 D0 8E 48,03000300,0.000000
5339,0,0x10F,STD,8,2026-01-28T18:43:44.782245,03 00 03 00 52 D0 72 3D,03000300,0.000000
5340,0,0x110,STD,8,2026-01-28T18:43:44.806251,03 00 03 00 A7 CF 98 48,03000300,0.000000
5341,0,0x10F,STD,8,2026-01-28T18:43:44.863264,03 00 03 00 1D 51 43 3D,03000300,0.000000
5342,0,0x110,STD,8,2026-01-28T18:43:44.887269,03 00 03 00 1A 82 99 48,03000300,0.000000
5343,0,0x10F,STD,8,2026-01-28T18:43:44.933279,03 00 03 00 16 A2 62 3D,03000300,0.000000
5344,0,0x110,STD,8,2026-01-28T18:43:44.968287,03 00 03 00 57 A3 6B 48,03000300,0.000000
5345,0,0x10F,STD,8,2026-01-28T18:43:45.014298,03 00 03 00 1E 38 4C 3D,03000300,0.000000
5346,0,0x110,STD,8,2026-01-28T18:43:45.038303,03 00 03 00 41 0E 64 48,03000300,0.000000
5347,0,0x10F,STD,8,2026-01-28T18:43:45.095316,03 00 03 00 38 9D 57 3D,03000300,0.000000
5348,0,0x110,STD,8,2026-01-28T18:43:45.118628,03 00 03 00 07 C4 41 48,03000300,0.000000
5349,0,0x10F,STD,8,2026-01-28T18:43:45.175641,03 00 03 00 4E CA 74 3D,03000300,0.000000
5350,0,0x110,STD,8,2026-01-28T18:43:45.199646,03 00 03 00 C8 FF 90 48,03000300,0.000000
5351,0,0x10F,STD,8,2026-01-28T18:43:45.256659,03 00 03 00 CF AD 3A 3D,03000300,0.000000
5352,0,0x110,STD,8,2026-01-28T18:43:45.280664,03 00 03 00 5F 06 BF 48,03000300,0.000000
5353,0,0x10F,STD,8,2026-01-28T18:43:45.337677,03 00 03 00 B8 57 5B 3D,03000300,0.000000
5354,0,0x110,STD,8,2026-01-28T18:43:45.361683,03 00 03 00 B1 DF E1 48,03000300,0.000000
5355,0,0x10F,STD,8,2026-01-28T18:43:45.418695,03 00 03 00 F5 6D 1D 3D,03000300,0.000000
5356,0,0x110,STD,8,2026-01-28T18:43:45.431699,03 00 02 00 47 14 3B 41,03000200,0.000000
5357,0,0x10F,STD,8,2026-01-28T18:43:45.431699,03 00 02 00 08 F3 44 41,03000200,0.000000
5358,0,0x10F,STD,8,2026-01-28T18:43:45.431699,03 00 01 00 00 00 00 00,03000100,0.000000
5359,0,0x110,STD,8,2026-01-28T18:43:45.431699,03 00 02 00 08 F3 44 41,03000200,0.000000
5360,0,0x110,STD,8,2026-01-28T18:43:45.444701,03 00 03 00 10 5A 12 49,03000300,0.000000
5361,0,0x10F,STD,8,2026-01-28T18:43:45.501217,03 00 03 00 05 ED 4E 3D,03000300,0.000000
5362,0,0x110,STD,8,2026-01-28T18:43:45.525223,03 00 03 00 34 BF ED 48,03000300,0.000000
5363,0,0x10F,STD,8,2026-01-28T18:43:45.571233,03 00 03 00 7C 06 25 3D,03000300,0.000000
5364,0,0x110,STD,8,2026-01-28T18:43:45.606241,03 00 03 00 12 FD ED 48,03000300,0.000000
5365,0,0x10F,STD,8,2026-01-28T18:43:45.651492,03 00 03 00 EF 74 32 3D,03000300,0.000000
5366,0,0x110,STD,8,2026-01-28T18:43:45.675498,03 00 03 00 2C 75 EF 48,03000300,0.000000
5367,0,0x10F,STD,8,2026-01-28T18:43:45.732510,03 00 03 00 7D A5 3C 3D,03000300,0.000000
5368,0,0x110,STD,8,2026-01-28T18:43:45.756516,03 00 03 00 81 9C D4 48,03000300,0.000000
5369,0,0x10F,STD,8,2026-01-28T18:43:45.813529,03 00 03 00 62 AD CD 3C,03000300,0.000000
5370,0,0x110,STD,8,2026-01-28T18:43:45.837534,03 00 03 00 ED 87 FF 48,03000300,0.000000
5371,0,0x10F,STD,8,2026-01-28T18:43:45.894547,03 00 03 00 3F 40 44 3D,03000300,0.000000
5372,0,0x110,STD,8,2026-01-28T18:43:45.918552,03 00 03 00 83 8C 86 48,03000300,0.000000
5373,0,0x10F,STD,8,2026-01-28T18:43:45.978566,03 00 03 00 A4 22 04 3D,03000300,0.000000
5374,0,0x110,STD,8,2026-01-28T18:43:46.002571,03 00 03 00 4A C0 57 48,03000300,0.000000
5375,0,0x10F,STD,8,2026-01-28T18:43:46.060584,03 00 03 00 7E BB 25 3D,03000300,0.000000
5376,0,0x110,STD,8,2026-01-28T18:43:46.084590,03 00 03 00 04 47 AC 48,03000300,0.000000
5377,0,0x10F,STD,8,2026-01-28T18:43:46.130600,03 00 03 00 80 D1 47 3D,03000300,0.000000
5378,0,0x110,STD,8,2026-01-28T18:43:46.154237,03 00 03 00 6F D4 5D 48,03000300,0.000000
5379,0,0x10F,STD,8,2026-01-28T18:43:46.210476,03 00 03 00 A5 2D 01 3D,03000300,0.000000
5380,0,0x110,STD,8,2026-01-28T18:43:46.234272,03 00 03 00 30 E7 C4 48,03000300,0.000000
5381,0,0x10F,STD,8,2026-01-28T18:43:46.291285,03 00 03 00 32 33 59 3D,03000300,0.000000
5382,0,0x110,STD,8,2026-01-28T18:43:46.314893,03 00 03 00 69 55 85 48,03000300,0.000000
5383,0,0x10F,STD,8,2026-01-28T18:43:46.375907,03 00 03 00 67 DD DF 3C,03000300,0.000000
5384,0,0x110,STD,8,2026-01-28T18:43:46.399912,03 00 03 00 E7 E7 8D 48,03000300,0.000000
5385,0,0x10F,STD,8,2026-01-28T18:43:46.456925,03 00 03 00 A0 76 4F 3D,03000300,0.000000
5386,0,0x110,STD,8,2026-01-28T18:43:46.480931,03 00 01 00 00 00 00 00,03000100,0.000000
5387,0,0x110,STD,8,2026-01-28T18:43:46.480931,03 00 01 00 00 00 00 00,03000100,0.000000
5388,0,0x110,STD,8,2026-01-28T18:43:46.480931,03 00 02 00 08 F3 44 41,03000200,0.000000
5389,0,0x10F,STD,8,2026-01-28T18:43:46.480931,03 00 01 00 00 00 00 00,03000100,0.000000
5390,0,0x110,STD,8,2026-01-28T18:43:46.480931,03 00 01 00 00 00 00 00,03000100,0.000000
5391,0,0x10F,STD,8,2026-01-28T18:43:46.537944,03 00 03 00 0A 05 40 3D,03000300,0.000000
5392,0,0x110,STD,8,2026-01-28T18:43:46.561949,03 00 03 00 35 11 54 48,03000300,0.000000
5393,0,0x10F,STD,8,2026-01-28T18:43:46.607959,03 00 03 00 22 5E 38 3D,03000300,0.000000
5394,0,0x110,STD,8,2026-01-28T18:43:46.631964,03 00 03 00 85 79 AC 48,03000300,0.000000
5395,0,0x10F,STD,8,2026-01-28T18:43:46.688977,03 00 03 00 E0 3E 81 3D,03000300,0.000000
5396,0,0x110,STD,8,2026-01-28T18:43:46.712982,03 00 03 00 0F 9C 0C 48,03000300,0.000000
5397,0,0x10F,STD,8,2026-01-28T18:43:46.769995,03 00 03 00 C8 A6 68 3D,03000300,0.000000
5398,0,0x110,STD,8,2026-01-28T18:43:46.794001,03 00 03 00 E0 93 76 47,03000300,0.000000
5399,0,0x10F,STD,8,2026-01-28T18:43:46.851014,03 00 03 00 64 41 8E 3D,03000300,0.000000
5400,0,0x110,STD,8,2026-01-28T18:43:46.875019,03 00 03 00 13 F9 29 47,03000300,0.000000
5401,0,0x10F,STD,8,2026-01-28T18:43:46.931578,03 00 03 00 C0 C5 3E 3D,03000300,0.000000
5402,0,0x110,STD,8,2026-01-28T18:43:46.955583,03 00 03 00 74 5E A4 47,03000300,0.000000
5403,0,0x10F,STD,8,2026-01-28T18:43:47.012596,03 00 03 00 E6 7C 78 3D,03000300,0.000000
5404,0,0x110,STD,8,2026-01-28T18:43:47.036445,03 00 03 00 D2 D0 94 47,03000300,0.000000
5405,0,0x10F,STD,8,2026-01-28T18:43:47.093458,03 00 03 00 5A 95 55 3D,03000300,0.000000
5406,0,0x110,STD,8,2026-01-28T18:43:47.117463,03 00 03 00 6D 4F 5F 48,03000300,0.000000
5407,0,0x10F,STD,8,2026-01-28T18:43:47.174477,03 00 03 00 98 3B 3B 3D,03000300,0.000000
5408,0,0x110,STD,8,2026-01-28T18:43:47.198482,03 00 03 00 2C CC 93 48,03000300,0.000000
5409,0,0x10F,STD,8,2026-01-28T18:43:47.255495,03 00 03 00 1C 88 52 3D,03000300,0.000000
5410,0,0x110,STD,8,2026-01-28T18:43:47.279500,03 00 03 00 03 8D 1E 48,03000300,0.000000
5411,0,0x10F,STD,8,2026-01-28T18:43:47.325431,03 00 03 00 68 A9 33 3D,03000300,0.000000
5412,0,0x110,STD,8,2026-01-28T18:43:47.349438,03 00 03 00 9E A4 8D 48,03000300,0.000000
5413,0,0x10F,STD,8,2026-01-28T18:43:47.406451,03 00 03 00 D9 29 83 3D,03000300,0.000000
5414,0,0x110,STD,8,2026-01-28T18:43:47.430456,03 00 03 00 08 FE AF 48,03000300,0.000000
5415,0,0x10F,STD,8,2026-01-28T18:43:47.487046,03 00 03 00 88 66 57 3D,03000300,0.000000
5416,0,0x110,STD,8,2026-01-28T18:43:47.511051,03 00 03 00 8A C0 93 48,03000300,0.000000
5417,0,0x10F,STD,8,2026-01-28T18:43:47.524053,03 00 02 00 08 F3 44 41,03000200,0.000000
5418,0,0x10F,STD,8,2026-01-28T18:43:47.524053,03 00 01 00 00 00 00 00,03000100,0.000000
5419,0,0x110,STD,8,2026-01-28T18:43:47.525795,03 00 01 00 00 00 00 00,03000100,0.000000
5420,0,0x10F,STD,8,2026-01-28T18:43:47.527795,03 00 02 00 2A E7 36 41,03000200,0.000000
5421,0,0x10F,STD,8,2026-01-28T18:43:47.573806,03 00 03 00 9E 8E 60 3D,03000300,0.000000
5422,0,0x110,STD,8,2026-01-28T18:43:47.597431,03 00 03 00 60 DC AF 48,03000300,0.000000
5423,0,0x10F,STD,8,2026-01-28T18:43:47.643441,03 00 03 00 C9 8A 45 3D,03000300,0.000000
5424,0,0x110,STD,8,2026-01-28T18:43:47.667447,03 00 03 00 8D 6E BC 48,03000300,0.000000
5425,0,0x10F,STD,8,2026-01-28T18:43:47.724460,03 00 03 00 75 C1 60 3D,03000300,0.000000
5426,0,0x110,STD,8,2026-01-28T18:43:47.747996,03 00 03 00 17 C0 98 48,03000300,0.000000
5427,0,0x10F,STD,8,2026-01-28T18:43:47.804512,03 00 03 00 34 00 6F 3D,03000300,0.000000
5428,0,0x110,STD,8,2026-01-28T18:43:47.828517,03 00 03 00 B5 5F 29 48,03000300,0.000000
5429,0,0x10F,STD,8,2026-01-28T18:43:47.884545,03 00 03 00 F8 67 24 3D,03000300,0.000000
5430,0,0x110,STD,8,2026-01-28T18:43:47.908551,03 00 03 00 7B 1E 8A 48,03000300,0.000000
5431,0,0x10F,STD,8,2026-01-28T18:43:47.965563,03 00 03 00 44 67 30 3D,03000300,0.000000
5432,0,0x110,STD,8,2026-01-28T18:43:47.989569,03 00 03 00 72 C7 93 48,03000300,0.000000
5433,0,0x10F,STD,8,2026-01-28T18:43:48.046259,03 00 03 00 93 8F 02 3D,03000300,0.000000
5434,0,0x110,STD,8,2026-01-28T18:43:48.069768,03 00 03 00 95 BA 07 48,03000300,0.000000
5435,0,0x10F,STD,8,2026-01-28T18:43:48.129781,03 00 03 00 A3 A6 4F 3D,03000300,0.000000
5436,0,0x110,STD,8,2026-01-28T18:43:48.153787,03 00 03 00 8D 91 AF 48,03000300,0.000000
5437,0,0x10F,STD,8,2026-01-28T18:43:48.210800,03 00 03 00 15 07 FC 3C,03000300,0.000000
5438,0,0x110,STD,8,2026-01-28T18:43:48.234805,03 00 03 00 07 14 6E 48,03000300,0.000000
5439,0,0x10F,STD,8,2026-01-28T18:43:48.291817,03 00 03 00 4D 69 D7 3C,03000300,0.000000
5440,0,0x110,STD,8,2026-01-28T18:43:48.315432,03 00 03 00 65 FE 79 48,03000300,0.000000
5441,0,0x10F,STD,8,2026-01-28T18:43:48.362443,03 00 03 00 DD BD 1E 3D,03000300,0.000000
5442,0,0x110,STD,8,2026-01-28T18:43:48.386448,03 00 03 00 6C 44 A9 48,03000300,0.000000
5443,0,0x10F,STD,8,2026-01-28T18:43:48.442816,03 00 03 00 B8 AB AB 3C,03000300,0.000000
5444,0,0x110,STD,8,2026-01-28T18:43:48.466823,03 00 03 00 48 C4 85 48,03000300,0.000000
5445,0,0x10F,STD,8,2026-01-28T18:43:48.523836,03 00 03 00 0A A0 36 3D,03000300,0.000000
5446,0,0x110,STD,8,2026-01-28T18:43:48.547841,03 00 03 00 E8 E7 8E 48,03000300,0.000000
5447,0,0x110,STD,8,2026-01-28T18:43:48.571400,03 00 02 00 2A E7 36 41,03000200,0.000000
5448,0,0x10F,STD,8,2026-01-28T18:43:48.571400,03 00 02 00 86 3B 35 41,03000200,0.000000
5449,0,0x110,STD,8,2026-01-28T18:43:48.571400,03 00 02 00 86 3B 35 41,03000200,0.000000
5450,0,0x10F,STD,8,2026-01-28T18:43:48.571400,03 00 01 00 00 00 00 00,03000100,0.000000
5451,0,0x10F,STD,8,2026-01-28T18:43:48.606407,03 00 03 00 E6 C4 2D 3D,03000300,0.000000
5452,0,0x110,STD,8,2026-01-28T18:43:48.630413,03 00 03 00 9F FB 23 48,03000300,0.000000
5453,0,0x10F,STD,8,2026-01-28T18:43:48.687425,03 00 03 00 3C F4 21 3D,03000300,0.000000
5454,0,0x110,STD,8,2026-01-28T18:43:48.711431,03 00 03 00 7C 8D 34 48,03000300,0.000000
5455,0,0x10F,STD,8,2026-01-28T18:43:48.768416,03 00 03 00 F2 82 2A 3D,03000300,0.000000
5456,0,0x110,STD,8,2026-01-28T18:43:48.792421,03 00 03 00 20 0D 37 48,03000300,0.000000
5457,0,0x10F,STD,8,2026-01-28T18:43:48.849519,03 00 03 00 61 91 FA 3C,03000300,0.000000
5458,0,0x110,STD,8,2026-01-28T18:43:48.873525,03 00 03 00 EB 00 41 48,03000300,0.000000
5459,0,0x10F,STD,8,2026-01-28T18:43:48.919535,03 00 03 00 A1 FF 53 3D,03000300,0.000000
5460,0,0x110,STD,8,2026-01-28T18:43:48.943044,03 00 03 00 16 42 1E 48,03000300,0.000000
5461,0,0x10F,STD,8,2026-01-28T18:43:48.999375,03 00 03 00 A1 95 23 3D,03000300,0.000000
5462,0,0x110,STD,8,2026-01-28T18:43:49.023381,03 00 03 00 5F AE 4C 48,03000300,0.000000
5463,0,0x10F,STD,8,2026-01-28T18:43:49.080090,03 00 03 00 52 15 8A 3D,03000300,0.000000
5464,0,0x110,STD,8,2026-01-28T18:43:49.103597,03 00 03 00 DE 22 52 48,03000300,0.000000
5465,0,0x10F,STD,8,2026-01-28T18:43:49.160387,03 00 03 00 45 F6 84 3D,03000300,0.000000
5466,0,0x110,STD,8,2026-01-28T18:43:49.184393,03 00 03 00 09 98 82 48,03000300,0.000000
5467,0,0x10F,STD,8,2026-01-28T18:43:49.241406,03 00 03 00 15 7D 82 3D,03000300,0.000000
5468,0,0x110,STD,8,2026-01-28T18:43:49.265411,03 00 03 00 A8 AA 7C 48,03000300,0.000000
5469,0,0x10F,STD,8,2026-01-28T18:43:49.322037,03 00 03 00 4A 65 85 3D,03000300,0.000000
5470,0,0x110,STD,8,2026-01-28T18:43:49.346043,03 00 03 00 F3 91 66 48,03000300,0.000000
5471,0,0x10F,STD,8,2026-01-28T18:43:49.402882,03 00 03 00 C9 B7 6B 3D,03000300,0.000000
5472,0,0x110,STD,8,2026-01-28T18:43:49.426364,03 00 03 00 BD 15 27 48,03000300,0.000000
5473,0,0x10F,STD,8,2026-01-28T18:43:49.482878,03 00 03 00 08 CA 8D 3D,03000300,0.000000
5474,0,0x110,STD,8,2026-01-28T18:43:49.506388,03 00 03 00 18 6E 7A 48,03000300,0.000000
5475,0,0x10F,STD,8,2026-01-28T18:43:49.563400,03 00 03 00 DE 60 56 3D,03000300,0.000000
5476,0,0x110,STD,8,2026-01-28T18:43:49.587406,03 00 03 00 84 A7 BD 47,03000300,0.000000
5477,0,0x110,STD,8,2026-01-28T18:43:49.622414,03 00 01 00 00 00 00 00,03000100,0.000000
5478,0,0x10F,STD,8,2026-01-28T18:43:49.622414,03 00 02 00 C9 BC 2C 41,03000200,0.000000
5479,0,0x110,STD,8,2026-01-28T18:43:49.622414,03 00 02 00 C9 BC 2C 41,03000200,0.000000
5480,0,0x10F,STD,8,2026-01-28T18:43:49.622414,03 00 01 00 00 00 00 00,03000100,0.000000
5481,0,0x10F,STD,8,2026-01-28T18:43:49.646419,03 00 03 00 DD D1 49 3D,03000300,0.000000
5482,0,0x110,STD,8,2026-01-28T18:43:49.670425,03 00 03 00 5B 80 77 48,03000300,0.000000
5483,0,0x10F,STD,8,2026-01-28T18:43:49.716347,03 00 03 00 09 A1 50 3D,03000300,0.000000
5484,0,0x110,STD,8,2026-01-28T18:43:49.740353,03 00 03 00 6C 37 04 48,03000300,0.000000
5485,0,0x10F,STD,8,2026-01-28T18:43:49.797366,03 00 03 00 AA 0B 8C 3D,03000300,0.000000
5486,0,0x110,STD,8,2026-01-28T18:43:49.821371,03 00 03 00 49 B7 87 47,03000300,0.000000
5487,0,0x10F,STD,8,2026-01-28T18:43:49.878384,03 00 03 00 60 C5 72 3D,03000300,0.000000
5488,0,0x110,STD,8,2026-01-28T18:43:49.902389,03 00 03 00 DA D2 C4 47,03000300,0.000000
5489,0,0x10F,STD,8,2026-01-28T18:43:49.959402,03 00 03 00 64 78 7B 3D,03000300,0.000000
5490,0,0x110,STD,8,2026-01-28T18:43:49.983408,03 00 03 00 C4 CD 9E 48,03000300,0.000000
5491,0,0x10F,STD,8,2026-01-28T18:43:50.040420,03 00 03 00 66 BD 73 3D,03000300,0.000000
5492,0,0x110,STD,8,2026-01-28T18:43:50.064334,03 00 03 00 0C A3 41 48,03000300,0.000000
5493,0,0x10F,STD,8,2026-01-28T18:43:50.121347,03 00 03 00 38 56 2A 3D,03000300,0.000000
5494,0,0x110,STD,8,2026-01-28T18:43:50.145353,03 00 03 00 AB B6 2B 48,03000300,0.000000
5495,0,0x10F,STD,8,2026-01-28T18:43:50.202365,03 00 03 00 85 99 94 3D,03000300,0.000000
5496,0,0x110,STD,8,2026-01-28T18:43:50.225876,03 00 03 00 70 84 60 48,03000300,0.000000
5497,0,0x10F,STD,8,2026-01-28T18:43:50.282888,03 00 03 00 DA E8 52 3D,03000300,0.000000
5498,0,0x110,STD,8,2026-01-28T18:43:50.306895,03 00 03 00 DB 77 11 48,03000300,0.000000
5499,0,0x10F,STD,8,2026-01-28T18:43:50.363907,03 00 03 00 17 E6 5C 3D,03000300,0.000000
5500,0,0x110,STD,8,2026-01-28T18:43:50.387912,03 00 03 00 F0 A8 60 48,03000300,0.000000
5501,0,0x10F,STD,8,2026-01-28T18:43:50.444925,03 00 03 00 24 04 9C 3D,03000300,0.000000
5502,0,0x110,STD,8,2026-01-28T18:43:50.468930,03 00 03 00 C1 A0 12 48,03000300,0.000000
5503,0,0x10F,STD,8,2026-01-28T18:43:50.514941,03 00 03 00 B0 CB 35 3D,03000300,0.000000
5504,0,0x110,STD,8,2026-01-28T18:43:50.538946,03 00 03 00 80 9B A8 48,03000300,0.000000
5505,0,0x10F,STD,8,2026-01-28T18:43:50.595362,03 00 03 00 8A 30 96 3D,03000300,0.000000
5506,0,0x110,STD,8,2026-01-28T18:43:50.619367,03 00 03 00 CD BD 93 48,03000300,0.000000
5507,0,0x10F,STD,8,2026-01-28T18:43:50.675884,03 00 03 00 77 80 77 3D,03000300,0.000000
5508,0,0x110,STD,8,2026-01-28T18:43:50.675884,03 00 01 00 00 00 00 00,03000100,0.000000
5509,0,0x10F,STD,8,2026-01-28T18:43:50.675884,03 00 01 00 00 00 00 00,03000100,0.000000
5510,0,0x110,STD,8,2026-01-28T18:43:50.675884,03 00 01 00 00 00 00 00,03000100,0.000000
5511,0,0x10F,STD,8,2026-01-28T18:43:50.675884,03 00 02 00 DE DF 46 41,03000200,0.000000
5512,0,0x110,STD,8,2026-01-28T18:43:50.699889,03 00 03 00 4C 07 EE 47,03000300,0.000000
5513,0,0x10F,STD,8,2026-01-28T18:43:50.756902,03 00 03 00 87 22 5E 3D,03000300,0.000000
5514,0,0x110,STD,8,2026-01-28T18:43:50.780907,03 00 03 00 6C F4 C5 47,03000300,0.000000
5515,0,0x10F,STD,8,2026-01-28T18:43:50.837920,03 00 03 00 B6 45 9B 3D,03000300,0.000000
5516,0,0x110,STD,8,2026-01-28T18:43:50.861428,03 00 03 00 3D 4F FC 47,03000300,0.000000
5517,0,0x10F,STD,8,2026-01-28T18:43:50.918441,03 00 03 00 A6 87 3D 3D,03000300,0.000000
5518,0,0x110,STD,8,2026-01-28T18:43:50.942446,03 00 03 00 5C 67 82 48,03000300,0.000000
5519,0,0x10F,STD,8,2026-01-28T18:43:50.999459,03 00 03 00 62 A5 71 3D,03000300,0.000000
5520,0,0x110,STD,8,2026-01-28T18:43:51.023464,03 00 03 00 F8 0E 6D 48,03000300,0.000000
5521,0,0x10F,STD,8,2026-01-28T18:43:51.080477,03 00 03 00 E0 80 1A 3D,03000300,0.000000
5522,0,0x110,STD,8,2026-01-28T18:43:51.104483,03 00 03 00 75 02 5F 48,03000300,0.000000
5523,0,0x10F,STD,8,2026-01-28T18:43:51.161495,03 00 03 00 D2 31 50 3D,03000300,0.000000
5524,0,0x110,STD,8,2026-01-28T18:43:51.185501,03 00 03 00 FE D9 25 48,03000300,0.000000
5525,0,0x10F,STD,8,2026-01-28T18:43:51.230324,03 00 03 00 A3 96 31 3D,03000300,0.000000
5526,0,0x110,STD,8,2026-01-28T18:43:51.265245,03 00 03 00 89 9B F0 47,03000300,0.000000
5527,0,0x10F,STD,8,2026-01-28T18:43:51.311256,03 00 03 00 FA DA F4 3C,03000300,0.000000
5528,0,0x110,STD,8,2026-01-28T18:43:51.335261,03 00 03 00 F6 A8 09 48,03000300,0.000000
5529,0,0x10F,STD,8,2026-01-28T18:43:51.392065,03 00 03 00 8A 8A 20 3D,03000300,0.000000
5530,0,0x110,STD,8,2026-01-28T18:43:51.415731,03 00 03 00 8C DA F4 47,03000300,0.000000
5531,0,0x10F,STD,8,2026-01-28T18:43:51.471319,03 00 03 00 73 2F F7 3C,03000300,0.000000
5532,0,0x110,STD,8,2026-01-28T18:43:51.495324,03 00 03 00 7C B9 2C 48,03000300,0.000000
5533,0,0x10F,STD,8,2026-01-28T18:43:51.552339,03 00 03 00 AF 50 46 3D,03000300,0.000000
5534,0,0x110,STD,8,2026-01-28T18:43:51.575427,03 00 03 00 94 E8 98 48,03000300,0.000000
5535,0,0x10F,STD,8,2026-01-28T18:43:51.632439,03 00 03 00 0C 61 04 3D,03000300,0.000000
5536,0,0x110,STD,8,2026-01-28T18:43:51.656445,03 00 03 00 35 25 3D 48,03000300,0.000000
5537,0,0x10F,STD,8,2026-01-28T18:43:51.713128,03 00 03 00 24 37 D9 3C,03000300,0.000000
5538,0,0x110,STD,8,2026-01-28T18:43:51.736637,03 00 03 00 F6 8F 00 48,03000300,0.000000
5539,0,0x110,STD,8,2026-01-28T18:43:51.736637,03 00 02 00 DE DF 46 41,03000200,0.000000
5540,0,0x10F,STD,8,2026-01-28T18:43:51.736637,03 00 01 00 00 00 00 00,03000100,0.000000
5541,0,0x110,STD,8,2026-01-28T18:43:51.738638,03 00 01 00 00 00 00 00,03000100,0.000000
5542,0,0x10F,STD,8,2026-01-28T18:43:51.738638,03 00 02 00 8B 31 34 41,03000200,0.000000
5543,0,0x10F,STD,8,2026-01-28T18:43:51.795651,03 00 03 00 CF C5 1B 3D,03000300,0.000000
5544,0,0x110,STD,8,2026-01-28T18:43:51.819656,03 00 03 00 8C 17 5A 48,03000300,0.000000
5545,0,0x10F,STD,8,2026-01-28T18:43:51.876669,03 00 03 00 17 F5 05 3D,03000300,0.000000
5546,0,0x110,STD,8,2026-01-28T18:43:51.900674,03 00 03 00 E8 45 B2 47,03000300,0.000000
5547,0,0x10F,STD,8,2026-01-28T18:43:51.957687,03 00 03 00 97 03 1B 3D,03000300,0.000000
5548,0,0x110,STD,8,2026-01-28T18:43:51.974146,03 00 03 00 23 B7 18 48,03000300,0.000000
5549,0,0x10F,STD,8,2026-01-28T18:43:52.031211,03 00 03 00 3F 96 2E 3D,03000300,0.000000
5550,0,0x110,STD,8,2026-01-28T18:43:52.055216,03 00 03 00 42 9D 26 48,03000300,0.000000
5551,0,0x10F,STD,8,2026-01-28T18:43:52.112229,03 00 03 00 8F C2 6F 3D,03000300,0.000000
5552,0,0x110,STD,8,2026-01-28T18:43:52.135531,03 00 03 00 4C 73 D8 47,03000300,0.000000
5553,0,0x10F,STD,8,2026-01-28T18:43:52.192048,03 00 03 00 F2 9B 28 3D,03000300,0.000000
5554,0,0x110,STD,8,2026-01-28T18:43:52.216053,03 00 03 00 7C 80 27 48,03000300,0.000000
5555,0,0x10F,STD,8,2026-01-28T18:43:52.273066,03 00 03 00 3F 08 83 3D,03000300,0.000000
5556,0,0x110,STD,8,2026-01-28T18:43:52.297071,03 00 03 00 35 0C 67 47,03000300,0.000000
5557,0,0x10F,STD,8,2026-01-28T18:43:52.354084,03 00 03 00 CD EA 80 3D,03000300,0.000000
5558,0,0x110,STD,8,2026-01-28T18:43:52.378090,03 00 03 00 A6 3A 42 47,03000300,0.000000
5559,0,0x10F,STD,8,2026-01-28T18:43:52.435102,03 00 03 00 30 22 31 3D,03000300,0.000000
5560,0,0x110,STD,8,2026-01-28T18:43:52.459108,03 00 03 00 5C 49 83 47,03000300,0.000000
5561,0,0x10F,STD,8,2026-01-28T18:43:52.516121,03 00 03 00 CE C0 7B 3D,03000300,0.000000
5562,0,0x110,STD,8,2026-01-28T18:43:52.529124,03 00 03 00 74 08 AC 47,03000300,0.000000
5563,0,0x10F,STD,8,2026-01-28T18:43:52.586136,03 00 03 00 26 03 4C 3D,03000300,0.000000
5564,0,0x110,STD,8,2026-01-28T18:43:52.610142,03 00 03 00 C9 B4 18 48,03000300,0.000000
5565,0,0x10F,STD,8,2026-01-28T18:43:52.667155,03 00 03 00 C0 1E 9A 3D,03000300,0.000000
5566,0,0x110,STD,8,2026-01-28T18:43:52.691160,03 00 03 00 33 11 88 47,03000300,0.000000
5567,0,0x10F,STD,8,2026-01-28T18:43:52.748172,03 00 03 00 A5 23 69 3D,03000300,0.000000
5568,0,0x110,STD,8,2026-01-28T18:43:52.772178,03 00 03 00 C9 12 CB 47,03000300,0.000000
5569,0,0x110,STD,8,2026-01-28T18:43:52.785181,03 00 02 00 8B 31 34 41,03000200,0.000000
5570,0,0x110,STD,8,2026-01-28T18:43:52.785181,03 00 01 00 00 00 00 00,03000100,0.000000
5571,0,0x10F,STD,8,2026-01-28T18:43:52.785181,03 00 02 00 F9 0F 39 41,03000200,0.000000
5572,0,0x110,STD,8,2026-01-28T18:43:52.785181,03 00 02 00 F9 0F 39 41,03000200,0.000000
5573,0,0x10F,STD,8,2026-01-28T18:43:52.829871,03 00 03 00 2D D5 47 3D,03000300,0.000000
5574,0,0x110,STD,8,2026-01-28T18:43:52.853877,03 00 03 00 A5 89 8D 47,03000300,0.000000
5575,0,0x10F,STD,8,2026-01-28T18:43:52.910890,03 00 03 00 68 BE 32 3D,03000300,0.000000
5576,0,0x110,STD,8,2026-01-28T18:43:52.934895,03 00 03 00 ED 08 04 48,03000300,0.000000
5577,0,0x10F,STD,8,2026-01-28T18:43:52.991440,03 00 03 00 09 8A 40 3D,03000300,0.000000
5578,0,0x110,STD,8,2026-01-28T18:43:53.014947,03 00 03 00 F0 E7 21 48,03000300,0.000000
5579,0,0x10F,STD,8,2026-01-28T18:43:53.071961,03 00 03 00 09 33 80 3D,03000300,0.000000
5580,0,0x110,STD,8,2026-01-28T18:43:53.087965,03 00 03 00 C9 9D 12 48,03000300,0.000000
5581,0,0x10F,STD,8,2026-01-28T18:43:53.145978,03 00 03 00 A9 6F 06 3D,03000300,0.000000
5582,0,0x110,STD,8,2026-01-28T18:43:53.169561,03 00 03 00 CD 76 CB 47,03000300,0.000000
5583,0,0x10F,STD,8,2026-01-28T18:43:53.226078,03 00 03 00 87 D0 7C 3D,03000300,0.000000
5584,0,0x110,STD,8,2026-01-28T18:43:53.250083,03 00 03 00 00 E7 F0 47,03000300,0.000000
5585,0,0x10F,STD,8,2026-01-28T18:43:53.307096,03 00 03 00 F2 9F 24 3D,03000300,0.000000
5586,0,0x110,STD,8,2026-01-28T18:43:53.330898,03 00 03 00 AF B5 0D 48,03000300,0.000000
5587,0,0x10F,STD,8,2026-01-28T18:43:53.387912,03 00 03 00 CC 88 5B 3D,03000300,0.000000
5588,0,0x110,STD,8,2026-01-28T18:43:53.411917,03 00 03 00 13 BA 51 48,03000300,0.000000
5589,0,0x10F,STD,8,2026-01-28T18:43:53.469361,03 00 03 00 8D 5C 54 3D,03000300,0.000000
5590,0,0x110,STD,8,2026-01-28T18:43:53.492670,03 00 03 00 C1 67 2E 48,03000300,0.000000
5591,0,0x10F,STD,8,2026-01-28T18:43:53.549683,03 00 03 00 7B 88 1D 3D,03000300,0.000000
5592,0,0x110,STD,8,2026-01-28T18:43:53.573688,03 00 03 00 68 77 66 48,03000300,0.000000
5593,0,0x10F,STD,8,2026-01-28T18:43:53.630250,03 00 03 00 B4 D6 8E 3D,03000300,0.000000
5594,0,0x110,STD,8,2026-01-28T18:43:53.654256,03 00 03 00 82 B8 7B 48,03000300,0.000000
5595,0,0x10F,STD,8,2026-01-28T18:43:53.711269,03 00 03 00 36 54 20 3D,03000300,0.000000
5596,0,0x110,STD,8,2026-01-28T18:43:53.735274,03 00 03 00 CD 40 71 48,03000300,0.000000
5597,0,0x10F,STD,8,2026-01-28T18:43:53.792250,03 00 03 00 5D D3 72 3D,03000300,0.000000
5598,0,0x110,STD,8,2026-01-28T18:43:53.805253,03 00 03 00 18 FF 0E 48,03000300,0.000000
5599,0,0x10F,STD,8,2026-01-28T18:43:53.840261,03 00 01 00 00 00 00 00,03000100,0.000000
5600,0,0x10F,STD,8,2026-01-28T18:43:53.840261,03 00 01 00 00 00 00 00,03000100,0.000000
5601,0,0x10F,STD,8,2026-01-28T18:43:53.840261,03 00 02 00 C2 DE 3D 41,03000200,0.000000
5602,0,0x110,STD,8,2026-01-28T18:43:53.840261,03 00 01 00 00 00 00 00,03000100,0.000000
5603,0,0x10F,STD,8,2026-01-28T18:43:53.864231,03 00 03 00 F2 55 7F 3D,03000300,0.000000
5604,0,0x110,STD,8,2026-01-28T18:43:53.888237,03 00 03 00 FD 0D A1 48,03000300,0.000000
5605,0,0x10F,STD,8,2026-01-28T18:43:53.944752,03 00 03 00 7F 22 3D 3D,03000300,0.000000
5606,0,0x110,STD,8,2026-01-28T18:43:53.968757,03 00 03 00 56 81 46 48,03000300,0.000000
5607,0,0x10F,STD,8,2026-01-28T18:43:54.024839,03 00 03 00 03 62 9C 3D,03000300,0.000000
5608,0,0x110,STD,8,2026-01-28T18:43:54.048346,03 00 03 00 5A 69 6B 48,03000300,0.000000
5609,0,0x10F,STD,8,2026-01-28T18:43:54.105360,03 00 03 00 D7 47 6F 3D,03000300,0.000000
5610,0,0x110,STD,8,2026-01-28T18:43:54.129364,03 00 03 00 71 B2 36 48,03000300,0.000000
5611,0,0x10F,STD,8,2026-01-28T18:43:54.186249,03 00 03 00 C8 90 84 3D,03000300,0.000000
5612,0,0x110,STD,8,2026-01-28T18:43:54.210255,03 00 03 00 64 55 51 48,03000300,0.000000
5613,0,0x10F,STD,8,2026-01-28T18:43:54.266773,03 00 03 00 21 8A 58 3D,03000300,0.000000
5614,0,0x110,STD,8,2026-01-28T18:43:54.290646,03 00 03 00 AA 07 91 48,03000300,0.000000
5615,0,0x10F,STD,8,2026-01-28T18:43:54.347662,03 00 03 00 80 64 39 3D,03000300,0.000000
5616,0,0x110,STD,8,2026-01-28T18:43:54.371669,03 00 03 00 AD 42 A6 47,03000300,0.000000
5617,0,0x10F,STD,8,2026-01-28T18:43:54.428185,03 00 03 00 CF A1 25 3D,03000300,0.000000
5618,0,0x110,STD,8,2026-01-28T18:43:54.452190,03 00 03 00 57 D3 20 48,03000300,0.000000
5619,0,0x10F,STD,8,2026-01-28T18:43:54.498230,03 00 03 00 AC E0 2A 3D,03000300,0.000000
5620,0,0x110,STD,8,2026-01-28T18:43:54.533239,03 00 03 00 3C 05 68 48,03000300,0.000000
5621,0,0x10F,STD,8,2026-01-28T18:43:54.579249,03 00 03 00 B5 D9 73 3D,03000300,0.000000
5622,0,0x110,STD,8,2026-01-28T18:43:54.603256,03 00 03 00 C0 D7 0A 48,03000300,0.000000
5623,0,0x10F,STD,8,2026-01-28T18:43:54.659642,03 00 03 00 44 C3 FB 3C,03000300,0.000000
5624,0,0x110,STD,8,2026-01-28T18:43:54.683150,03 00 03 00 C9 E7 F0 47,03000300,0.000000
5625,0,0x10F,STD,8,2026-01-28T18:43:54.740164,03 00 03 00 9C D1 75 3D,03000300,0.000000
5626,0,0x110,STD,8,2026-01-28T18:43:54.764169,03 00 03 00 93 8F 30 48,03000300,0.000000
5627,0,0x10F,STD,8,2026-01-28T18:43:54.821038,03 00 03 00 32 00 53 3D,03000300,0.000000
5628,0,0x110,STD,8,2026-01-28T18:43:54.845043,03 00 03 00 A3 8F 2E 48,03000300,0.000000
5629,0,0x10F,STD,8,2026-01-28T18:43:54.901635,03 00 03 00 7D 9A 4C 3D,03000300,0.000000
5630,0,0x110,STD,8,2026-01-28T18:43:54.901635,03 00 02 00 C2 DE 3D 41,03000200,0.000000
5631,0,0x10F,STD,8,2026-01-28T18:43:54.903635,03 00 02 00 5F 65 2F 41,03000200,0.000000
5632,0,0x110,STD,8,2026-01-28T18:43:54.903635,03 00 02 00 5F 65 2F 41,03000200,0.000000
5633,0,0x10F,STD,8,2026-01-28T18:43:54.903635,03 00 01 00 00 00 00 00,03000100,0.000000
5634,0,0x110,STD,8,2026-01-28T18:43:54.927146,03 00 03 00 58 74 C0 47,03000300,0.000000
5635,0,0x10F,STD,8,2026-01-28T18:43:54.984159,03 00 03 00 E3 5E 67 3D,03000300,0.000000
5636,0,0x110,STD,8,2026-01-28T18:43:55.008167,03 00 03 00 F4 30 91 47,03000300,0.000000
5637,0,0x10F,STD,8,2026-01-28T18:43:55.064754,03 00 03 00 9D D6 0D 3D,03000300,0.000000
5638,0,0x110,STD,8,2026-01-28T18:43:55.088760,03 00 03 00 D5 96 0A 48,03000300,0.000000
5639,0,0x10F,STD,8,2026-01-28T18:43:55.145773,03 00 03 00 EA 13 21 3D,03000300,0.000000
5640,0,0x110,STD,8,2026-01-28T18:43:55.169778,03 00 03 00 B9 43 8E 47,03000300,0.000000
5641,0,0x10F,STD,8,2026-01-28T18:43:55.226507,03 00 03 00 70 78 DF 3C,03000300,0.000000
5642,0,0x110,STD,8,2026-01-28T18:43:55.250512,03 00 03 00 4A EE C1 47,03000300,0.000000
5643,0,0x10F,STD,8,2026-01-28T18:43:55.307050,03 00 03 00 26 32 2C 3D,03000300,0.000000
5644,0,0x110,STD,8,2026-01-28T18:43:55.320053,03 00 03 00 FF 94 43 48,03000300,0.000000
5645,0,0x10F,STD,8,2026-01-28T18:43:55.377066,03 00 03 00 9E BC 41 3D,03000300,0.000000
5646,0,0x110,STD,8,2026-01-28T18:43:55.401072,03 00 03 00 D9 5D 9C 48,03000300,0.000000
5647,0,0x10F,STD,8,2026-01-28T18:43:55.458084,03 00 03 00 3A 97 53 3D,03000300,0.000000
5648,0,0x110,STD,8,2026-01-28T18:43:55.482090,03 00 03 00 68 A0 FB 47,03000300,0.000000
5649,0,0x10F,STD,8,2026-01-28T18:43:55.539102,03 00 03 00 69 A4 96 3D,03000300,0.000000
5650,0,0x110,STD,8,2026-01-28T18:43:55.563108,03 00 03 00 BF 70 A4 48,03000300,0.000000
5651,0,0x10F,STD,8,2026-01-28T18:43:55.620121,03 00 03 00 E7 6D 80 3D,03000300,0.000000
5652,0,0x110,STD,8,2026-01-28T18:43:55.643630,03 00 03 00 33 1C 42 48,03000300,0.000000
5653,0,0x10F,STD,8,2026-01-28T18:43:55.700643,03 00 03 00 B7 93 8D 3D,03000300,0.000000
5654,0,0x110,STD,8,2026-01-28T18:43:55.724648,03 00 03 00 12 4B 62 48,03000300,0.000000
5655,0,0x10F,STD,8,2026-01-28T18:43:55.780989,03 00 03 00 92 B1 40 3D,03000300,0.000000
5656,0,0x110,STD,8,2026-01-28T18:43:55.804995,03 00 03 00 79 A5 8E 48,03000300,0.000000
5657,0,0x10F,STD,8,2026-01-28T18:43:55.862008,03 00 03 00 FB 11 48 3D,03000300,0.000000
5658,0,0x110,STD,8,2026-01-28T18:43:55.886013,03 00 03 00 96 00 0E 48,03000300,0.000000
5659,0,0x10F,STD,8,2026-01-28T18:43:55.943025,03 00 03 00 98 54 10 3D,03000300,0.000000
5660,0,0x110,STD,8,2026-01-28T18:43:55.955355,03 00 01 00 00 00 00 00,03000100,0.000000
5661,0,0x10F,STD,8,2026-01-28T18:43:55.955355,03 00 02 00 E0 92 49 41,03000200,0.000000
5662,0,0x110,STD,8,2026-01-28T18:43:55.955355,03 00 02 00 E0 92 49 41,03000200,0.000000
5663,0,0x10F,STD,8,2026-01-28T18:43:55.955355,03 00 01 00 00 00 00 00,03000100,0.000000
5664,0,0x110,STD,8,2026-01-28T18:43:55.957356,03 00 03 00 53 03 BD 48,03000300,0.000000
5665,0,0x10F,STD,8,2026-01-28T18:43:56.014369,03 00 03 00 54 38 25 3D,03000300,0.000000
5666,0,0x110,STD,8,2026-01-28T18:43:56.038374,03 00 03 00 5F BC 86 48,03000300,0.000000
5667,0,0x10F,STD,8,2026-01-28T18:43:56.097388,03 00 03 00 82 42 2C 3D,03000300,0.000000
5668,0,0x110,STD,8,2026-01-28T18:43:56.121393,03 00 03 00 3A F3 C2 48,03000300,0.000000
5669,0,0x10F,STD,8,2026-01-28T18:43:56.177909,03 00 03 00 65 9B 2B 3D,03000300,0.000000
5670,0,0x110,STD,8,2026-01-28T18:43:56.201418,03 00 03 00 FD 86 E7 48,03000300,0.000000
5671,0,0x10F,STD,8,2026-01-28T18:43:56.258431,03 00 03 00 9D 6A 40 3D,03000300,0.000000
5672,0,0x110,STD,8,2026-01-28T18:43:56.282436,03 00 03 00 29 01 A1 48,03000300,0.000000
5673,0,0x10F,STD,8,2026-01-28T18:43:56.339449,03 00 03 00 75 7C 17 3D,03000300,0.000000
5674,0,0x110,STD,8,2026-01-28T18:43:56.363164,03 00 03 00 4A 33 AB 48,03000300,0.000000
5675,0,0x10F,STD,8,2026-01-28T18:43:56.420177,03 00 03 00 4E 42 4D 3D,03000300,0.000000
5676,0,0x110,STD,8,2026-01-28T18:43:56.444182,03 00 03 00 8B 0E B9 48,03000300,0.000000
5677,0,0x10F,STD,8,2026-01-28T18:43:56.501195,03 00 03 00 80 7E 24 3D,03000300,0.000000
5678,0,0x110,STD,8,2026-01-28T18:43:56.525200,03 00 03 00 46 A6 B1 48,03000300,0.000000
5679,0,0x10F,STD,8,2026-01-28T18:43:56.571214,03 00 03 00 FC DA 51 3D,03000300,0.000000
5680,0,0x110,STD,8,2026-01-28T18:43:56.595221,03 00 03 00 89 ED 8F 48,03000300,0.000000
5681,0,0x10F,STD,8,2026-01-28T18:43:56.652234,03 00 03 00 73 8D 60 3D,03000300,0.000000
5682,0,0x110,STD,8,2026-01-28T18:43:56.676240,03 00 03 00 6E 72 2D 48,03000300,0.000000
5683,0,0x10F,STD,8,2026-01-28T18:43:56.733252,03 00 03 00 8C DC 0D 3D,03000300,0.000000
5684,0,0x110,STD,8,2026-01-28T18:43:56.757258,03 00 03 00 CF CC 71 48,03000300,0.000000
5685,0,0x10F,STD,8,2026-01-28T18:43:56.813774,03 00 03 00 B2 FA 71 3D,03000300,0.000000
5686,0,0x110,STD,8,2026-01-28T18:43:56.837283,03 00 03 00 5C ED B5 47,03000300,0.000000
5687,0,0x10F,STD,8,2026-01-28T18:43:56.893599,03 00 03 00 78 9C 3E 3D,03000300,0.000000
5688,0,0x110,STD,8,2026-01-28T18:43:56.917603,03 00 03 00 41 26 67 48,03000300,0.000000
5689,0,0x10F,STD,8,2026-01-28T18:43:56.973907,03 00 03 00 33 64 3A 3D,03000300,0.000000
5690,0,0x110,STD,8,2026-01-28T18:43:56.997913,03 00 03 00 3B 94 F6 47,03000300,0.000000
5691,0,0x110,STD,8,2026-01-28T18:43:57.010687,03 00 01 00 00 00 00 00,03000100,0.000000
5692,0,0x10F,STD,8,2026-01-28T18:43:57.010687,03 00 02 00 6E 0D 4A 41,03000200,0.000000
5693,0,0x110,STD,8,2026-01-28T18:43:57.010687,03 00 02 00 6E 0D 4A 41,03000200,0.000000
5694,0,0x10F,STD,8,2026-01-28T18:43:57.010687,03 00 01 00 00 00 00 00,03000100,0.000000
5695,0,0x10F,STD,8,2026-01-28T18:43:57.056697,03 00 03 00 07 74 46 3D,03000300,0.000000
5696,0,0x110,STD,8,2026-01-28T18:43:57.080702,03 00 03 00 71 ED 25 48,03000300,0.000000
5697,0,0x10F,STD,8,2026-01-28T18:43:57.137715,03 00 03 00 92 A6 2F 3D,03000300,0.000000
5698,0,0x110,STD,8,2026-01-28T18:43:57.160965,03 00 03 00 2C F5 11 48,03000300,0.000000
5699,0,0x10F,STD,8,2026-01-28T18:43:57.217479,03 00 03 00 30 99 55 3D,03000300,0.000000
5700,0,0x110,STD,8,2026-01-28T18:43:57.241485,03 00 03 00 9E B7 B0 48,03000300,0.000000
5701,0,0x10F,STD,8,2026-01-28T18:43:57.298108,03 00 03 00 73 99 3D 3D,03000300,0.000000
5702,0,0x110,STD,8,2026-01-28T18:43:57.322112,03 00 03 00 B8 CE 5F 48,03000300,0.000000
5703,0,0x10F,STD,8,2026-01-28T18:43:57.368123,03 00 03 00 83 3A 59 3D,03000300,0.000000
5704,0,0x110,STD,8,2026-01-28T18:43:57.392129,03 00 03 00 87 71 AE 48,03000300,0.000000
5705,0,0x10F,STD,8,2026-01-28T18:43:57.449141,03 00 03 00 3E CE 17 3D,03000300,0.000000
5706,0,0x110,STD,8,2026-01-28T18:43:57.472675,03 00 03 00 4F B3 9D 48,03000300,0.000000
5707,0,0x10F,STD,8,2026-01-28T18:43:57.528870,03 00 03 00 82 7D 6B 3D,03000300,0.000000
5708,0,0x110,STD,8,2026-01-28T18:43:57.552874,03 00 03 00 F3 2B 44 48,03000300,0.000000
5709,0,0x10F,STD,8,2026-01-28T18:43:57.609390,03 00 03 00 0B 74 63 3D,03000300,0.000000
5710,0,0x110,STD,8,2026-01-28T18:43:57.633395,03 00 03 00 93 D4 71 48,03000300,0.000000
5711,0,0x10F,STD,8,2026-01-28T18:43:57.690408,03 00 03 00 5C 5E 0C 3D,03000300,0.000000
5712,0,0x110,STD,8,2026-01-28T18:43:57.714414,03 00 03 00 38 7A 82 48,03000300,0.000000
5713,0,0x10F,STD,8,2026-01-28T18:43:57.770985,03 00 03 00 8B DE 70 3D,03000300,0.000000
5714,0,0x110,STD,8,2026-01-28T18:43:57.794990,03 00 03 00 76 92 A7 48,03000300,0.000000
5715,0,0x10F,STD,8,2026-01-28T18:43:57.852003,03 00 03 00 50 B0 2B 3D,03000300,0.000000
5716,0,0x110,STD,8,2026-01-28T18:43:57.876008,03 00 03 00 99 28 16 48,03000300,0.000000
5717,0,0x10F,STD,8,2026-01-28T18:43:57.933021,03 00 03 00 68 41 4E 3D,03000300,0.000000
5718,0,0x110,STD,8,2026-01-28T18:43:57.960028,03 00 03 00 BF EA 8E 47,03000300,0.000000
5719,0,0x10F,STD,8,2026-01-28T18:43:58.017039,03 00 03 00 F3 02 7C 3D,03000300,0.000000
5720,0,0x110,STD,8,2026-01-28T18:43:58.030043,03 00 03 00 23 5E 92 48,03000300,0.000000
5721,0,0x110,STD,8,2026-01-28T18:43:58.065050,03 00 01 00 00 00 00 00,03000100,0.000000
5722,0,0x110,STD,8,2026-01-28T18:43:58.065050,03 00 02 00 A9 84 2F 41,03000200,0.000000
5723,0,0x10F,STD,8,2026-01-28T18:43:58.065745,03 00 01 00 00 00 00 00,03000100,0.000000
5724,0,0x110,STD,8,2026-01-28T18:43:58.066050,03 00 01 00 00 00 00 00,03000100,0.000000
5725,0,0x10F,STD,8,2026-01-28T18:43:58.089933,03 00 03 00 E5 AC 38 3D,03000300,0.000000
5726,0,0x110,STD,8,2026-01-28T18:43:58.113938,03 00 03 00 CA 12 70 48,03000300,0.000000
5727,0,0x10F,STD,8,2026-01-28T18:43:58.170951,03 00 03 00 8A 39 5A 3D,03000300,0.000000
5728,0,0x110,STD,8,2026-01-28T18:43:58.194957,03 00 03 00 D7 CA 92 47,03000300,0.000000
5729,0,0x10F,STD,8,2026-01-28T18:43:58.251970,03 00 03 00 B1 57 68 3D,03000300,0.000000
5730,0,0x110,STD,8,2026-01-28T18:43:58.275975,03 00 03 00 3C FC B4 47,03000300,0.000000
5731,0,0x10F,STD,8,2026-01-28T18:43:58.332987,03 00 03 00 49 B9 46 3D,03000300,0.000000
5732,0,0x110,STD,8,2026-01-28T18:43:58.360541,03 00 03 00 DC F2 80 47,03000300,0.000000
5733,0,0x10F,STD,8,2026-01-28T18:43:58.406551,03 00 03 00 D4 FA 5C 3D,03000300,0.000000
5734,0,0x110,STD,8,2026-01-28T18:43:58.430059,03 00 03 00 1A 93 17 48,03000300,0.000000
5735,0,0x10F,STD,8,2026-01-28T18:43:58.487072,03 00 03 00 B1 4B 89 3D,03000300,0.000000
5736,0,0x110,STD,8,2026-01-28T18:43:58.511098,03 00 03 00 C2 A6 15 48,03000300,0.000000
5737,0,0x10F,STD,8,2026-01-28T18:43:58.568092,03 00 03 00 A5 3E 3C 3D,03000300,0.000000
5738,0,0x110,STD,8,2026-01-28T18:43:58.592099,03 00 03 00 21 C2 21 48,03000300,0.000000
5739,0,0x10F,STD,8,2026-01-28T18:43:58.649112,03 00 03 00 B3 38 93 3D,03000300,0.000000
5740,0,0x110,STD,8,2026-01-28T18:43:58.673129,03 00 03 00 69 99 B4 48,03000300,0.000000
5741,0,0x10F,STD,8,2026-01-28T18:43:58.729647,03 00 03 00 87 57 64 3D,03000300,0.000000
5742,0,0x110,STD,8,2026-01-28T18:43:58.753652,03 00 03 00 72 A4 B4 48,03000300,0.000000
5743,0,0x10F,STD,8,2026-01-28T18:43:58.810665,03 00 03 00 18 85 45 3D,03000300,0.000000
5744,0,0x110,STD,8,2026-01-28T18:43:58.834060,03 00 03 00 8B 26 A1 48,03000300,0.000000
5745,0,0x10F,STD,8,2026-01-28T18:43:58.890604,03 00 03 00 21 15 76 3D,03000300,0.000000
5746,0,0x110,STD,8,2026-01-28T18:43:58.914610,03 00 03 00 4D 28 CD 48,03000300,0.000000
5747,0,0x10F,STD,8,2026-01-28T18:43:58.971623,03 00 03 00 E4 AC 27 3D,03000300,0.000000
5748,0,0x110,STD,8,2026-01-28T18:43:58.995628,03 00 03 00 1A E6 24 48,03000300,0.000000
5749,0,0x10F,STD,8,2026-01-28T18:43:59.052641,03 00 03 00 13 EF A9 3D,03000300,0.000000
5750,0,0x110,STD,8,2026-01-28T18:43:59.076646,03 00 03 00 16 5D E0 47,03000300,0.000000
5751,0,0x10F,STD,8,2026-01-28T18:43:59.100652,03 00 02 00 A9 84 2F 41,03000200,0.000000
5752,0,0x10F,STD,8,2026-01-28T18:43:59.100652,03 00 01 00 00 00 00 00,03000100,0.000000
5753,0,0x110,STD,8,2026-01-28T18:43:59.100652,03 00 01 00 00 00 00 00,03000100,0.000000
5754,0,0x10F,STD,8,2026-01-28T18:43:59.102652,03 00 02 00 E5 39 44 41,03000200,0.000000
5755,0,0x10F,STD,8,2026-01-28T18:43:59.126657,03 00 03 00 2F 8C 5C 3D,03000300,0.000000
5756,0,0x110,STD,8,2026-01-28T18:43:59.150663,03 00 03 00 93 D2 F0 47,03000300,0.000000
5757,0,0x10F,STD,8,2026-01-28T18:43:59.207124,03 00 03 00 30 E9 90 3D,03000300,0.000000
5758,0,0x110,STD,8,2026-01-28T18:43:59.231129,03 00 03 00 9F ED 87 47,03000300,0.000000
5759,0,0x10F,STD,8,2026-01-28T18:43:59.287645,03 00 03 00 72 04 9D 3D,03000300,0.000000
5760,0,0x110,STD,8,2026-01-28T18:43:59.311154,03 00 03 00 4B 39 01 48,03000300,0.000000
5761,0,0x10F,STD,8,2026-01-28T18:43:59.368166,03 00 03 00 03 2F 45 3D,03000300,0.000000
5762,0,0x110,STD,8,2026-01-28T18:43:59.392172,03 00 03 00 5C 23 9E 47,03000300,0.000000
5763,0,0x10F,STD,8,2026-01-28T18:43:59.449184,03 00 03 00 44 DC B3 3D,03000300,0.000000
5764,0,0x110,STD,8,2026-01-28T18:43:59.473190,03 00 03 00 DF 7D 11 48,03000300,0.000000
5765,0,0x10F,STD,8,2026-01-28T18:43:59.530196,03 00 03 00 79 51 1E 3D,03000300,0.000000
5766,0,0x110,STD,8,2026-01-28T18:43:59.554202,03 00 03 00 4E 2E 2F 48,03000300,0.000000
5767,0,0x10F,STD,8,2026-01-28T18:43:59.600212,03 00 03 00 D7 65 90 3D,03000300,0.000000
5768,0,0x110,STD,8,2026-01-28T18:43:59.634894,03 00 03 00 5C FC 90 48,03000300,0.000000
5769,0,0x10F,STD,8,2026-01-28T18:43:59.680610,03 00 03 00 97 53 67 3D,03000300,0.000000
5770,0,0x110,STD,8,2026-01-28T18:43:59.704616,03 00 03 00 A8 A8 32 48,03000300,0.000000
5771,0,0x10F,STD,8,2026-01-28T18:43:59.760733,03 00 03 00 0A ED 5C 3D,03000300,0.000000
5772,0,0x110,STD,8,2026-01-28T18:43:59.784738,03 00 03 00 14 2C A8 48,03000300,0.000000
5773,0,0x10F,STD,8,2026-01-28T18:43:59.841751,03 00 03 00 4B 07 A1 3D,03000300,0.000000
5774,0,0x110,STD,8,2026-01-28T18:43:59.865757,03 00 03 00 2C E5 8F 48,03000300,0.000000
5775,0,0x10F,STD,8,2026-01-28T18:43:59.922397,03 00 03 00 79 C4 2A 3D,03000300,0.000000
5776,0,0x110,STD,8,2026-01-28T18:43:59.945926,03 00 03 00 7F 48 23 48,03000300,0.000000
5777,0,0x10F,STD,8,2026-01-28T18:44:00.002468,03 00 03 00 0C 0F A4 3D,03000300,0.000000
5778,0,0x110,STD,8,2026-01-28T18:44:00.026474,03 00 03 00 81 A6 82 48,03000300,0.000000
5779,0,0x10F,STD,8,2026-01-28T18:44:00.083486,03 00 03 00 65 9E 28 3D,03000300,0.000000
5780,0,0x110,STD,8,2026-01-28T18:44:00.106997,03 00 03 00 AA 1B 39 48,03000300,0.000000
5781,0,0x110,STD,8,2026-01-28T18:44:00.152510,03 00 02 00 E5 39 44 41,03000200,0.000000
5782,0,0x10F,STD,8,2026-01-28T18:44:00.152510,03 00 02 00 60 97 2E 41,03000200,0.000000
5783,0,0x110,STD,8,2026-01-28T18:44:00.152510,03 00 02 00 60 97 2E 41,03000200,0.000000
5784,0,0x10F,STD,8,2026-01-28T18:44:00.152510,03 00 01 00 00 00 00 00,03000100,0.000000
5785,0,0x10F,STD,8,2026-01-28T18:44:00.165513,03 00 03 00 A4 7C 8F 3D,03000300,0.000000
5786,0,0x110,STD,8,2026-01-28T18:44:00.189518,03 00 03 00 A1 FA 52 48,03000300,0.000000
5787,0,0x10F,STD,8,2026-01-28T18:44:00.246033,03 00 03 00 AC 4C 48 3D,03000300,0.000000
5788,0,0x110,STD,8,2026-01-28T18:44:00.270038,03 00 03 00 15 D9 71 48,03000300,0.000000
5789,0,0x10F,STD,8,2026-01-28T18:44:00.327052,03 00 03 00 F2 B4 38 3D,03000300,0.000000
5790,0,0x110,STD,8,2026-01-28T18:44:00.351057,03 00 03 00 A6 88 B3 48,03000300,0.000000
5791,0,0x10F,STD,8,2026-01-28T18:44:00.397067,03 00 03 00 46 D9 89 3D,03000300,0.000000
5792,0,0x110,STD,8,2026-01-28T18:44:00.432075,03 00 03 00 4C C3 80 48,03000300,0.000000
5793,0,0x10F,STD,8,2026-01-28T18:44:00.478086,03 00 03 00 7F 55 3A 3D,03000300,0.000000
5794,0,0x110,STD,8,2026-01-28T18:44:00.502091,03 00 03 00 77 B1 FD 47,03000300,0.000000
5795,0,0x10F,STD,8,2026-01-28T18:44:00.559104,03 00 03 00 86 21 8E 3D,03000300,0.000000
5796,0,0x110,STD,8,2026-01-28T18:44:00.583109,03 00 03 00 88 85 68 48,03000300,0.000000
5797,0,0x10F,STD,8,2026-01-28T18:44:00.640122,03 00 03 00 43 1F 6C 3D,03000300,0.000000
5798,0,0x110,STD,8,2026-01-28T18:44:00.664127,03 00 03 00 96 62 3B 48,03000300,0.000000
5799,0,0x10F,STD,8,2026-01-28T18:44:00.721140,03 00 03 00 01 39 7B 3D,03000300,0.000000
5800,0,0x110,STD,8,2026-01-28T18:44:00.745146,03 00 03 00 7E C5 C3 48,03000300,0.000000
5801,0,0x10F,STD,8,2026-01-28T18:44:00.802158,03 00 03 00 56 F6 8D 3D,03000300,0.000000
5802,0,0x110,STD,8,2026-01-28T18:44:00.826163,03 00 03 00 03 B3 CB 48,03000300,0.000000
5803,0,0x10F,STD,8,2026-01-28T18:44:00.883177,03 00 03 00 7A 86 60 3D,03000300,0.000000
5804,0,0x110,STD,8,2026-01-28T18:44:00.907182,03 00 03 00 BD E9 14 48,03000300,0.000000
5805,0,0x10F,STD,8,2026-01-28T18:44:00.966196,03 00 03 00 46 F5 5E 3D,03000300,0.000000
5806,0,0x110,STD,8,2026-01-28T18:44:00.979198,03 00 03 00 E6 97 02 48,03000300,0.000000
5807,0,0x10F,STD,8,2026-01-28T18:44:01.036211,03 00 03 00 22 AA 59 3D,03000300,0.000000
5808,0,0x110,STD,8,2026-01-28T18:44:01.060217,03 00 03 00 16 B2 0C 48,03000300,0.000000
5809,0,0x10F,STD,8,2026-01-28T18:44:01.117229,03 00 03 00 58 4C 44 3D,03000300,0.000000
5810,0,0x110,STD,8,2026-01-28T18:44:01.141235,03 00 03 00 18 A4 88 48,03000300,0.000000
5811,0,0x10F,STD,8,2026-01-28T18:44:01.197750,03 00 03 00 47 FA 5C 3D,03000300,0.000000
5812,0,0x110,STD,8,2026-01-28T18:44:01.210753,03 00 01 00 00 00 00 00,03000100,0.000000
5813,0,0x10F,STD,8,2026-01-28T18:44:01.210753,03 00 01 00 00 00 00 00,03000100,0.000000
5814,0,0x110,STD,8,2026-01-28T18:44:01.210753,03 00 01 00 00 00 00 00,03000100,0.000000
5815,0,0x10F,STD,8,2026-01-28T18:44:01.210753,03 00 02 00 2F 1E 2B 41,03000200,0.000000
5816,0,0x110,STD,8,2026-01-28T18:44:01.223756,03 00 03 00 53 F9 E3 48,03000300,0.000000
5817,0,0x10F,STD,8,2026-01-28T18:44:01.280769,03 00 03 00 4C 6C 72 3D,03000300,0.000000
5818,0,0x110,STD,8,2026-01-28T18:44:01.304774,03 00 03 00 26 8A BD 48,03000300,0.000000
5819,0,0x10F,STD,8,2026-01-28T18:44:01.361436,03 00 03 00 B3 1A 37 3D,03000300,0.000000
5820,0,0x110,STD,8,2026-01-28T18:44:01.385442,03 00 03 00 E9 1A F1 48,03000300,0.000000
5821,0,0x10F,STD,8,2026-01-28T18:44:01.442455,03 00 03 00 3D 04 72 3D,03000300,0.000000
5822,0,0x110,STD,8,2026-01-28T18:44:01.466460,03 00 03 00 98 19 C2 48,03000300,0.000000
5823,0,0x10F,STD,8,2026-01-28T18:44:01.523473,03 00 03 00 9F FA 68 3D,03000300,0.000000
5824,0,0x110,STD,8,2026-01-28T18:44:01.547478,03 00 03 00 85 8E C7 48,03000300,0.000000
5825,0,0x10F,STD,8,2026-01-28T18:44:01.593050,03 00 03 00 24 F8 6C 3D,03000300,0.000000
5826,0,0x110,STD,8,2026-01-28T18:44:01.617055,03 00 03 00 2F 38 47 48,03000300,0.000000
5827,0,0x10F,STD,8,2026-01-28T18:44:01.674068,03 00 03 00 BB 77 A5 3D,03000300,0.000000
5828,0,0x110,STD,8,2026-01-28T18:44:01.697603,03 00 03 00 36 8F 32 48,03000300,0.000000
5829,0,0x10F,STD,8,2026-01-28T18:44:01.754416,03 00 03 00 72 0D 49 3D,03000300,0.000000
5830,0,0x110,STD,8,2026-01-28T18:44:01.778422,03 00 03 00 94 E8 CF 48,03000300,0.000000
5831,0,0x10F,STD,8,2026-01-28T18:44:01.835435,03 00 03 00 13 4D 7B 3D,03000300,0.000000
5832,0,0x110,STD,8,2026-01-28T18:44:01.859441,03 00 03 00 54 92 81 48,03000300,0.000000
5833,0,0x10F,STD,8,2026-01-28T18:44:01.915994,03 00 03 00 24 3C 84 3D,03000300,0.000000
5834,0,0x110,STD,8,2026-01-28T18:44:01.940000,03 00 03 00 7D 4F EC 48,03000300,0.000000
5835,0,0x10F,STD,8,2026-01-28T18:44:01.996991,03 00 03 00 E6 11 8E 3D,03000300,0.000000
5836,0,0x110,STD,8,2026-01-28T18:44:02.020996,03 00 03 00 50 73 96 48,03000300,0.000000
5837,0,0x10F,STD,8,2026-01-28T18:44:02.078009,03 00 03 00 A9 12 B8 3D,03000300,0.000000
5838,0,0x110,STD,8,2026-01-28T18:44:02.102014,03 00 03 00 88 2D C8 48,03000300,0.000000
5839,0,0x10F,STD,8,2026-01-28T18:44:02.158591,03 00 03 00 DA F9 81 3D,03000300,0.000000
5840,0,0x110,STD,8,2026-01-28T18:44:02.182596,03 00 03 00 08 86 8E 48,03000300,0.000000
5841,0,0x10F,STD,8,2026-01-28T18:44:02.239609,03 00 03 00 BB 86 A5 3D,03000300,0.000000
5842,0,0x110,STD,8,2026-01-28T18:44:02.252612,03 00 02 00 2F 1E 2B 41,03000200,0.000000
5843,0,0x10F,STD,8,2026-01-28T18:44:02.252612,03 00 02 00 CC B0 4C 41,03000200,0.000000
5844,0,0x110,STD,8,2026-01-28T18:44:02.252612,03 00 02 00 CC B0 4C 41,03000200,0.000000
5845,0,0x10F,STD,8,2026-01-28T18:44:02.252612,03 00 01 00 00 00 00 00,03000100,0.000000
5846,0,0x10F,STD,8,2026-01-28T18:44:02.320628,03 00 03 00 72 1C 64 3D,03000300,0.000000
5847,0,0x110,STD,8,2026-01-28T18:44:02.344633,03 00 03 00 6D C6 E5 47,03000300,0.000000
5848,0,0x10F,STD,8,2026-01-28T18:44:02.390643,03 00 03 00 F7 4B 4E 3D,03000300,0.000000
5849,0,0x110,STD,8,2026-01-28T18:44:02.425651,03 00 03 00 6F 60 8A 48,03000300,0.000000
5850,0,0x10F,STD,8,2026-01-28T18:44:02.471662,03 00 03 00 BA 49 80 3D,03000300,0.000000
5851,0,0x110,STD,8,2026-01-28T18:44:02.495667,03 00 03 00 07 27 A6 48,03000300,0.000000
5852,0,0x10F,STD,8,2026-01-28T18:44:02.552680,03 00 03 00 4E E3 7D 3D,03000300,0.000000
5853,0,0x110,STD,8,2026-01-28T18:44:02.576685,03 00 03 00 7C C2 C7 48,03000300,0.000000
5854,0,0x10F,STD,8,2026-01-28T18:44:02.633698,03 00 03 00 FF D1 89 3D,03000300,0.000000
5855,0,0x110,STD,8,2026-01-28T18:44:02.657703,03 00 03 00 6F 6A 9A 48,03000300,0.000000
5856,0,0x10F,STD,8,2026-01-28T18:44:02.714716,03 00 03 00 AD F2 3B 3D,03000300,0.000000
5857,0,0x110,STD,8,2026-01-28T18:44:02.738722,03 00 03 00 D1 13 E6 47,03000300,0.000000
5858,0,0x10F,STD,8,2026-01-28T18:44:02.795734,03 00 03 00 50 CC 83 3D,03000300,0.000000
5859,0,0x110,STD,8,2026-01-28T18:44:02.819740,03 00 03 00 8A CA 51 48,03000300,0.000000
5860,0,0x10F,STD,8,2026-01-28T18:44:02.876753,03 00 03 00 A2 65 5D 3D,03000300,0.000000
5861,0,0x110,STD,8,2026-01-28T18:44:02.900758,03 00 03 00 26 77 3F 48,03000300,0.000000
5862,0,0x10F,STD,8,2026-01-28T18:44:02.957771,03 00 03 00 88 E1 55 3D,03000300,0.000000
5863,0,0x110,STD,8,2026-01-28T18:44:02.981776,03 00 03 00 8C 35 1D 48,03000300,0.000000
5864,0,0x10F,STD,8,2026-01-28T18:44:03.038789,03 00 03 00 16 4B 65 3D,03000300,0.000000
5865,0,0x110,STD,8,2026-01-28T18:44:03.051792,03 00 03 00 64 E3 8F 48,03000300,0.000000
5866,0,0x10F,STD,8,2026-01-28T18:44:03.108805,03 00 03 00 6B 62 37 3D,03000300,0.000000
5867,0,0x110,STD,8,2026-01-28T18:44:03.132811,03 00 03 00 60 7F B5 48,03000300,0.000000
5868,0,0x10F,STD,8,2026-01-28T18:44:03.189823,03 00 03 00 F2 B8 62 3D,03000300,0.000000
5869,0,0x110,STD,8,2026-01-28T18:44:03.213829,03 00 03 00 6D 90 B6 48,03000300,0.000000
5870,0,0x10F,STD,8,2026-01-28T18:44:03.270382,03 00 03 00 F0 3D 31 3D,03000300,0.000000
5871,0,0x110,STD,8,2026-01-28T18:44:03.293957,03 00 03 00 35 3C 46 48,03000300,0.000000
5872,0,0x110,STD,8,2026-01-28T18:44:03.306960,03 00 01 00 00 00 00 00,03000100,0.000000
5873,0,0x10F,STD,8,2026-01-28T18:44:03.306960,03 00 02 00 47 A4 34 41,03000200,0.000000
5874,0,0x110,STD,8,2026-01-28T18:44:03.306960,03 00 02 00 47 A4 34 41,03000200,0.000000
5875,0,0x10F,STD,8,2026-01-28T18:44:03.306960,03 00 01 00 00 00 00 00,03000100,0.000000
5876,0,0x10F,STD,8,2026-01-28T18:44:03.352970,03 00 03 00 03 68 61 3D,03000300,0.000000
5877,0,0x110,STD,8,2026-01-28T18:44:03.376976,03 00 03 00 22 E8 B0 48,03000300,0.000000
5878,0,0x10F,STD,8,2026-01-28T18:44:03.433404,03 00 03 00 07 AF 52 3D,03000300,0.000000
5879,0,0x110,STD,8,2026-01-28T18:44:03.457409,03 00 03 00 77 6D AB 48,03000300,0.000000
5880,0,0x10F,STD,8,2026-01-28T18:44:03.514422,03 00 03 00 8D 95 22 3D,03000300,0.000000
5881,0,0x110,STD,8,2026-01-28T18:44:03.537931,03 00 03 00 EE 5C C2 48,03000300,0.000000
5882,0,0x10F,STD,8,2026-01-28T18:44:03.594448,03 00 03 00 83 E0 76 3D,03000300,0.000000
5883,0,0x110,STD,8,2026-01-28T18:44:03.618453,03 00 03 00 A3 AC F1 48,03000300,0.000000
5884,0,0x10F,STD,8,2026-01-28T18:44:03.675467,03 00 03 00 DE AE 1B 3D,03000300,0.000000
5885,0,0x110,STD,8,2026-01-28T18:44:03.699471,03 00 03 00 2E 50 D2 48,03000300,0.000000
5886,0,0x10F,STD,8,2026-01-28T18:44:03.756485,03 00 03 00 C2 4B 36 3D,03000300,0.000000
5887,0,0x110,STD,8,2026-01-28T18:44:03.769487,03 00 03 00 F7 08 8D 48,03000300,0.000000
5888,0,0x10F,STD,8,2026-01-28T18:44:03.826279,03 00 03 00 D4 C4 2C 3D,03000300,0.000000
5889,0,0x110,STD,8,2026-01-28T18:44:03.850284,03 00 03 00 49 8B 55 48,03000300,0.000000
5890,0,0x10F,STD,8,2026-01-28T18:44:03.907297,03 00 03 00 ED 66 45 3D,03000300,0.000000
5891,0,0x110,STD,8,2026-01-28T18:44:03.931302,03 00 03 00 90 92 80 47,03000300,0.000000
5892,0,0x10F,STD,8,2026-01-28T18:44:03.988315,03 00 03 00 F1 30 58 3D,03000300,0.000000
5893,0,0x110,STD,8,2026-01-28T18:44:04.012321,03 00 03 00 5B 3C 1D 48,03000300,0.000000
5894,0,0x10F,STD,8,2026-01-28T18:44:04.069334,03 00 03 00 F0 04 82 3D,03000300,0.000000
5895,0,0x110,STD,8,2026-01-28T18:44:04.093339,03 00 03 00 71 F2 44 48,03000300,0.000000
5896,0,0x10F,STD,8,2026-01-28T18:44:04.149936,03 00 03 00 FF BF 9B 3D,03000300,0.000000
5897,0,0x110,STD,8,2026-01-28T18:44:04.173942,03 00 03 00 41 3B C1 47,03000300,0.000000
5898,0,0x10F,STD,8,2026-01-28T18:44:04.230954,03 00 03 00 9F E6 5A 3D,03000300,0.000000
5899,0,0x110,STD,8,2026-01-28T18:44:04.254959,03 00 03 00 92 E4 69 48,03000300,0.000000
5900,0,0x10F,STD,8,2026-01-28T18:44:04.311973,03 00 03 00 54 EA A7 3D,03000300,0.000000
5901,0,0x110,STD,8,2026-01-28T18:44:04.335978,03 00 03 00 0F 37 A9 48,03000300,0.000000
5902,0,0x110,STD,8,2026-01-28T18:44:04.353982,03 00 01 00 00 00 00 00,03000100,0.000000
5903,0,0x110,STD,8,2026-01-28T18:44:04.353982,03 00 01 00 00 00 00 00,03000100,0.000000
5904,0,0x10F,STD,8,2026-01-28T18:44:04.353982,03 00 02 00 FF 3A 25 41,03000200,0.000000
5905,0,0x110,STD,8,2026-01-28T18:44:04.353982,03 00 02 00 FF 3A 25 41,03000200,0.000000
5906,0,0x10F,STD,8,2026-01-28T18:44:04.388990,03 00 03 00 56 50 6F 3D,03000300,0.000000
5907,0,0x110,STD,8,2026-01-28T18:44:04.412995,03 00 03 00 4D 00 76 48,03000300,0.000000
5908,0,0x10F,STD,8,2026-01-28T18:44:04.470008,03 00 03 00 1A 9F 7C 3D,03000300,0.000000
5909,0,0x110,STD,8,2026-01-28T18:44:04.494013,03 00 03 00 C2 24 04 48,03000300,0.000000
5910,0,0x10F,STD,8,2026-01-28T18:44:04.551026,03 00 03 00 E7 EF 6B 3D,03000300,0.000000
5911,0,0x110,STD,8,2026-01-28T18:44:04.575031,03 00 03 00 31 2F 94 47,03000300,0.000000
5912,0,0x10F,STD,8,2026-01-28T18:44:04.631547,03 00 03 00 ED 2D FF 3C,03000300,0.000000
5913,0,0x110,STD,8,2026-01-28T18:44:04.655553,03 00 03 00 7A 01 1C 48,03000300,0.000000
5914,0,0x10F,STD,8,2026-01-28T18:44:04.712101,03 00 03 00 86 90 6E 3D,03000300,0.000000
5915,0,0x110,STD,8,2026-01-28T18:44:04.736107,03 00 03 00 F0 21 5C 48,03000300,0.000000
5916,0,0x10F,STD,8,2026-01-28T18:44:04.782117,03 00 03 00 F5 00 12 3D,03000300,0.000000
5917,0,0x110,STD,8,2026-01-28T18:44:04.806122,03 00 03 00 6D AD 62 48,03000300,0.000000
5918,0,0x10F,STD,8,2026-01-28T18:44:04.863135,03 00 03 00 1E FD 2E 3D,03000300,0.000000
5919,0,0x110,STD,8,2026-01-28T18:44:04.887140,03 00 03 00 3D B1 22 48,03000300,0.000000
5920,0,0x10F,STD,8,2026-01-28T18:44:04.944153,03 00 03 00 85 B1 76 3D,03000300,0.000000
5921,0,0x110,STD,8,2026-01-28T18:44:04.968159,03 00 03 00 56 56 0C 48,03000300,0.000000
5922,0,0x10F,STD,8,2026-01-28T18:44:05.025172,03 00 03 00 DD BA 18 3D,03000300,0.000000
5923,0,0x110,STD,8,2026-01-28T18:44:05.049177,03 00 03 00 63 87 30 48,03000300,0.000000
5924,0,0x10F,STD,8,2026-01-28T18:44:05.106190,03 00 03 00 69 13 61 3D,03000300,0.000000
5925,0,0x110,STD,8,2026-01-28T18:44:05.130195,03 00 03 00 44 25 A6 47,03000300,0.000000
5926,0,0x10F,STD,8,2026-01-28T18:44:05.187208,03 00 03 00 0A 28 27 3D,03000300,0.000000
5927,0,0x110,STD,8,2026-01-28T18:44:05.211213,03 00 03 00 A5 4C 25 48,03000300,0.000000
5928,0,0x10F,STD,8,2026-01-28T18:44:05.268226,03 00 03 00 9A 8F 53 3D,03000300,0.000000
5929,0,0x110,STD,8,2026-01-28T18:44:05.292232,03 00 03 00 C5 93 C9 47,03000300,0.000000
5930,0,0x10F,STD,8,2026-01-28T18:44:05.349245,03 00 03 00 C0 01 32 3D,03000300,0.000000
5931,0,0x110,STD,8,2026-01-28T18:44:05.373250,03 00 03 00 57 4A B4 47,03000300,0.000000
5932,0,0x10F,STD,8,2026-01-28T18:44:05.386253,03 00 01 00 00 00 00 00,03000100,0.000000
5933,0,0x110,STD,8,2026-01-28T18:44:05.386253,03 00 02 00 51 8B 3D 41,03000200,0.000000
5934,0,0x10F,STD,8,2026-01-28T18:44:05.386253,03 00 01 00 00 00 00 00,03000100,0.000000
5935,0,0x110,STD,8,2026-01-28T18:44:05.386253,03 00 01 00 00 00 00 00,03000100,0.000000
5936,0,0x10F,STD,8,2026-01-28T18:44:05.421261,03 00 03 00 BD 3C 44 3D,03000300,0.000000
5937,0,0x110,STD,8,2026-01-28T18:44:05.445266,03 00 03 00 E2 18 F4 47,03000300,0.000000
5938,0,0x10F,STD,8,2026-01-28T18:44:05.502279,03 00 03 00 24 08 45 3D,03000300,0.000000
5939,0,0x110,STD,8,2026-01-28T18:44:05.526284,03 00 03 00 55 33 29 48,03000300,0.000000
5940,0,0x10F,STD,8,2026-01-28T18:44:05.583297,03 00 03 00 F8 32 55 3D,03000300,0.000000
5941,0,0x110,STD,8,2026-01-28T18:44:05.607303,03 00 03 00 AC 04 A0 47,03000300,0.000000
5942,0,0x10F,STD,8,2026-01-28T18:44:05.664315,03 00 03 00 7B 8E 57 3D,03000300,0.000000
5943,0,0x110,STD,8,2026-01-28T18:44:05.688321,03 00 03 00 1A 49 32 48,03000300,0.000000
5944,0,0x10F,STD,8,2026-01-28T18:44:05.745334,03 00 03 00 DD 76 2E 3D,03000300,0.000000
5945,0,0x110,STD,8,2026-01-28T18:44:05.769339,03 00 03 00 66 21 69 48,03000300,0.000000
5946,0,0x10F,STD,8,2026-01-28T18:44:05.826352,03 00 03 00 BB F7 4E 3D,03000300,0.000000
5947,0,0x110,STD,8,2026-01-28T18:44:05.850357,03 00 03 00 1A 4E 90 47,03000300,0.000000
5948,0,0x10F,STD,8,2026-01-28T18:44:05.907370,03 00 03 00 64 05 47 3D,03000300,0.000000
5949,0,0x110,STD,8,2026-01-28T18:44:05.931376,03 00 03 00 69 27 09 48,03000300,0.000000
5950,0,0x10F,STD,8,2026-01-28T18:44:05.977386,03 00 03 00 53 D4 50 3D,03000300,0.000000
5951,0,0x110,STD,8,2026-01-28T18:44:06.001392,03 00 03 00 B1 94 5B 48,03000300,0.000000
5952,0,0x10F,STD,8,2026-01-28T18:44:06.058404,03 00 03 00 27 D6 3D 3D,03000300,0.000000
5953,0,0x110,STD,8,2026-01-28T18:44:06.082410,03 00 03 00 21 E2 27 48,03000300,0.000000
5954,0,0x10F,STD,8,2026-01-28T18:44:06.139423,03 00 03 00 2E BD 7D 3D,03000300,0.000000
5955,0,0x110,STD,8,2026-01-28T18:44:06.163428,03 00 03 00 B5 72 4E 48,03000300,0.000000
5956,0,0x10F,STD,8,2026-01-28T18:44:06.220440,03 00 03 00 51 BF 74 3D,03000300,0.000000
5957,0,0x110,STD,8,2026-01-28T18:44:06.244446,03 00 03 00 A4 23 CA 47,03000300,0.000000
5958,0,0x10F,STD,8,2026-01-28T18:44:06.301459,03 00 03 00 40 E3 50 3D,03000300,0.000000
5959,0,0x110,STD,8,2026-01-28T18:44:06.325465,03 00 03 00 A3 6E 20 48,03000300,0.000000
5960,0,0x10F,STD,8,2026-01-28T18:44:06.384463,03 00 03 00 69 84 94 3D,03000300,0.000000
5961,0,0x110,STD,8,2026-01-28T18:44:06.408469,03 00 03 00 84 D0 3B 48,03000300,0.000000
5962,0,0x10F,STD,8,2026-01-28T18:44:06.442046,03 00 02 00 51 8B 3D 41,03000200,0.000000
5963,0,0x10F,STD,8,2026-01-28T18:44:06.442046,03 00 02 00 13 5B 29 41,03000200,0.000000
5964,0,0x10F,STD,8,2026-01-28T18:44:06.442046,03 00 01 00 00 00 00 00,03000100,0.000000
5965,0,0x110,STD,8,2026-01-28T18:44:06.442046,03 00 02 00 13 5B 29 41,03000200,0.000000
5966,0,0x10F,STD,8,2026-01-28T18:44:06.455022,03 00 03 00 A5 5F 48 3D,03000300,0.000000
5967,0,0x110,STD,8,2026-01-28T18:44:06.479027,03 00 03 00 9C 4E B3 47,03000300,0.000000
5968,0,0x10F,STD,8,2026-01-28T18:44:06.535855,03 00 03 00 7A 3F 74 3D,03000300,0.000000
5969,0,0x110,STD,8,2026-01-28T18:44:06.559860,03 00 03 00 77 78 16 48,03000300,0.000000
5970,0,0x10F,STD,8,2026-01-28T18:44:06.616873,03 00 03 00 20 FB 81 3D,03000300,0.000000
5971,0,0x110,STD,8,2026-01-28T18:44:06.640878,03 00 03 00 B1 B6 04 48,03000300,0.000000
5972,0,0x10F,STD,8,2026-01-28T18:44:06.696975,03 00 03 00 99 55 43 3D,03000300,0.000000
5973,0,0x110,STD,8,2026-01-28T18:44:06.720981,03 00 03 00 F5 09 9E 47,03000300,0.000000
5974,0,0x10F,STD,8,2026-01-28T18:44:06.777993,03 00 03 00 15 71 98 3D,03000300,0.000000
5975,0,0x110,STD,8,2026-01-28T18:44:06.801999,03 00 03 00 CA A5 02 48,03000300,0.000000
5976,0,0x10F,STD,8,2026-01-28T18:44:06.858852,03 00 03 00 B1 20 70 3D,03000300,0.000000
5977,0,0x110,STD,8,2026-01-28T18:44:06.882857,03 00 03 00 62 6D BE 48,03000300,0.000000
5978,0,0x10F,STD,8,2026-01-28T18:44:06.939870,03 00 03 00 7D 18 89 3D,03000300,0.000000
5979,0,0x110,STD,8,2026-01-28T18:44:06.963875,03 00 03 00 4B B0 9B 48,03000300,0.000000
5980,0,0x10F,STD,8,2026-01-28T18:44:07.020888,03 00 03 00 A0 15 72 3D,03000300,0.000000
5981,0,0x110,STD,8,2026-01-28T18:44:07.044894,03 00 03 00 DC 43 0E 48,03000300,0.000000
5982,0,0x10F,STD,8,2026-01-28T18:44:07.101906,03 00 03 00 2A D5 23 3D,03000300,0.000000
5983,0,0x110,STD,8,2026-01-28T18:44:07.125415,03 00 03 00 EB D1 5F 48,03000300,0.000000
5984,0,0x10F,STD,8,2026-01-28T18:44:07.182428,03 00 03 00 67 E1 0F 3D,03000300,0.000000
5985,0,0x110,STD,8,2026-01-28T18:44:07.206433,03 00 03 00 DC FE 10 48,03000300,0.000000
5986,0,0x10F,STD,8,2026-01-28T18:44:07.252444,03 00 03 00 6D 1F CB 3C,03000300,0.000000
5987,0,0x110,STD,8,2026-01-28T18:44:07.276449,03 00 03 00 E1 35 87 48,03000300,0.000000
5988,0,0x10F,STD,8,2026-01-28T18:44:07.333461,03 00 03 00 8C 9A 2D 3D,03000300,0.000000
5989,0,0x110,STD,8,2026-01-28T18:44:07.357467,03 00 03 00 41 18 ED 48,03000300,0.000000
5990,0,0x10F,STD,8,2026-01-28T18:44:07.414480,03 00 03 00 9E 1C E5 3C,03000300,0.000000
5991,0,0x110,STD,8,2026-01-28T18:44:07.438486,03 00 03 00 3F 8F 4F 48,03000300,0.000000
5992,0,0x110,STD,8,2026-01-28T18:44:07.495498,03 00 01 00 00 00 00 00,03000100,0.000000
5993,0,0x110,STD,8,2026-01-28T18:44:07.495498,03 00 01 00 00 00 00 00,03000100,0.000000
5994,0,0x110,STD,8,2026-01-28T18:44:07.495498,03 00 02 00 13 5B 29 41,03000200,0.000000
5995,0,0x10F,STD,8,2026-01-28T18:44:07.495498,03 00 01 00 00 00 00 00,03000100,0.000000
5996,0,0x110,STD,8,2026-01-28T18:44:07.495498,03 00 01 00 00 00 00 00,03000100,0.000000
5997,0,0x110,STD,8,2026-01-28T18:44:07.519504,03 00 03 00 87 E1 84 48,03000300,0.000000
5998,0,0x10F,STD,8,2026-01-28T18:44:07.576517,03 00 03 00 05 63 75 3D,03000300,0.000000
5999,0,0x110,STD,8,2026-01-28T18:44:07.600522,03 00 03 00 B6 A9 A4 47,03000300,0.000000
6000,0,0x10F,STD,8,2026-01-28T18:44:07.657535,03 00 03 00 6D 62 40 3D,03000300,0.000000
6001,0,0x110,STD,8,2026-01-28T18:44:07.681540,03 00 03 00 A0 4A 4E 48,03000300,0.000000
6002,0,0x10F,STD,8,2026-01-28T18:44:07.738553,03 00 03 00 C5 B3 4F 3D,03000300,0.000000
6003,0,0x110,STD,8,2026-01-28T18:44:07.762559,03 00 03 00 05 4B 14 48,03000300,0.000000
6004,0,0x10F,STD,8,2026-01-28T18:44:07.819571,03 00 03 00 9A D1 46 3D,03000300,0.000000
6005,0,0x110,STD,8,2026-01-28T18:44:07.843577,03 00 03 00 0B A7 4A 48,03000300,0.000000
6006,0,0x10F,STD,8,2026-01-28T18:44:07.900590,03 00 03 00 D0 E0 41 3D,03000300,0.000000
6007,0,0x110,STD,8,2026-01-28T18:44:07.924595,03 00 03 00 60 90 D4 47,03000300,0.000000
6008,0,0x10F,STD,8,2026-01-28T18:44:07.970605,03 00 03 00 BD 23 2D 3D,03000300,0.000000
6009,0,0x110,STD,8,2026-01-28T18:44:07.994611,03 00 03 00 CB A3 37 48,03000300,0.000000
6010,0,0x10F,STD,8,2026-01-28T18:44:08.051624,03 00 03 00 AD 8E 34 3D,03000300,0.000000
6011,0,0x110,STD,8,2026-01-28T18:44:08.075629,03 00 03 00 39 21 C6 47,03000300,0.000000
6012,0,0x10F,STD,8,2026-01-28T18:44:08.132642,03 00 03 00 65 07 E4 3C,03000300,0.000000
6013,0,0x110,STD,8,2026-01-28T18:44:08.156647,03 00 03 00 C4 4E BD 47,03000300,0.000000
6014,0,0x10F,STD,8,2026-01-28T18:44:08.213230,03 00 03 00 76 33 04 3D,03000300,0.000000
6015,0,0x110,STD,8,2026-01-28T18:44:08.237236,03 00 03 00 A4 EC 70 48,03000300,0.000000
6016,0,0x10F,STD,8,2026-01-28T18:44:08.294248,03 00 03 00 66 5D 4F 3D,03000300,0.000000
6017,0,0x110,STD,8,2026-01-28T18:44:08.317758,03 00 03 00 3B A6 2E 48,03000300,0.000000
6018,0,0x10F,STD,8,2026-01-28T18:44:08.374771,03 00 03 00 32 63 1A 3D,03000300,0.000000
6019,0,0x110,STD,8,2026-01-28T18:44:08.398776,03 00 03 00 B4 D0 44 48,03000300,0.000000
6020,0,0x10F,STD,8,2026-01-28T18:44:08.455790,03 00 03 00 A4 D8 8D 3D,03000300,0.000000
6021,0,0x110,STD,8,2026-01-28T18:44:08.479299,03 00 03 00 54 EC 08 48,03000300,0.000000
6022,0,0x10F,STD,8,2026-01-28T18:44:08.536244,03 00 03 00 12 D9 84 3D,03000300,0.000000
6023,0,0x10F,STD,8,2026-01-28T18:44:08.549247,03 00 02 00 13 5B 29 41,03000200,0.000000
6024,0,0x110,STD,8,2026-01-28T18:44:08.549247,03 00 01 00 00 00 00 00,03000100,0.000000
6025,0,0x10F,STD,8,2026-01-28T18:44:08.549247,03 00 02 00 D4 30 41 41,03000200,0.000000
6026,0,0x110,STD,8,2026-01-28T18:44:08.551247,03 00 02 00 D4 30 41 41,03000200,0.000000
6027,0,0x110,STD,8,2026-01-28T18:44:08.553247,03 00 03 00 68 57 0A 48,03000300,0.000000
6028,0,0x10F,STD,8,2026-01-28T18:44:08.610260,03 00 03 00 D8 CA 69 3D,03000300,0.000000
6029,0,0x110,STD,8,2026-01-28T18:44:08.634266,03 00 03 00 E7 D9 E4 47,03000300,0.000000
6030,0,0x10F,STD,8,2026-01-28T18:44:08.690817,03 00 03 00 99 E5 9A 3D,03000300,0.000000
6031,0,0x110,STD,8,2026-01-28T18:44:08.714823,03 00 03 00 14 30 25 47,03000300,0.000000
6032,0,0x10F,STD,8,2026-01-28T18:44:08.771341,03 00 03 00 3E 46 6F 3D,03000300,0.000000
6033,0,0x110,STD,8,2026-01-28T18:44:08.795346,03 00 03 00 E7 9B 62 48,03000300,0.000000
6034,0,0x10F,STD,8,2026-01-28T18:44:08.852359,03 00 03 00 B0 2F 89 3D,03000300,0.000000
6035,0,0x110,STD,8,2026-01-28T18:44:08.876365,03 00 03 00 F5 C5 97 48,03000300,0.000000
6036,0,0x10F,STD,8,2026-01-28T18:44:08.933377,03 00 03 00 02 35 81 3D,03000300,0.000000
6037,0,0x110,STD,8,2026-01-28T18:44:08.957383,03 00 03 00 C7 BE 7D 48,03000300,0.000000
6038,0,0x10F,STD,8,2026-01-28T18:44:09.014396,03 00 03 00 A6 B9 9A 3D,03000300,0.000000
6039,0,0x110,STD,8,2026-01-28T18:44:09.038197,03 00 03 00 29 97 5F 48,03000300,0.000000
6040,0,0x10F,STD,8,2026-01-28T18:44:09.095210,03 00 03 00 EB 2A 7A 3D,03000300,0.000000
6041,0,0x110,STD,8,2026-01-28T18:44:09.119215,03 00 03 00 FB 77 29 48,03000300,0.000000
6042,0,0x10F,STD,8,2026-01-28T18:44:09.165226,03 00 03 00 08 8F 7C 3D,03000300,0.000000
6043,0,0x110,STD,8,2026-01-28T18:44:09.189231,03 00 03 00 7D 89 42 48,03000300,0.000000
6044,0,0x10F,STD,8,2026-01-28T18:44:09.246244,03 00 03 00 E9 81 7F 3D,03000300,0.000000
6045,0,0x110,STD,8,2026-01-28T18:44:09.280777,03 00 03 00 5B 40 0B 48,03000300,0.000000
6046,0,0x10F,STD,8,2026-01-28T18:44:09.326787,03 00 03 00 6C EB 3A 3D,03000300,0.000000
6047,0,0x110,STD,8,2026-01-28T18:44:09.361398,03 00 03 00 8E 9C 28 48,03000300,0.000000
6048,0,0x10F,STD,8,2026-01-28T18:44:09.407410,03 00 03 00 AD 77 2A 3D,03000300,0.000000
6049,0,0x110,STD,8,2026-01-28T18:44:09.430771,03 00 03 00 3A 1E F6 47,03000300,0.000000
6050,0,0x10F,STD,8,2026-01-28T18:44:09.487784,03 00 03 00 3E F0 D2 3C,03000300,0.000000
6051,0,0x110,STD,8,2026-01-28T18:44:09.511789,03 00 03 00 9B 7C 00 48,03000300,0.000000
6052,0,0x10F,STD,8,2026-01-28T18:44:09.568802,03 00 03 00 55 D0 45 3D,03000300,0.000000
6053,0,0x110,STD,8,2026-01-28T18:44:09.592807,03 00 03 00 B3 A7 A1 48,03000300,0.000000
6054,0,0x10F,STD,8,2026-01-28T18:44:09.592807,03 00 01 00 00 00 00 00,03000100,0.000000
6055,0,0x10F,STD,8,2026-01-28T18:44:09.594808,03 00 02 00 9B D6 38 41,03000200,0.000000
6056,0,0x10F,STD,8,2026-01-28T18:44:09.594808,03 00 01 00 00 00 00 00,03000100,0.000000
6057,0,0x110,STD,8,2026-01-28T18:44:09.594808,03 00 02 00 9B D6 38 41,03000200,0.000000
6058,0,0x10F,STD,8,2026-01-28T18:44:09.651821,03 00 03 00 4A A4 2F 3D,03000300,0.000000
6059,0,0x110,STD,8,2026-01-28T18:44:09.675826,03 00 03 00 58 7F 94 48,03000300,0.000000
6060,0,0x10F,STD,8,2026-01-28T18:44:09.732839,03 00 03 00 8A 47 5F 3D,03000300,0.000000
6061,0,0x110,STD,8,2026-01-28T18:44:09.756845,03 00 03 00 41 65 4C 48,03000300,0.000000
6062,0,0x10F,STD,8,2026-01-28T18:44:09.813857,03 00 03 00 52 37 84 3D,03000300,0.000000
6063,0,0x110,STD,8,2026-01-28T18:44:09.837126,03 00 03 00 D7 31 C5 48,03000300,0.000000
6064,0,0x10F,STD,8,2026-01-28T18:44:09.893643,03 00 03 00 C4 65 57 3D,03000300,0.000000
6065,0,0x110,STD,8,2026-01-28T18:44:09.917649,03 00 03 00 E5 2A 0C 48,03000300,0.000000
6066,0,0x10F,STD,8,2026-01-28T18:44:09.964124,03 00 03 00 14 33 68 3D,03000300,0.000000
6067,0,0x110,STD,8,2026-01-28T18:44:09.989130,03 00 03 00 3E A1 85 48,03000300,0.000000
6068,0,0x10F,STD,8,2026-01-28T18:44:10.046143,03 00 03 00 C6 2D 1A 3D,03000300,0.000000
6069,0,0x110,STD,8,2026-01-28T18:44:10.070148,03 00 03 00 6C CB 3A 48,03000300,0.000000
6070,0,0x10F,STD,8,2026-01-28T18:44:10.127161,03 00 03 00 76 86 50 3D,03000300,0.000000
6071,0,0x110,STD,8,2026-01-28T18:44:10.151166,03 00 03 00 62 A0 3E 48,03000300,0.000000
6072,0,0x10F,STD,8,2026-01-28T18:44:10.208180,03 00 03 00 4F B2 19 3D,03000300,0.000000
6073,0,0x110,STD,8,2026-01-28T18:44:10.232185,03 00 03 00 ED F6 91 48,03000300,0.000000
6074,0,0x10F,STD,8,2026-01-28T18:44:10.289198,03 00 03 00 BF FC 41 3D,03000300,0.000000
6075,0,0x110,STD,8,2026-01-28T18:44:10.313203,03 00 03 00 BE 96 58 48,03000300,0.000000
6076,0,0x10F,STD,8,2026-01-28T18:44:10.366215,03 00 03 00 C3 82 4A 3D,03000300,0.000000
6077,0,0x110,STD,8,2026-01-28T18:44:10.391221,03 00 03 00 B5 DE 8B 48,03000300,0.000000
6078,0,0x10F,STD,8,2026-01-28T18:44:10.448233,03 00 03 00 D7 B5 10 3D,03000300,0.000000
6079,0,0x110,STD,8,2026-01-28T18:44:10.472239,03 00 03 00 69 4D B8 48,03000300,0.000000
6080,0,0x10F,STD,8,2026-01-28T18:44:10.529252,03 00 03 00 72 7A 7B 3D,03000300,0.000000
6081,0,0x110,STD,8,2026-01-28T18:44:10.553257,03 00 03 00 86 24 91 48,03000300,0.000000
6082,0,0x10F,STD,8,2026-01-28T18:44:10.610270,03 00 03 00 BA AE 2D 3D,03000300,0.000000
6083,0,0x110,STD,8,2026-01-28T18:44:10.634275,03 00 03 00 C2 EA C9 48,03000300,0.000000
6084,0,0x110,STD,8,2026-01-28T18:44:10.647278,03 00 01 00 00 00 00 00,03000100,0.000000
6085,0,0x10F,STD,8,2026-01-28T18:44:10.647278,03 00 02 00 53 32 38 41,03000200,0.000000
6086,0,0x110,STD,8,2026-01-28T18:44:10.647278,03 00 02 00 53 32 38 41,03000200,0.000000
6087,0,0x10F,STD,8,2026-01-28T18:44:10.647278,03 00 01 00 00 00 00 00,03000100,0.000000
6088,0,0x10F,STD,8,2026-01-28T18:44:10.693289,03 00 03 00 B0 D3 6B 3D,03000300,0.000000
6089,0,0x110,STD,8,2026-01-28T18:44:10.706291,03 00 03 00 C2 B6 91 48,03000300,0.000000
6090,0,0x10F,STD,8,2026-01-28T18:44:10.763304,03 00 03 00 B0 D4 81 3D,03000300,0.000000
6091,0,0x110,STD,8,2026-01-28T18:44:10.787310,03 00 03 00 39 9E 6D 48,03000300,0.000000
6092,0,0x10F,STD,8,2026-01-28T18:44:10.844323,03 00 03 00 22 3E 2B 3D,03000300,0.000000
6093,0,0x110,STD,8,2026-01-28T18:44:10.868328,03 00 03 00 E0 70 B8 48,03000300,0.000000
6094,0,0x10F,STD,8,2026-01-28T18:44:10.925341,03 00 03 00 B7 EA 90 3D,03000300,0.000000
6095,0,0x110,STD,8,2026-01-28T18:44:10.949346,03 00 03 00 F0 10 D5 48,03000300,0.000000
6096,0,0x10F,STD,8,2026-01-28T18:44:11.006359,03 00 03 00 6D 21 61 3D,03000300,0.000000
6097,0,0x110,STD,8,2026-01-28T18:44:11.030365,03 00 03 00 F2 4F B4 48,03000300,0.000000
6098,0,0x10F,STD,8,2026-01-28T18:44:11.087378,03 00 03 00 07 D1 59 3D,03000300,0.000000
6099,0,0x110,STD,8,2026-01-28T18:44:11.111383,03 00 03 00 85 DF 74 48,03000300,0.000000
6100,0,0x10F,STD,8,2026-01-28T18:44:11.167916,03 00 03 00 F6 A6 47 3D,03000300,0.000000
6101,0,0x110,STD,8,2026-01-28T18:44:11.191922,03 00 03 00 73 9F 2F 48,03000300,0.000000
6102,0,0x10F,STD,8,2026-01-28T18:44:11.248934,03 00 03 00 76 C8 26 3D,03000300,0.000000
6103,0,0x110,STD,8,2026-01-28T18:44:11.272940,03 00 03 00 20 71 92 47,03000300,0.000000
6104,0,0x10F,STD,8,2026-01-28T18:44:11.318950,03 00 03 00 48 AB 37 3D,03000300,0.000000
6105,0,0x110,STD,8,2026-01-28T18:44:11.342955,03 00 03 00 D3 B1 62 48,03000300,0.000000
6106,0,0x10F,STD,8,2026-01-28T18:44:11.399661,03 00 03 00 D0 E7 2B 3D,03000300,0.000000
6107,0,0x110,STD,8,2026-01-28T18:44:11.423170,03 00 03 00 5F 70 8D 48,03000300,0.000000
6108,0,0x10F,STD,8,2026-01-28T18:44:11.480182,03 00 03 00 D2 F0 5B 3D,03000300,0.000000
6109,0,0x110,STD,8,2026-01-28T18:44:11.504188,03 00 03 00 75 C6 C1 47,03000300,0.000000
6110,0,0x10F,STD,8,2026-01-28T18:44:11.561200,03 00 03 00 EA 24 0E 3D,03000300,0.000000
6111,0,0x110,STD,8,2026-01-28T18:44:11.584709,03 00 03 00 0D BD AE 48,03000300,0.000000
6112,0,0x10F,STD,8,2026-01-28T18:44:11.641702,03 00 03 00 0D A0 5D 3D,03000300,0.000000
6113,0,0x110,STD,8,2026-01-28T18:44:11.665707,03 00 03 00 A8 F0 4B 48,03000300,0.000000
6114,0,0x110,STD,8,2026-01-28T18:44:11.700715,03 00 01 00 00 00 00 00,03000100,0.000000
6115,0,0x10F,STD,8,2026-01-28T18:44:11.700715,03 00 01 00 00 00 00 00,03000100,0.000000
6116,0,0x110,STD,8,2026-01-28T18:44:11.700715,03 00 01 00 00 00 00 00,03000100,0.000000
6117,0,0x10F,STD,8,2026-01-28T18:44:11.702715,03 00 02 00 BD D6 32 41,03000200,0.000000
6118,0,0x10F,STD,8,2026-01-28T18:44:11.726721,03 00 03 00 13 58 1B 3D,03000300,0.000000
6119,0,0x110,STD,8,2026-01-28T18:44:11.750010,03 00 03 00 C0 BA 94 48,03000300,0.000000
6120,0,0x10F,STD,8,2026-01-28T18:44:11.796020,03 00 03 00 58 2E 20 3D,03000300,0.000000
6121,0,0x110,STD,8,2026-01-28T18:44:11.831028,03 00 03 00 32 51 B8 48,03000300,0.000000
6122,0,0x10F,STD,8,2026-01-28T18:44:11.877039,03 00 03 00 AD 85 45 3D,03000300,0.000000
6123,0,0x110,STD,8,2026-01-28T18:44:11.901044,03 00 03 00 6C CC 42 48,03000300,0.000000
6124,0,0x10F,STD,8,2026-01-28T18:44:11.957237,03 00 03 00 2A 55 D2 3C,03000300,0.000000
6125,0,0x110,STD,8,2026-01-28T18:44:11.981243,03 00 03 00 CF 1F D2 48,03000300,0.000000
6126,0,0x10F,STD,8,2026-01-28T18:44:12.038256,03 00 03 00 C4 9E 32 3D,03000300,0.000000
6127,0,0x110,STD,8,2026-01-28T18:44:12.062261,03 00 03 00 C2 58 34 48,03000300,0.000000
6128,0,0x10F,STD,8,2026-01-28T18:44:12.118987,03 00 03 00 91 73 24 3D,03000300,0.000000
6129,0,0x110,STD,8,2026-01-28T18:44:12.142992,03 00 03 00 21 EF AA 48,03000300,0.000000
6130,0,0x10F,STD,8,2026-01-28T18:44:12.200005,03 00 03 00 DF 0B 02 3D,03000300,0.000000
6131,0,0x110,STD,8,2026-01-28T18:44:12.224010,03 00 03 00 45 B3 34 48,03000300,0.000000
6132,0,0x10F,STD,8,2026-01-28T18:44:12.281023,03 00 03 00 6B 66 33 3D,03000300,0.000000
6133,0,0x110,STD,8,2026-01-28T18:44:12.305029,03 00 03 00 31 22 6E 48,03000300,0.000000
6134,0,0x10F,STD,8,2026-01-28T18:44:12.361544,03 00 03 00 1B 07 EE 3C,03000300,0.000000
6135,0,0x110,STD,8,2026-01-28T18:44:12.385549,03 00 03 00 38 92 2C 48,03000300,0.000000
6136,0,0x10F,STD,8,2026-01-28T18:44:12.442065,03 00 03 00 12 95 15 3D,03000300,0.000000
6137,0,0x110,STD,8,2026-01-28T18:44:12.466071,03 00 03 00 2B 70 F3 47,03000300,0.000000
6138,0,0x10F,STD,8,2026-01-28T18:44:12.523084,03 00 03 00 3D 21 14 3D,03000300,0.000000
6139,0,0x110,STD,8,2026-01-28T18:44:12.546670,03 00 03 00 48 5A 9B 48,03000300,0.000000
6140,0,0x10F,STD,8,2026-01-28T18:44:12.603683,03 00 03 00 EA 07 25 3D,03000300,0.000000
6141,0,0x110,STD,8,2026-01-28T18:44:12.627689,03 00 03 00 C8 A2 41 48,03000300,0.000000
6142,0,0x10F,STD,8,2026-01-28T18:44:12.673203,03 00 03 00 6E 31 3A 3D,03000300,0.000000
6143,0,0x110,STD,8,2026-01-28T18:44:12.697208,03 00 03 00 15 F7 D0 48,03000300,0.000000
6144,0,0x110,STD,8,2026-01-28T18:44:12.754221,03 00 02 00 BD D6 32 41,03000200,0.000000
6145,0,0x10F,STD,8,2026-01-28T18:44:12.754221,03 00 02 00 16 D3 3A 41,03000200,0.000000
6146,0,0x110,STD,8,2026-01-28T18:44:12.754221,03 00 02 00 16 D3 3A 41,03000200,0.000000
6147,0,0x10F,STD,8,2026-01-28T18:44:12.754221,03 00 01 00 00 00 00 00,03000100,0.000000
6148,0,0x10F,STD,8,2026-01-28T18:44:12.754221,03 00 01 00 00 00 00 00,03000100,0.000000
6149,0,0x110,STD,8,2026-01-28T18:44:12.778227,03 00 03 00 C0 26 EE 48,03000300,0.000000
6150,0,0x10F,STD,8,2026-01-28T18:44:12.835239,03 00 03 00 74 C9 7A 3D,03000300,0.000000
6151,0,0x110,STD,8,2026-01-28T18:44:12.859245,03 00 03 00 4D C2 3B 48,03000300,0.000000
6152,0,0x10F,STD,8,2026-01-28T18:44:12.916258,03 00 03 00 B4 12 74 3D,03000300,0.000000
6153,0,0x110,STD,8,2026-01-28T18:44:12.940263,03 00 03 00 71 DD 4D 48,03000300,0.000000
6154,0,0x10F,STD,8,2026-01-28T18:44:12.996779,03 00 03 00 A8 55 90 3D,03000300,0.000000
6155,0,0x110,STD,8,2026-01-28T18:44:13.020287,03 00 03 00 5E 00 FE 47,03000300,0.000000
6156,0,0x10F,STD,8,2026-01-28T18:44:13.076804,03 00 03 00 AF 9E 62 3D,03000300,0.000000
6157,0,0x110,STD,8,2026-01-28T18:44:13.100809,03 00 03 00 65 C9 91 48,03000300,0.000000
6158,0,0x10F,STD,8,2026-01-28T18:44:13.157664,03 00 03 00 69 8E 88 3D,03000300,0.000000
6159,0,0x110,STD,8,2026-01-28T18:44:13.181670,03 00 03 00 3E 69 3E 48,03000300,0.000000
6160,0,0x10F,STD,8,2026-01-28T18:44:13.238683,03 00 03 00 56 6E 5F 3D,03000300,0.000000
6161,0,0x110,STD,8,2026-01-28T18:44:13.262688,03 00 03 00 D0 61 49 48,03000300,0.000000
6162,0,0x10F,STD,8,2026-01-28T18:44:13.319172,03 00 03 00 74 5D 88 3D,03000300,0.000000
6163,0,0x110,STD,8,2026-01-28T18:44:13.343178,03 00 03 00 AD F5 66 48,03000300,0.000000
6164,0,0x10F,STD,8,2026-01-28T18:44:13.399777,03 00 03 00 C9 71 8D 3D,03000300,0.000000
6165,0,0x110,STD,8,2026-01-28T18:44:13.423286,03 00 03 00 01 88 C0 48,03000300,0.000000
6166,0,0x10F,STD,8,2026-01-28T18:44:13.480299,03 00 03 00 8A 8C 1F 3D,03000300,0.000000
6167,0,0x110,STD,8,2026-01-28T18:44:13.504304,03 00 03 00 99 4B 2F 48,03000300,0.000000
6168,0,0x10F,STD,8,2026-01-28T18:44:13.550315,03 00 03 00 8B 77 6A 3D,03000300,0.000000
6169,0,0x110,STD,8,2026-01-28T18:44:13.574320,03 00 03 00 84 CC B3 48,03000300,0.000000
6170,0,0x10F,STD,8,2026-01-28T18:44:13.631333,03 00 03 00 68 BD 0C 3D,03000300,0.000000
6171,0,0x110,STD,8,2026-01-28T18:44:13.655339,03 00 03 00 32 48 BF 48,03000300,0.000000
6172,0,0x10F,STD,8,2026-01-28T18:44:13.711659,03 00 03 00 5F 20 23 3D,03000300,0.000000
6173,0,0x110,STD,8,2026-01-28T18:44:13.735665,03 00 03 00 97 99 4B 48,03000300,0.000000
6174,0,0x10F,STD,8,2026-01-28T18:44:13.792677,03 00 03 00 05 34 23 3D,03000300,0.000000
6175,0,0x110,STD,8,2026-01-28T18:44:13.805680,03 00 01 00 00 00 00 00,03000100,0.000000
6176,0,0x10F,STD,8,2026-01-28T18:44:13.805680,03 00 02 00 78 1A 4A 41,03000200,0.000000
6177,0,0x10F,STD,8,2026-01-28T18:44:13.805680,03 00 01 00 00 00 00 00,03000100,0.000000
6178,0,0x110,STD,8,2026-01-28T18:44:13.805680,03 00 02 00 78 1A 4A 41,03000200,0.000000
6179,0,0x110,STD,8,2026-01-28T18:44:13.818683,03 00 03 00 68 80 3C 48,03000300,0.000000
6180,0,0x10F,STD,8,2026-01-28T18:44:13.875696,03 00 03 00 93 8D 27 3D,03000300,0.000000
6181,0,0x110,STD,8,2026-01-28T18:44:13.899702,03 00 03 00 D0 E5 65 48,03000300,0.000000
6182,0,0x10F,STD,8,2026-01-28T18:44:13.956715,03 00 03 00 A7 3A 6C 3D,03000300,0.000000
6183,0,0x110,STD,8,2026-01-28T18:44:13.980623,03 00 03 00 69 F2 3C 48,03000300,0.000000
6184,0,0x10F,STD,8,2026-01-28T18:44:14.037637,03 00 03 00 CE 39 38 3D,03000300,0.000000
6185,0,0x110,STD,8,2026-01-28T18:44:14.061643,03 00 03 00 3B EF 53 48,03000300,0.000000
6186,0,0x10F,STD,8,2026-01-28T18:44:14.118656,03 00 03 00 FB AC 8B 3D,03000300,0.000000
6187,0,0x110,STD,8,2026-01-28T18:44:14.142231,03 00 03 00 70 5C 4C 48,03000300,0.000000
6188,0,0x10F,STD,8,2026-01-28T18:44:14.188242,03 00 03 00 C5 5D 3F 3D,03000300,0.000000
6189,0,0x110,STD,8,2026-01-28T18:44:14.212247,03 00 03 00 CE 62 40 48,03000300,0.000000
6190,0,0x10F,STD,8,2026-01-28T18:44:14.269260,03 00 03 00 91 C3 5D 3D,03000300,0.000000
6191,0,0x110,STD,8,2026-01-28T18:44:14.293266,03 00 03 00 CE B8 68 48,03000300,0.000000
6192,0,0x10F,STD,8,2026-01-28T18:44:14.350278,03 00 03 00 8B A2 3A 3D,03000300,0.000000
6193,0,0x110,STD,8,2026-01-28T18:44:14.374284,03 00 03 00 D0 1B 8F 48,03000300,0.000000
6194,0,0x10F,STD,8,2026-01-28T18:44:14.431042,03 00 03 00 3B 5E 1F 3D,03000300,0.000000
6195,0,0x110,STD,8,2026-01-28T18:44:14.455047,03 00 03 00 13 D2 69 48,03000300,0.000000
6196,0,0x10F,STD,8,2026-01-28T18:44:14.512060,03 00 03 00 50 C5 81 3D,03000300,0.000000
6197,0,0x110,STD,8,2026-01-28T18:44:14.536065,03 00 03 00 CD CA C3 47,03000300,0.000000
6198,0,0x10F,STD,8,2026-01-28T18:44:14.593078,03 00 03 00 CC 25 38 3D,03000300,0.000000
6199,0,0x110,STD,8,2026-01-28T18:44:14.617083,03 00 03 00 D6 CC B3 47,03000300,0.000000
6200,0,0x10F,STD,8,2026-01-28T18:44:14.673637,03 00 03 00 E2 AF 8E 3D,03000300,0.000000
6201,0,0x110,STD,8,2026-01-28T18:44:14.697643,03 00 03 00 EF 45 57 48,03000300,0.000000
6202,0,0x10F,STD,8,2026-01-28T18:44:14.754656,03 00 03 00 C3 8D 75 3D,03000300,0.000000
6203,0,0x110,STD,8,2026-01-28T18:44:14.778661,03 00 03 00 B7 BF 5B 48,03000300,0.000000
6204,0,0x10F,STD,8,2026-01-28T18:44:14.835674,03 00 03 00 2B C9 76 3D,03000300,0.000000
6205,0,0x110,STD,8,2026-01-28T18:44:14.848677,03 00 01 00 00 00 00 00,03000100,0.000000
6206,0,0x10F,STD,8,2026-01-28T18:44:14.848677,03 00 01 00 00 00 00 00,03000100,0.000000
6207,0,0x10F,STD,8,2026-01-28T18:44:14.848677,03 00 02 00 C1 0D 27 41,03000200,0.000000
6208,0,0x110,STD,8,2026-01-28T18:44:14.848677,03 00 01 00 00 00 00 00,03000100,0.000000
6209,0,0x110,STD,8,2026-01-28T18:44:14.850677,03 00 03 00 69 A6 1B 48,03000300,0.000000
6210,0,0x10F,STD,8,2026-01-28T18:44:14.907690,03 00 03 00 45 82 91 3D,03000300,0.000000
6211,0,0x110,STD,8,2026-01-28T18:44:14.931696,03 00 03 00 9D 9E A1 48,03000300,0.000000
6212,0,0x10F,STD,8,2026-01-28T18:44:14.988708,03 00 03 00 C9 49 8C 3D,03000300,0.000000
6213,0,0x110,STD,8,2026-01-28T18:44:15.012714,03 00 03 00 7A 72 D6 48,03000300,0.000000
6214,0,0x10F,STD,8,2026-01-28T18:44:15.069727,03 00 03 00 AD B0 A1 3D,03000300,0.000000
6215,0,0x110,STD,8,2026-01-28T18:44:15.093732,03 00 03 00 C6 56 D5 48,03000300,0.000000
6216,0,0x10F,STD,8,2026-01-28T18:44:15.150745,03 00 03 00 F3 9F 5A 3D,03000300,0.000000
6217,0,0x110,STD,8,2026-01-28T18:44:15.174750,03 00 03 00 FD 86 B4 48,03000300,0.000000
6218,0,0x10F,STD,8,2026-01-28T18:44:15.231590,03 00 03 00 C2 6B 87 3D,03000300,0.000000
6219,0,0x110,STD,8,2026-01-28T18:44:15.255596,03 00 03 00 F2 E2 BB 48,03000300,0.000000
6220,0,0x10F,STD,8,2026-01-28T18:44:15.312608,03 00 03 00 46 86 59 3D,03000300,0.000000
6221,0,0x110,STD,8,2026-01-28T18:44:15.336614,03 00 03 00 3C 44 93 48,03000300,0.000000
6222,0,0x10F,STD,8,2026-01-28T18:44:15.393627,03 00 03 00 6C 5C 51 3D,03000300,0.000000
6223,0,0x110,STD,8,2026-01-28T18:44:15.417632,03 00 03 00 08 45 CE 48,03000300,0.000000
6224,0,0x10F,STD,8,2026-01-28T18:44:15.463147,03 00 03 00 B6 D0 5F 3D,03000300,0.000000
6225,0,0x110,STD,8,2026-01-28T18:44:15.487152,03 00 03 00 88 87 97 48,03000300,0.000000
6226,0,0x10F,STD,8,2026-01-28T18:44:15.544165,03 00 03 00 65 71 55 3D,03000300,0.000000
6227,0,0x110,STD,8,2026-01-28T18:44:15.568170,03 00 03 00 EE 00 FA 47,03000300,0.000000
6228,0,0x10F,STD,8,2026-01-28T18:44:15.625183,03 00 03 00 75 A7 4F 3D,03000300,0.000000
6229,0,0x110,STD,8,2026-01-28T18:44:15.649189,03 00 03 00 63 34 05 48,03000300,0.000000
6230,0,0x10F,STD,8,2026-01-28T18:44:15.706201,03 00 03 00 DD 40 22 3D,03000300,0.000000
6231,0,0x110,STD,8,2026-01-28T18:44:15.730207,03 00 03 00 75 01 29 48,03000300,0.000000
6232,0,0x10F,STD,8,2026-01-28T18:44:15.787220,03 00 03 00 7D 36 77 3D,03000300,0.000000
6233,0,0x110,STD,8,2026-01-28T18:44:15.811225,03 00 03 00 86 EA 9E 48,03000300,0.000000
6234,0,0x10F,STD,8,2026-01-28T18:44:15.868238,03 00 03 00 1D 2A 73 3D,03000300,0.000000
6235,0,0x110,STD,8,2026-01-28T18:44:15.891747,03 00 03 00 28 5F A8 48,03000300,0.000000
6236,0,0x110,STD,8,2026-01-28T18:44:15.893747,03 00 02 00 C1 0D 27 41,03000200,0.000000
6237,0,0x110,STD,8,2026-01-28T18:44:15.893747,03 00 02 00 E4 71 47 41,03000200,0.000000
6238,0,0x10F,STD,8,2026-01-28T18:44:15.895747,03 00 01 00 00 00 00 00,03000100,0.000000
6239,0,0x110,STD,8,2026-01-28T18:44:15.895747,03 00 01 00 00 00 00 00,03000100,0.000000
6240,0,0x10F,STD,8,2026-01-28T18:44:15.941758,03 00 03 00 3D 1A 39 3D,03000300,0.000000
6241,0,0x110,STD,8,2026-01-28T18:44:15.965764,03 00 03 00 5B 62 AF 48,03000300,0.000000
6242,0,0x10F,STD,8,2026-01-28T18:44:16.022776,03 00 03 00 C1 9F 8D 3D,03000300,0.000000
6243,0,0x110,STD,8,2026-01-28T18:44:16.046782,03 00 03 00 3D 25 25 48,03000300,0.000000
6244,0,0x10F,STD,8,2026-01-28T18:44:16.106795,03 00 03 00 A3 77 51 3D,03000300,0.000000
6245,0,0x110,STD,8,2026-01-28T18:44:16.130079,03 00 03 00 C7 D7 92 48,03000300,0.000000
6246,0,0x10F,STD,8,2026-01-28T18:44:16.187091,03 00 03 00 90 D2 76 3D,03000300,0.000000
6247,0,0x110,STD,8,2026-01-28T18:44:16.210831,03 00 03 00 7D 6D 93 48,03000300,0.000000
6248,0,0x10F,STD,8,2026-01-28T18:44:16.267558,03 00 03 00 58 97 74 3D,03000300,0.000000
6249,0,0x110,STD,8,2026-01-28T18:44:16.291564,03 00 03 00 1D DB 99 48,03000300,0.000000
6250,0,0x10F,STD,8,2026-01-28T18:44:16.347727,03 00 03 00 AE CE 59 3D,03000300,0.000000
6251,0,0x110,STD,8,2026-01-28T18:44:16.371733,03 00 03 00 DA 3C B5 48,03000300,0.000000
6252,0,0x10F,STD,8,2026-01-28T18:44:16.429040,03 00 03 00 2A C7 82 3D,03000300,0.000000
6253,0,0x110,STD,8,2026-01-28T18:44:16.452549,03 00 03 00 BE 3C C0 48,03000300,0.000000
6254,0,0x10F,STD,8,2026-01-28T18:44:16.509066,03 00 03 00 54 D3 41 3D,03000300,0.000000
6255,0,0x110,STD,8,2026-01-28T18:44:16.533071,03 00 03 00 ED 96 C8 48,03000300,0.000000
6256,0,0x10F,STD,8,2026-01-28T18:44:16.589659,03 00 03 00 1A D1 68 3D,03000300,0.000000
6257,0,0x110,STD,8,2026-01-28T18:44:16.602662,03 00 03 00 0F 3C E3 48,03000300,0.000000
6258,0,0x10F,STD,8,2026-01-28T18:44:16.659528,03 00 03 00 B0 B3 2E 3D,03000300,0.000000
6259,0,0x110,STD,8,2026-01-28T18:44:16.683533,03 00 03 00 14 E7 CA 48,03000300,0.000000
6260,0,0x10F,STD,8,2026-01-28T18:44:16.740546,03 00 03 00 A3 74 6D 3D,03000300,0.000000
6261,0,0x110,STD,8,2026-01-28T18:44:16.764551,03 00 03 00 BD 5D FE 48,03000300,0.000000
6262,0,0x10F,STD,8,2026-01-28T18:44:16.821564,03 00 03 00 3E 2D 49 3D,03000300,0.000000
6263,0,0x110,STD,8,2026-01-28T18:44:16.845092,03 00 03 00 BD 59 EF 48,03000300,0.000000
6264,0,0x10F,STD,8,2026-01-28T18:44:16.902105,03 00 03 00 21 CE 91 3D,03000300,0.000000
6265,0,0x110,STD,8,2026-01-28T18:44:16.926110,03 00 03 00 A6 75 8F 48,03000300,0.000000
6266,0,0x10F,STD,8,2026-01-28T18:44:16.939113,03 00 02 00 E4 71 47 41,03000200,0.000000
6267,0,0x10F,STD,8,2026-01-28T18:44:16.939113,03 00 02 00 F0 FC 34 41,03000200,0.000000
6268,0,0x110,STD,8,2026-01-28T18:44:16.951537,03 00 02 00 F0 FC 34 41,03000200,0.000000
6269,0,0x10F,STD,8,2026-01-28T18:44:16.951537,03 00 01 00 00 00 00 00,03000100,0.000000
6270,0,0x10F,STD,8,2026-01-28T18:44:16.986546,03 00 03 00 BE 82 8F 3D,03000300,0.000000
6271,0,0x110,STD,8,2026-01-28T18:44:17.010551,03 00 03 00 D0 D4 1E 48,03000300,0.000000
6272,0,0x10F,STD,8,2026-01-28T18:44:17.067068,03 00 03 00 A7 54 45 3D,03000300,0.000000
6273,0,0x110,STD,8,2026-01-28T18:44:17.091073,03 00 03 00 B3 0E 3D 48,03000300,0.000000
6274,0,0x10F,STD,8,2026-01-28T18:44:17.137083,03 00 03 00 C8 FB 75 3D,03000300,0.000000
6275,0,0x110,STD,8,2026-01-28T18:44:17.161089,03 00 03 00 E2 58 15 48,03000300,0.000000
6276,0,0x10F,STD,8,2026-01-28T18:44:17.218102,03 00 03 00 7D 23 27 3D,03000300,0.000000
6277,0,0x110,STD,8,2026-01-28T18:44:17.242107,03 00 03 00 B9 94 A0 47,03000300,0.000000
6278,0,0x10F,STD,8,2026-01-28T18:44:17.299120,03 00 03 00 10 CB 7B 3D,03000300,0.000000
6279,0,0x110,STD,8,2026-01-28T18:44:17.323125,03 00 03 00 DD AC 1C 48,03000300,0.000000
6280,0,0x10F,STD,8,2026-01-28T18:44:17.380138,03 00 03 00 48 66 30 3D,03000300,0.000000
6281,0,0x110,STD,8,2026-01-28T18:44:17.403948,03 00 03 00 9F 9D F1 47,03000300,0.000000
6282,0,0x10F,STD,8,2026-01-28T18:44:17.460961,03 00 03 00 22 F7 10 3D,03000300,0.000000
6283,0,0x110,STD,8,2026-01-28T18:44:17.484966,03 00 03 00 BD D9 76 47,03000300,0.000000
6284,0,0x10F,STD,8,2026-01-28T18:44:17.541980,03 00 03 00 3A 8A 56 3D,03000300,0.000000
6285,0,0x110,STD,8,2026-01-28T18:44:17.565985,03 00 03 00 F4 9E C0 47,03000300,0.000000
6286,0,0x10F,STD,8,2026-01-28T18:44:17.622997,03 00 03 00 64 E4 C5 3C,03000300,0.000000
6287,0,0x110,STD,8,2026-01-28T18:44:17.647003,03 00 03 00 92 AA 1A 48,03000300,0.000000
6288,0,0x10F,STD,8,2026-01-28T18:44:17.704016,03 00 03 00 1D 61 1A 3D,03000300,0.000000
6289,0,0x110,STD,8,2026-01-28T18:44:17.728021,03 00 03 00 7A 5C 07 48,03000300,0.000000
6290,0,0x10F,STD,8,2026-01-28T18:44:17.785034,03 00 03 00 5E 1E 30 3D,03000300,0.000000
6291,0,0x110,STD,8,2026-01-28T18:44:17.798037,03 00 03 00 49 45 56 48,03000300,0.000000
6292,0,0x10F,STD,8,2026-01-28T18:44:17.855050,03 00 03 00 F2 25 6E 3D,03000300,0.000000
6293,0,0x110,STD,8,2026-01-28T18:44:17.879055,03 00 03 00 57 5C 50 48,03000300,0.000000
6294,0,0x10F,STD,8,2026-01-28T18:44:17.936068,03 00 03 00 0D 6B 86 3D,03000300,0.000000
6295,0,0x110,STD,8,2026-01-28T18:44:17.959576,03 00 03 00 73 99 40 48,03000300,0.000000
6296,0,0x110,STD,8,2026-01-28T18:44:18.005586,03 00 01 00 00 00 00 00,03000100,0.000000
6297,0,0x10F,STD,8,2026-01-28T18:44:18.005586,03 00 02 00 0C 8E 37 41,03000200,0.000000
6298,0,0x110,STD,8,2026-01-28T18:44:18.005586,03 00 02 00 0C 8E 37 41,03000200,0.000000
6299,0,0x10F,STD,8,2026-01-28T18:44:18.005586,03 00 01 00 00 00 00 00,03000100,0.000000
6300,0,0x10F,STD,8,2026-01-28T18:44:18.018589,03 00 03 00 B0 0B 7C 3D,03000300,0.000000
6301,0,0x110,STD,8,2026-01-28T18:44:18.042594,03 00 03 00 81 71 AA 48,03000300,0.000000
6302,0,0x10F,STD,8,2026-01-28T18:44:18.099607,03 00 03 00 65 07 88 3D,03000300,0.000000
6303,0,0x110,STD,8,2026-01-28T18:44:18.123117,03 00 03 00 AD 26 AA 48,03000300,0.000000
6304,0,0x10F,STD,8,2026-01-28T18:44:18.180129,03 00 03 00 9D 18 6C 3D,03000300,0.000000
6305,0,0x110,STD,8,2026-01-28T18:44:18.204134,03 00 03 00 7A F5 8A 48,03000300,0.000000
6306,0,0x10F,STD,8,2026-01-28T18:44:18.261148,03 00 03 00 5A 03 91 3D,03000300,0.000000
6307,0,0x110,STD,8,2026-01-28T18:44:18.284684,03 00 03 00 28 99 89 48,03000300,0.000000
6308,0,0x10F,STD,8,2026-01-28T18:44:18.341697,03 00 03 00 F5 D8 7A 3D,03000300,0.000000
6309,0,0x110,STD,8,2026-01-28T18:44:18.365702,03 00 03 00 E6 C2 D7 48,03000300,0.000000
6310,0,0x10F,STD,8,2026-01-28T18:44:18.422718,03 00 03 00 9A 74 6C 3D,03000300,0.000000
6311,0,0x110,STD,8,2026-01-28T18:44:18.446723,03 00 03 00 FD 34 A9 48,03000300,0.000000
6312,0,0x10F,STD,8,2026-01-28T18:44:18.503736,03 00 03 00 9C F1 5D 3D,03000300,0.000000
6313,0,0x110,STD,8,2026-01-28T18:44:18.516739,03 00 03 00 DE F9 65 48,03000300,0.000000
6314,0,0x10F,STD,8,2026-01-28T18:44:18.573328,03 00 03 00 F7 E6 31 3D,03000300,0.000000
6315,0,0x110,STD,8,2026-01-28T18:44:18.597333,03 00 03 00 01 6D A6 48,03000300,0.000000
6316,0,0x10F,STD,8,2026-01-28T18:44:18.654347,03 00 03 00 68 33 5E 3D,03000300,0.000000
6317,0,0x110,STD,8,2026-01-28T18:44:18.678352,03 00 03 00 F2 FE A6 48,03000300,0.000000
6318,0,0x10F,STD,8,2026-01-28T18:44:18.735365,03 00 03 00 67 82 40 3D,03000300,0.000000
6319,0,0x110,STD,8,2026-01-28T18:44:18.759037,03 00 03 00 AA A5 AD 48,03000300,0.000000
6320,0,0x10F,STD,8,2026-01-28T18:44:18.816050,03 00 03 00 C9 41 82 3D,03000300,0.000000
6321,0,0x110,STD,8,2026-01-28T18:44:18.839811,03 00 03 00 92 B8 4A 48,03000300,0.000000
6322,0,0x10F,STD,8,2026-01-28T18:44:18.896491,03 00 03 00 17 AB 39 3D,03000300,0.000000
6323,0,0x110,STD,8,2026-01-28T18:44:18.920496,03 00 03 00 97 C9 87 47,03000300,0.000000
6324,0,0x10F,STD,8,2026-01-28T18:44:18.969718,03 00 03 00 33 7D 8B 3D,03000300,0.000000
6325,0,0x110,STD,8,2026-01-28T18:44:18.994726,03 00 03 00 91 5D 31 48,03000300,0.000000
6326,0,0x110,STD,8,2026-01-28T18:44:19.051474,03 00 01 00 00 00 00 00,03000100,0.000000
6327,0,0x10F,STD,8,2026-01-28T18:44:19.051474,03 00 02 00 59 37 2D 41,03000200,0.000000
6328,0,0x110,STD,8,2026-01-28T18:44:19.051474,03 00 01 00 00 00 00 00,03000100,0.000000
6329,0,0x110,STD,8,2026-01-28T18:44:19.051474,03 00 02 00 59 37 2D 41,03000200,0.000000
6330,0,0x10F,STD,8,2026-01-28T18:44:19.051474,03 00 03 00 3D 9B 8E 3D,03000300,0.000000
6331,0,0x110,STD,8,2026-01-28T18:44:19.075480,03 00 03 00 6E 43 51 48,03000300,0.000000
6332,0,0x10F,STD,8,2026-01-28T18:44:19.132493,03 00 03 00 9F ED 4C 3D,03000300,0.000000
6333,0,0x110,STD,8,2026-01-28T18:44:19.156498,03 00 03 00 76 DC 16 48,03000300,0.000000
6334,0,0x10F,STD,8,2026-01-28T18:44:19.213511,03 00 03 00 F1 8C A6 3D,03000300,0.000000
6335,0,0x110,STD,8,2026-01-28T18:44:19.237516,03 00 03 00 4F 90 5E 48,03000300,0.000000
6336,0,0x10F,STD,8,2026-01-28T18:44:19.294529,03 00 03 00 B7 A3 6C 3D,03000300,0.000000
6337,0,0x110,STD,8,2026-01-28T18:44:19.318535,03 00 03 00 AB 1D 8D 48,03000300,0.000000
6338,0,0x10F,STD,8,2026-01-28T18:44:19.375547,03 00 03 00 45 A5 7C 3D,03000300,0.000000
6339,0,0x110,STD,8,2026-01-28T18:44:19.399553,03 00 03 00 7F 4B 9B 48,03000300,0.000000
6340,0,0x10F,STD,8,2026-01-28T18:44:19.456090,03 00 03 00 B4 C3 7F 3D,03000300,0.000000
6341,0,0x110,STD,8,2026-01-28T18:44:19.480096,03 00 03 00 46 4D 9A 48,03000300,0.000000
6342,0,0x10F,STD,8,2026-01-28T18:44:19.537108,03 00 03 00 63 E0 47 3D,03000300,0.000000
6343,0,0x110,STD,8,2026-01-28T18:44:19.561114,03 00 03 00 AC 2F 7B 48,03000300,0.000000
6344,0,0x10F,STD,8,2026-01-28T18:44:19.618127,03 00 03 00 41 5E 5A 3D,03000300,0.000000
6345,0,0x110,STD,8,2026-01-28T18:44:19.642132,03 00 03 00 76 FB 9F 48,03000300,0.000000
6346,0,0x10F,STD,8,2026-01-28T18:44:19.688142,03 00 03 00 63 55 2A 3D,03000300,0.000000
6347,0,0x110,STD,8,2026-01-28T18:44:19.712148,03 00 03 00 3F 3E 5B 48,03000300,0.000000
6348,0,0x10F,STD,8,2026-01-28T18:44:19.769161,03 00 03 00 00 57 2B 3D,03000300,0.000000
6349,0,0x110,STD,8,2026-01-28T18:44:19.793166,03 00 03 00 1C 7E BA 47,03000300,0.000000
6350,0,0x10F,STD,8,2026-01-28T18:44:19.849466,03 00 03 00 6E EE 41 3D,03000300,0.000000
6351,0,0x110,STD,8,2026-01-28T18:44:19.873472,03 00 03 00 89 A4 0B 48,03000300,0.000000
6352,0,0x10F,STD,8,2026-01-28T18:44:19.930484,03 00 03 00 3D FA 6F 3D,03000300,0.000000
6353,0,0x110,STD,8,2026-01-28T18:44:19.954490,03 00 03 00 87 72 01 48,03000300,0.000000
6354,0,0x10F,STD,8,2026-01-28T18:44:20.011502,03 00 03 00 00 B2 5B 3D,03000300,0.000000
6355,0,0x110,STD,8,2026-01-28T18:44:20.035508,03 00 03 00 28 5C 81 48,03000300,0.000000
6356,0,0x10F,STD,8,2026-01-28T18:44:20.092521,03 00 03 00 1D 1C A4 3D,03000300,0.000000
6357,0,0x10F,STD,8,2026-01-28T18:44:20.092521,03 00 01 00 00 00 00 00,03000100,0.000000
6358,0,0x10F,STD,8,2026-01-28T18:44:20.092521,03 00 02 00 2D 62 36 41,03000200,0.000000
6359,0,0x10F,STD,8,2026-01-28T18:44:20.092521,03 00 01 00 00 00 00 00,03000100,0.000000
6360,0,0x110,STD,8,2026-01-28T18:44:20.092521,03 00 02 00 2D 62 36 41,03000200,0.000000
6361,0,0x110,STD,8,2026-01-28T18:44:20.116526,03 00 03 00 A0 03 7C 48,03000300,0.000000
6362,0,0x10F,STD,8,2026-01-28T18:44:20.172950,03 00 03 00 3D B2 76 3D,03000300,0.000000
6363,0,0x110,STD,8,2026-01-28T18:44:20.196956,03 00 03 00 58 50 B3 47,03000300,0.000000
6364,0,0x10F,STD,8,2026-01-28T18:44:20.253969,03 00 03 00 C5 31 88 3D,03000300,0.000000
6365,0,0x110,STD,8,2026-01-28T18:44:20.277974,03 00 03 00 A7 C6 46 48,03000300,0.000000
6366,0,0x10F,STD,8,2026-01-28T18:44:20.334986,03 00 03 00 5D 78 AB 3D,03000300,0.000000
6367,0,0x110,STD,8,2026-01-28T18:44:20.350494,03 00 03 00 2D F3 AF 48,03000300,0.000000
6368,0,0x10F,STD,8,2026-01-28T18:44:20.408440,03 00 03 00 A2 42 7C 3D,03000300,0.000000
6369,0,0x110,STD,8,2026-01-28T18:44:20.432445,03 00 03 00 77 6C 72 48,03000300,0.000000
6370,0,0x10F,STD,8,2026-01-28T18:44:20.489458,03 00 03 00 36 ED BA 3D,03000300,0.000000
6371,0,0x110,STD,8,2026-01-28T18:44:20.512966,03 00 03 00 0C 4B 1C 48,03000300,0.000000
6372,0,0x10F,STD,8,2026-01-28T18:44:20.569979,03 00 03 00 24 79 80 3D,03000300,0.000000
6373,0,0x110,STD,8,2026-01-28T18:44:20.593984,03 00 03 00 EE 6E 5F 48,03000300,0.000000
6374,0,0x10F,STD,8,2026-01-28T18:44:20.650997,03 00 03 00 CB AC 7F 3D,03000300,0.000000
6375,0,0x110,STD,8,2026-01-28T18:44:20.675003,03 00 03 00 89 F3 F0 47,03000300,0.000000
6376,0,0x10F,STD,8,2026-01-28T18:44:20.731854,03 00 03 00 37 CF 6F 3D,03000300,0.000000
6377,0,0x110,STD,8,2026-01-28T18:44:20.755860,03 00 03 00 7E 20 CF 47,03000300,0.000000
6378,0,0x10F,STD,8,2026-01-28T18:44:20.812431,03 00 03 00 D5 8C FF 3C,03000300,0.000000
6379,0,0x110,STD,8,2026-01-28T18:44:20.836437,03 00 03 00 39 3A 19 48,03000300,0.000000
6380,0,0x10F,STD,8,2026-01-28T18:44:20.893449,03 00 03 00 6E 23 82 3D,03000300,0.000000
6381,0,0x110,STD,8,2026-01-28T18:44:20.917455,03 00 03 00 FF 81 4B 48,03000300,0.000000
6382,0,0x10F,STD,8,2026-01-28T18:44:20.963428,03 00 03 00 AE B8 1D 3D,03000300,0.000000
6383,0,0x110,STD,8,2026-01-28T18:44:20.986955,03 00 03 00 BF D8 AE 47,03000300,0.000000
6384,0,0x10F,STD,8,2026-01-28T18:44:21.043968,03 00 03 00 BE C0 A9 3D,03000300,0.000000
6385,0,0x110,STD,8,2026-01-28T18:44:21.067973,03 00 03 00 AA C0 32 48,03000300,0.000000
6386,0,0x10F,STD,8,2026-01-28T18:44:21.124986,03 00 03 00 96 77 50 3D,03000300,0.000000
6387,0,0x110,STD,8,2026-01-28T18:44:21.137989,03 00 01 00 00 00 00 00,03000100,0.000000
6388,0,0x10F,STD,8,2026-01-28T18:44:21.137989,03 00 02 00 15 75 40 41,03000200,0.000000
6389,0,0x110,STD,8,2026-01-28T18:44:21.137989,03 00 02 00 15 75 40 41,03000200,0.000000
6390,0,0x10F,STD,8,2026-01-28T18:44:21.137989,03 00 01 00 00 00 00 00,03000100,0.000000
6391,0,0x110,STD,8,2026-01-28T18:44:21.150992,03 00 03 00 A4 66 C2 47,03000300,0.000000
6392,0,0x10F,STD,8,2026-01-28T18:44:21.207441,03 00 03 00 74 09 A9 3D,03000300,0.000000
6393,0,0x110,STD,8,2026-01-28T18:44:21.231446,03 00 03 00 5E 03 89 48,03000300,0.000000
6394,0,0x10F,STD,8,2026-01-28T18:44:21.288533,03 00 03 00 F2 2C 93 3D,03000300,0.000000
6395,0,0x110,STD,8,2026-01-28T18:44:21.312539,03 00 03 00 50 07 5C 48,03000300,0.000000
6396,0,0x10F,STD,8,2026-01-28T18:44:21.369552,03 00 03 00 1E 24 4D 3D,03000300,0.000000
6397,0,0x110,STD,8,2026-01-28T18:44:21.393589,03 00 03 00 9C D3 A9 47,03000300,0.000000
6398,0,0x10F,STD,8,2026-01-28T18:44:21.449664,03 00 03 00 26 D0 8E 3D,03000300,0.000000
6399,0,0x110,STD,8,2026-01-28T18:44:21.473668,03 00 03 00 98 08 5B 48,03000300,0.000000
6400,0,0x10F,STD,8,2026-01-28T18:44:21.530681,03 00 03 00 2E C2 2C 3D,03000300,0.000000
6401,0,0x110,STD,8,2026-01-28T18:44:21.554686,03 00 03 00 EF AA 0B 48,03000300,0.000000
6402,0,0x10F,STD,8,2026-01-28T18:44:21.600410,03 00 03 00 21 F7 91 3D,03000300,0.000000
6403,0,0x110,STD,8,2026-01-28T18:44:21.634887,03 00 03 00 F6 57 03 48,03000300,0.000000
6404,0,0x10F,STD,8,2026-01-28T18:44:21.691904,03 00 03 00 F4 0A 37 3D,03000300,0.000000
6405,0,0x110,STD,8,2026-01-28T18:44:21.704503,03 00 03 00 ED 75 76 48,03000300,0.000000
6406,0,0x10F,STD,8,2026-01-28T18:44:21.761517,03 00 03 00 22 21 31 3D,03000300,0.000000
6407,0,0x110,STD,8,2026-01-28T18:44:21.785522,03 00 03 00 1B EE FC 47,03000300,0.000000
6408,0,0x10F,STD,8,2026-01-28T18:44:21.842059,03 00 03 00 A6 82 53 3D,03000300,0.000000
6409,0,0x110,STD,8,2026-01-28T18:44:21.866065,03 00 03 00 DC 6E 0C 48,03000300,0.000000
6410,0,0x10F,STD,8,2026-01-28T18:44:21.923078,03 00 03 00 28 D6 05 3D,03000300,0.000000
6411,0,0x110,STD,8,2026-01-28T18:44:21.947083,03 00 03 00 88 62 CB 47,03000300,0.000000
6412,0,0x10F,STD,8,2026-01-28T18:44:22.004096,03 00 03 00 46 14 42 3D,03000300,0.000000
6413,0,0x110,STD,8,2026-01-28T18:44:22.028101,03 00 03 00 A1 6C 7C 47,03000300,0.000000
6414,0,0x10F,STD,8,2026-01-28T18:44:22.085114,03 00 03 00 FC 70 FB 3C,03000300,0.000000
6415,0,0x110,STD,8,2026-01-28T18:44:22.108806,03 00 03 00 DE E9 F2 47,03000300,0.000000
6416,0,0x10F,STD,8,2026-01-28T18:44:22.165819,03 00 03 00 BF 35 2E 3D,03000300,0.000000
6417,0,0x110,STD,8,2026-01-28T18:44:22.189824,03 00 03 00 1E 89 25 48,03000300,0.000000
6418,0,0x110,STD,8,2026-01-28T18:44:22.191825,03 00 01 00 00 00 00 00,03000100,0.000000
6419,0,0x10F,STD,8,2026-01-28T18:44:22.191825,03 00 02 00 65 9C 4B 41,03000200,0.000000
6420,0,0x110,STD,8,2026-01-28T18:44:22.191825,03 00 02 00 65 9C 4B 41,03000200,0.000000
6421,0,0x10F,STD,8,2026-01-28T18:44:22.193825,03 00 01 00 00 00 00 00,03000100,0.000000
6422,0,0x10F,STD,8,2026-01-28T18:44:22.239836,03 00 03 00 78 85 13 3D,03000300,0.000000
6423,0,0x110,STD,8,2026-01-28T18:44:22.263841,03 00 03 00 8B 6E 80 47,03000300,0.000000
6424,0,0x10F,STD,8,2026-01-28T18:44:22.320854,03 00 03 00 4F 47 25 3D,03000300,0.000000
6425,0,0x110,STD,8,2026-01-28T18:44:22.344860,03 00 03 00 3A C0 E6 47,03000300,0.000000
6426,0,0x10F,STD,8,2026-01-28T18:44:22.406872,03 00 03 00 C9 DA 1D 3D,03000300,0.000000
6427,0,0x110,STD,8,2026-01-28T18:44:22.430878,03 00 03 00 13 E2 11 48,03000300,0.000000
6428,0,0x10F,STD,8,2026-01-28T18:44:22.487891,03 00 03 00 DC 14 70 3D,03000300,0.000000
6429,0,0x110,STD,8,2026-01-28T18:44:22.511897,03 00 03 00 B1 FF 88 48,03000300,0.000000
6430,0,0x10F,STD,8,2026-01-28T18:44:22.557906,03 00 03 00 00 FB 4B 3D,03000300,0.000000
6431,0,0x110,STD,8,2026-01-28T18:44:22.581912,03 00 03 00 72 2F 1C 48,03000300,0.000000
6432,0,0x10F,STD,8,2026-01-28T18:44:22.638925,03 00 03 00 B2 EE D4 3C,03000300,0.000000
6433,0,0x110,STD,8,2026-01-28T18:44:22.662931,03 00 03 00 AD 13 2B 48,03000300,0.000000
6434,0,0x10F,STD,8,2026-01-28T18:44:22.719944,03 00 03 00 C7 73 33 3D,03000300,0.000000
6435,0,0x110,STD,8,2026-01-28T18:44:22.743949,03 00 03 00 0A B7 71 48,03000300,0.000000
6436,0,0x10F,STD,8,2026-01-28T18:44:22.800961,03 00 03 00 D6 ED F1 3C,03000300,0.000000
6437,0,0x110,STD,8,2026-01-28T18:44:22.824967,03 00 03 00 30 B5 85 48,03000300,0.000000
6438,0,0x10F,STD,8,2026-01-28T18:44:22.881980,03 00 03 00 20 BC 03 3D,03000300,0.000000
6439,0,0x110,STD,8,2026-01-28T18:44:22.905986,03 00 03 00 39 29 8F 47,03000300,0.000000
6440,0,0x10F,STD,8,2026-01-28T18:44:22.962998,03 00 03 00 99 02 56 3D,03000300,0.000000
6441,0,0x110,STD,8,2026-01-28T18:44:22.987004,03 00 03 00 CF 01 56 48,03000300,0.000000
6442,0,0x10F,STD,8,2026-01-28T18:44:23.044016,03 00 03 00 C1 A8 15 3D,03000300,0.000000
6443,0,0x110,STD,8,2026-01-28T18:44:23.068022,03 00 03 00 56 70 DC 47,03000300,0.000000
6444,0,0x10F,STD,8,2026-01-28T18:44:23.117033,03 00 03 00 3F C5 75 3D,03000300,0.000000
6445,0,0x110,STD,8,2026-01-28T18:44:23.141038,03 00 03 00 95 66 11 48,03000300,0.000000
6446,0,0x10F,STD,8,2026-01-28T18:44:23.198051,03 00 03 00 75 BA 72 3D,03000300,0.000000
6447,0,0x110,STD,8,2026-01-28T18:44:23.222057,03 00 03 00 CC 31 C7 47,03000300,0.000000
6448,0,0x110,STD,8,2026-01-28T18:44:23.246062,03 00 01 00 00 00 00 00,03000100,0.000000
6449,0,0x10F,STD,8,2026-01-28T18:44:23.246062,03 00 02 00 CD 3A 42 41,03000200,0.000000
6450,0,0x110,STD,8,2026-01-28T18:44:23.246062,03 00 02 00 CD 3A 42 41,03000200,0.000000
6451,0,0x10F,STD,8,2026-01-28T18:44:23.246062,03 00 01 00 00 00 00 00,03000100,0.000000
6452,0,0x10F,STD,8,2026-01-28T18:44:23.281070,03 00 03 00 4B 4F 80 3D,03000300,0.000000
6453,0,0x110,STD,8,2026-01-28T18:44:23.305076,03 00 03 00 A9 60 3B 48,03000300,0.000000
6454,0,0x10F,STD,8,2026-01-28T18:44:23.362088,03 00 03 00 97 71 7E 3D,03000300,0.000000
6455,0,0x110,STD,8,2026-01-28T18:44:23.386094,03 00 03 00 18 36 90 48,03000300,0.000000
6456,0,0x10F,STD,8,2026-01-28T18:44:23.443106,03 00 03 00 7A 8D 4A 3D,03000300,0.000000
6457,0,0x110,STD,8,2026-01-28T18:44:23.466667,03 00 03 00 D9 DB D0 47,03000300,0.000000
6458,0,0x10F,STD,8,2026-01-28T18:44:23.522289,03 00 03 00 F2 C3 70 3D,03000300,0.000000
6459,0,0x110,STD,8,2026-01-28T18:44:23.546296,03 00 03 00 08 DE AA 47,03000300,0.000000
6460,0,0x10F,STD,8,2026-01-28T18:44:23.603309,03 00 03 00 36 FD 17 3D,03000300,0.000000
6461,0,0x110,STD,8,2026-01-28T18:44:23.626823,03 00 03 00 30 C4 F0 47,03000300,0.000000
6462,0,0x10F,STD,8,2026-01-28T18:44:23.683464,03 00 03 00 E8 96 82 3D,03000300,0.000000
6463,0,0x110,STD,8,2026-01-28T18:44:23.707470,03 00 03 00 0F 55 47 48,03000300,0.000000
6464,0,0x10F,STD,8,2026-01-28T18:44:23.763755,03 00 03 00 A9 5D 4C 3D,03000300,0.000000
6465,0,0x110,STD,8,2026-01-28T18:44:23.787761,03 00 03 00 47 34 92 48,03000300,0.000000
6466,0,0x10F,STD,8,2026-01-28T18:44:23.833342,03 00 03 00 CA 89 41 3D,03000300,0.000000
6467,0,0x110,STD,8,2026-01-28T18:44:23.857348,03 00 03 00 FA 66 B3 48,03000300,0.000000
6468,0,0x10F,STD,8,2026-01-28T18:44:23.913864,03 00 03 00 62 69 5A 3D,03000300,0.000000
6469,0,0x110,STD,8,2026-01-28T18:44:23.937869,03 00 03 00 0E B7 C7 48,03000300,0.000000
6470,0,0x10F,STD,8,2026-01-28T18:44:23.994502,03 00 03 00 07 32 47 3D,03000300,0.000000
6471,0,0x110,STD,8,2026-01-28T18:44:24.018508,03 00 03 00 66 42 B7 48,03000300,0.000000
6472,0,0x10F,STD,8,2026-01-28T18:44:24.075521,03 00 03 00 01 45 5C 3D,03000300,0.000000
6473,0,0x110,STD,8,2026-01-28T18:44:24.099526,03 00 03 00 9E 9E 15 49,03000300,0.000000
6474,0,0x10F,STD,8,2026-01-28T18:44:24.155931,03 00 03 00 18 EE 29 3D,03000300,0.000000
6475,0,0x110,STD,8,2026-01-28T18:44:24.179937,03 00 03 00 2C C4 B6 48,03000300,0.000000
6476,0,0x10F,STD,8,2026-01-28T18:44:24.236261,03 00 03 00 1B 08 19 3D,03000300,0.000000
6477,0,0x110,STD,8,2026-01-28T18:44:24.260267,03 00 03 00 73 8E 90 48,03000300,0.000000
6478,0,0x110,STD,8,2026-01-28T18:44:24.294883,03 00 01 00 00 00 00 00,03000100,0.000000
6479,0,0x110,STD,8,2026-01-28T18:44:24.294883,03 00 02 00 4C 10 3E 41,03000200,0.000000
6480,0,0x10F,STD,8,2026-01-28T18:44:24.294883,03 00 01 00 00 00 00 00,03000100,0.000000
6481,0,0x110,STD,8,2026-01-28T18:44:24.294883,03 00 01 00 00 00 00 00,03000100,0.000000
6482,0,0x10F,STD,8,2026-01-28T18:44:24.318888,03 00 03 00 71 6E DB 3C,03000300,0.000000
6483,0,0x110,STD,8,2026-01-28T18:44:24.342894,03 00 03 00 95 41 8C 48,03000300,0.000000
6484,0,0x10F,STD,8,2026-01-28T18:44:24.399907,03 00 03 00 F7 3E 23 3D,03000300,0.000000
6485,0,0x110,STD,8,2026-01-28T18:44:24.423912,03 00 03 00 CD A1 D8 47,03000300,0.000000
6486,0,0x10F,STD,8,2026-01-28T18:44:24.480925,03 00 03 00 98 49 68 3D,03000300,0.000000
6487,0,0x110,STD,8,2026-01-28T18:44:24.493928,03 00 03 00 97 F8 7A 47,03000300,0.000000
6488,0,0x10F,STD,8,2026-01-28T18:44:24.550940,03 00 03 00 F2 00 2D 3D,03000300,0.000000
6489,0,0x110,STD,8,2026-01-28T18:44:24.574946,03 00 03 00 F1 E8 AE 47,03000300,0.000000
6490,0,0x10F,STD,8,2026-01-28T18:44:24.631496,03 00 03 00 16 80 73 3D,03000300,0.000000
6491,0,0x110,STD,8,2026-01-28T18:44:24.655501,03 00 03 00 15 2D F4 47,03000300,0.000000
6492,0,0x10F,STD,8,2026-01-28T18:44:24.712514,03 00 03 00 07 72 23 3D,03000300,0.000000
6493,0,0x110,STD,8,2026-01-28T18:44:24.736519,03 00 03 00 CB FD 94 48,03000300,0.000000
6494,0,0x10F,STD,8,2026-01-28T18:44:24.793532,03 00 03 00 27 E8 7A 3D,03000300,0.000000
6495,0,0x110,STD,8,2026-01-28T18:44:24.817538,03 00 03 00 74 94 23 48,03000300,0.000000
6496,0,0x10F,STD,8,2026-01-28T18:44:24.874550,03 00 03 00 29 65 35 3D,03000300,0.000000
6497,0,0x110,STD,8,2026-01-28T18:44:24.898556,03 00 03 00 14 A9 0B 48,03000300,0.000000
6498,0,0x10F,STD,8,2026-01-28T18:44:24.955569,03 00 03 00 E9 90 66 3D,03000300,0.000000
6499,0,0x110,STD,8,2026-01-28T18:44:24.971572,03 00 03 00 BE 1D B5 47,03000300,0.000000
6500,0,0x10F,STD,8,2026-01-28T18:44:25.029585,03 00 03 00 E3 09 5D 3D,03000300,0.000000
6501,0,0x110,STD,8,2026-01-28T18:44:25.053591,03 00 03 00 5E 2A 8D 47,03000300,0.000000
6502,0,0x10F,STD,8,2026-01-28T18:44:25.110603,03 00 03 00 7D 7F 33 3D,03000300,0.000000
6503,0,0x110,STD,8,2026-01-28T18:44:25.134609,03 00 03 00 90 6C 6F 48,03000300,0.000000
6504,0,0x10F,STD,8,2026-01-28T18:44:25.191622,03 00 03 00 4A 63 66 3D,03000300,0.000000
6505,0,0x110,STD,8,2026-01-28T18:44:25.215627,03 00 03 00 9A 85 A4 48,03000300,0.000000
6506,0,0x10F,STD,8,2026-01-28T18:44:25.272640,03 00 03 00 8A 4B 1B 3D,03000300,0.000000
6507,0,0x110,STD,8,2026-01-28T18:44:25.296646,03 00 03 00 81 B8 E2 47,03000300,0.000000
6508,0,0x10F,STD,8,2026-01-28T18:44:25.331653,03 00 02 00 4C 10 3E 41,03000200,0.000000
6509,0,0x110,STD,8,2026-01-28T18:44:25.331653,03 00 01 00 00 00 00 00,03000100,0.000000
6510,0,0x10F,STD,8,2026-01-28T18:44:25.331653,03 00 02 00 8C 8F 2E 41,03000200,0.000000
6511,0,0x110,STD,8,2026-01-28T18:44:25.331653,03 00 02 00 8C 8F 2E 41,03000200,0.000000
6512,0,0x10F,STD,8,2026-01-28T18:44:25.355658,03 00 03 00 C9 B0 66 3D,03000300,0.000000
6513,0,0x110,STD,8,2026-01-28T18:44:25.379664,03 00 03 00 D6 47 8B 48,03000300,0.000000
6514,0,0x10F,STD,8,2026-01-28T18:44:25.436677,03 00 03 00 BE 4B 33 3D,03000300,0.000000
6515,0,0x110,STD,8,2026-01-28T18:44:25.460683,03 00 03 00 18 2D 83 48,03000300,0.000000
6516,0,0x10F,STD,8,2026-01-28T18:44:25.517695,03 00 03 00 B6 A2 25 3D,03000300,0.000000
6517,0,0x110,STD,8,2026-01-28T18:44:25.530698,03 00 03 00 3D 83 A5 48,03000300,0.000000
6518,0,0x10F,STD,8,2026-01-28T18:44:25.587711,03 00 03 00 7E 71 57 3D,03000300,0.000000
6519,0,0x110,STD,8,2026-01-28T18:44:25.611716,03 00 03 00 DD C9 B6 48,03000300,0.000000
6520,0,0x10F,STD,8,2026-01-28T18:44:25.668729,03 00 03 00 11 33 16 3D,03000300,0.000000
6521,0,0x110,STD,8,2026-01-28T18:44:25.691278,03 00 03 00 85 03 80 48,03000300,0.000000
6522,0,0x10F,STD,8,2026-01-28T18:44:25.748291,03 00 03 00 18 E4 18 3D,03000300,0.000000
6523,0,0x110,STD,8,2026-01-28T18:44:25.772296,03 00 03 00 6D E7 95 48,03000300,0.000000
6524,0,0x10F,STD,8,2026-01-28T18:44:25.829309,03 00 03 00 34 5D 1D 3D,03000300,0.000000
6525,0,0x110,STD,8,2026-01-28T18:44:25.853314,03 00 03 00 81 51 BB 48,03000300,0.000000
6526,0,0x10F,STD,8,2026-01-28T18:44:25.909663,03 00 03 00 35 07 57 3D,03000300,0.000000
6527,0,0x110,STD,8,2026-01-28T18:44:25.933668,03 00 03 00 7D 13 36 48,03000300,0.000000
6528,0,0x10F,STD,8,2026-01-28T18:44:25.990681,03 00 03 00 1D 17 35 3D,03000300,0.000000
6529,0,0x110,STD,8,2026-01-28T18:44:26.014686,03 00 03 00 4E 42 A8 48,03000300,0.000000
6530,0,0x10F,STD,8,2026-01-28T18:44:26.071699,03 00 03 00 B0 F6 74 3D,03000300,0.000000
6531,0,0x110,STD,8,2026-01-28T18:44:26.095705,03 00 03 00 3D 03 2D 48,03000300,0.000000
6532,0,0x10F,STD,8,2026-01-28T18:44:26.152352,03 00 03 00 4D 52 47 3D,03000300,0.000000
6533,0,0x110,STD,8,2026-01-28T18:44:26.176358,03 00 03 00 DA C2 43 48,03000300,0.000000
6534,0,0x10F,STD,8,2026-01-28T18:44:26.233370,03 00 03 00 9C 91 FA 3C,03000300,0.000000
6535,0,0x110,STD,8,2026-01-28T18:44:26.257377,03 00 03 00 E6 A8 42 48,03000300,0.000000
6536,0,0x10F,STD,8,2026-01-28T18:44:26.314390,03 00 03 00 6F 0C 24 3D,03000300,0.000000
6537,0,0x110,STD,8,2026-01-28T18:44:26.337920,03 00 03 00 41 74 9C 48,03000300,0.000000
6538,0,0x10F,STD,8,2026-01-28T18:44:26.376929,03 00 01 00 00 00 00 00,03000100,0.000000
6539,0,0x10F,STD,8,2026-01-28T18:44:26.376929,03 00 02 00 C3 97 44 41,03000200,0.000000
6540,0,0x10F,STD,8,2026-01-28T18:44:26.376929,03 00 01 00 00 00 00 00,03000100,0.000000
6541,0,0x110,STD,8,2026-01-28T18:44:26.376929,03 00 02 00 C3 97 44 41,03000200,0.000000
6542,0,0x10F,STD,8,2026-01-28T18:44:26.389931,03 00 03 00 86 0F 7D 3C,03000300,0.000000
6543,0,0x110,STD,8,2026-01-28T18:44:26.413118,03 00 03 00 E7 5A 54 48,03000300,0.000000
6544,0,0x10F,STD,8,2026-01-28T18:44:26.469274,03 00 03 00 CF AD 08 3D,03000300,0.000000
6545,0,0x110,STD,8,2026-01-28T18:44:26.493281,03 00 03 00 86 DE 94 48,03000300,0.000000
6546,0,0x10F,STD,8,2026-01-28T18:44:26.550293,03 00 03 00 54 FF 15 3D,03000300,0.000000
6547,0,0x110,STD,8,2026-01-28T18:44:26.574299,03 00 03 00 7E 1F 07 49,03000300,0.000000
6548,0,0x10F,STD,8,2026-01-28T18:44:26.631107,03 00 03 00 78 4A 3F 3D,03000300,0.000000
6549,0,0x110,STD,8,2026-01-28T18:44:26.655112,03 00 03 00 3D 18 92 48,03000300,0.000000
6550,0,0x10F,STD,8,2026-01-28T18:44:26.712111,03 00 03 00 61 C5 81 3D,03000300,0.000000
6551,0,0x110,STD,8,2026-01-28T18:44:26.736274,03 00 03 00 DA D9 8A 48,03000300,0.000000
6552,0,0x10F,STD,8,2026-01-28T18:44:26.782284,03 00 03 00 72 4A 0F 3D,03000300,0.000000
6553,0,0x110,STD,8,2026-01-28T18:44:26.806289,03 00 03 00 17 44 84 48,03000300,0.000000
6554,0,0x10F,STD,8,2026-01-28T18:44:26.863091,03 00 03 00 AE B8 7A 3D,03000300,0.000000
6555,0,0x110,STD,8,2026-01-28T18:44:26.887096,03 00 03 00 EC 11 72 47,03000300,0.000000
6556,0,0x10F,STD,8,2026-01-28T18:44:26.944109,03 00 03 00 1F 42 4B 3D,03000300,0.000000
6557,0,0x110,STD,8,2026-01-28T18:44:26.967219,03 00 03 00 8E AF 89 47,03000300,0.000000
6558,0,0x10F,STD,8,2026-01-28T18:44:27.024232,03 00 03 00 D7 AF 2A 3D,03000300,0.000000
6559,0,0x110,STD,8,2026-01-28T18:44:27.048237,03 00 03 00 9A 32 81 48,03000300,0.000000
6560,0,0x10F,STD,8,2026-01-28T18:44:27.105250,03 00 03 00 44 15 6B 3D,03000300,0.000000
6561,0,0x110,STD,8,2026-01-28T18:44:27.129236,03 00 03 00 DC 96 5A 48,03000300,0.000000
6562,0,0x10F,STD,8,2026-01-28T18:44:27.186249,03 00 03 00 50 F2 36 3D,03000300,0.000000
6563,0,0x110,STD,8,2026-01-28T18:44:27.210254,03 00 03 00 F0 73 86 48,03000300,0.000000
6564,0,0x10F,STD,8,2026-01-28T18:44:27.267267,03 00 03 00 C3 89 84 3D,03000300,0.000000
6565,0,0x110,STD,8,2026-01-28T18:44:27.291272,03 00 03 00 F9 64 B1 48,03000300,0.000000
6566,0,0x10F,STD,8,2026-01-28T18:44:27.348286,03 00 03 00 58 AD 3A 3D,03000300,0.000000
6567,0,0x110,STD,8,2026-01-28T18:44:27.372291,03 00 03 00 9A A5 27 48,03000300,0.000000
6568,0,0x10F,STD,8,2026-01-28T18:44:27.429304,03 00 03 00 7C 39 5B 3D,03000300,0.000000
6569,0,0x110,STD,8,2026-01-28T18:44:27.429304,03 00 01 00 00 00 00 00,03000100,0.000000
6570,0,0x10F,STD,8,2026-01-28T18:44:27.429304,03 00 02 00 53 A5 2C 41,03000200,0.000000
6571,0,0x110,STD,8,2026-01-28T18:44:27.429304,03 00 02 00 53 A5 2C 41,03000200,0.000000
6572,0,0x10F,STD,8,2026-01-28T18:44:27.429304,03 00 01 00 00 00 00 00,03000100,0.000000
6573,0,0x110,STD,8,2026-01-28T18:44:27.453309,03 00 03 00 8B C0 86 48,03000300,0.000000
6574,0,0x10F,STD,8,2026-01-28T18:44:27.510322,03 00 03 00 14 83 31 3D,03000300,0.000000
6575,0,0x110,STD,8,2026-01-28T18:44:27.534327,03 00 03 00 9A 72 62 48,03000300,0.000000
6576,0,0x10F,STD,8,2026-01-28T18:44:27.580338,03 00 03 00 8F 7C 25 3D,03000300,0.000000
6577,0,0x110,STD,8,2026-01-28T18:44:27.604343,03 00 03 00 08 63 27 48,03000300,0.000000
6578,0,0x10F,STD,8,2026-01-28T18:44:27.661356,03 00 03 00 D4 A7 6D 3D,03000300,0.000000
6579,0,0x110,STD,8,2026-01-28T18:44:27.685361,03 00 03 00 5C 48 51 48,03000300,0.000000
6580,0,0x10F,STD,8,2026-01-28T18:44:27.741949,03 00 03 00 0A 5B 2D 3D,03000300,0.000000
6581,0,0x110,STD,8,2026-01-28T18:44:27.765954,03 00 03 00 DF 7B F2 47,03000300,0.000000
6582,0,0x10F,STD,8,2026-01-28T18:44:27.822967,03 00 03 00 55 69 81 3D,03000300,0.000000
6583,0,0x110,STD,8,2026-01-28T18:44:27.846973,03 00 03 00 BB 85 E5 47,03000300,0.000000
6584,0,0x10F,STD,8,2026-01-28T18:44:27.903986,03 00 03 00 92 78 36 3D,03000300,0.000000
6585,0,0x110,STD,8,2026-01-28T18:44:27.927991,03 00 03 00 6D 79 BB 47,03000300,0.000000
6586,0,0x10F,STD,8,2026-01-28T18:44:27.988004,03 00 03 00 D3 8C 05 3D,03000300,0.000000
6587,0,0x110,STD,8,2026-01-28T18:44:28.011389,03 00 03 00 50 EE 36 48,03000300,0.000000
6588,0,0x10F,STD,8,2026-01-28T18:44:28.057399,03 00 03 00 EC 5E AC 3C,03000300,0.000000
6589,0,0x110,STD,8,2026-01-28T18:44:28.081405,03 00 03 00 00 38 16 48,03000300,0.000000
6590,0,0x10F,STD,8,2026-01-28T18:44:28.138418,03 00 03 00 F3 1C 7F 3C,03000300,0.000000
6591,0,0x110,STD,8,2026-01-28T18:44:28.162423,03 00 03 00 E4 73 A8 48,03000300,0.000000
6592,0,0x10F,STD,8,2026-01-28T18:44:28.219436,03 00 03 00 EA 8F AB 3C,03000300,0.000000
6593,0,0x110,STD,8,2026-01-28T18:44:28.242492,03 00 03 00 30 A2 4E 48,03000300,0.000000
6594,0,0x10F,STD,8,2026-01-28T18:44:28.299211,03 00 03 00 74 74 B3 3C,03000300,0.000000
6595,0,0x110,STD,8,2026-01-28T18:44:28.323217,03 00 03 00 73 9E 69 48,03000300,0.000000
6596,0,0x10F,STD,8,2026-01-28T18:44:28.385794,03 00 03 00 17 60 2B 3D,03000300,0.000000
6597,0,0x110,STD,8,2026-01-28T18:44:28.409799,03 00 03 00 80 73 C0 48,03000300,0.000000
6598,0,0x10F,STD,8,2026-01-28T18:44:28.465910,03 00 03 00 0C 71 13 3D,03000300,0.000000
6599,0,0x110,STD,8,2026-01-28T18:44:28.489915,03 00 03 00 72 00 9E 48,03000300,0.000000
6600,0,0x110,STD,8,2026-01-28T18:44:28.489915,03 00 01 00 00 00 00 00,03000100,0.000000
6601,0,0x110,STD,8,2026-01-28T18:44:28.489915,03 00 01 00 00 00 00 00,03000100,0.000000
6602,0,0x10F,STD,8,2026-01-28T18:44:28.491916,03 00 02 00 94 18 3D 41,03000200,0.000000
6603,0,0x110,STD,8,2026-01-28T18:44:28.491916,03 00 02 00 94 18 3D 41,03000200,0.000000
6604,0,0x10F,STD,8,2026-01-28T18:44:28.537259,03 00 03 00 01 62 46 3D,03000300,0.000000
6605,0,0x110,STD,8,2026-01-28T18:44:28.560627,03 00 03 00 99 BD 66 48,03000300,0.000000
6606,0,0x10F,STD,8,2026-01-28T18:44:28.617641,03 00 03 00 66 DA 5B 3D,03000300,0.000000
6607,0,0x110,STD,8,2026-01-28T18:44:28.641646,03 00 03 00 0E E8 57 48,03000300,0.000000
6608,0,0x10F,STD,8,2026-01-28T18:44:28.698659,03 00 03 00 4C F3 66 3D,03000300,0.000000
6609,0,0x110,STD,8,2026-01-28T18:44:28.722664,03 00 03 00 DB 2E 7B 48,03000300,0.000000
6610,0,0x10F,STD,8,2026-01-28T18:44:28.779677,03 00 03 00 F8 1A A7 3D,03000300,0.000000
6611,0,0x110,STD,8,2026-01-28T18:44:28.803250,03 00 03 00 5D 94 6E 48,03000300,0.000000
6612,0,0x10F,STD,8,2026-01-28T18:44:28.859965,03 00 03 00 E2 34 7E 3D,03000300,0.000000
6613,0,0x110,STD,8,2026-01-28T18:44:28.883971,03 00 03 00 05 FF 66 48,03000300,0.000000
6614,0,0x10F,STD,8,2026-01-28T18:44:28.940369,03 00 03 00 E9 FD AA 3D,03000300,0.000000
6615,0,0x110,STD,8,2026-01-28T18:44:28.964375,03 00 03 00 E3 25 BF 48,03000300,0.000000
6616,0,0x10F,STD,8,2026-01-28T18:44:29.021185,03 00 03 00 FD E1 85 3D,03000300,0.000000
6617,0,0x110,STD,8,2026-01-28T18:44:29.044515,03 00 03 00 B6 5A 9A 48,03000300,0.000000
6618,0,0x10F,STD,8,2026-01-28T18:44:29.100951,03 00 03 00 4E 6E 6E 3D,03000300,0.000000
6619,0,0x110,STD,8,2026-01-28T18:44:29.124956,03 00 03 00 73 FC 53 48,03000300,0.000000
6620,0,0x10F,STD,8,2026-01-28T18:44:29.181969,03 00 03 00 6C 98 7D 3D,03000300,0.000000
6621,0,0x110,STD,8,2026-01-28T18:44:29.205975,03 00 03 00 75 18 A0 48,03000300,0.000000
6622,0,0x10F,STD,8,2026-01-28T18:44:29.262987,03 00 03 00 97 1D 14 3D,03000300,0.000000
6623,0,0x110,STD,8,2026-01-28T18:44:29.286993,03 00 03 00 19 35 51 48,03000300,0.000000
6624,0,0x10F,STD,8,2026-01-28T18:44:29.333003,03 00 03 00 EA 69 61 3D,03000300,0.000000
6625,0,0x110,STD,8,2026-01-28T18:44:29.357008,03 00 03 00 4D 26 2D 48,03000300,0.000000
6626,0,0x10F,STD,8,2026-01-28T18:44:29.414021,03 00 03 00 A2 54 21 3D,03000300,0.000000
6627,0,0x110,STD,8,2026-01-28T18:44:29.438027,03 00 03 00 10 12 33 48,03000300,0.000000
6628,0,0x10F,STD,8,2026-01-28T18:44:29.495040,03 00 03 00 A9 26 42 3D,03000300,0.000000
6629,0,0x110,STD,8,2026-01-28T18:44:29.519045,03 00 03 00 0B 29 1B 48,03000300,0.000000
6630,0,0x10F,STD,8,2026-01-28T18:44:29.543050,03 00 01 00 00 00 00 00,03000100,0.000000
6631,0,0x10F,STD,8,2026-01-28T18:44:29.543050,03 00 02 00 6E 71 48 41,03000200,0.000000
6632,0,0x110,STD,8,2026-01-28T18:44:29.543050,03 00 02 00 6E 71 48 41,03000200,0.000000
6633,0,0x10F,STD,8,2026-01-28T18:44:29.543050,03 00 01 00 00 00 00 00,03000100,0.000000
6634,0,0x10F,STD,8,2026-01-28T18:44:29.578058,03 00 03 00 52 0E 37 3D,03000300,0.000000
6635,0,0x110,STD,8,2026-01-28T18:44:29.602064,03 00 03 00 71 5D 46 48,03000300,0.000000
6636,0,0x10F,STD,8,2026-01-28T18:44:29.659076,03 00 03 00 FD 20 10 3D,03000300,0.000000
6637,0,0x110,STD,8,2026-01-28T18:44:29.683082,03 00 03 00 9F 21 FB 47,03000300,0.000000
6638,0,0x10F,STD,8,2026-01-28T18:44:29.740094,03 00 03 00 88 C1 54 3D,03000300,0.000000
6639,0,0x110,STD,8,2026-01-28T18:44:29.764100,03 00 03 00 2D 77 77 48,03000300,0.000000
6640,0,0x10F,STD,8,2026-01-28T18:44:29.821113,03 00 03 00 5A 47 14 3D,03000300,0.000000
6641,0,0x110,STD,8,2026-01-28T18:44:29.845118,03 00 03 00 67 6B 2F 48,03000300,0.000000
6642,0,0x10F,STD,8,2026-01-28T18:44:29.902131,03 00 03 00 88 29 84 3D,03000300,0.000000
6643,0,0x110,STD,8,2026-01-28T18:44:29.915134,03 00 03 00 5A C6 F4 47,03000300,0.000000
6644,0,0x10F,STD,8,2026-01-28T18:44:29.972147,03 00 03 00 49 43 2A 3D,03000300,0.000000
6645,0,0x110,STD,8,2026-01-28T18:44:29.996152,03 00 03 00 34 A4 00 48,03000300,0.000000
6646,0,0x10F,STD,8,2026-01-28T18:44:30.053165,03 00 03 00 9F F5 86 3D,03000300,0.000000
6647,0,0x110,STD,8,2026-01-28T18:44:30.076672,03 00 03 00 21 6C 05 48,03000300,0.000000
6648,0,0x10F,STD,8,2026-01-28T18:44:30.133686,03 00 03 00 F5 47 63 3D,03000300,0.000000
6649,0,0x110,STD,8,2026-01-28T18:44:30.157691,03 00 03 00 FB 23 2A 48,03000300,0.000000
6650,0,0x10F,STD,8,2026-01-28T18:44:30.214703,03 00 03 00 C4 46 29 3D,03000300,0.000000
6651,0,0x110,STD,8,2026-01-28T18:44:30.238709,03 00 03 00 B0 54 D2 48,03000300,0.000000
6652,0,0x10F,STD,8,2026-01-28T18:44:30.295722,03 00 03 00 41 13 5E 3D,03000300,0.000000
6653,0,0x110,STD,8,2026-01-28T18:44:30.319727,03 00 03 00 AA D6 9C 48,03000300,0.000000
6654,0,0x10F,STD,8,2026-01-28T18:44:30.377740,03 00 03 00 5F 93 E4 3C,03000300,0.000000
6655,0,0x110,STD,8,2026-01-28T18:44:30.401746,03 00 03 00 E0 80 CE 48,03000300,0.000000
6656,0,0x10F,STD,8,2026-01-28T18:44:30.458758,03 00 03 00 48 1A 2B 3D,03000300,0.000000
6657,0,0x110,STD,8,2026-01-28T18:44:30.482764,03 00 03 00 41 61 E1 48,03000300,0.000000
6658,0,0x10F,STD,8,2026-01-28T18:44:30.528774,03 00 03 00 30 15 31 3D,03000300,0.000000
6659,0,0x110,STD,8,2026-01-28T18:44:30.552780,03 00 03 00 A5 97 3E 48,03000300,0.000000
6660,0,0x110,STD,8,2026-01-28T18:44:30.598790,03 00 01 00 00 00 00 00,03000100,0.000000
6661,0,0x10F,STD,8,2026-01-28T18:44:30.598790,03 00 02 00 D5 8E 3B 41,03000200,0.000000
6662,0,0x110,STD,8,2026-01-28T18:44:30.598790,03 00 02 00 D5 8E 3B 41,03000200,0.000000
6663,0,0x10F,STD,8,2026-01-28T18:44:30.598790,03 00 01 00 00 00 00 00,03000100,0.000000
6664,0,0x10F,STD,8,2026-01-28T18:44:30.611793,03 00 03 00 3C C8 49 3D,03000300,0.000000
6665,0,0x110,STD,8,2026-01-28T18:44:30.635798,03 00 03 00 02 E8 90 48,03000300,0.000000
6666,0,0x10F,STD,8,2026-01-28T18:44:30.692811,03 00 03 00 23 A2 61 3D,03000300,0.000000
6667,0,0x110,STD,8,2026-01-28T18:44:30.716816,03 00 03 00 71 40 29 48,03000300,0.000000
6668,0,0x10F,STD,8,2026-01-28T18:44:30.773829,03 00 03 00 7C 4D 28 3D,03000300,0.000000
6669,0,0x110,STD,8,2026-01-28T18:44:30.797834,03 00 03 00 32 6B 6E 48,03000300,0.000000
6670,0,0x10F,STD,8,2026-01-28T18:44:30.854312,03 00 03 00 F7 80 87 3D,03000300,0.000000
6671,0,0x110,STD,8,2026-01-28T18:44:30.878317,03 00 03 00 E0 05 6A 48,03000300,0.000000
6672,0,0x10F,STD,8,2026-01-28T18:44:30.935330,03 00 03 00 8E 85 3E 3D,03000300,0.000000
6673,0,0x110,STD,8,2026-01-28T18:44:30.959336,03 00 03 00 2E F2 E4 47,03000300,0.000000
6674,0,0x10F,STD,8,2026-01-28T18:44:31.016348,03 00 03 00 28 00 82 3D,03000300,0.000000
6675,0,0x110,STD,8,2026-01-28T18:44:31.040354,03 00 03 00 84 76 A5 48,03000300,0.000000
6676,0,0x10F,STD,8,2026-01-28T18:44:31.098367,03 00 03 00 2A CA 60 3D,03000300,0.000000
6677,0,0x110,STD,8,2026-01-28T18:44:31.111370,03 00 03 00 91 C6 82 48,03000300,0.000000
6678,0,0x10F,STD,8,2026-01-28T18:44:31.168114,03 00 03 00 89 8B 57 3D,03000300,0.000000
6679,0,0x110,STD,8,2026-01-28T18:44:31.192107,03 00 03 00 F1 2A 3D 48,03000300,0.000000
6680,0,0x10F,STD,8,2026-01-28T18:44:31.249120,03 00 03 00 23 60 66 3D,03000300,0.000000
6681,0,0x110,STD,8,2026-01-28T18:44:31.273125,03 00 03 00 F1 E7 90 48,03000300,0.000000
6682,0,0x10F,STD,8,2026-01-28T18:44:31.329831,03 00 03 00 DA 8A 3C 3D,03000300,0.000000
6683,0,0x110,STD,8,2026-01-28T18:44:31.353836,03 00 03 00 D8 A9 2D 48,03000300,0.000000
6684,0,0x10F,STD,8,2026-01-28T18:44:31.410824,03 00 03 00 6E 6E 4E 3D,03000300,0.000000
6685,0,0x110,STD,8,2026-01-28T18:44:31.434128,03 00 03 00 05 CA 60 48,03000300,0.000000
6686,0,0x10F,STD,8,2026-01-28T18:44:31.491536,03 00 03 00 39 94 CA 3C,03000300,0.000000
6687,0,0x110,STD,8,2026-01-28T18:44:31.515541,03 00 03 00 E4 30 CF 48,03000300,0.000000
6688,0,0x10F,STD,8,2026-01-28T18:44:31.571817,03 00 03 00 25 27 25 3D,03000300,0.000000
6689,0,0x110,STD,8,2026-01-28T18:44:31.595822,03 00 03 00 1F 87 7F 48,03000300,0.000000
6690,0,0x10F,STD,8,2026-01-28T18:44:31.652838,03 00 03 00 51 F6 25 3D,03000300,0.000000
6691,0,0x110,STD,8,2026-01-28T18:44:31.652838,03 00 01 00 00 00 00 00,03000100,0.000000
6692,0,0x110,STD,8,2026-01-28T18:44:31.652838,03 00 01 00 00 00 00 00,03000100,0.000000
6693,0,0x10F,STD,8,2026-01-28T18:44:31.652838,03 00 02 00 1B A6 30 41,03000200,0.000000
6694,0,0x110,STD,8,2026-01-28T18:44:31.652838,03 00 02 00 1B A6 30 41,03000200,0.000000
6695,0,0x110,STD,8,2026-01-28T18:44:31.676843,03 00 03 00 D3 98 99 48,03000300,0.000000
6696,0,0x10F,STD,8,2026-01-28T18:44:31.733144,03 00 03 00 1A 1E 20 3D,03000300,0.000000
6697,0,0x110,STD,8,2026-01-28T18:44:31.757149,03 00 03 00 BD D5 BD 48,03000300,0.000000
6698,0,0x10F,STD,8,2026-01-28T18:44:31.814162,03 00 03 00 F4 0A 5A 3D,03000300,0.000000
6699,0,0x110,STD,8,2026-01-28T18:44:31.838167,03 00 03 00 1F 5C E2 48,03000300,0.000000
6700,0,0x10F,STD,8,2026-01-28T18:44:31.884177,03 00 03 00 81 C1 31 3D,03000300,0.000000
6701,0,0x110,STD,8,2026-01-28T18:44:31.908183,03 00 03 00 94 7D 91 48,03000300,0.000000
6702,0,0x10F,STD,8,2026-01-28T18:44:31.965195,03 00 03 00 29 A6 62 3D,03000300,0.000000
6703,0,0x110,STD,8,2026-01-28T18:44:31.989201,03 00 03 00 47 5F 74 48,03000300,0.000000
6704,0,0x10F,STD,8,2026-01-28T18:44:32.046215,03 00 03 00 EF 22 1A 3D,03000300,0.000000
6705,0,0x110,STD,8,2026-01-28T18:44:32.070221,03 00 03 00 6A 32 04 48,03000300,0.000000
6706,0,0x10F,STD,8,2026-01-28T18:44:32.127234,03 00 03 00 9A 7A 3E 3D,03000300,0.000000
6707,0,0x110,STD,8,2026-01-28T18:44:32.150773,03 00 03 00 34 75 00 48,03000300,0.000000
6708,0,0x10F,STD,8,2026-01-28T18:44:32.207786,03 00 03 00 10 94 2B 3D,03000300,0.000000
6709,0,0x110,STD,8,2026-01-28T18:44:32.231791,03 00 03 00 74 37 E5 47,03000300,0.000000
6710,0,0x10F,STD,8,2026-01-28T18:44:32.288804,03 00 03 00 6B D0 0D 3D,03000300,0.000000
6711,0,0x110,STD,8,2026-01-28T18:44:32.312809,03 00 03 00 EE 95 5F 47,03000300,0.000000
6712,0,0x10F,STD,8,2026-01-28T18:44:32.364821,03 00 03 00 97 32 30 3D,03000300,0.000000
6713,0,0x110,STD,8,2026-01-28T18:44:32.388826,03 00 03 00 6E BB A9 47,03000300,0.000000
6714,0,0x10F,STD,8,2026-01-28T18:44:32.445839,03 00 03 00 5D 0A F4 3C,03000300,0.000000
6715,0,0x110,STD,8,2026-01-28T18:44:32.469845,03 00 03 00 7E BC 6B 48,03000300,0.000000
6716,0,0x10F,STD,8,2026-01-28T18:44:32.526858,03 00 03 00 53 01 36 3D,03000300,0.000000
6717,0,0x110,STD,8,2026-01-28T18:44:32.550863,03 00 03 00 31 24 B1 48,03000300,0.000000
6718,0,0x10F,STD,8,2026-01-28T18:44:32.607876,03 00 03 00 44 5C FE 3C,03000300,0.000000
6719,0,0x110,STD,8,2026-01-28T18:44:32.631881,03 00 03 00 3C 2B C0 48,03000300,0.000000
6720,0,0x10F,STD,8,2026-01-28T18:44:32.688894,03 00 03 00 E2 A0 12 3D,03000300,0.000000
6721,0,0x10F,STD,8,2026-01-28T18:44:32.701897,03 00 01 00 00 00 00 00,03000100,0.000000
6722,0,0x10F,STD,8,2026-01-28T18:44:32.701897,03 00 02 00 07 25 44 41,03000200,0.000000
6723,0,0x110,STD,8,2026-01-28T18:44:32.701897,03 00 02 00 07 25 44 41,03000200,0.000000
6724,0,0x10F,STD,8,2026-01-28T18:44:32.714900,03 00 01 00 00 00 00 00,03000100,0.000000
6725,0,0x10F,STD,8,2026-01-28T18:44:32.714900,03 00 01 00 00 00 00 00,03000100,0.000000
6726,0,0x10F,STD,8,2026-01-28T18:44:32.760910,03 00 03 00 84 B3 32 3D,03000300,0.000000
6727,0,0x110,STD,8,2026-01-28T18:44:32.784916,03 00 03 00 E8 4E E3 48,03000300,0.000000
6728,0,0x10F,STD,8,2026-01-28T18:44:32.841928,03 00 03 00 2D 28 01 3D,03000300,0.000000
6729,0,0x110,STD,8,2026-01-28T18:44:32.865934,03 00 03 00 24 91 CF 48,03000300,0.000000
6730,0,0x10F,STD,8,2026-01-28T18:44:32.922947,03 00 03 00 2F 89 5C 3D,03000300,0.000000
6731,0,0x110,STD,8,2026-01-28T18:44:32.946952,03 00 03 00 67 6A E3 48,03000300,0.000000
6732,0,0x10F,STD,8,2026-01-28T18:44:33.003965,03 00 03 00 51 8B 00 3D,03000300,0.000000
6733,0,0x110,STD,8,2026-01-28T18:44:33.027971,03 00 03 00 65 CF D1 48,03000300,0.000000
6734,0,0x10F,STD,8,2026-01-28T18:44:33.084487,03 00 03 00 6D A9 26 3D,03000300,0.000000
6735,0,0x110,STD,8,2026-01-28T18:44:33.108492,03 00 03 00 AC 37 A7 48,03000300,0.000000
6736,0,0x10F,STD,8,2026-01-28T18:44:33.165505,03 00 03 00 C2 B6 D4 3C,03000300,0.000000
6737,0,0x110,STD,8,2026-01-28T18:44:33.189049,03 00 03 00 77 B9 52 48,03000300,0.000000
6738,0,0x10F,STD,8,2026-01-28T18:44:33.246061,03 00 03 00 29 D3 DF 3C,03000300,0.000000
6739,0,0x110,STD,8,2026-01-28T18:44:33.270067,03 00 03 00 25 44 E9 47,03000300,0.000000
6740,0,0x10F,STD,8,2026-01-28T18:44:33.327079,03 00 03 00 A3 2E C5 3C,03000300,0.000000
6741,0,0x110,STD,8,2026-01-28T18:44:33.351085,03 00 03 00 6A AB 82 48,03000300,0.000000
6742,0,0x10F,STD,8,2026-01-28T18:44:33.407698,03 00 03 00 A8 CF 21 3D,03000300,0.000000
6743,0,0x110,STD,8,2026-01-28T18:44:33.431703,03 00 03 00 4D FF AD 48,03000300,0.000000
6744,0,0x10F,STD,8,2026-01-28T18:44:33.477714,03 00 03 00 06 52 3C 3D,03000300,0.000000
6745,0,0x110,STD,8,2026-01-28T18:44:33.512722,03 00 03 00 35 60 36 48,03000300,0.000000
6746,0,0x10F,STD,8,2026-01-28T18:44:33.558700,03 00 03 00 57 C6 E3 3C,03000300,0.000000
6747,0,0x110,STD,8,2026-01-28T18:44:33.582706,03 00 03 00 63 13 6E 47,03000300,0.000000
6748,0,0x10F,STD,8,2026-01-28T18:44:33.639719,03 00 03 00 6F 7F 49 3D,03000300,0.000000
6749,0,0x110,STD,8,2026-01-28T18:44:33.663724,03 00 03 00 92 7E 39 47,03000300,0.000000
6750,0,0x10F,STD,8,2026-01-28T18:44:33.720457,03 00 03 00 F0 C0 36 3D,03000300,0.000000
6751,0,0x110,STD,8,2026-01-28T18:44:33.744463,03 00 03 00 A1 B0 84 47,03000300,0.000000
6752,0,0x110,STD,8,2026-01-28T18:44:33.757142,03 00 01 00 00 00 00 00,03000100,0.000000
6753,0,0x110,STD,8,2026-01-28T18:44:33.757142,03 00 02 00 CA 90 31 41,03000200,0.000000
6754,0,0x10F,STD,8,2026-01-28T18:44:33.757142,03 00 01 00 00 00 00 00,03000100,0.000000
6755,0,0x110,STD,8,2026-01-28T18:44:33.757142,03 00 01 00 00 00 00 00,03000100,0.000000
6756,0,0x10F,STD,8,2026-01-28T18:44:33.803058,03 00 03 00 7A 43 80 3D,03000300,0.000000
6757,0,0x110,STD,8,2026-01-28T18:44:33.827064,03 00 03 00 21 DF 21 48,03000300,0.000000
6758,0,0x10F,STD,8,2026-01-28T18:44:33.884077,03 00 03 00 7A 3E 81 3D,03000300,0.000000
6759,0,0x110,STD,8,2026-01-28T18:44:33.908083,03 00 03 00 2B BD 4B 48,03000300,0.000000
6760,0,0x10F,STD,8,2026-01-28T18:44:33.965212,03 00 03 00 0B 9A 42 3D,03000300,0.000000
6761,0,0x110,STD,8,2026-01-28T18:44:33.989217,03 00 03 00 F5 31 1E 48,03000300,0.000000
6762,0,0x10F,STD,8,2026-01-28T18:44:34.035228,03 00 03 00 F7 79 8F 3D,03000300,0.000000
6763,0,0x110,STD,8,2026-01-28T18:44:34.059075,03 00 03 00 7C BF 68 48,03000300,0.000000
6764,0,0x10F,STD,8,2026-01-28T18:44:34.116087,03 00 03 00 9A 1C 3E 3D,03000300,0.000000
6765,0,0x110,STD,8,2026-01-28T18:44:34.150599,03 00 03 00 7E 13 36 48,03000300,0.000000
6766,0,0x10F,STD,8,2026-01-28T18:44:34.196609,03 00 03 00 10 70 88 3D,03000300,0.000000
6767,0,0x110,STD,8,2026-01-28T18:44:34.220615,03 00 03 00 67 9A 6B 48,03000300,0.000000
6768,0,0x10F,STD,8,2026-01-28T18:44:34.277628,03 00 03 00 23 9E 70 3D,03000300,0.000000
6769,0,0x110,STD,8,2026-01-28T18:44:34.301633,03 00 03 00 5B F8 1C 48,03000300,0.000000
6770,0,0x10F,STD,8,2026-01-28T18:44:34.358646,03 00 03 00 70 9A 65 3D,03000300,0.000000
6771,0,0x110,STD,8,2026-01-28T18:44:34.378650,03 00 03 00 FA 5D 86 48,03000300,0.000000
6772,0,0x10F,STD,8,2026-01-28T18:44:34.435663,03 00 03 00 1B CC 86 3D,03000300,0.000000
6773,0,0x110,STD,8,2026-01-28T18:44:34.459668,03 00 03 00 57 F0 19 48,03000300,0.000000
6774,0,0x10F,STD,8,2026-01-28T18:44:34.516681,03 00 03 00 D7 BF 13 3D,03000300,0.000000
6775,0,0x110,STD,8,2026-01-28T18:44:34.540687,03 00 03 00 76 22 8F 48,03000300,0.000000
6776,0,0x10F,STD,8,2026-01-28T18:44:34.597700,03 00 03 00 64 F5 48 3D,03000300,0.000000
6777,0,0x110,STD,8,2026-01-28T18:44:34.621705,03 00 03 00 78 1E D4 48,03000300,0.000000
6778,0,0x10F,STD,8,2026-01-28T18:44:34.678718,03 00 03 00 FA 40 28 3D,03000300,0.000000
6779,0,0x110,STD,8,2026-01-28T18:44:34.702723,03 00 03 00 45 F5 6D 48,03000300,0.000000
6780,0,0x10F,STD,8,2026-01-28T18:44:34.759736,03 00 03 00 DD F2 75 3D,03000300,0.000000
6781,0,0x110,STD,8,2026-01-28T18:44:34.783742,03 00 03 00 71 72 BE 48,03000300,0.000000
6782,0,0x10F,STD,8,2026-01-28T18:44:34.807747,03 00 02 00 CA 90 31 41,03000200,0.000000
6783,0,0x10F,STD,8,2026-01-28T18:44:34.807747,03 00 01 00 00 00 00 00,03000100,0.000000
6784,0,0x110,STD,8,2026-01-28T18:44:34.807747,03 00 01 00 00 00 00 00,03000100,0.000000
6785,0,0x10F,STD,8,2026-01-28T18:44:34.807747,03 00 02 00 85 06 48 41,03000200,0.000000
6786,0,0x10F,STD,8,2026-01-28T18:44:34.842755,03 00 03 00 3A F7 5A 3D,03000300,0.000000
6787,0,0x110,STD,8,2026-01-28T18:44:34.866760,03 00 03 00 E3 5E D0 48,03000300,0.000000
6788,0,0x10F,STD,8,2026-01-28T18:44:34.912771,03 00 03 00 AD 6D 16 3D,03000300,0.000000
6789,0,0x110,STD,8,2026-01-28T18:44:34.947779,03 00 03 00 99 8F 7D 48,03000300,0.000000
6790,0,0x10F,STD,8,2026-01-28T18:44:34.993789,03 00 03 00 02 20 2F 3D,03000300,0.000000
6791,0,0x110,STD,8,2026-01-28T18:44:35.017794,03 00 03 00 1A 3A E1 48,03000300,0.000000
6792,0,0x10F,STD,8,2026-01-28T18:44:35.074807,03 00 03 00 70 7F C8 3C,03000300,0.000000
6793,0,0x110,STD,8,2026-01-28T18:44:35.098813,03 00 03 00 55 88 93 48,03000300,0.000000
6794,0,0x10F,STD,8,2026-01-28T18:44:35.155825,03 00 03 00 A1 7D 23 3D,03000300,0.000000
6795,0,0x110,STD,8,2026-01-28T18:44:35.179334,03 00 03 00 7B 44 09 48,03000300,0.000000
6796,0,0x10F,STD,8,2026-01-28T18:44:35.236347,03 00 03 00 DE F9 E4 3C,03000300,0.000000
6797,0,0x110,STD,8,2026-01-28T18:44:35.260352,03 00 03 00 F3 E2 3D 48,03000300,0.000000
6798,0,0x10F,STD,8,2026-01-28T18:44:35.317365,03 00 03 00 56 4D 16 3D,03000300,0.000000
6799,0,0x110,STD,8,2026-01-28T18:44:35.341371,03 00 03 00 D3 CC 0A 48,03000300,0.000000
6800,0,0x10F,STD,8,2026-01-28T18:44:35.398383,03 00 03 00 2B C9 21 3D,03000300,0.000000
6801,0,0x110,STD,8,2026-01-28T18:44:35.422388,03 00 03 00 8C EC 45 48,03000300,0.000000
6802,0,0x10F,STD,8,2026-01-28T18:44:35.479401,03 00 03 00 76 42 41 3D,03000300,0.000000
6803,0,0x110,STD,8,2026-01-28T18:44:35.503407,03 00 03 00 9C A4 88 48,03000300,0.000000
6804,0,0x10F,STD,8,2026-01-28T18:44:35.560420,03 00 03 00 01 BD 9D 3D,03000300,0.000000
6805,0,0x110,STD,8,2026-01-28T18:44:35.584425,03 00 03 00 5B 71 08 48,03000300,0.000000
6806,0,0x10F,STD,8,2026-01-28T18:44:35.641438,03 00 03 00 BF 76 67 3D,03000300,0.000000
6807,0,0x110,STD,8,2026-01-28T18:44:35.654440,03 00 03 00 57 95 53 48,03000300,0.000000
6808,0,0x10F,STD,8,2026-01-28T18:44:35.710955,03 00 03 00 BA D5 8D 3D,03000300,0.000000
6809,0,0x110,STD,8,2026-01-28T18:44:35.734960,03 00 03 00 5D 2F 02 48,03000300,0.000000
6810,0,0x10F,STD,8,2026-01-28T18:44:35.791973,03 00 03 00 BE EF 8B 3D,03000300,0.000000
6811,0,0x110,STD,8,2026-01-28T18:44:35.815978,03 00 03 00 18 74 82 48,03000300,0.000000
6812,0,0x110,STD,8,2026-01-28T18:44:35.850987,03 00 02 00 85 06 48 41,03000200,0.000000
6813,0,0x10F,STD,8,2026-01-28T18:44:35.850987,03 00 02 00 F8 B7 42 41,03000200,0.000000
6814,0,0x10F,STD,8,2026-01-28T18:44:35.850987,03 00 01 00 00 00 00 00,03000100,0.000000
6815,0,0x110,STD,8,2026-01-28T18:44:35.850987,03 00 02 00 F8 B7 42 41,03000200,0.000000
6816,0,0x10F,STD,8,2026-01-28T18:44:35.874992,03 00 03 00 50 BF 86 3D,03000300,0.000000
6817,0,0x110,STD,8,2026-01-28T18:44:35.898997,03 00 03 00 EE 29 C8 48,03000300,0.000000
6818,0,0x10F,STD,8,2026-01-28T18:44:35.956009,03 00 03 00 B1 D3 86 3D,03000300,0.000000
6819,0,0x110,STD,8,2026-01-28T18:44:35.980015,03 00 03 00 B9 DE B5 48,03000300,0.000000
6820,0,0x10F,STD,8,2026-01-28T18:44:36.037028,03 00 03 00 B3 F5 5B 3D,03000300,0.000000
6821,0,0x110,STD,8,2026-01-28T18:44:36.064034,03 00 03 00 2A 8B F1 48,03000300,0.000000
6822,0,0x10F,STD,8,2026-01-28T18:44:36.110045,03 00 03 00 21 9F 9A 3D,03000300,0.000000
6823,0,0x110,STD,8,2026-01-28T18:44:36.134050,03 00 03 00 67 2E E8 48,03000300,0.000000
6824,0,0x10F,STD,8,2026-01-28T18:44:36.190654,03 00 03 00 00 48 47 3D,03000300,0.000000
6825,0,0x110,STD,8,2026-01-28T18:44:36.214659,03 00 03 00 CD 97 8B 48,03000300,0.000000
6826,0,0x10F,STD,8,2026-01-28T18:44:36.271672,03 00 03 00 F7 89 89 3D,03000300,0.000000
6827,0,0x110,STD,8,2026-01-28T18:44:36.295680,03 00 03 00 0C 72 9D 48,03000300,0.000000
6828,0,0x10F,STD,8,2026-01-28T18:44:36.354498,03 00 03 00 B7 E6 53 3D,03000300,0.000000
6829,0,0x110,STD,8,2026-01-28T18:44:36.379504,03 00 03 00 90 32 65 48,03000300,0.000000
6830,0,0x10F,STD,8,2026-01-28T18:44:36.436516,03 00 03 00 DA 09 3E 3D,03000300,0.000000
6831,0,0x110,STD,8,2026-01-28T18:44:36.460059,03 00 03 00 DC 25 4A 48,03000300,0.000000
6832,0,0x10F,STD,8,2026-01-28T18:44:36.516982,03 00 03 00 53 AD 8A 3D,03000300,0.000000
6833,0,0x110,STD,8,2026-01-28T18:44:36.529985,03 00 03 00 E0 59 A3 48,03000300,0.000000
6834,0,0x10F,STD,8,2026-01-28T18:44:36.586999,03 00 03 00 B5 19 E0 3C,03000300,0.000000
6835,0,0x110,STD,8,2026-01-28T18:44:36.611005,03 00 03 00 B5 BF 92 48,03000300,0.000000
6836,0,0x10F,STD,8,2026-01-28T18:44:36.668017,03 00 03 00 EB F0 2A 3D,03000300,0.000000
6837,0,0x110,STD,8,2026-01-28T18:44:36.692023,03 00 03 00 2A 4F 44 48,03000300,0.000000
6838,0,0x10F,STD,8,2026-01-28T18:44:36.749035,03 00 03 00 F6 EA 0F 3D,03000300,0.000000
6839,0,0x110,STD,8,2026-01-28T18:44:36.773041,03 00 03 00 85 4B 8B 48,03000300,0.000000
6840,0,0x10F,STD,8,2026-01-28T18:44:36.829495,03 00 03 00 B4 71 FB 3C,03000300,0.000000
6841,0,0x110,STD,8,2026-01-28T18:44:36.853500,03 00 03 00 F3 56 DB 47,03000300,0.000000
6842,0,0x110,STD,8,2026-01-28T18:44:36.910513,03 00 01 00 00 00 00 00,03000100,0.000000
6843,0,0x10F,STD,8,2026-01-28T18:44:36.910513,03 00 02 00 59 02 40 41,03000200,0.000000
6844,0,0x10F,STD,8,2026-01-28T18:44:36.910513,03 00 03 00 8A 9C 43 3D,03000300,0.000000
6845,0,0x110,STD,8,2026-01-28T18:44:36.910513,03 00 02 00 59 02 40 41,03000200,0.000000
6846,0,0x10F,STD,8,2026-01-28T18:44:36.910513,03 00 01 00 00 00 00 00,03000100,0.000000
6847,0,0x110,STD,8,2026-01-28T18:44:36.934048,03 00 03 00 CC 36 C1 47,03000300,0.000000
6848,0,0x10F,STD,8,2026-01-28T18:44:36.990565,03 00 03 00 B3 A8 F7 3C,03000300,0.000000
6849,0,0x110,STD,8,2026-01-28T18:44:37.014570,03 00 03 00 43 E6 4F 48,03000300,0.000000
6850,0,0x10F,STD,8,2026-01-28T18:44:37.071583,03 00 03 00 52 B3 57 3D,03000300,0.000000
6851,0,0x110,STD,8,2026-01-28T18:44:37.095589,03 00 03 00 29 A9 7A 48,03000300,0.000000
6852,0,0x10F,STD,8,2026-01-28T18:44:37.152601,03 00 03 00 53 7C 34 3D,03000300,0.000000
6853,0,0x110,STD,8,2026-01-28T18:44:37.176607,03 00 03 00 86 07 20 48,03000300,0.000000
6854,0,0x10F,STD,8,2026-01-28T18:44:37.233620,03 00 03 00 5E 71 3D 3D,03000300,0.000000
6855,0,0x110,STD,8,2026-01-28T18:44:37.257110,03 00 03 00 6D D8 07 48,03000300,0.000000
6856,0,0x10F,STD,8,2026-01-28T18:44:37.314123,03 00 03 00 D8 23 53 3D,03000300,0.000000
6857,0,0x110,STD,8,2026-01-28T18:44:37.338129,03 00 03 00 EE 7A 1E 48,03000300,0.000000
6858,0,0x10F,STD,8,2026-01-28T18:44:37.384139,03 00 03 00 3B AF 61 3D,03000300,0.000000
6859,0,0x110,STD,8,2026-01-28T18:44:37.419147,03 00 03 00 8E B8 7A 47,03000300,0.000000
6860,0,0x10F,STD,8,2026-01-28T18:44:37.465157,03 00 03 00 C4 78 5B 3D,03000300,0.000000
6861,0,0x110,STD,8,2026-01-28T18:44:37.489163,03 00 03 00 B3 6E 86 47,03000300,0.000000
6862,0,0x10F,STD,8,2026-01-28T18:44:37.546176,03 00 03 00 D2 1B 59 3D,03000300,0.000000
6863,0,0x110,STD,8,2026-01-28T18:44:37.570181,03 00 03 00 48 90 04 48,03000300,0.000000
6864,0,0x10F,STD,8,2026-01-28T18:44:37.627194,03 00 03 00 72 A3 50 3D,03000300,0.000000
6865,0,0x110,STD,8,2026-01-28T18:44:37.651199,03 00 03 00 9B B4 A8 48,03000300,0.000000
6866,0,0x10F,STD,8,2026-01-28T18:44:37.708212,03 00 03 00 81 D5 57 3D,03000300,0.000000
6867,0,0x110,STD,8,2026-01-28T18:44:37.732217,03 00 03 00 BE 45 EE 47,03000300,0.000000
6868,0,0x10F,STD,8,2026-01-28T18:44:37.788440,03 00 03 00 9D E2 8E 3D,03000300,0.000000
6869,0,0x110,STD,8,2026-01-28T18:44:37.812445,03 00 03 00 EB 63 42 48,03000300,0.000000
6870,0,0x10F,STD,8,2026-01-28T18:44:37.869458,03 00 03 00 61 93 3D 3D,03000300,0.000000
6871,0,0x110,STD,8,2026-01-28T18:44:37.893463,03 00 03 00 84 EE 27 48,03000300,0.000000
6872,0,0x10F,STD,8,2026-01-28T18:44:37.950476,03 00 03 00 DE F5 70 3D,03000300,0.000000
6873,0,0x110,STD,8,2026-01-28T18:44:37.952476,03 00 01 00 00 00 00 00,03000100,0.000000
6874,0,0x10F,STD,8,2026-01-28T18:44:37.954477,03 00 02 00 E0 60 4A 41,03000200,0.000000
6875,0,0x10F,STD,8,2026-01-28T18:44:37.954477,03 00 01 00 00 00 00 00,03000100,0.000000
6876,0,0x110,STD,8,2026-01-28T18:44:37.954477,03 00 02 00 E0 60 4A 41,03000200,0.000000
6877,0,0x110,STD,8,2026-01-28T18:44:37.967480,03 00 03 00 45 DF 9F 48,03000300,0.000000
6878,0,0x10F,STD,8,2026-01-28T18:44:38.024493,03 00 03 00 EF E0 5E 3D,03000300,0.000000
6879,0,0x110,STD,8,2026-01-28T18:44:38.048498,03 00 03 00 69 11 7A 48,03000300,0.000000
6880,0,0x10F,STD,8,2026-01-28T18:44:38.106511,03 00 03 00 61 F8 B2 3C,03000300,0.000000
6881,0,0x110,STD,8,2026-01-28T18:44:38.130517,03 00 03 00 F4 94 6E 48,03000300,0.000000
6882,0,0x10F,STD,8,2026-01-28T18:44:38.187122,03 00 03 00 16 67 43 3D,03000300,0.000000
6883,0,0x110,STD,8,2026-01-28T18:44:38.210896,03 00 03 00 12 1D 5A 48,03000300,0.000000
6884,0,0x10F,STD,8,2026-01-28T18:44:38.267890,03 00 03 00 63 47 D2 3C,03000300,0.000000
6885,0,0x110,STD,8,2026-01-28T18:44:38.291896,03 00 03 00 AB 57 8A 48,03000300,0.000000
6886,0,0x10F,STD,8,2026-01-28T18:44:38.348909,03 00 03 00 32 62 2C 3D,03000300,0.000000
6887,0,0x110,STD,8,2026-01-28T18:44:38.372915,03 00 03 00 AC 3B 11 48,03000300,0.000000
6888,0,0x10F,STD,8,2026-01-28T18:44:38.430017,03 00 03 00 D6 D1 0F 3D,03000300,0.000000
6889,0,0x110,STD,8,2026-01-28T18:44:38.454023,03 00 03 00 F8 C9 43 48,03000300,0.000000
6890,0,0x10F,STD,8,2026-01-28T18:44:38.500033,03 00 03 00 B0 18 FE 3C,03000300,0.000000
6891,0,0x110,STD,8,2026-01-28T18:44:38.534304,03 00 03 00 6E 84 EB 47,03000300,0.000000
6892,0,0x10F,STD,8,2026-01-28T18:44:38.580315,03 00 03 00 50 F9 3B 3D,03000300,0.000000
6893,0,0x110,STD,8,2026-01-28T18:44:38.604320,03 00 03 00 EA A2 BB 48,03000300,0.000000
6894,0,0x10F,STD,8,2026-01-28T18:44:38.660430,03 00 03 00 43 B1 A1 3C,03000300,0.000000
6895,0,0x110,STD,8,2026-01-28T18:44:38.684436,03 00 03 00 BD 74 DD 48,03000300,0.000000
6896,0,0x10F,STD,8,2026-01-28T18:44:38.741449,03 00 03 00 C9 9A 2C 3D,03000300,0.000000
6897,0,0x110,STD,8,2026-01-28T18:44:38.765454,03 00 03 00 71 D3 EA 48,03000300,0.000000
6898,0,0x10F,STD,8,2026-01-28T18:44:38.822467,03 00 03 00 9B 5F 28 3D,03000300,0.000000
6899,0,0x110,STD,8,2026-01-28T18:44:38.846007,03 00 03 00 57 F3 04 49,03000300,0.000000
6900,0,0x10F,STD,8,2026-01-28T18:44:38.903020,03 00 03 00 9C 23 1F 3D,03000300,0.000000
6901,0,0x110,STD,8,2026-01-28T18:44:38.927026,03 00 03 00 DE 6E E9 48,03000300,0.000000
6902,0,0x10F,STD,8,2026-01-28T18:44:38.984038,03 00 03 00 0D 51 75 3D,03000300,0.000000
6903,0,0x110,STD,8,2026-01-28T18:44:38.997041,03 00 01 00 00 00 00 00,03000100,0.000000
6904,0,0x10F,STD,8,2026-01-28T18:44:38.997041,03 00 02 00 72 50 46 41,03000200,0.000000
6905,0,0x110,STD,8,2026-01-28T18:44:38.997041,03 00 02 00 72 50 46 41,03000200,0.000000
6906,0,0x10F,STD,8,2026-01-28T18:44:38.997041,03 00 01 00 00 00 00 00,03000100,0.000000
6907,0,0x110,STD,8,2026-01-28T18:44:39.010044,03 00 03 00 33 4D E5 48,03000300,0.000000
6908,0,0x10F,STD,8,2026-01-28T18:44:39.066362,03 00 03 00 A5 E4 2B 3D,03000300,0.000000
6909,0,0x110,STD,8,2026-01-28T18:44:39.090368,03 00 03 00 7E 36 07 49,03000300,0.000000
6910,0,0x10F,STD,8,2026-01-28T18:44:39.147380,03 00 03 00 58 8D 61 3D,03000300,0.000000
6911,0,0x110,STD,8,2026-01-28T18:44:39.171386,03 00 03 00 96 D9 8F 48,03000300,0.000000
6912,0,0x10F,STD,8,2026-01-28T18:44:39.217396,03 00 03 00 0F BB 1C 3D,03000300,0.000000
6913,0,0x110,STD,8,2026-01-28T18:44:39.241402,03 00 03 00 45 B4 9F 48,03000300,0.000000
6914,0,0x10F,STD,8,2026-01-28T18:44:39.298414,03 00 03 00 D2 81 1A 3D,03000300,0.000000
6915,0,0x110,STD,8,2026-01-28T18:44:39.322420,03 00 03 00 C0 A6 7C 48,03000300,0.000000
6916,0,0x10F,STD,8,2026-01-28T18:44:39.379433,03 00 03 00 BA 96 28 3D,03000300,0.000000
6917,0,0x110,STD,8,2026-01-28T18:44:39.403438,03 00 03 00 19 C3 84 47,03000300,0.000000
6918,0,0x10F,STD,8,2026-01-28T18:44:39.460451,03 00 03 00 58 82 3C 3D,03000300,0.000000
6919,0,0x110,STD,8,2026-01-28T18:44:39.484457,03 00 03 00 9C 56 EF 47,03000300,0.000000
6920,0,0x10F,STD,8,2026-01-28T18:44:39.541469,03 00 03 00 F3 7A 2B 3D,03000300,0.000000
6921,0,0x110,STD,8,2026-01-28T18:44:39.565475,03 00 03 00 A9 C7 C4 47,03000300,0.000000
6922,0,0x10F,STD,8,2026-01-28T18:44:39.622487,03 00 03 00 E6 4A 71 3D,03000300,0.000000
6923,0,0x110,STD,8,2026-01-28T18:44:39.646492,03 00 03 00 16 AB D7 47,03000300,0.000000
6924,0,0x10F,STD,8,2026-01-28T18:44:39.703008,03 00 03 00 FA BF 71 3D,03000300,0.000000
6925,0,0x110,STD,8,2026-01-28T18:44:39.727013,03 00 03 00 A1 AD 0C 48,03000300,0.000000
6926,0,0x10F,STD,8,2026-01-28T18:44:39.784026,03 00 03 00 D4 08 1B 3D,03000300,0.000000
6927,0,0x110,STD,8,2026-01-28T18:44:39.808031,03 00 03 00 8E 1A 14 48,03000300,0.000000
6928,0,0x10F,STD,8,2026-01-28T18:44:39.854042,03 00 03 00 8D 1D 61 3D,03000300,0.000000
6929,0,0x110,STD,8,2026-01-28T18:44:39.878047,03 00 03 00 9B 98 86 48,03000300,0.000000
6930,0,0x10F,STD,8,2026-01-28T18:44:39.935060,03 00 03 00 E5 D4 27 3D,03000300,0.000000
6931,0,0x110,STD,8,2026-01-28T18:44:39.964067,03 00 03 00 05 50 0E 48,03000300,0.000000
6932,0,0x10F,STD,8,2026-01-28T18:44:40.021080,03 00 03 00 B8 85 47 3D,03000300,0.000000
6933,0,0x110,STD,8,2026-01-28T18:44:40.045085,03 00 03 00 1F 44 73 48,03000300,0.000000
6934,0,0x110,STD,8,2026-01-28T18:44:40.045085,03 00 01 00 00 00 00 00,03000100,0.000000
6935,0,0x10F,STD,8,2026-01-28T18:44:40.045085,03 00 02 00 BD 31 3F 41,03000200,0.000000
6936,0,0x110,STD,8,2026-01-28T18:44:40.045085,03 00 02 00 BD 31 3F 41,03000200,0.000000
6937,0,0x10F,STD,8,2026-01-28T18:44:40.045085,03 00 01 00 00 00 00 00,03000100,0.000000
6938,0,0x10F,STD,8,2026-01-28T18:44:40.102098,03 00 03 00 C3 1A 6A 3D,03000300,0.000000
6939,0,0x110,STD,8,2026-01-28T18:44:40.126103,03 00 03 00 80 4E F5 47,03000300,0.000000
6940,0,0x10F,STD,8,2026-01-28T18:44:40.183116,03 00 03 00 2D 96 18 3D,03000300,0.000000
6941,0,0x110,STD,8,2026-01-28T18:44:40.207121,03 00 03 00 49 E1 2E 48,03000300,0.000000
6942,0,0x10F,STD,8,2026-01-28T18:44:40.253132,03 00 03 00 E8 09 5D 3D,03000300,0.000000
6943,0,0x110,STD,8,2026-01-28T18:44:40.277137,03 00 03 00 78 19 99 47,03000300,0.000000
6944,0,0x10F,STD,8,2026-01-28T18:44:40.334150,03 00 03 00 7C E6 04 3D,03000300,0.000000
6945,0,0x110,STD,8,2026-01-28T18:44:40.358155,03 00 03 00 B7 7D ED 47,03000300,0.000000
6946,0,0x10F,STD,8,2026-01-28T18:44:40.421170,03 00 03 00 38 32 35 3D,03000300,0.000000
6947,0,0x110,STD,8,2026-01-28T18:44:40.445175,03 00 03 00 5A 02 15 48,03000300,0.000000
6948,0,0x10F,STD,8,2026-01-28T18:44:40.502188,03 00 03 00 D8 F7 27 3D,03000300,0.000000
6949,0,0x110,STD,8,2026-01-28T18:44:40.526193,03 00 03 00 F9 96 68 48,03000300,0.000000
6950,0,0x10F,STD,8,2026-01-28T18:44:40.572204,03 00 03 00 29 A0 42 3D,03000300,0.000000
6951,0,0x110,STD,8,2026-01-28T18:44:40.607211,03 00 03 00 D8 61 27 48,03000300,0.000000
6952,0,0x10F,STD,8,2026-01-28T18:44:40.653222,03 00 03 00 B0 AD 8A 3D,03000300,0.000000
6953,0,0x110,STD,8,2026-01-28T18:44:40.677227,03 00 03 00 01 E5 B8 48,03000300,0.000000
6954,0,0x10F,STD,8,2026-01-28T18:44:40.734240,03 00 03 00 45 2C 57 3D,03000300,0.000000
6955,0,0x110,STD,8,2026-01-28T18:44:40.758246,03 00 03 00 96 DA 81 48,03000300,0.000000
6956,0,0x10F,STD,8,2026-01-28T18:44:40.815258,03 00 03 00 79 59 8E 3D,03000300,0.000000
6957,0,0x110,STD,8,2026-01-28T18:44:40.839264,03 00 03 00 A6 2A BC 48,03000300,0.000000
6958,0,0x10F,STD,8,2026-01-28T18:44:40.896277,03 00 03 00 5A 3B 4B 3D,03000300,0.000000
6959,0,0x110,STD,8,2026-01-28T18:44:40.920282,03 00 03 00 60 4F C8 48,03000300,0.000000
6960,0,0x10F,STD,8,2026-01-28T18:44:40.977295,03 00 03 00 1A 86 68 3D,03000300,0.000000
6961,0,0x110,STD,8,2026-01-28T18:44:41.001300,03 00 03 00 F8 9D 6E 48,03000300,0.000000
6962,0,0x10F,STD,8,2026-01-28T18:44:41.058313,03 00 03 00 9D 1C 75 3D,03000300,0.000000
6963,0,0x110,STD,8,2026-01-28T18:44:41.082318,03 00 03 00 FB 5B 2E 48,03000300,0.000000
6964,0,0x110,STD,8,2026-01-28T18:44:41.082318,03 00 01 00 00 00 00 00,03000100,0.000000
6965,0,0x110,STD,8,2026-01-28T18:44:41.082318,03 00 02 00 83 F2 34 41,03000200,0.000000
6966,0,0x10F,STD,8,2026-01-28T18:44:41.084319,03 00 01 00 00 00 00 00,03000100,0.000000
6967,0,0x110,STD,8,2026-01-28T18:44:41.084319,03 00 01 00 00 00 00 00,03000100,0.000000
6968,0,0x10F,STD,8,2026-01-28T18:44:41.130329,03 00 03 00 92 16 3A 3D,03000300,0.000000
6969,0,0x110,STD,8,2026-01-28T18:44:41.154335,03 00 03 00 F0 F9 45 48,03000300,0.000000
6970,0,0x10F,STD,8,2026-01-28T18:44:41.210947,03 00 03 00 0D E3 75 3D,03000300,0.000000
6971,0,0x110,STD,8,2026-01-28T18:44:41.234952,03 00 03 00 14 4F 87 48,03000300,0.000000
6972,0,0x10F,STD,8,2026-01-28T18:44:41.291555,03 00 03 00 2A BB 41 3D,03000300,0.000000
6973,0,0x110,STD,8,2026-01-28T18:44:41.315063,03 00 03 00 6D 21 00 48,03000300,0.000000
6974,0,0x10F,STD,8,2026-01-28T18:44:41.371834,03 00 03 00 E4 A7 8A 3D,03000300,0.000000
6975,0,0x110,STD,8,2026-01-28T18:44:41.395841,03 00 03 00 4D 78 33 48,03000300,0.000000
6976,0,0x10F,STD,8,2026-01-28T18:44:41.452426,03 00 03 00 88 1F 6E 3D,03000300,0.000000
6977,0,0x110,STD,8,2026-01-28T18:44:41.476045,03 00 03 00 58 B9 31 48,03000300,0.000000
6978,0,0x10F,STD,8,2026-01-28T18:44:41.532852,03 00 03 00 88 5A 94 3D,03000300,0.000000
6979,0,0x110,STD,8,2026-01-28T18:44:41.556859,03 00 03 00 94 B5 5B 48,03000300,0.000000
6980,0,0x10F,STD,8,2026-01-28T18:44:41.613871,03 00 03 00 82 DD 90 3D,03000300,0.000000
6981,0,0x110,STD,8,2026-01-28T18:44:41.637877,03 00 03 00 41 9A 47 48,03000300,0.000000
6982,0,0x10F,STD,8,2026-01-28T18:44:41.694890,03 00 03 00 C7 73 8A 3D,03000300,0.000000
6983,0,0x110,STD,8,2026-01-28T18:44:41.718894,03 00 03 00 C4 2A 64 48,03000300,0.000000
6984,0,0x10F,STD,8,2026-01-28T18:44:41.775908,03 00 03 00 F1 A8 A2 3D,03000300,0.000000
6985,0,0x110,STD,8,2026-01-28T18:44:41.799814,03 00 03 00 34 58 C4 48,03000300,0.000000
6986,0,0x10F,STD,8,2026-01-28T18:44:41.856827,03 00 03 00 B4 BD 68 3D,03000300,0.000000
6987,0,0x110,STD,8,2026-01-28T18:44:41.880178,03 00 03 00 8F 8A CE 48,03000300,0.000000
6988,0,0x10F,STD,8,2026-01-28T18:44:41.937191,03 00 03 00 86 BA 96 3D,03000300,0.000000
6989,0,0x110,STD,8,2026-01-28T18:44:41.961196,03 00 03 00 0F 25 7C 48,03000300,0.000000
6990,0,0x10F,STD,8,2026-01-28T18:44:42.007207,03 00 03 00 E8 A3 3C 3D,03000300,0.000000
6991,0,0x110,STD,8,2026-01-28T18:44:42.042215,03 00 03 00 5D 81 0B 48,03000300,0.000000
6992,0,0x10F,STD,8,2026-01-28T18:44:42.087777,03 00 03 00 AE 0D 8C 3D,03000300,0.000000
6993,0,0x110,STD,8,2026-01-28T18:44:42.111784,03 00 03 00 A0 8A C3 47,03000300,0.000000
6994,0,0x10F,STD,8,2026-01-28T18:44:42.146792,03 00 02 00 83 F2 34 41,03000200,0.000000
6995,0,0x110,STD,8,2026-01-28T18:44:42.148792,03 00 01 00 00 00 00 00,03000100,0.000000
6996,0,0x10F,STD,8,2026-01-28T18:44:42.148792,03 00 02 00 BC AA 23 41,03000200,0.000000
6997,0,0x110,STD,8,2026-01-28T18:44:42.148792,03 00 02 00 BC AA 23 41,03000200,0.000000
6998,0,0x10F,STD,8,2026-01-28T18:44:42.172798,03 00 03 00 DC 52 77 3D,03000300,0.000000
6999,0,0x110,STD,8,2026-01-28T18:44:42.196803,03 00 03 00 6F B4 20 48,03000300,0.000000
7000,0,0x10F,STD,8,2026-01-28T18:44:42.253104,03 00 03 00 E3 24 6C 3D,03000300,0.000000
7001,0,0x110,STD,8,2026-01-28T18:44:42.277109,03 00 03 00 D4 83 A7 47,03000300,0.000000
7002,0,0x10F,STD,8,2026-01-28T18:44:42.334122,03 00 03 00 80 B8 96 3D,03000300,0.000000
7003,0,0x110,STD,8,2026-01-28T18:44:42.364129,03 00 03 00 F5 CC 9A 47,03000300,0.000000
7004,0,0x10F,STD,8,2026-01-28T18:44:42.410139,03 00 03 00 78 26 3F 3D,03000300,0.000000
7005,0,0x110,STD,8,2026-01-28T18:44:42.434144,03 00 03 00 F4 FB 71 47,03000300,0.000000
7006,0,0x10F,STD,8,2026-01-28T18:44:42.491157,03 00 03 00 13 11 BA 3D,03000300,0.000000
7007,0,0x110,STD,8,2026-01-28T18:44:42.515163,03 00 03 00 C0 50 7F 48,03000300,0.000000
7008,0,0x10F,STD,8,2026-01-28T18:44:42.572175,03 00 03 00 76 B5 5B 3D,03000300,0.000000
7009,0,0x110,STD,8,2026-01-28T18:44:42.596181,03 00 03 00 90 3A BA 48,03000300,0.000000
7010,0,0x10F,STD,8,2026-01-28T18:44:42.653194,03 00 03 00 53 10 A4 3D,03000300,0.000000
7011,0,0x110,STD,8,2026-01-28T18:44:42.677199,03 00 03 00 C6 25 1E 48,03000300,0.000000
7012,0,0x10F,STD,8,2026-01-28T18:44:42.734212,03 00 03 00 A8 81 93 3D,03000300,0.000000
7013,0,0x110,STD,8,2026-01-28T18:44:42.758218,03 00 03 00 30 6E 38 48,03000300,0.000000
7014,0,0x10F,STD,8,2026-01-28T18:44:42.804228,03 00 03 00 D9 C3 2A 3D,03000300,0.000000
7015,0,0x110,STD,8,2026-01-28T18:44:42.828233,03 00 03 00 C8 64 B9 47,03000300,0.000000
7016,0,0x10F,STD,8,2026-01-28T18:44:42.885246,03 00 03 00 AC 3E 5D 3D,03000300,0.000000
7017,0,0x110,STD,8,2026-01-28T18:44:42.909251,03 00 03 00 A5 52 DC 47,03000300,0.000000
7018,0,0x10F,STD,8,2026-01-28T18:44:42.968265,03 00 03 00 3F B7 D2 3C,03000300,0.000000
7019,0,0x110,STD,8,2026-01-28T18:44:42.993270,03 00 03 00 C8 0C F9 47,03000300,0.000000
7020,0,0x10F,STD,8,2026-01-28T18:44:43.050283,03 00 03 00 B7 02 5C 3D,03000300,0.000000
7021,0,0x110,STD,8,2026-01-28T18:44:43.074288,03 00 03 00 75 C0 5D 48,03000300,0.000000
7022,0,0x10F,STD,8,2026-01-28T18:44:43.131302,03 00 03 00 52 D1 BF 3C,03000300,0.000000
7023,0,0x110,STD,8,2026-01-28T18:44:43.154932,03 00 03 00 89 B5 8C 48,03000300,0.000000
7024,0,0x10F,STD,8,2026-01-28T18:44:43.200943,03 00 01 00 00 00 00 00,03000100,0.000000
7025,0,0x10F,STD,8,2026-01-28T18:44:43.200943,03 00 02 00 79 A4 3F 41,03000200,0.000000
7026,0,0x110,STD,8,2026-01-28T18:44:43.200943,03 00 02 00 79 A4 3F 41,03000200,0.000000
7027,0,0x10F,STD,8,2026-01-28T18:44:43.202943,03 00 01 00 00 00 00 00,03000100,0.000000
7028,0,0x10F,STD,8,2026-01-28T18:44:43.202943,03 00 01 00 00 00 00 00,03000100,0.000000
7029,0,0x110,STD,8,2026-01-28T18:44:43.226949,03 00 03 00 33 D4 9F 48,03000300,0.000000
7030,0,0x10F,STD,8,2026-01-28T18:44:43.283962,03 00 03 00 34 20 30 3D,03000300,0.000000
7031,0,0x110,STD,8,2026-01-28T18:44:43.307470,03 00 03 00 94 F3 E5 48,03000300,0.000000
7032,0,0x10F,STD,8,2026-01-28T18:44:43.364097,03 00 03 00 13 EC 60 3D,03000300,0.000000
7033,0,0x110,STD,8,2026-01-28T18:44:43.388103,03 00 03 00 AA B6 B3 48,03000300,0.000000
7034,0,0x10F,STD,8,2026-01-28T18:44:43.445115,03 00 03 00 17 6B 5C 3D,03000300,0.000000
7035,0,0x110,STD,8,2026-01-28T18:44:43.469121,03 00 03 00 22 27 AE 48,03000300,0.000000
7036,0,0x10F,STD,8,2026-01-28T18:44:43.526134,03 00 03 00 BA D2 89 3C,03000300,0.000000
7037,0,0x110,STD,8,2026-01-28T18:44:43.550139,03 00 03 00 17 28 6C 48,03000300,0.000000
7038,0,0x10F,STD,8,2026-01-28T18:44:43.607152,03 00 03 00 9D D0 A4 3C,03000300,0.000000
7039,0,0x110,STD,8,2026-01-28T18:44:43.631157,03 00 03 00 26 95 A5 48,03000300,0.000000
7040,0,0x10F,STD,8,2026-01-28T18:44:43.688170,03 00 03 00 4A B1 BA 3C,03000300,0.000000
7041,0,0x110,STD,8,2026-01-28T18:44:43.712176,03 00 03 00 2F 8E 4B 48,03000300,0.000000
7042,0,0x10F,STD,8,2026-01-28T18:44:43.769188,03 00 03 00 16 A2 FE 3C,03000300,0.000000
7043,0,0x110,STD,8,2026-01-28T18:44:43.793194,03 00 03 00 9B 67 47 48,03000300,0.000000
7044,0,0x10F,STD,8,2026-01-28T18:44:43.849855,03 00 03 00 DF 36 05 3D,03000300,0.000000
7045,0,0x110,STD,8,2026-01-28T18:44:43.873860,03 00 03 00 7C 18 87 48,03000300,0.000000
7046,0,0x10F,STD,8,2026-01-28T18:44:43.930873,03 00 03 00 77 CC 26 3D,03000300,0.000000
7047,0,0x110,STD,8,2026-01-28T18:44:43.954879,03 00 03 00 5F DC 4A 48,03000300,0.000000
7048,0,0x10F,STD,8,2026-01-28T18:44:44.000733,03 00 03 00 1D 7F 2E 3D,03000300,0.000000
7049,0,0x110,STD,8,2026-01-28T18:44:44.024738,03 00 03 00 E1 6B A2 47,03000300,0.000000
7050,0,0x10F,STD,8,2026-01-28T18:44:44.081751,03 00 03 00 BB FB 7F 3D,03000300,0.000000
7051,0,0x110,STD,8,2026-01-28T18:44:44.105756,03 00 03 00 53 B0 5F 48,03000300,0.000000
7052,0,0x10F,STD,8,2026-01-28T18:44:44.162769,03 00 03 00 91 A0 A1 3D,03000300,0.000000
7053,0,0x110,STD,8,2026-01-28T18:44:44.186774,03 00 03 00 E3 92 E7 48,03000300,0.000000
7054,0,0x10F,STD,8,2026-01-28T18:44:44.243787,03 00 03 00 CA 94 6F 3D,03000300,0.000000
7055,0,0x110,STD,8,2026-01-28T18:44:44.267793,03 00 03 00 0B EC C5 48,03000300,0.000000
7056,0,0x110,STD,8,2026-01-28T18:44:44.267793,03 00 01 00 00 00 00 00,03000100,0.000000
7057,0,0x110,STD,8,2026-01-28T18:44:44.267793,03 00 01 00 00 00 00 00,03000100,0.000000
7058,0,0x10F,STD,8,2026-01-28T18:44:44.267793,03 00 02 00 79 A4 3F 41,03000200,0.000000
7059,0,0x110,STD,8,2026-01-28T18:44:44.267793,03 00 02 00 79 A4 3F 41,03000200,0.000000
7060,0,0x10F,STD,8,2026-01-28T18:44:44.324806,03 00 03 00 F3 75 A0 3D,03000300,0.000000
7061,0,0x110,STD,8,2026-01-28T18:44:44.352812,03 00 03 00 51 51 80 48,03000300,0.000000
7062,0,0x10F,STD,8,2026-01-28T18:44:44.398822,03 00 03 00 86 DE 87 3D,03000300,0.000000
7063,0,0x110,STD,8,2026-01-28T18:44:44.422827,03 00 03 00 98 D1 E2 48,03000300,0.000000
7064,0,0x10F,STD,8,2026-01-28T18:44:44.479840,03 00 03 00 E0 D3 6F 3D,03000300,0.000000
7065,0,0x110,STD,8,2026-01-28T18:44:44.503846,03 00 03 00 BE 14 FB 47,03000300,0.000000
7066,0,0x10F,STD,8,2026-01-28T18:44:44.560859,03 00 03 00 23 E2 95 3D,03000300,0.000000
7067,0,0x110,STD,8,2026-01-28T18:44:44.584864,03 00 03 00 16 14 36 48,03000300,0.000000
7068,0,0x10F,STD,8,2026-01-28T18:44:44.641877,03 00 03 00 84 44 3D 3D,03000300,0.000000
7069,0,0x110,STD,8,2026-01-28T18:44:44.665882,03 00 03 00 5D 77 DB 47,03000300,0.000000
7070,0,0x10F,STD,8,2026-01-28T18:44:44.722895,03 00 03 00 E8 99 8A 3D,03000300,0.000000
7071,0,0x110,STD,8,2026-01-28T18:44:44.746900,03 00 03 00 C9 43 06 48,03000300,0.000000
7072,0,0x10F,STD,8,2026-01-28T18:44:44.803913,03 00 03 00 63 3B 4C 3D,03000300,0.000000
7073,0,0x110,STD,8,2026-01-28T18:44:44.827919,03 00 03 00 C7 43 12 48,03000300,0.000000
7074,0,0x10F,STD,8,2026-01-28T18:44:44.884932,03 00 03 00 FE DD 1E 3D,03000300,0.000000
7075,0,0x110,STD,8,2026-01-28T18:44:44.908937,03 00 03 00 A1 80 3D 48,03000300,0.000000
7076,0,0x10F,STD,8,2026-01-28T18:44:44.965950,03 00 03 00 5D A6 41 3D,03000300,0.000000
7077,0,0x110,STD,8,2026-01-28T18:44:44.989689,03 00 03 00 9F 6E 1D 48,03000300,0.000000
7078,0,0x10F,STD,8,2026-01-28T18:44:45.046703,03 00 03 00 5F 36 38 3D,03000300,0.000000
7079,0,0x110,STD,8,2026-01-28T18:44:45.070708,03 00 03 00 9F BB 99 48,03000300,0.000000
7080,0,0x10F,STD,8,2026-01-28T18:44:45.116718,03 00 03 00 E0 FB 6B 3D,03000300,0.000000
7081,0,0x110,STD,8,2026-01-28T18:44:45.140225,03 00 03 00 91 A1 17 48,03000300,0.000000
7082,0,0x10F,STD,8,2026-01-28T18:44:45.197239,03 00 03 00 B9 3A 34 3D,03000300,0.000000
7083,0,0x110,STD,8,2026-01-28T18:44:45.221244,03 00 03 00 BA 02 92 48,03000300,0.000000
7084,0,0x10F,STD,8,2026-01-28T18:44:45.277761,03 00 03 00 E8 61 80 3D,03000300,0.000000
7085,0,0x110,STD,8,2026-01-28T18:44:45.301766,03 00 03 00 52 5C A8 48,03000300,0.000000
7086,0,0x10F,STD,8,2026-01-28T18:44:45.303767,03 00 01 00 00 00 00 00,03000100,0.000000
7087,0,0x10F,STD,8,2026-01-28T18:44:45.305767,03 00 02 00 B1 80 32 41,03000200,0.000000
7088,0,0x10F,STD,8,2026-01-28T18:44:45.305767,03 00 01 00 00 00 00 00,03000100,0.000000
7089,0,0x110,STD,8,2026-01-28T18:44:45.305767,03 00 02 00 B1 80 32 41,03000200,0.000000
7090,0,0x10F,STD,8,2026-01-28T18:44:45.362780,03 00 03 00 67 71 66 3D,03000300,0.000000
7091,0,0x110,STD,8,2026-01-28T18:44:45.386785,03 00 03 00 EA 6F 81 48,03000300,0.000000
7092,0,0x10F,STD,8,2026-01-28T18:44:45.443798,03 00 03 00 BF EC 86 3D,03000300,0.000000
7093,0,0x110,STD,8,2026-01-28T18:44:45.467803,03 00 03 00 A7 19 AF 48,03000300,0.000000
7094,0,0x10F,STD,8,2026-01-28T18:44:45.524816,03 00 03 00 C2 36 54 3D,03000300,0.000000
7095,0,0x110,STD,8,2026-01-28T18:44:45.548822,03 00 03 00 D2 B9 54 48,03000300,0.000000
7096,0,0x10F,STD,8,2026-01-28T18:44:45.594677,03 00 03 00 42 0D 5C 3D,03000300,0.000000
7097,0,0x110,STD,8,2026-01-28T18:44:45.618185,03 00 03 00 2E E1 CA 48,03000300,0.000000
7098,0,0x10F,STD,8,2026-01-28T18:44:45.675197,03 00 03 00 7E 47 84 3D,03000300,0.000000
7099,0,0x110,STD,8,2026-01-28T18:44:45.699202,03 00 03 00 56 BD 2C 48,03000300,0.000000
7100,0,0x10F,STD,8,2026-01-28T18:44:45.755375,03 00 03 00 C4 D4 24 3D,03000300,0.000000
7101,0,0x110,STD,8,2026-01-28T18:44:45.779380,03 00 03 00 58 98 CB 48,03000300,0.000000
7102,0,0x10F,STD,8,2026-01-28T18:44:45.835681,03 00 03 00 30 B8 9E 3D,03000300,0.000000
7103,0,0x110,STD,8,2026-01-28T18:44:45.859686,03 00 03 00 EF 9C 87 48,03000300,0.000000
7104,0,0x10F,STD,8,2026-01-28T18:44:45.916203,03 00 03 00 ED 69 75 3D,03000300,0.000000
7105,0,0x110,STD,8,2026-01-28T18:44:45.940208,03 00 03 00 32 BF 96 48,03000300,0.000000
7106,0,0x10F,STD,8,2026-01-28T18:44:45.997220,03 00 03 00 5A 01 83 3D,03000300,0.000000
7107,0,0x110,STD,8,2026-01-28T18:44:46.020729,03 00 03 00 AC 7F BA 48,03000300,0.000000
7108,0,0x10F,STD,8,2026-01-28T18:44:46.077244,03 00 03 00 BB FE A3 3D,03000300,0.000000
7109,0,0x110,STD,8,2026-01-28T18:44:46.101250,03 00 03 00 D8 90 D1 48,03000300,0.000000
7110,0,0x10F,STD,8,2026-01-28T18:44:46.157766,03 00 03 00 7D 8E 3E 3D,03000300,0.000000
7111,0,0x110,STD,8,2026-01-28T18:44:46.181771,03 00 03 00 E0 9A B8 48,03000300,0.000000
7112,0,0x10F,STD,8,2026-01-28T18:44:46.238659,03 00 03 00 0A 60 85 3D,03000300,0.000000
7113,0,0x110,STD,8,2026-01-28T18:44:46.262664,03 00 03 00 A2 19 DF 48,03000300,0.000000
7114,0,0x10F,STD,8,2026-01-28T18:44:46.319677,03 00 03 00 BC CC 41 3D,03000300,0.000000
7115,0,0x110,STD,8,2026-01-28T18:44:46.343682,03 00 03 00 CE 85 A5 48,03000300,0.000000
7116,0,0x110,STD,8,2026-01-28T18:44:46.367688,03 00 01 00 00 00 00 00,03000100,0.000000
7117,0,0x10F,STD,8,2026-01-28T18:44:46.367688,03 00 02 00 61 1B 48 41,03000200,0.000000
7118,0,0x110,STD,8,2026-01-28T18:44:46.367688,03 00 02 00 61 1B 48 41,03000200,0.000000
7119,0,0x10F,STD,8,2026-01-28T18:44:46.367688,03 00 01 00 00 00 00 00,03000100,0.000000
7120,0,0x10F,STD,8,2026-01-28T18:44:46.391693,03 00 03 00 70 6B 50 3D,03000300,0.000000
7121,0,0x110,STD,8,2026-01-28T18:44:46.415126,03 00 03 00 BA 3D F2 48,03000300,0.000000
7122,0,0x10F,STD,8,2026-01-28T18:44:46.471643,03 00 03 00 96 13 27 3D,03000300,0.000000
7123,0,0x110,STD,8,2026-01-28T18:44:46.495648,03 00 03 00 64 0C C5 48,03000300,0.000000
7124,0,0x10F,STD,8,2026-01-28T18:44:46.552165,03 00 03 00 DF B3 03 3D,03000300,0.000000
7125,0,0x110,STD,8,2026-01-28T18:44:46.576170,03 00 03 00 72 27 4C 48,03000300,0.000000
7126,0,0x10F,STD,8,2026-01-28T18:44:46.633183,03 00 03 00 C3 F5 5A 3D,03000300,0.000000
7127,0,0x110,STD,8,2026-01-28T18:44:46.657188,03 00 03 00 54 95 9B 48,03000300,0.000000
7128,0,0x10F,STD,8,2026-01-28T18:44:46.713958,03 00 03 00 A6 A4 1A 3D,03000300,0.000000
7129,0,0x110,STD,8,2026-01-28T18:44:46.737964,03 00 03 00 CD 4C 84 48,03000300,0.000000
7130,0,0x10F,STD,8,2026-01-28T18:44:46.794977,03 00 03 00 BE BA 89 3D,03000300,0.000000
7131,0,0x110,STD,8,2026-01-28T18:44:46.818517,03 00 03 00 BF 33 EB 47,03000300,0.000000
7132,0,0x10F,STD,8,2026-01-28T18:44:46.875097,03 00 03 00 B6 48 4C 3D,03000300,0.000000
7133,0,0x110,STD,8,2026-01-28T18:44:46.899103,03 00 03 00 7E 89 BC 47,03000300,0.000000
7134,0,0x10F,STD,8,2026-01-28T18:44:46.956116,03 00 03 00 02 10 87 3D,03000300,0.000000
7135,0,0x110,STD,8,2026-01-28T18:44:46.980121,03 00 03 00 6F 52 53 48,03000300,0.000000
7136,0,0x10F,STD,8,2026-01-28T18:44:47.037050,03 00 03 00 E7 33 92 3D,03000300,0.000000
7137,0,0x110,STD,8,2026-01-28T18:44:47.061055,03 00 03 00 D7 47 82 48,03000300,0.000000
7138,0,0x10F,STD,8,2026-01-28T18:44:47.118068,03 00 03 00 92 E1 55 3D,03000300,0.000000
7139,0,0x110,STD,8,2026-01-28T18:44:47.142073,03 00 03 00 4D C8 2B 48,03000300,0.000000
7140,0,0x10F,STD,8,2026-01-28T18:44:47.199085,03 00 03 00 3B 0A 85 3D,03000300,0.000000
7141,0,0x110,STD,8,2026-01-28T18:44:47.222593,03 00 03 00 17 00 AA 48,03000300,0.000000
7142,0,0x10F,STD,8,2026-01-28T18:44:47.268604,03 00 03 00 F9 DC 50 3D,03000300,0.000000
7143,0,0x110,STD,8,2026-01-28T18:44:47.292609,03 00 03 00 C6 41 27 48,03000300,0.000000
7144,0,0x10F,STD,8,2026-01-28T18:44:47.349622,03 00 03 00 82 5E 66 3D,03000300,0.000000
7145,0,0x110,STD,8,2026-01-28T18:44:47.373627,03 00 03 00 AD 73 63 48,03000300,0.000000
7146,0,0x110,STD,8,2026-01-28T18:44:47.419638,03 00 01 00 00 00 00 00,03000100,0.000000
7147,0,0x10F,STD,8,2026-01-28T18:44:47.419638,03 00 02 00 D8 18 31 41,03000200,0.000000
7148,0,0x110,STD,8,2026-01-28T18:44:47.419638,03 00 02 00 D8 18 31 41,03000200,0.000000
7149,0,0x10F,STD,8,2026-01-28T18:44:47.419638,03 00 01 00 00 00 00 00,03000100,0.000000
7150,0,0x10F,STD,8,2026-01-28T18:44:47.432641,03 00 03 00 71 8B 66 3D,03000300,0.000000
7151,0,0x110,STD,8,2026-01-28T18:44:47.456646,03 00 03 00 B9 C2 EF 47,03000300,0.000000
7152,0,0x10F,STD,8,2026-01-28T18:44:47.513659,03 00 03 00 A8 F1 50 3D,03000300,0.000000
7153,0,0x110,STD,8,2026-01-28T18:44:47.537665,03 00 03 00 DC 8C 80 47,03000300,0.000000
7154,0,0x10F,STD,8,2026-01-28T18:44:47.594677,03 00 03 00 23 9D 57 3D,03000300,0.000000
7155,0,0x110,STD,8,2026-01-28T18:44:47.618682,03 00 03 00 36 82 20 48,03000300,0.000000
7156,0,0x10F,STD,8,2026-01-28T18:44:47.675695,03 00 03 00 CA 2D 4C 3D,03000300,0.000000
7157,0,0x110,STD,8,2026-01-28T18:44:47.699701,03 00 03 00 06 ED 5D 48,03000300,0.000000
7158,0,0x10F,STD,8,2026-01-28T18:44:47.756713,03 00 03 00 52 D2 6E 3D,03000300,0.000000
7159,0,0x110,STD,8,2026-01-28T18:44:47.780719,03 00 03 00 54 65 96 47,03000300,0.000000
7160,0,0x10F,STD,8,2026-01-28T18:44:47.826729,03 00 03 00 E8 06 4D 3D,03000300,0.000000
7161,0,0x110,STD,8,2026-01-28T18:44:47.850735,03 00 03 00 86 68 40 48,03000300,0.000000
7162,0,0x10F,STD,8,2026-01-28T18:44:47.907748,03 00 03 00 4F 2D 82 3D,03000300,0.000000
7163,0,0x110,STD,8,2026-01-28T18:44:47.931753,03 00 03 00 30 20 8F 48,03000300,0.000000
7164,0,0x10F,STD,8,2026-01-28T18:44:47.988766,03 00 03 00 08 7E 65 3D,03000300,0.000000
7165,0,0x110,STD,8,2026-01-28T18:44:48.012771,03 00 03 00 AD 32 B7 48,03000300,0.000000
7166,0,0x10F,STD,8,2026-01-28T18:44:48.069784,03 00 03 00 22 3D 4C 3D,03000300,0.000000
7167,0,0x110,STD,8,2026-01-28T18:44:48.093789,03 00 03 00 56 FD C2 48,03000300,0.000000
7168,0,0x10F,STD,8,2026-01-28T18:44:48.151803,03 00 03 00 63 5D EF 3C,03000300,0.000000
7169,0,0x110,STD,8,2026-01-28T18:44:48.175808,03 00 03 00 DC 8C 99 48,03000300,0.000000
7170,0,0x10F,STD,8,2026-01-28T18:44:48.232821,03 00 03 00 8A D1 10 3D,03000300,0.000000
7171,0,0x110,STD,8,2026-01-28T18:44:48.256826,03 00 03 00 E4 53 1B 48,03000300,0.000000
7172,0,0x10F,STD,8,2026-01-28T18:44:48.313839,03 00 03 00 70 47 4D 3D,03000300,0.000000
7173,0,0x110,STD,8,2026-01-28T18:44:48.337844,03 00 03 00 57 55 D7 47,03000300,0.000000
7174,0,0x10F,STD,8,2026-01-28T18:44:48.385855,03 00 03 00 46 92 2E 3D,03000300,0.000000
7175,0,0x110,STD,8,2026-01-28T18:44:48.409589,03 00 03 00 B7 6F 44 48,03000300,0.000000
7176,0,0x10F,STD,8,2026-01-28T18:44:48.466602,03 00 03 00 C5 4A 72 3D,03000300,0.000000
7177,0,0x110,STD,8,2026-01-28T18:44:48.479605,03 00 01 00 00 00 00 00,03000100,0.000000
7178,0,0x10F,STD,8,2026-01-28T18:44:48.479605,03 00 02 00 6C EA 40 41,03000200,0.000000
7179,0,0x110,STD,8,2026-01-28T18:44:48.479605,03 00 02 00 6C EA 40 41,03000200,0.000000
7180,0,0x10F,STD,8,2026-01-28T18:44:48.479605,03 00 01 00 00 00 00 00,03000100,0.000000
7181,0,0x110,STD,8,2026-01-28T18:44:48.492608,03 00 03 00 C7 70 6D 48,03000300,0.000000
7182,0,0x10F,STD,8,2026-01-28T18:44:48.549621,03 00 03 00 DC 4C 42 3D,03000300,0.000000
7183,0,0x110,STD,8,2026-01-28T18:44:48.573626,03 00 03 00 87 9C 6A 48,03000300,0.000000
7184,0,0x10F,STD,8,2026-01-28T18:44:48.630639,03 00 03 00 C7 13 2E 3D,03000300,0.000000
7185,0,0x110,STD,8,2026-01-28T18:44:48.654584,03 00 03 00 FB 2B BC 47,03000300,0.000000
7186,0,0x10F,STD,8,2026-01-28T18:44:48.711596,03 00 03 00 1E 31 69 3D,03000300,0.000000
7187,0,0x110,STD,8,2026-01-28T18:44:48.735105,03 00 03 00 0E 94 43 48,03000300,0.000000
7188,0,0x10F,STD,8,2026-01-28T18:44:48.792117,03 00 03 00 0C 48 FC 3C,03000300,0.000000
7189,0,0x110,STD,8,2026-01-28T18:44:48.815999,03 00 03 00 FC 95 59 48,03000300,0.000000
7190,0,0x10F,STD,8,2026-01-28T18:44:48.862009,03 00 03 00 03 C9 43 3D,03000300,0.000000
7191,0,0x110,STD,8,2026-01-28T18:44:48.886015,03 00 03 00 6F 0C 8F 47,03000300,0.000000
7192,0,0x10F,STD,8,2026-01-28T18:44:48.943027,03 00 03 00 60 23 0C 3D,03000300,0.000000
7193,0,0x110,STD,8,2026-01-28T18:44:48.967033,03 00 03 00 A4 0E D5 46,03000300,0.000000
7194,0,0x10F,STD,8,2026-01-28T18:44:49.024045,03 00 03 00 53 04 54 3D,03000300,0.000000
7195,0,0x110,STD,8,2026-01-28T18:44:49.047635,03 00 03 00 E7 1E 80 47,03000300,0.000000
7196,0,0x10F,STD,8,2026-01-28T18:44:49.104749,03 00 03 00 DC 83 46 3D,03000300,0.000000
7197,0,0x110,STD,8,2026-01-28T18:44:49.128755,03 00 03 00 87 B6 36 48,03000300,0.000000
7198,0,0x10F,STD,8,2026-01-28T18:44:49.185768,03 00 03 00 63 5E 1B 3D,03000300,0.000000
7199,0,0x110,STD,8,2026-01-28T18:44:49.209773,03 00 03 00 31 F9 91 48,03000300,0.000000
7200,0,0x10F,STD,8,2026-01-28T18:44:49.266786,03 00 03 00 E8 81 67 3D,03000300,0.000000
7201,0,0x110,STD,8,2026-01-28T18:44:49.290791,03 00 03 00 60 05 04 49,03000300,0.000000
7202,0,0x10F,STD,8,2026-01-28T18:44:49.347804,03 00 03 00 46 B5 2D 3D,03000300,0.000000
7203,0,0x110,STD,8,2026-01-28T18:44:49.371809,03 00 03 00 57 6B 6D 48,03000300,0.000000
7204,0,0x10F,STD,8,2026-01-28T18:44:49.428822,03 00 03 00 2C 4F 5E 3D,03000300,0.000000
7205,0,0x110,STD,8,2026-01-28T18:44:49.452828,03 00 03 00 C5 AE B4 48,03000300,0.000000
7206,0,0x10F,STD,8,2026-01-28T18:44:49.509840,03 00 03 00 66 4B 4A 3D,03000300,0.000000
7207,0,0x110,STD,8,2026-01-28T18:44:49.522843,03 00 01 00 00 00 00 00,03000100,0.000000
7208,0,0x10F,STD,8,2026-01-28T18:44:49.522843,03 00 02 00 E3 77 4B 41,03000200,0.000000
7209,0,0x110,STD,8,2026-01-28T18:44:49.522843,03 00 02 00 E3 77 4B 41,03000200,0.000000
7210,0,0x10F,STD,8,2026-01-28T18:44:49.522843,03 00 01 00 00 00 00 00,03000100,0.000000
7211,0,0x110,STD,8,2026-01-28T18:44:49.524844,03 00 03 00 4E 92 AB 48,03000300,0.000000
7212,0,0x10F,STD,8,2026-01-28T18:44:49.581857,03 00 03 00 99 32 69 3D,03000300,0.000000
7213,0,0x110,STD,8,2026-01-28T18:44:49.605862,03 00 03 00 6B 16 64 48,03000300,0.000000
7214,0,0x10F,STD,8,2026-01-28T18:44:49.662875,03 00 03 00 0B 0B 5E 3D,03000300,0.000000
7215,0,0x110,STD,8,2026-01-28T18:44:49.686880,03 00 03 00 E5 5B C2 48,03000300,0.000000
7216,0,0x10F,STD,8,2026-01-28T18:44:49.743452,03 00 03 00 FC 50 4C 3D,03000300,0.000000
7217,0,0x110,STD,8,2026-01-28T18:44:49.767457,03 00 03 00 E3 BC AA 48,03000300,0.000000
7218,0,0x10F,STD,8,2026-01-28T18:44:49.824470,03 00 03 00 AA EB 40 3D,03000300,0.000000
7219,0,0x110,STD,8,2026-01-28T18:44:49.848475,03 00 03 00 9C CA D0 48,03000300,0.000000
7220,0,0x10F,STD,8,2026-01-28T18:44:49.905488,03 00 03 00 F6 DA D3 3C,03000300,0.000000
7221,0,0x110,STD,8,2026-01-28T18:44:49.929494,03 00 03 00 05 1C E8 48,03000300,0.000000
7222,0,0x10F,STD,8,2026-01-28T18:44:49.986506,03 00 03 00 49 F9 33 3D,03000300,0.000000
7223,0,0x110,STD,8,2026-01-28T18:44:50.010511,03 00 03 00 03 FA 5B 48,03000300,0.000000
7224,0,0x10F,STD,8,2026-01-28T18:44:50.067525,03 00 03 00 91 E6 1A 3D,03000300,0.000000
7225,0,0x110,STD,8,2026-01-28T18:44:50.092530,03 00 03 00 A6 96 1D 48,03000300,0.000000
7226,0,0x10F,STD,8,2026-01-28T18:44:50.138541,03 00 03 00 3E B6 74 3D,03000300,0.000000
7227,0,0x110,STD,8,2026-01-28T18:44:50.173549,03 00 03 00 D8 25 C5 47,03000300,0.000000
7228,0,0x10F,STD,8,2026-01-28T18:44:50.219559,03 00 03 00 BF 13 92 3D,03000300,0.000000
7229,0,0x110,STD,8,2026-01-28T18:44:50.243564,03 00 03 00 40 9F 21 48,03000300,0.000000
7230,0,0x10F,STD,8,2026-01-28T18:44:50.300577,03 00 03 00 E6 3D 58 3D,03000300,0.000000
7231,0,0x110,STD,8,2026-01-28T18:44:50.324583,03 00 03 00 80 53 91 48,03000300,0.000000
7232,0,0x10F,STD,8,2026-01-28T18:44:50.386597,03 00 03 00 6C AF 95 3D,03000300,0.000000
7233,0,0x110,STD,8,2026-01-28T18:44:50.410602,03 00 03 00 16 F8 79 48,03000300,0.000000
7234,0,0x10F,STD,8,2026-01-28T18:44:50.456612,03 00 03 00 15 0A 46 3D,03000300,0.000000
7235,0,0x110,STD,8,2026-01-28T18:44:50.480618,03 00 03 00 04 A2 9D 48,03000300,0.000000
7236,0,0x10F,STD,8,2026-01-28T18:44:50.537631,03 00 03 00 BB 32 5A 3D,03000300,0.000000
7237,0,0x110,STD,8,2026-01-28T18:44:50.561636,03 00 03 00 54 B2 B6 48,03000300,0.000000
7238,0,0x110,STD,8,2026-01-28T18:44:50.585641,03 00 01 00 00 00 00 00,03000100,0.000000
7239,0,0x10F,STD,8,2026-01-28T18:44:50.585641,03 00 02 00 82 2A 38 41,03000200,0.000000
7240,0,0x110,STD,8,2026-01-28T18:44:50.585641,03 00 02 00 82 2A 38 41,03000200,0.000000
7241,0,0x10F,STD,8,2026-01-28T18:44:50.585641,03 00 01 00 00 00 00 00,03000100,0.000000
7242,0,0x10F,STD,8,2026-01-28T18:44:50.620649,03 00 03 00 77 12 5F 3D,03000300,0.000000
7243,0,0x110,STD,8,2026-01-28T18:44:50.644655,03 00 03 00 7B 4B 8A 48,03000300,0.000000
7244,0,0x10F,STD,8,2026-01-28T18:44:50.701668,03 00 03 00 BF 50 1C 3D,03000300,0.000000
7245,0,0x110,STD,8,2026-01-28T18:44:50.725673,03 00 03 00 3E 3A AD 48,03000300,0.000000
7246,0,0x10F,STD,8,2026-01-28T18:44:50.782686,03 00 03 00 54 60 5B 3D,03000300,0.000000
7247,0,0x110,STD,8,2026-01-28T18:44:50.806691,03 00 03 00 A6 C0 70 48,03000300,0.000000
7248,0,0x10F,STD,8,2026-01-28T18:44:50.863704,03 00 03 00 1F B9 30 3D,03000300,0.000000
7249,0,0x110,STD,8,2026-01-28T18:44:50.887709,03 00 03 00 59 7A 0F 48,03000300,0.000000
7250,0,0x10F,STD,8,2026-01-28T18:44:50.944722,03 00 03 00 07 C0 85 3D,03000300,0.000000
7251,0,0x110,STD,8,2026-01-28T18:44:50.968727,03 00 03 00 2E B1 1E 48,03000300,0.000000
7252,0,0x10F,STD,8,2026-01-28T18:44:51.014240,03 00 03 00 C1 66 57 3D,03000300,0.000000
7253,0,0x110,STD,8,2026-01-28T18:44:51.049248,03 00 03 00 62 C1 1E 48,03000300,0.000000
7254,0,0x10F,STD,8,2026-01-28T18:44:51.097258,03 00 03 00 50 D5 2F 3D,03000300,0.000000
7255,0,0x110,STD,8,2026-01-28T18:44:51.121264,03 00 03 00 A5 54 1B 48,03000300,0.000000
7256,0,0x10F,STD,8,2026-01-28T18:44:51.178277,03 00 03 00 94 32 65 3D,03000300,0.000000
7257,0,0x110,STD,8,2026-01-28T18:44:51.202283,03 00 03 00 ED 1B 35 48,03000300,0.000000
7258,0,0x10F,STD,8,2026-01-28T18:44:51.258797,03 00 03 00 C3 AF D3 3C,03000300,0.000000
7259,0,0x110,STD,8,2026-01-28T18:44:51.282803,03 00 03 00 A1 5B C1 48,03000300,0.000000
7260,0,0x10F,STD,8,2026-01-28T18:44:51.338930,03 00 03 00 CA 50 43 3D,03000300,0.000000
7261,0,0x110,STD,8,2026-01-28T18:44:51.362935,03 00 03 00 31 DB 8C 48,03000300,0.000000
7262,0,0x10F,STD,8,2026-01-28T18:44:51.419948,03 00 03 00 85 DC C9 3C,03000300,0.000000
7263,0,0x110,STD,8,2026-01-28T18:44:51.443953,03 00 03 00 5D 70 93 48,03000300,0.000000
7264,0,0x10F,STD,8,2026-01-28T18:44:51.500966,03 00 03 00 17 15 52 3D,03000300,0.000000
7265,0,0x110,STD,8,2026-01-28T18:44:51.524971,03 00 03 00 FC D0 D9 48,03000300,0.000000
7266,0,0x10F,STD,8,2026-01-28T18:44:51.581984,03 00 03 00 21 A9 32 3D,03000300,0.000000
7267,0,0x110,STD,8,2026-01-28T18:44:51.605989,03 00 03 00 08 05 9F 48,03000300,0.000000
7268,0,0x110,STD,8,2026-01-28T18:44:51.629533,03 00 01 00 00 00 00 00,03000100,0.000000
7269,0,0x110,STD,8,2026-01-28T18:44:51.629533,03 00 02 00 10 E0 29 41,03000200,0.000000
7270,0,0x10F,STD,8,2026-01-28T18:44:51.629533,03 00 01 00 00 00 00 00,03000100,0.000000
7271,0,0x110,STD,8,2026-01-28T18:44:51.629533,03 00 01 00 00 00 00 00,03000100,0.000000
7272,0,0x10F,STD,8,2026-01-28T18:44:51.653539,03 00 03 00 1E C7 32 3D,03000300,0.000000
7273,0,0x110,STD,8,2026-01-28T18:44:51.677544,03 00 03 00 DB 5C 47 48,03000300,0.000000
7274,0,0x10F,STD,8,2026-01-28T18:44:51.734093,03 00 03 00 C5 CA 8D 3D,03000300,0.000000
7275,0,0x110,STD,8,2026-01-28T18:44:51.758099,03 00 03 00 7F 1F 40 48,03000300,0.000000
7276,0,0x10F,STD,8,2026-01-28T18:44:51.815112,03 00 03 00 38 C4 45 3D,03000300,0.000000
7277,0,0x110,STD,8,2026-01-28T18:44:51.839118,03 00 03 00 F1 F2 62 48,03000300,0.000000
7278,0,0x10F,STD,8,2026-01-28T18:44:51.896130,03 00 03 00 F9 C7 85 3D,03000300,0.000000
7279,0,0x110,STD,8,2026-01-28T18:44:51.920135,03 00 03 00 5D 25 98 48,03000300,0.000000
7280,0,0x10F,STD,8,2026-01-28T18:44:51.977148,03 00 03 00 D5 AB 69 3D,03000300,0.000000
7281,0,0x110,STD,8,2026-01-28T18:44:52.001153,03 00 03 00 C4 57 85 48,03000300,0.000000
7282,0,0x10F,STD,8,2026-01-28T18:44:52.058167,03 00 03 00 FB 02 7A 3D,03000300,0.000000
7283,0,0x110,STD,8,2026-01-28T18:44:52.082172,03 00 03 00 6E 07 F1 48,03000300,0.000000
7284,0,0x10F,STD,8,2026-01-28T18:44:52.139185,03 00 03 00 F4 90 8B 3D,03000300,0.000000
7285,0,0x110,STD,8,2026-01-28T18:44:52.162694,03 00 03 00 8D 8B 04 49,03000300,0.000000
7286,0,0x10F,STD,8,2026-01-28T18:44:52.219707,03 00 03 00 3A 74 59 3D,03000300,0.000000
7287,0,0x110,STD,8,2026-01-28T18:44:52.243712,03 00 03 00 29 68 CA 48,03000300,0.000000
7288,0,0x10F,STD,8,2026-01-28T18:44:52.300228,03 00 03 00 D3 3A 6B 3D,03000300,0.000000
7289,0,0x110,STD,8,2026-01-28T18:44:52.324233,03 00 03 00 36 6D CF 48,03000300,0.000000
7290,0,0x10F,STD,8,2026-01-28T18:44:52.375245,03 00 03 00 7F 3B 68 3D,03000300,0.000000
7291,0,0x110,STD,8,2026-01-28T18:44:52.399250,03 00 03 00 1F 34 A2 48,03000300,0.000000
7292,0,0x10F,STD,8,2026-01-28T18:44:52.456263,03 00 03 00 BE 85 8F 3D,03000300,0.000000
7293,0,0x110,STD,8,2026-01-28T18:44:52.480268,03 00 03 00 7D B4 74 48,03000300,0.000000
7294,0,0x10F,STD,8,2026-01-28T18:44:52.537281,03 00 03 00 33 9A 4C 3D,03000300,0.000000
7295,0,0x110,STD,8,2026-01-28T18:44:52.561286,03 00 03 00 B3 14 81 48,03000300,0.000000
7296,0,0x10F,STD,8,2026-01-28T18:44:52.618299,03 00 03 00 B0 4A 73 3D,03000300,0.000000
7297,0,0x110,STD,8,2026-01-28T18:44:52.642305,03 00 03 00 F3 1E 08 48,03000300,0.000000
7298,0,0x10F,STD,8,2026-01-28T18:44:52.677313,03 00 02 00 10 E0 29 41,03000200,0.000000
7299,0,0x10F,STD,8,2026-01-28T18:44:52.677313,03 00 01 00 00 00 00 00,03000100,0.000000
7300,0,0x110,STD,8,2026-01-28T18:44:52.677313,03 00 01 00 00 00 00 00,03000100,0.000000
7301,0,0x10F,STD,8,2026-01-28T18:44:52.677313,03 00 02 00 7A D0 3A 41,03000200,0.000000
7302,0,0x10F,STD,8,2026-01-28T18:44:52.690315,03 00 03 00 A4 1A 42 3D,03000300,0.000000
7303,0,0x110,STD,8,2026-01-28T18:44:52.714321,03 00 03 00 A6 88 7B 48,03000300,0.000000
7304,0,0x10F,STD,8,2026-01-28T18:44:52.771334,03 00 03 00 87 A5 33 3D,03000300,0.000000
7305,0,0x110,STD,8,2026-01-28T18:44:52.795339,03 00 03 00 EF 30 84 48,03000300,0.000000
7306,0,0x10F,STD,8,2026-01-28T18:44:52.852352,03 00 03 00 69 49 42 3D,03000300,0.000000
7307,0,0x110,STD,8,2026-01-28T18:44:52.876357,03 00 03 00 B2 68 F0 47,03000300,0.000000
7308,0,0x10F,STD,8,2026-01-28T18:44:52.933371,03 00 03 00 09 D8 AB 3C,03000300,0.000000
7309,0,0x110,STD,8,2026-01-28T18:44:52.957376,03 00 03 00 83 F3 7B 48,03000300,0.000000
7310,0,0x10F,STD,8,2026-01-28T18:44:53.014388,03 00 03 00 58 93 27 3D,03000300,0.000000
7311,0,0x110,STD,8,2026-01-28T18:44:53.038394,03 00 03 00 27 00 8C 48,03000300,0.000000
7312,0,0x10F,STD,8,2026-01-28T18:44:53.095407,03 00 03 00 26 D2 E7 3C,03000300,0.000000
7313,0,0x110,STD,8,2026-01-28T18:44:53.119411,03 00 03 00 F4 23 9B 48,03000300,0.000000
7314,0,0x10F,STD,8,2026-01-28T18:44:53.175927,03 00 03 00 10 4F FC 3C,03000300,0.000000
7315,0,0x110,STD,8,2026-01-28T18:44:53.199933,03 00 03 00 FD 21 D2 48,03000300,0.000000
7316,0,0x10F,STD,8,2026-01-28T18:44:53.256945,03 00 03 00 0D DC 4C 3D,03000300,0.000000
7317,0,0x110,STD,8,2026-01-28T18:44:53.280482,03 00 03 00 9D 64 C5 48,03000300,0.000000
7318,0,0x10F,STD,8,2026-01-28T18:44:53.326494,03 00 03 00 EB 33 0C 3D,03000300,0.000000
7319,0,0x110,STD,8,2026-01-28T18:44:53.350499,03 00 03 00 90 04 4A 48,03000300,0.000000
7320,0,0x10F,STD,8,2026-01-28T18:44:53.407478,03 00 03 00 1C 52 50 3D,03000300,0.000000
7321,0,0x110,STD,8,2026-01-28T18:44:53.430984,03 00 03 00 6A 7F 95 48,03000300,0.000000
7322,0,0x10F,STD,8,2026-01-28T18:44:53.487997,03 00 03 00 26 3D 33 3D,03000300,0.000000
7323,0,0x110,STD,8,2026-01-28T18:44:53.512002,03 00 03 00 00 08 3A 48,03000300,0.000000
7324,0,0x10F,STD,8,2026-01-28T18:44:53.568633,03 00 03 00 43 30 54 3D,03000300,0.000000
7325,0,0x110,STD,8,2026-01-28T18:44:53.592637,03 00 03 00 6D E4 81 48,03000300,0.000000
7326,0,0x10F,STD,8,2026-01-28T18:44:53.649650,03 00 03 00 8C 2A 4A 3D,03000300,0.000000
7327,0,0x110,STD,8,2026-01-28T18:44:53.673187,03 00 03 00 E9 EF 23 48,03000300,0.000000
7328,0,0x10F,STD,8,2026-01-28T18:44:53.730199,03 00 03 00 69 CE 56 3D,03000300,0.000000
7329,0,0x110,STD,8,2026-01-28T18:44:53.730199,03 00 02 00 7A D0 3A 41,03000200,0.000000
7330,0,0x10F,STD,8,2026-01-28T18:44:53.730199,03 00 02 00 7A D0 3A 41,03000200,0.000000
7331,0,0x110,STD,8,2026-01-28T18:44:53.730199,03 00 02 00 7A D0 3A 41,03000200,0.000000
7332,0,0x10F,STD,8,2026-01-28T18:44:53.730199,03 00 01 00 00 00 00 00,03000100,0.000000
7333,0,0x110,STD,8,2026-01-28T18:44:53.754205,03 00 03 00 58 08 36 48,03000300,0.000000
7334,0,0x10F,STD,8,2026-01-28T18:44:53.811217,03 00 03 00 06 5A 69 3D,03000300,0.000000
7335,0,0x110,STD,8,2026-01-28T18:44:53.835223,03 00 03 00 48 E2 55 48,03000300,0.000000
7336,0,0x10F,STD,8,2026-01-28T18:44:53.891276,03 00 03 00 DC 8D FC 3C,03000300,0.000000
7337,0,0x110,STD,8,2026-01-28T18:44:53.915281,03 00 03 00 75 7D 82 48,03000300,0.000000
7338,0,0x10F,STD,8,2026-01-28T18:44:53.972294,03 00 03 00 6E 88 22 3D,03000300,0.000000
7339,0,0x110,STD,8,2026-01-28T18:44:53.996299,03 00 03 00 F6 EA 38 48,03000300,0.000000
7340,0,0x10F,STD,8,2026-01-28T18:44:54.052940,03 00 03 00 FA 5B DB 3C,03000300,0.000000
7341,0,0x110,STD,8,2026-01-28T18:44:54.076449,03 00 03 00 68 D5 91 48,03000300,0.000000
7342,0,0x10F,STD,8,2026-01-28T18:44:54.133462,03 00 03 00 7E 7B 00 3D,03000300,0.000000
7343,0,0x110,STD,8,2026-01-28T18:44:54.157467,03 00 03 00 CC C7 A9 48,03000300,0.000000
7344,0,0x10F,STD,8,2026-01-28T18:44:54.203478,03 00 03 00 0D 3E 0E 3D,03000300,0.000000
7345,0,0x110,STD,8,2026-01-28T18:44:54.238486,03 00 03 00 C1 BC AD 48,03000300,0.000000
7346,0,0x10F,STD,8,2026-01-28T18:44:54.284496,03 00 03 00 97 E6 07 3D,03000300,0.000000
7347,0,0x110,STD,8,2026-01-28T18:44:54.308501,03 00 03 00 BD F4 8A 48,03000300,0.000000
7348,0,0x10F,STD,8,2026-01-28T18:44:54.367515,03 00 03 00 80 02 26 3D,03000300,0.000000
7349,0,0x110,STD,8,2026-01-28T18:44:54.391520,03 00 03 00 99 64 9C 48,03000300,0.000000
7350,0,0x10F,STD,8,2026-01-28T18:44:54.448533,03 00 03 00 E8 7C CF 3C,03000300,0.000000
7351,0,0x110,STD,8,2026-01-28T18:44:54.472538,03 00 03 00 0A F7 7D 48,03000300,0.000000
7352,0,0x10F,STD,8,2026-01-28T18:44:54.529551,03 00 03 00 76 37 48 3D,03000300,0.000000
7353,0,0x110,STD,8,2026-01-28T18:44:54.553557,03 00 03 00 09 85 B0 48,03000300,0.000000
7354,0,0x10F,STD,8,2026-01-28T18:44:54.610570,03 00 03 00 26 F5 10 3D,03000300,0.000000
7355,0,0x110,STD,8,2026-01-28T18:44:54.634575,03 00 03 00 2A 4A A2 48,03000300,0.000000
7356,0,0x10F,STD,8,2026-01-28T18:44:54.691588,03 00 03 00 EA 6D 55 3D,03000300,0.000000
7357,0,0x110,STD,8,2026-01-28T18:44:54.715593,03 00 03 00 12 70 6C 48,03000300,0.000000
7358,0,0x10F,STD,8,2026-01-28T18:44:54.761603,03 00 03 00 EE AA 5D 3D,03000300,0.000000
7359,0,0x110,STD,8,2026-01-28T18:44:54.774607,03 00 01 00 00 00 00 00,03000100,0.000000
7360,0,0x110,STD,8,2026-01-28T18:44:54.774607,03 00 01 00 00 00 00 00,03000100,0.000000
7361,0,0x10F,STD,8,2026-01-28T18:44:54.774607,03 00 02 00 B2 D5 26 41,03000200,0.000000
7362,0,0x110,STD,8,2026-01-28T18:44:54.774607,03 00 02 00 B2 D5 26 41,03000200,0.000000
7363,0,0x110,STD,8,2026-01-28T18:44:54.787609,03 00 03 00 1A 00 88 48,03000300,0.000000
7364,0,0x10F,STD,8,2026-01-28T18:44:54.844622,03 00 03 00 4B FF 19 3D,03000300,0.000000
7365,0,0x110,STD,8,2026-01-28T18:44:54.868628,03 00 03 00 64 C2 03 48,03000300,0.000000
7366,0,0x10F,STD,8,2026-01-28T18:44:54.925640,03 00 03 00 F3 1C 6C 3D,03000300,0.000000
7367,0,0x110,STD,8,2026-01-28T18:44:54.949646,03 00 03 00 9B 65 38 48,03000300,0.000000
7368,0,0x10F,STD,8,2026-01-28T18:44:55.008659,03 00 03 00 29 BC 21 3D,03000300,0.000000
7369,0,0x110,STD,8,2026-01-28T18:44:55.033665,03 00 03 00 FA 28 97 48,03000300,0.000000
7370,0,0x10F,STD,8,2026-01-28T18:44:55.090678,03 00 03 00 BF BE 4C 3D,03000300,0.000000
7371,0,0x110,STD,8,2026-01-28T18:44:55.103680,03 00 03 00 FF 26 A2 48,03000300,0.000000
7372,0,0x10F,STD,8,2026-01-28T18:44:55.160693,03 00 03 00 85 01 25 3D,03000300,0.000000
7373,0,0x110,STD,8,2026-01-28T18:44:55.184699,03 00 03 00 11 9B 34 48,03000300,0.000000
7374,0,0x10F,STD,8,2026-01-28T18:44:55.241711,03 00 03 00 56 1F 5C 3D,03000300,0.000000
7375,0,0x110,STD,8,2026-01-28T18:44:55.265219,03 00 03 00 7D 7C C9 47,03000300,0.000000
7376,0,0x10F,STD,8,2026-01-28T18:44:55.322232,03 00 03 00 B3 23 94 3D,03000300,0.000000
7377,0,0x110,STD,8,2026-01-28T18:44:55.346237,03 00 03 00 13 81 03 48,03000300,0.000000
7378,0,0x10F,STD,8,2026-01-28T18:44:55.402391,03 00 03 00 DA 94 43 3D,03000300,0.000000
7379,0,0x110,STD,8,2026-01-28T18:44:55.426396,03 00 03 00 B2 8A 0F 47,03000300,0.000000
7380,0,0x10F,STD,8,2026-01-28T18:44:55.483409,03 00 03 00 3A 8E 85 3D,03000300,0.000000
7381,0,0x110,STD,8,2026-01-28T18:44:55.507415,03 00 03 00 8B FE 01 47,03000300,0.000000
7382,0,0x10F,STD,8,2026-01-28T18:44:55.564427,03 00 03 00 DA C9 62 3D,03000300,0.000000
7383,0,0x110,STD,8,2026-01-28T18:44:55.588433,03 00 03 00 D4 20 61 47,03000300,0.000000
7384,0,0x10F,STD,8,2026-01-28T18:44:55.645445,03 00 03 00 29 54 81 3D,03000300,0.000000
7385,0,0x110,STD,8,2026-01-28T18:44:55.669451,03 00 03 00 53 FB 54 47,03000300,0.000000
7386,0,0x10F,STD,8,2026-01-28T18:44:55.726464,03 00 03 00 A7 12 45 3D,03000300,0.000000
7387,0,0x110,STD,8,2026-01-28T18:44:55.749974,03 00 03 00 AA E7 0F 48,03000300,0.000000
7388,0,0x10F,STD,8,2026-01-28T18:44:55.806987,03 00 03 00 13 F7 4D 3D,03000300,0.000000
7389,0,0x110,STD,8,2026-01-28T18:44:55.830992,03 00 03 00 76 17 45 48,03000300,0.000000
7390,0,0x10F,STD,8,2026-01-28T18:44:55.830992,03 00 01 00 00 00 00 00,03000100,0.000000
7391,0,0x10F,STD,8,2026-01-28T18:44:55.830992,03 00 02 00 A1 36 26 41,03000200,0.000000
7392,0,0x110,STD,8,2026-01-28T18:44:55.830992,03 00 02 00 A1 36 26 41,03000200,0.000000
7393,0,0x10F,STD,8,2026-01-28T18:44:55.830992,03 00 01 00 00 00 00 00,03000100,0.000000
7394,0,0x10F,STD,8,2026-01-28T18:44:55.877003,03 00 03 00 BF 64 6E 3D,03000300,0.000000
7395,0,0x110,STD,8,2026-01-28T18:44:55.901008,03 00 03 00 01 74 7A 48,03000300,0.000000
7396,0,0x10F,STD,8,2026-01-28T18:44:55.958021,03 00 03 00 50 68 27 3D,03000300,0.000000
7397,0,0x110,STD,8,2026-01-28T18:44:55.982027,03 00 03 00 22 49 04 49,03000300,0.000000
7398,0,0x10F,STD,8,2026-01-28T18:44:56.039039,03 00 03 00 49 55 62 3D,03000300,0.000000
7399,0,0x110,STD,8,2026-01-28T18:44:56.063045,03 00 03 00 48 36 28 49,03000300,0.000000
7400,0,0x10F,STD,8,2026-01-28T18:44:56.120058,03 00 03 00 4B 50 53 3D,03000300,0.000000
7401,0,0x110,STD,8,2026-01-28T18:44:56.143776,03 00 03 00 EE EA 1F 49,03000300,0.000000
7402,0,0x10F,STD,8,2026-01-28T18:44:56.200790,03 00 03 00 88 6F 49 3D,03000300,0.000000
7403,0,0x110,STD,8,2026-01-28T18:44:56.224795,03 00 03 00 DD 53 42 49,03000300,0.000000
7404,0,0x10F,STD,8,2026-01-28T18:44:56.281808,03 00 03 00 5E 46 34 3D,03000300,0.000000
7405,0,0x110,STD,8,2026-01-28T18:44:56.305813,03 00 03 00 F3 5C 0D 49,03000300,0.000000
7406,0,0x10F,STD,8,2026-01-28T18:44:56.357852,03 00 03 00 5C 19 2C 3D,03000300,0.000000
7407,0,0x110,STD,8,2026-01-28T18:44:56.381858,03 00 03 00 42 5D CA 48,03000300,0.000000
7408,0,0x10F,STD,8,2026-01-28T18:44:56.438782,03 00 03 00 CE AF 29 3D,03000300,0.000000
7409,0,0x110,STD,8,2026-01-28T18:44:56.462788,03 00 03 00 72 7E CA 48,03000300,0.000000
7410,0,0x10F,STD,8,2026-01-28T18:44:56.519402,03 00 03 00 2D 77 F9 3C,03000300,0.000000
7411,0,0x110,STD,8,2026-01-28T18:44:56.543407,03 00 03 00 81 EE 3C 48,03000300,0.000000
7412,0,0x10F,STD,8,2026-01-28T18:44:56.600281,03 00 03 00 A0 EA 38 3D,03000300,0.000000
7413,0,0x110,STD,8,2026-01-28T18:44:56.624287,03 00 03 00 EE 01 8A 48,03000300,0.000000
7414,0,0x10F,STD,8,2026-01-28T18:44:56.681300,03 00 03 00 B1 C7 08 3D,03000300,0.000000
7415,0,0x110,STD,8,2026-01-28T18:44:56.704919,03 00 03 00 B6 46 AA 47,03000300,0.000000
7416,0,0x10F,STD,8,2026-01-28T18:44:56.761526,03 00 03 00 05 4A 75 3D,03000300,0.000000
7417,0,0x110,STD,8,2026-01-28T18:44:56.785034,03 00 03 00 09 2D 1F 48,03000300,0.000000
7418,0,0x10F,STD,8,2026-01-28T18:44:56.842048,03 00 03 00 B6 B9 5A 3D,03000300,0.000000
7419,0,0x110,STD,8,2026-01-28T18:44:56.866053,03 00 03 00 E9 B4 09 48,03000300,0.000000
7420,0,0x110,STD,8,2026-01-28T18:44:56.878559,03 00 01 00 00 00 00 00,03000100,0.000000
7421,0,0x10F,STD,8,2026-01-28T18:44:56.878559,03 00 01 00 00 00 00 00,03000100,0.000000
7422,0,0x110,STD,8,2026-01-28T18:44:56.878559,03 00 01 00 00 00 00 00,03000100,0.000000
7423,0,0x10F,STD,8,2026-01-28T18:44:56.878559,03 00 02 00 21 3E 35 41,03000200,0.000000
7424,0,0x10F,STD,8,2026-01-28T18:44:56.913567,03 00 03 00 2B FC 16 3D,03000300,0.000000
7425,0,0x110,STD,8,2026-01-28T18:44:56.937332,03 00 03 00 FB 10 40 48,03000300,0.000000
7426,0,0x10F,STD,8,2026-01-28T18:44:56.994345,03 00 03 00 3E EF 43 3D,03000300,0.000000
7427,0,0x110,STD,8,2026-01-28T18:44:57.018327,03 00 03 00 B5 37 B0 47,03000300,0.000000
7428,0,0x10F,STD,8,2026-01-28T18:44:57.075341,03 00 03 00 89 C8 15 3D,03000300,0.000000
7429,0,0x110,STD,8,2026-01-28T18:44:57.099347,03 00 03 00 65 0D 45 48,03000300,0.000000
7430,0,0x10F,STD,8,2026-01-28T18:44:57.156254,03 00 03 00 64 54 5F 3D,03000300,0.000000
7431,0,0x110,STD,8,2026-01-28T18:44:57.180259,03 00 03 00 57 88 64 48,03000300,0.000000
7432,0,0x10F,STD,8,2026-01-28T18:44:57.237272,03 00 03 00 2F 41 29 3D,03000300,0.000000
7433,0,0x110,STD,8,2026-01-28T18:44:57.261278,03 00 03 00 E5 B5 2D 48,03000300,0.000000
7434,0,0x10F,STD,8,2026-01-28T18:44:57.318291,03 00 03 00 72 9C 7E 3D,03000300,0.000000
7435,0,0x110,STD,8,2026-01-28T18:44:57.342295,03 00 03 00 76 84 EB 47,03000300,0.000000
7436,0,0x10F,STD,8,2026-01-28T18:44:57.399309,03 00 03 00 AE E2 8B 3D,03000300,0.000000
7437,0,0x110,STD,8,2026-01-28T18:44:57.423314,03 00 03 00 D8 93 CD 47,03000300,0.000000
7438,0,0x10F,STD,8,2026-01-28T18:44:57.480327,03 00 03 00 E3 5B 49 3D,03000300,0.000000
7439,0,0x110,STD,8,2026-01-28T18:44:57.504332,03 00 03 00 68 10 10 48,03000300,0.000000
7440,0,0x10F,STD,8,2026-01-28T18:44:57.550343,03 00 03 00 42 38 35 3D,03000300,0.000000
7441,0,0x110,STD,8,2026-01-28T18:44:57.585351,03 00 03 00 6D E2 95 47,03000300,0.000000
7442,0,0x10F,STD,8,2026-01-28T18:44:57.631361,03 00 03 00 5F 5B 25 3D,03000300,0.000000
7443,0,0x110,STD,8,2026-01-28T18:44:57.655366,03 00 03 00 A3 E4 46 48,03000300,0.000000
7444,0,0x10F,STD,8,2026-01-28T18:44:57.712379,03 00 03 00 04 E4 47 3D,03000300,0.000000
7445,0,0x110,STD,8,2026-01-28T18:44:57.736385,03 00 03 00 89 F3 2A 48,03000300,0.000000
7446,0,0x10F,STD,8,2026-01-28T18:44:57.793398,03 00 03 00 AA E7 22 3D,03000300,0.000000
7447,0,0x110,STD,8,2026-01-28T18:44:57.817403,03 00 03 00 EE DF 92 48,03000300,0.000000
7448,0,0x10F,STD,8,2026-01-28T18:44:57.874416,03 00 03 00 ED 52 72 3D,03000300,0.000000
7449,0,0x110,STD,8,2026-01-28T18:44:57.898421,03 00 03 00 CF 23 58 48,03000300,0.000000
7450,0,0x110,STD,8,2026-01-28T18:44:57.922427,03 00 02 00 21 3E 35 41,03000200,0.000000
7451,0,0x10F,STD,8,2026-01-28T18:44:57.922427,03 00 01 00 00 00 00 00,03000100,0.000000
7452,0,0x110,STD,8,2026-01-28T18:44:57.922427,03 00 01 00 00 00 00 00,03000100,0.000000
7453,0,0x10F,STD,8,2026-01-28T18:44:57.922427,03 00 02 00 7C 5A 30 41,03000200,0.000000
7454,0,0x10F,STD,8,2026-01-28T18:44:57.962436,03 00 03 00 20 12 59 3D,03000300,0.000000
7455,0,0x110,STD,8,2026-01-28T18:44:57.975439,03 00 03 00 7A 5F 87 48,03000300,0.000000
7456,0,0x10F,STD,8,2026-01-28T18:44:58.032451,03 00 03 00 19 17 3D 3D,03000300,0.000000
7457,0,0x110,STD,8,2026-01-28T18:44:58.056456,03 00 03 00 38 5B CE 48,03000300,0.000000
7458,0,0x10F,STD,8,2026-01-28T18:44:58.112970,03 00 03 00 E0 31 81 3D,03000300,0.000000
7459,0,0x110,STD,8,2026-01-28T18:44:58.136481,03 00 03 00 0B 1E A8 48,03000300,0.000000
7460,0,0x10F,STD,8,2026-01-28T18:44:58.193195,03 00 03 00 88 59 14 3D,03000300,0.000000
7461,0,0x110,STD,8,2026-01-28T18:44:58.217200,03 00 03 00 B2 08 9D 48,03000300,0.000000
7462,0,0x10F,STD,8,2026-01-28T18:44:58.273298,03 00 03 00 66 ED 76 3D,03000300,0.000000
7463,0,0x110,STD,8,2026-01-28T18:44:58.297303,03 00 03 00 7D F2 34 48,03000300,0.000000
7464,0,0x10F,STD,8,2026-01-28T18:44:58.359316,03 00 03 00 4A 87 7B 3D,03000300,0.000000
7465,0,0x110,STD,8,2026-01-28T18:44:58.372320,03 00 03 00 1D E8 5B 48,03000300,0.000000
7466,0,0x10F,STD,8,2026-01-28T18:44:58.428893,03 00 03 00 81 24 34 3D,03000300,0.000000
7467,0,0x110,STD,8,2026-01-28T18:44:58.452899,03 00 03 00 F2 A6 53 48,03000300,0.000000
7468,0,0x10F,STD,8,2026-01-28T18:44:58.509912,03 00 03 00 AB 42 93 3D,03000300,0.000000
7469,0,0x110,STD,8,2026-01-28T18:44:58.533917,03 00 03 00 40 64 1A 48,03000300,0.000000
7470,0,0x10F,STD,8,2026-01-28T18:44:58.590930,03 00 03 00 E6 8B 24 3D,03000300,0.000000
7471,0,0x110,STD,8,2026-01-28T18:44:58.614935,03 00 03 00 A8 BA 9A 48,03000300,0.000000
7472,0,0x10F,STD,8,2026-01-28T18:44:58.671451,03 00 03 00 05 06 5E 3D,03000300,0.000000
7473,0,0x110,STD,8,2026-01-28T18:44:58.695159,03 00 03 00 EE 76 B5 48,03000300,0.000000
7474,0,0x10F,STD,8,2026-01-28T18:44:58.752172,03 00 03 00 48 F5 7E 3D,03000300,0.000000
7475,0,0x110,STD,8,2026-01-28T18:44:58.776177,03 00 03 00 95 AA AC 48,03000300,0.000000
7476,0,0x10F,STD,8,2026-01-28T18:44:58.832739,03 00 03 00 0E A2 3C 3D,03000300,0.000000
7477,0,0x110,STD,8,2026-01-28T18:44:58.856458,03 00 03 00 35 89 C9 48,03000300,0.000000
7478,0,0x10F,STD,8,2026-01-28T18:44:58.913470,03 00 03 00 80 A1 89 3D,03000300,0.000000
7479,0,0x110,STD,8,2026-01-28T18:44:58.937476,03 00 03 00 70 80 7B 48,03000300,0.000000
7480,0,0x110,STD,8,2026-01-28T18:44:58.961481,03 00 02 00 7C 5A 30 41,03000200,0.000000
7481,0,0x10F,STD,8,2026-01-28T18:44:58.961481,03 00 01 00 00 00 00 00,03000100,0.000000
7482,0,0x110,STD,8,2026-01-28T18:44:58.961481,03 00 02 00 46 84 41 41,03000200,0.000000
7483,0,0x110,STD,8,2026-01-28T18:44:58.961481,03 00 01 00 00 00 00 00,03000100,0.000000
7484,0,0x10F,STD,8,2026-01-28T18:44:58.985487,03 00 03 00 7E C8 61 3D,03000300,0.000000
7485,0,0x110,STD,8,2026-01-28T18:44:59.009491,03 00 03 00 82 76 7E 48,03000300,0.000000
7486,0,0x10F,STD,8,2026-01-28T18:44:59.066505,03 00 03 00 76 1C 7D 3D,03000300,0.000000
7487,0,0x110,STD,8,2026-01-28T18:44:59.090512,03 00 03 00 7D F8 53 48,03000300,0.000000
7488,0,0x10F,STD,8,2026-01-28T18:44:59.147525,03 00 03 00 D1 93 6D 3D,03000300,0.000000
7489,0,0x110,STD,8,2026-01-28T18:44:59.171530,03 00 03 00 71 B7 BD 47,03000300,0.000000
7490,0,0x10F,STD,8,2026-01-28T18:44:59.228543,03 00 03 00 9A B0 6C 3D,03000300,0.000000
7491,0,0x110,STD,8,2026-01-28T18:44:59.252548,03 00 03 00 60 AB 1C 48,03000300,0.000000
7492,0,0x10F,STD,8,2026-01-28T18:44:59.309562,03 00 03 00 90 E2 5C 3D,03000300,0.000000
7493,0,0x110,STD,8,2026-01-28T18:44:59.333567,03 00 03 00 58 D7 90 48,03000300,0.000000
7494,0,0x10F,STD,8,2026-01-28T18:44:59.390580,03 00 03 00 09 AE 1F 3D,03000300,0.000000
7495,0,0x110,STD,8,2026-01-28T18:44:59.414585,03 00 03 00 FD 5E C5 47,03000300,0.000000
7496,0,0x10F,STD,8,2026-01-28T18:44:59.471598,03 00 03 00 9A 79 44 3D,03000300,0.000000
7497,0,0x110,STD,8,2026-01-28T18:44:59.495603,03 00 03 00 6A 4B 0F 48,03000300,0.000000
7498,0,0x10F,STD,8,2026-01-28T18:44:59.552616,03 00 03 00 B7 9E 21 3D,03000300,0.000000
7499,0,0x110,STD,8,2026-01-28T18:44:59.576621,03 00 03 00 44 05 12 48,03000300,0.000000
7500,0,0x10F,STD,8,2026-01-28T18:44:59.633138,03 00 03 00 1A 65 73 3D,03000300,0.000000
7501,0,0x110,STD,8,2026-01-28T18:44:59.657144,03 00 03 00 3E 6C 3D 48,03000300,0.000000
7502,0,0x10F,STD,8,2026-01-28T18:44:59.703154,03 00 03 00 E0 A7 3D 3D,03000300,0.000000
7503,0,0x110,STD,8,2026-01-28T18:44:59.727160,03 00 03 00 45 D1 25 48,03000300,0.000000
7504,0,0x10F,STD,8,2026-01-28T18:44:59.784173,03 00 03 00 AA 50 8E 3D,03000300,0.000000
7505,0,0x110,STD,8,2026-01-28T18:44:59.808178,03 00 03 00 5E 7C 60 48,03000300,0.000000
7506,0,0x10F,STD,8,2026-01-28T18:44:59.865191,03 00 03 00 CB 43 64 3D,03000300,0.000000
7507,0,0x110,STD,8,2026-01-28T18:44:59.889196,03 00 03 00 07 81 82 48,03000300,0.000000
7508,0,0x10F,STD,8,2026-01-28T18:44:59.946209,03 00 03 00 99 6D 6C 3D,03000300,0.000000
7509,0,0x110,STD,8,2026-01-28T18:44:59.970214,03 00 03 00 7C 6C 99 47,03000300,0.000000
7510,0,0x10F,STD,8,2026-01-28T18:45:00.027227,03 00 03 00 8F F0 57 3D,03000300,0.000000
7511,0,0x10F,STD,8,2026-01-28T18:45:00.027227,03 00 02 00 46 84 41 41,03000200,0.000000
7512,0,0x10F,STD,8,2026-01-28T18:45:00.027227,03 00 02 00 46 84 41 41,03000200,0.000000
7513,0,0x110,STD,8,2026-01-28T18:45:00.027227,03 00 02 00 46 84 41 41,03000200,0.000000
7514,0,0x10F,STD,8,2026-01-28T18:45:00.027227,03 00 01 00 00 00 00 00,03000100,0.000000
7515,0,0x110,STD,8,2026-01-28T18:45:00.051233,03 00 03 00 3E E4 28 48,03000300,0.000000
7516,0,0x10F,STD,8,2026-01-28T18:45:00.108246,03 00 03 00 25 1B 31 3D,03000300,0.000000
7517,0,0x110,STD,8,2026-01-28T18:45:00.132251,03 00 03 00 C4 C7 03 48,03000300,0.000000
7518,0,0x10F,STD,8,2026-01-28T18:45:00.189264,03 00 03 00 91 18 62 3D,03000300,0.000000
7519,0,0x110,STD,8,2026-01-28T18:45:00.213269,03 00 03 00 BF E1 FC 47,03000300,0.000000
7520,0,0x10F,STD,8,2026-01-28T18:45:00.270282,03 00 03 00 D8 4E 1B 3D,03000300,0.000000
7521,0,0x110,STD,8,2026-01-28T18:45:00.294287,03 00 03 00 E7 75 39 48,03000300,0.000000
7522,0,0x10F,STD,8,2026-01-28T18:45:00.340298,03 00 03 00 29 13 91 3D,03000300,0.000000
7523,0,0x110,STD,8,2026-01-28T18:45:00.364303,03 00 03 00 D4 6E B1 48,03000300,0.000000
7524,0,0x10F,STD,8,2026-01-28T18:45:00.421315,03 00 03 00 59 EC 54 3D,03000300,0.000000
7525,0,0x110,STD,8,2026-01-28T18:45:00.444823,03 00 03 00 96 E6 9C 48,03000300,0.000000
7526,0,0x10F,STD,8,2026-01-28T18:45:00.501837,03 00 03 00 F5 5F 62 3D,03000300,0.000000
7527,0,0x110,STD,8,2026-01-28T18:45:00.525842,03 00 03 00 75 7E 84 48,03000300,0.000000
7528,0,0x10F,STD,8,2026-01-28T18:45:00.582854,03 00 03 00 5E A1 85 3D,03000300,0.000000
7529,0,0x110,STD,8,2026-01-28T18:45:00.606860,03 00 03 00 50 B6 B5 48,03000300,0.000000
7530,0,0x10F,STD,8,2026-01-28T18:45:00.663873,03 00 03 00 FC 0F 09 3D,03000300,0.000000
7531,0,0x110,STD,8,2026-01-28T18:45:00.687878,03 00 03 00 2A D1 63 48,03000300,0.000000
7532,0,0x10F,STD,8,2026-01-28T18:45:00.744036,03 00 03 00 E4 FD 83 3D,03000300,0.000000
7533,0,0x110,STD,8,2026-01-28T18:45:00.768041,03 00 03 00 C1 54 B9 48,03000300,0.000000
7534,0,0x10F,STD,8,2026-01-28T18:45:00.825054,03 00 03 00 1B A6 28 3D,03000300,0.000000
7535,0,0x110,STD,8,2026-01-28T18:45:00.849060,03 00 03 00 73 88 8C 48,03000300,0.000000
7536,0,0x10F,STD,8,2026-01-28T18:45:00.906072,03 00 03 00 D5 D3 99 3D,03000300,0.000000
7537,0,0x110,STD,8,2026-01-28T18:45:00.930078,03 00 03 00 A5 1D 2B 48,03000300,0.000000
7538,0,0x10F,STD,8,2026-01-28T18:45:00.980089,03 00 03 00 61 4C A8 3D,03000300,0.000000
7539,0,0x110,STD,8,2026-01-28T18:45:01.004094,03 00 03 00 BF E5 6B 48,03000300,0.000000
7540,0,0x10F,STD,8,2026-01-28T18:45:01.061107,03 00 03 00 2C E8 2F 3D,03000300,0.000000
7541,0,0x110,STD,8,2026-01-28T18:45:01.075110,03 00 01 00 00 00 00 00,03000100,0.000000
7542,0,0x110,STD,8,2026-01-28T18:45:01.075110,03 00 01 00 00 00 00 00,03000100,0.000000
7543,0,0x10F,STD,8,2026-01-28T18:45:01.075110,03 00 02 00 35 1A 2E 41,03000200,0.000000
7544,0,0x110,STD,8,2026-01-28T18:45:01.075110,03 00 02 00 35 1A 2E 41,03000200,0.000000
7545,0,0x110,STD,8,2026-01-28T18:45:01.088113,03 00 03 00 91 E3 36 48,03000300,0.000000
7546,0,0x10F,STD,8,2026-01-28T18:45:01.145127,03 00 03 00 66 07 9B 3D,03000300,0.000000
7547,0,0x110,STD,8,2026-01-28T18:45:01.169131,03 00 03 00 B1 C2 30 48,03000300,0.000000
7548,0,0x10F,STD,8,2026-01-28T18:45:01.225533,03 00 03 00 FD 44 37 3D,03000300,0.000000
7549,0,0x110,STD,8,2026-01-28T18:45:01.250003,03 00 03 00 46 00 69 48,03000300,0.000000
7550,0,0x10F,STD,8,2026-01-28T18:45:01.307015,03 00 03 00 C4 97 2D 3D,03000300,0.000000
7551,0,0x110,STD,8,2026-01-28T18:45:01.330197,03 00 03 00 D1 F4 E8 48,03000300,0.000000
7552,0,0x10F,STD,8,2026-01-28T18:45:01.387210,03 00 03 00 61 0E 41 3D,03000300,0.000000
7553,0,0x110,STD,8,2026-01-28T18:45:01.411216,03 00 03 00 36 83 B0 48,03000300,0.000000
7554,0,0x10F,STD,8,2026-01-28T18:45:01.457202,03 00 03 00 CB A4 2F 3D,03000300,0.000000
7555,0,0x110,STD,8,2026-01-28T18:45:01.481207,03 00 03 00 BB 89 B9 48,03000300,0.000000
7556,0,0x10F,STD,8,2026-01-28T18:45:01.536986,03 00 03 00 65 E0 6D 3D,03000300,0.000000
7557,0,0x110,STD,8,2026-01-28T18:45:01.560544,03 00 03 00 22 3E F6 48,03000300,0.000000
7558,0,0x10F,STD,8,2026-01-28T18:45:01.617557,03 00 03 00 55 58 43 3D,03000300,0.000000
7559,0,0x110,STD,8,2026-01-28T18:45:01.641562,03 00 03 00 17 7E 19 48,03000300,0.000000
7560,0,0x10F,STD,8,2026-01-28T18:45:01.697976,03 00 03 00 65 87 72 3D,03000300,0.000000
7561,0,0x110,STD,8,2026-01-28T18:45:01.721981,03 00 03 00 9D 40 8C 48,03000300,0.000000
7562,0,0x10F,STD,8,2026-01-28T18:45:01.778994,03 00 03 00 40 DB 54 3D,03000300,0.000000
7563,0,0x110,STD,8,2026-01-28T18:45:01.802999,03 00 03 00 35 6E 2D 48,03000300,0.000000
7564,0,0x10F,STD,8,2026-01-28T18:45:01.859615,03 00 03 00 CB 75 8C 3D,03000300,0.000000
7565,0,0x110,STD,8,2026-01-28T18:45:01.883620,03 00 03 00 48 87 9A 48,03000300,0.000000
7566,0,0x10F,STD,8,2026-01-28T18:45:01.940633,03 00 03 00 8B E5 45 3D,03000300,0.000000
7567,0,0x110,STD,8,2026-01-28T18:45:01.964182,03 00 03 00 F2 8B 0C 48,03000300,0.000000
7568,0,0x10F,STD,8,2026-01-28T18:45:02.021595,03 00 03 00 B6 35 96 3D,03000300,0.000000
7569,0,0x110,STD,8,2026-01-28T18:45:02.045602,03 00 03 00 AE 95 A5 47,03000300,0.000000
7570,0,0x10F,STD,8,2026-01-28T18:45:02.102614,03 00 03 00 6A 53 9A 3D,03000300,0.000000
7571,0,0x10F,STD,8,2026-01-28T18:45:02.115176,03 00 01 00 00 00 00 00,03000100,0.000000
7572,0,0x10F,STD,8,2026-01-28T18:45:02.115176,03 00 02 00 05 02 27 41,03000200,0.000000
7573,0,0x110,STD,8,2026-01-28T18:45:02.115176,03 00 02 00 05 02 27 41,03000200,0.000000
7574,0,0x10F,STD,8,2026-01-28T18:45:02.115176,03 00 01 00 00 00 00 00,03000100,0.000000
7575,0,0x110,STD,8,2026-01-28T18:45:02.128179,03 00 03 00 00 22 C1 48,03000300,0.000000
7576,0,0x10F,STD,8,2026-01-28T18:45:02.174189,03 00 03 00 11 13 70 3D,03000300,0.000000
7577,0,0x110,STD,8,2026-01-28T18:45:02.198194,03 00 03 00 80 1D C5 48,03000300,0.000000
7578,0,0x10F,STD,8,2026-01-28T18:45:02.255207,03 00 03 00 B6 35 AE 3D,03000300,0.000000
7579,0,0x110,STD,8,2026-01-28T18:45:02.279213,03 00 03 00 4B BB 78 48,03000300,0.000000
7580,0,0x10F,STD,8,2026-01-28T18:45:02.336226,03 00 03 00 CC F8 5D 3D,03000300,0.000000
7581,0,0x110,STD,8,2026-01-28T18:45:02.361230,03 00 03 00 FA CE CF 48,03000300,0.000000
7582,0,0x10F,STD,8,2026-01-28T18:45:02.418244,03 00 03 00 8A 1A 79 3D,03000300,0.000000
7583,0,0x110,STD,8,2026-01-28T18:45:02.442249,03 00 03 00 B5 E8 E1 47,03000300,0.000000
7584,0,0x10F,STD,8,2026-01-28T18:45:02.499262,03 00 03 00 FF 2C 55 3D,03000300,0.000000
7585,0,0x110,STD,8,2026-01-28T18:45:02.523268,03 00 03 00 63 85 C2 47,03000300,0.000000
7586,0,0x10F,STD,8,2026-01-28T18:45:02.580280,03 00 03 00 24 2A 3A 3D,03000300,0.000000
7587,0,0x110,STD,8,2026-01-28T18:45:02.604286,03 00 03 00 B7 99 3F 48,03000300,0.000000
7588,0,0x10F,STD,8,2026-01-28T18:45:02.661298,03 00 03 00 EE 8C 65 3D,03000300,0.000000
7589,0,0x110,STD,8,2026-01-28T18:45:02.685304,03 00 03 00 71 99 9B 48,03000300,0.000000
7590,0,0x10F,STD,8,2026-01-28T18:45:02.742317,03 00 03 00 C7 3C 1E 3D,03000300,0.000000
7591,0,0x110,STD,8,2026-01-28T18:45:02.766322,03 00 03 00 DB A1 5B 48,03000300,0.000000
7592,0,0x10F,STD,8,2026-01-28T18:45:02.812333,03 00 03 00 3C 67 83 3D,03000300,0.000000
7593,0,0x110,STD,8,2026-01-28T18:45:02.836338,03 00 03 00 3E 88 82 48,03000300,0.000000
7594,0,0x10F,STD,8,2026-01-28T18:45:02.893351,03 00 03 00 E7 9B 82 3D,03000300,0.000000
7595,0,0x110,STD,8,2026-01-28T18:45:02.917356,03 00 03 00 09 B9 5B 48,03000300,0.000000
7596,0,0x10F,STD,8,2026-01-28T18:45:02.974369,03 00 03 00 84 CD 7E 3D,03000300,0.000000
7597,0,0x110,STD,8,2026-01-28T18:45:02.998375,03 00 03 00 B2 F7 0E 48,03000300,0.000000
7598,0,0x10F,STD,8,2026-01-28T18:45:03.054890,03 00 03 00 AB C7 70 3D,03000300,0.000000
7599,0,0x110,STD,8,2026-01-28T18:45:03.078897,03 00 03 00 6C F7 C2 47,03000300,0.000000
7600,0,0x10F,STD,8,2026-01-28T18:45:03.135413,03 00 03 00 75 DA 7B 3D,03000300,0.000000
7601,0,0x110,STD,8,2026-01-28T18:45:03.159418,03 00 01 00 00 00 00 00,03000100,0.000000
7602,0,0x110,STD,8,2026-01-28T18:45:03.159418,03 00 03 00 B9 FA 73 47,03000300,0.000000
7603,0,0x10F,STD,8,2026-01-28T18:45:03.159418,03 00 01 00 00 00 00 00,03000100,0.000000
7604,0,0x10F,STD,8,2026-01-28T18:45:03.159418,03 00 02 00 05 02 27 41,03000200,0.000000
7605,0,0x110,STD,8,2026-01-28T18:45:03.159418,03 00 01 00 00 00 00 00,03000100,0.000000
7606,0,0x10F,STD,8,2026-01-28T18:45:03.215750,03 00 03 00 A5 7C 81 3D,03000300,0.000000
7607,0,0x110,STD,8,2026-01-28T18:45:03.238879,03 00 03 00 78 A8 B2 47,03000300,0.000000
7608,0,0x10F,STD,8,2026-01-28T18:45:03.295893,03 00 03 00 6B 4E 4B 3D,03000300,0.000000
7609,0,0x110,STD,8,2026-01-28T18:45:03.319898,03 00 03 00 51 14 0C 48,03000300,0.000000
7610,0,0x10F,STD,8,2026-01-28T18:45:03.376570,03 00 03 00 22 0E 93 3D,03000300,0.000000
7611,0,0x110,STD,8,2026-01-28T18:45:03.400576,03 00 03 00 F1 A2 C3 47,03000300,0.000000
7612,0,0x10F,STD,8,2026-01-28T18:45:03.457589,03 00 03 00 28 74 2F 3D,03000300,0.000000
7613,0,0x110,STD,8,2026-01-28T18:45:03.481594,03 00 03 00 AD D4 B9 47,03000300,0.000000
7614,0,0x10F,STD,8,2026-01-28T18:45:03.538190,03 00 03 00 0B 57 91 3D,03000300,0.000000
7615,0,0x110,STD,8,2026-01-28T18:45:03.562196,03 00 03 00 7B 45 76 47,03000300,0.000000
7616,0,0x10F,STD,8,2026-01-28T18:45:03.619209,03 00 03 00 9E A7 5B 3D,03000300,0.000000
7617,0,0x110,STD,8,2026-01-28T18:45:03.632212,03 00 03 00 F0 10 4A 48,03000300,0.000000
7618,0,0x10F,STD,8,2026-01-28T18:45:03.688820,03 00 03 00 00 DA 41 3D,03000300,0.000000
7619,0,0x110,STD,8,2026-01-28T18:45:03.712826,03 00 03 00 4C CE 3B 48,03000300,0.000000
7620,0,0x10F,STD,8,2026-01-28T18:45:03.769839,03 00 03 00 75 05 8F 3D,03000300,0.000000
7621,0,0x110,STD,8,2026-01-28T18:45:03.793844,03 00 03 00 D6 12 56 48,03000300,0.000000
7622,0,0x10F,STD,8,2026-01-28T18:45:03.850857,03 00 03 00 D8 A1 0B 3D,03000300,0.000000
7623,0,0x110,STD,8,2026-01-28T18:45:03.874862,03 00 03 00 F5 78 CA 48,03000300,0.000000
7624,0,0x10F,STD,8,2026-01-28T18:45:03.930727,03 00 03 00 0D F6 90 3D,03000300,0.000000
7625,0,0x110,STD,8,2026-01-28T18:45:03.954732,03 00 03 00 B6 E9 9B 48,03000300,0.000000
7626,0,0x10F,STD,8,2026-01-28T18:45:04.017248,03 00 03 00 09 23 07 3D,03000300,0.000000
7627,0,0x110,STD,8,2026-01-28T18:45:04.041254,03 00 03 00 F6 21 BF 48,03000300,0.000000
7628,0,0x10F,STD,8,2026-01-28T18:45:04.086836,03 00 03 00 65 D8 73 3D,03000300,0.000000
7629,0,0x110,STD,8,2026-01-28T18:45:04.121834,03 00 03 00 DE 44 F3 48,03000300,0.000000
7630,0,0x10F,STD,8,2026-01-28T18:45:04.167123,03 00 03 00 81 77 4F 3D,03000300,0.000000
7631,0,0x110,STD,8,2026-01-28T18:45:04.191128,03 00 03 00 E7 2F 9B 48,03000300,0.000000
7632,0,0x110,STD,8,2026-01-28T18:45:04.193128,03 00 02 00 05 02 27 41,03000200,0.000000
7633,0,0x110,STD,8,2026-01-28T18:45:04.193128,03 00 01 00 00 00 00 00,03000100,0.000000
7634,0,0x10F,STD,8,2026-01-28T18:45:04.195129,03 00 02 00 2C D5 2A 41,03000200,0.000000
7635,0,0x110,STD,8,2026-01-28T18:45:04.195129,03 00 02 00 2C D5 2A 41,03000200,0.000000
7636,0,0x10F,STD,8,2026-01-28T18:45:04.252142,03 00 03 00 CC E5 56 3D,03000300,0.000000
7637,0,0x110,STD,8,2026-01-28T18:45:04.276147,03 00 03 00 57 7C 1A 48,03000300,0.000000
7638,0,0x10F,STD,8,2026-01-28T18:45:04.333160,03 00 03 00 92 8A B6 3D,03000300,0.000000
7639,0,0x110,STD,8,2026-01-28T18:45:04.362167,03 00 03 00 FA 4A 76 48,03000300,0.000000
7640,0,0x10F,STD,8,2026-01-28T18:45:04.408177,03 00 03 00 DC E7 1D 3D,03000300,0.000000
7641,0,0x110,STD,8,2026-01-28T18:45:04.432182,03 00 03 00 3E FE 8B 48,03000300,0.000000
7642,0,0x10F,STD,8,2026-01-28T18:45:04.489195,03 00 03 00 59 3D 8E 3D,03000300,0.000000
7643,0,0x110,STD,8,2026-01-28T18:45:04.513200,03 00 03 00 ED 5B 58 48,03000300,0.000000
7644,0,0x10F,STD,8,2026-01-28T18:45:04.570213,03 00 03 00 F5 68 06 3D,03000300,0.000000
7645,0,0x110,STD,8,2026-01-28T18:45:04.594219,03 00 03 00 EA 95 83 48,03000300,0.000000
7646,0,0x10F,STD,8,2026-01-28T18:45:04.651232,03 00 03 00 7B 07 7A 3D,03000300,0.000000
7647,0,0x110,STD,8,2026-01-28T18:45:04.675237,03 00 03 00 CA 25 A5 48,03000300,0.000000
7648,0,0x10F,STD,8,2026-01-28T18:45:04.732250,03 00 03 00 A8 B9 5E 3D,03000300,0.000000
7649,0,0x110,STD,8,2026-01-28T18:45:04.756255,03 00 03 00 7F C2 6C 48,03000300,0.000000
7650,0,0x10F,STD,8,2026-01-28T18:45:04.813268,03 00 03 00 3F 1C 39 3D,03000300,0.000000
7651,0,0x110,STD,8,2026-01-28T18:45:04.837274,03 00 03 00 5A BD A6 48,03000300,0.000000
7652,0,0x10F,STD,8,2026-01-28T18:45:04.894286,03 00 03 00 22 40 9A 3D,03000300,0.000000
7653,0,0x110,STD,8,2026-01-28T18:45:04.918292,03 00 03 00 73 09 B4 48,03000300,0.000000
7654,0,0x10F,STD,8,2026-01-28T18:45:04.975305,03 00 03 00 14 98 5D 3D,03000300,0.000000
7655,0,0x110,STD,8,2026-01-28T18:45:04.988308,03 00 03 00 BA FB 3D 48,03000300,0.000000
7656,0,0x10F,STD,8,2026-01-28T18:45:05.045320,03 00 03 00 28 D6 44 3D,03000300,0.000000
7657,0,0x110,STD,8,2026-01-28T18:45:05.069326,03 00 03 00 82 6B 37 48,03000300,0.000000
7658,0,0x10F,STD,8,2026-01-28T18:45:05.126339,03 00 03 00 00 C4 3B 3D,03000300,0.000000
7659,0,0x110,STD,8,2026-01-28T18:45:05.150344,03 00 03 00 70 8F 17 48,03000300,0.000000
7660,0,0x10F,STD,8,2026-01-28T18:45:05.207357,03 00 03 00 E5 8B 45 3D,03000300,0.000000
7661,0,0x110,STD,8,2026-01-28T18:45:05.231362,03 00 03 00 4C 80 8C 48,03000300,0.000000
7662,0,0x10F,STD,8,2026-01-28T18:45:05.244365,03 00 01 00 00 00 00 00,03000100,0.000000
7663,0,0x10F,STD,8,2026-01-28T18:45:05.247366,03 00 02 00 77 29 40 41,03000200,0.000000
7664,0,0x110,STD,8,2026-01-28T18:45:05.247366,03 00 02 00 77 29 40 41,03000200,0.000000
7665,0,0x10F,STD,8,2026-01-28T18:45:05.247366,03 00 01 00 00 00 00 00,03000100,0.000000
7666,0,0x10F,STD,8,2026-01-28T18:45:05.283374,03 00 03 00 5A DD 39 3D,03000300,0.000000
7667,0,0x110,STD,8,2026-01-28T18:45:05.307380,03 00 03 00 4F 26 A2 48,03000300,0.000000
7668,0,0x10F,STD,8,2026-01-28T18:45:05.364392,03 00 03 00 8D A3 79 3D,03000300,0.000000
7669,0,0x110,STD,8,2026-01-28T18:45:05.388398,03 00 03 00 68 A3 99 48,03000300,0.000000
7670,0,0x10F,STD,8,2026-01-28T18:45:05.445410,03 00 03 00 FA FF 8E 3D,03000300,0.000000
7671,0,0x110,STD,8,2026-01-28T18:45:05.469416,03 00 03 00 D2 A5 C2 48,03000300,0.000000
7672,0,0x10F,STD,8,2026-01-28T18:45:05.526429,03 00 03 00 9B 7A 79 3D,03000300,0.000000
7673,0,0x110,STD,8,2026-01-28T18:45:05.550434,03 00 03 00 74 DF 67 48,03000300,0.000000
7674,0,0x10F,STD,8,2026-01-28T18:45:05.607447,03 00 03 00 6D 00 95 3D,03000300,0.000000
7675,0,0x110,STD,8,2026-01-28T18:45:05.631452,03 00 03 00 A3 D4 53 48,03000300,0.000000
7676,0,0x10F,STD,8,2026-01-28T18:45:05.687746,03 00 03 00 52 0C 42 3D,03000300,0.000000
7677,0,0x110,STD,8,2026-01-28T18:45:05.711751,03 00 03 00 43 10 3D 48,03000300,0.000000
7678,0,0x10F,STD,8,2026-01-28T18:45:05.768765,03 00 03 00 0B 15 52 3D,03000300,0.000000
7679,0,0x110,STD,8,2026-01-28T18:45:05.792770,03 00 03 00 6D F7 81 48,03000300,0.000000
7680,0,0x10F,STD,8,2026-01-28T18:45:05.849783,03 00 03 00 9A EE 21 3D,03000300,0.000000
7681,0,0x110,STD,8,2026-01-28T18:45:05.873788,03 00 03 00 69 6D 2C 48,03000300,0.000000
7682,0,0x10F,STD,8,2026-01-28T18:45:05.930801,03 00 03 00 CE D7 56 3D,03000300,0.000000
7683,0,0x110,STD,8,2026-01-28T18:45:05.954806,03 00 03 00 05 EE 0C 48,03000300,0.000000
7684,0,0x10F,STD,8,2026-01-28T18:45:06.000817,03 00 03 00 28 59 86 3D,03000300,0.000000
7685,0,0x110,STD,8,2026-01-28T18:45:06.024822,03 00 03 00 CE EE 35 48,03000300,0.000000
7686,0,0x10F,STD,8,2026-01-28T18:45:06.081077,03 00 03 00 2A 21 4D 3D,03000300,0.000000
7687,0,0x110,STD,8,2026-01-28T18:45:06.105083,03 00 03 00 0C C7 25 48,03000300,0.000000
7688,0,0x10F,STD,8,2026-01-28T18:45:06.162095,03 00 03 00 10 46 66 3D,03000300,0.000000
7689,0,0x110,STD,8,2026-01-28T18:45:06.186053,03 00 03 00 CE 4D 2A 48,03000300,0.000000
7690,0,0x10F,STD,8,2026-01-28T18:45:06.243066,03 00 03 00 23 54 2D 3D,03000300,0.000000
7691,0,0x110,STD,8,2026-01-28T18:45:06.267071,03 00 03 00 71 AA 01 48,03000300,0.000000
7692,0,0x110,STD,8,2026-01-28T18:45:06.302079,03 00 01 00 00 00 00 00,03000100,0.000000
7693,0,0x110,STD,8,2026-01-28T18:45:06.302079,03 00 01 00 00 00 00 00,03000100,0.000000
7694,0,0x10F,STD,8,2026-01-28T18:45:06.302079,03 00 02 00 DC B3 23 41,03000200,0.000000
7695,0,0x110,STD,8,2026-01-28T18:45:06.302079,03 00 02 00 DC B3 23 41,03000200,0.000000
7696,0,0x10F,STD,8,2026-01-28T18:45:06.326084,03 00 03 00 2A E2 79 3D,03000300,0.000000
7697,0,0x110,STD,8,2026-01-28T18:45:06.350089,03 00 03 00 7B 61 D9 47,03000300,0.000000
7698,0,0x10F,STD,8,2026-01-28T18:45:06.399101,03 00 03 00 53 22 3B 3D,03000300,0.000000
7699,0,0x110,STD,8,2026-01-28T18:45:06.423496,03 00 03 00 50 61 5D 48,03000300,0.000000
7700,0,0x10F,STD,8,2026-01-28T18:45:06.480204,03 00 03 00 18 FB 40 3D,03000300,0.000000
7701,0,0x110,STD,8,2026-01-28T18:45:06.504210,03 00 03 00 4B FA 29 48,03000300,0.000000
7702,0,0x10F,STD,8,2026-01-28T18:45:06.561222,03 00 03 00 6A 0A 68 3D,03000300,0.000000
7703,0,0x110,STD,8,2026-01-28T18:45:06.585053,03 00 03 00 66 B5 77 48,03000300,0.000000
7704,0,0x10F,STD,8,2026-01-28T18:45:06.642065,03 00 03 00 77 1D 19 3D,03000300,0.000000
7705,0,0x110,STD,8,2026-01-28T18:45:06.666070,03 00 03 00 95 8F 87 48,03000300,0.000000
7706,0,0x10F,STD,8,2026-01-28T18:45:06.723083,03 00 03 00 D7 F8 60 3D,03000300,0.000000
7707,0,0x110,STD,8,2026-01-28T18:45:06.746618,03 00 03 00 B1 DD 3E 48,03000300,0.000000
7708,0,0x10F,STD,8,2026-01-28T18:45:06.803631,03 00 03 00 43 F7 27 3D,03000300,0.000000
7709,0,0x110,STD,8,2026-01-28T18:45:06.827637,03 00 03 00 79 B9 6C 48,03000300,0.000000
7710,0,0x10F,STD,8,2026-01-28T18:45:06.884228,03 00 03 00 2B 91 3D 3D,03000300,0.000000
7711,0,0x110,STD,8,2026-01-28T18:45:06.908233,03 00 03 00 1B 4D 1D 48,03000300,0.000000
7712,0,0x10F,STD,8,2026-01-28T18:45:06.964810,03 00 03 00 D0 F7 5D 3D,03000300,0.000000
7713,0,0x110,STD,8,2026-01-28T18:45:06.988319,03 00 03 00 EB 82 AE 48,03000300,0.000000
7714,0,0x10F,STD,8,2026-01-28T18:45:07.044836,03 00 03 00 81 4C 22 3D,03000300,0.000000
7715,0,0x110,STD,8,2026-01-28T18:45:07.068841,03 00 03 00 55 78 AB 48,03000300,0.000000
7716,0,0x10F,STD,8,2026-01-28T18:45:07.125443,03 00 03 00 E3 53 75 3D,03000300,0.000000
7717,0,0x110,STD,8,2026-01-28T18:45:07.149450,03 00 03 00 D4 51 D2 48,03000300,0.000000
7718,0,0x10F,STD,8,2026-01-28T18:45:07.206463,03 00 03 00 83 ED 5C 3D,03000300,0.000000
7719,0,0x110,STD,8,2026-01-28T18:45:07.219466,03 00 03 00 41 11 99 48,03000300,0.000000
7720,0,0x10F,STD,8,2026-01-28T18:45:07.276478,03 00 03 00 99 A0 60 3D,03000300,0.000000
7721,0,0x110,STD,8,2026-01-28T18:45:07.300484,03 00 03 00 54 2D 05 48,03000300,0.000000
7722,0,0x10F,STD,8,2026-01-28T18:45:07.346494,03 00 01 00 00 00 00 00,03000100,0.000000
7723,0,0x110,STD,8,2026-01-28T18:45:07.346494,03 00 02 00 B1 DB 3E 41,03000200,0.000000
7724,0,0x10F,STD,8,2026-01-28T18:45:07.348494,03 00 01 00 00 00 00 00,03000100,0.000000
7725,0,0x110,STD,8,2026-01-28T18:45:07.348494,03 00 01 00 00 00 00 00,03000100,0.000000
7726,0,0x10F,STD,8,2026-01-28T18:45:07.361498,03 00 03 00 D6 D3 3A 3D,03000300,0.000000
7727,0,0x110,STD,8,2026-01-28T18:45:07.385503,03 00 03 00 EB 52 FA 47,03000300,0.000000
7728,0,0x10F,STD,8,2026-01-28T18:45:07.442516,03 00 03 00 9E 55 4A 3D,03000300,0.000000
7729,0,0x110,STD,8,2026-01-28T18:45:07.466521,03 00 03 00 59 C2 04 48,03000300,0.000000
7730,0,0x10F,STD,8,2026-01-28T18:45:07.523534,03 00 03 00 51 8A 35 3D,03000300,0.000000
7731,0,0x110,STD,8,2026-01-28T18:45:07.547540,03 00 03 00 17 64 5F 48,03000300,0.000000
7732,0,0x10F,STD,8,2026-01-28T18:45:07.604552,03 00 03 00 78 D6 11 3D,03000300,0.000000
7733,0,0x110,STD,8,2026-01-28T18:45:07.628558,03 00 03 00 43 9B 76 48,03000300,0.000000
7734,0,0x10F,STD,8,2026-01-28T18:45:07.685570,03 00 03 00 63 D5 44 3D,03000300,0.000000
7735,0,0x110,STD,8,2026-01-28T18:45:07.709576,03 00 03 00 45 54 C6 48,03000300,0.000000
7736,0,0x10F,STD,8,2026-01-28T18:45:07.755586,03 00 03 00 A0 6C 2C 3D,03000300,0.000000
7737,0,0x110,STD,8,2026-01-28T18:45:07.779592,03 00 03 00 B7 22 7A 48,03000300,0.000000
7738,0,0x10F,STD,8,2026-01-28T18:45:07.836605,03 00 03 00 3C 63 7E 3D,03000300,0.000000
7739,0,0x110,STD,8,2026-01-28T18:45:07.860610,03 00 03 00 C9 93 A5 48,03000300,0.000000
7740,0,0x10F,STD,8,2026-01-28T18:45:07.917623,03 00 03 00 12 9C 6F 3D,03000300,0.000000
7741,0,0x110,STD,8,2026-01-28T18:45:07.941628,03 00 03 00 F7 07 6C 48,03000300,0.000000
7742,0,0x10F,STD,8,2026-01-28T18:45:07.998641,03 00 03 00 AD A3 80 3D,03000300,0.000000
7743,0,0x110,STD,8,2026-01-28T18:45:08.022646,03 00 03 00 5E 8F 51 48,03000300,0.000000
7744,0,0x10F,STD,8,2026-01-28T18:45:08.079659,03 00 03 00 92 CA 76 3D,03000300,0.000000
7745,0,0x110,STD,8,2026-01-28T18:45:08.103665,03 00 03 00 EE DA 80 47,03000300,0.000000
7746,0,0x10F,STD,8,2026-01-28T18:45:08.160677,03 00 03 00 9B 1C 2D 3D,03000300,0.000000
7747,0,0x110,STD,8,2026-01-28T18:45:08.184683,03 00 03 00 7B 0D 1D 48,03000300,0.000000
7748,0,0x10F,STD,8,2026-01-28T18:45:08.241995,03 00 03 00 69 F7 86 3D,03000300,0.000000
7749,0,0x110,STD,8,2026-01-28T18:45:08.266001,03 00 03 00 8A 3D 55 48,03000300,0.000000
7750,0,0x10F,STD,8,2026-01-28T18:45:08.312011,03 00 03 00 9C 87 2F 3D,03000300,0.000000
7751,0,0x110,STD,8,2026-01-28T18:45:08.336017,03 00 03 00 6E D6 7B 47,03000300,0.000000
7752,0,0x10F,STD,8,2026-01-28T18:45:08.396645,03 00 03 00 06 84 60 3D,03000300,0.000000
7753,0,0x10F,STD,8,2026-01-28T18:45:08.396645,03 00 02 00 B1 DB 3E 41,03000200,0.000000
7754,0,0x10F,STD,8,2026-01-28T18:45:08.397156,03 00 02 00 08 54 2D 41,03000200,0.000000
7755,0,0x110,STD,8,2026-01-28T18:45:08.397156,03 00 02 00 08 54 2D 41,03000200,0.000000
7756,0,0x10F,STD,8,2026-01-28T18:45:08.398676,03 00 01 00 00 00 00 00,03000100,0.000000
7757,0,0x110,STD,8,2026-01-28T18:45:08.422985,03 00 03 00 C3 7F 9B 47,03000300,0.000000
7758,0,0x10F,STD,8,2026-01-28T18:45:08.479999,03 00 03 00 20 04 53 3D,03000300,0.000000
7759,0,0x110,STD,8,2026-01-28T18:45:08.503563,03 00 03 00 4C 2B 20 48,03000300,0.000000
7760,0,0x10F,STD,8,2026-01-28T18:45:08.560576,03 00 03 00 F4 77 40 3D,03000300,0.000000
7761,0,0x110,STD,8,2026-01-28T18:45:08.584581,03 00 03 00 4E 4C 28 48,03000300,0.000000
7762,0,0x10F,STD,8,2026-01-28T18:45:08.641097,03 00 03 00 E7 C2 6C 3D,03000300,0.000000
7763,0,0x110,STD,8,2026-01-28T18:45:08.654100,03 00 03 00 05 6A 91 47,03000300,0.000000
7764,0,0x10F,STD,8,2026-01-28T18:45:08.710085,03 00 03 00 22 7C 1D 3D,03000300,0.000000
7765,0,0x110,STD,8,2026-01-28T18:45:08.744492,03 00 03 00 75 C6 36 48,03000300,0.000000
7766,0,0x10F,STD,8,2026-01-28T18:45:08.801053,03 00 03 00 DC 6D 61 3D,03000300,0.000000
7767,0,0x110,STD,8,2026-01-28T18:45:08.824547,03 00 03 00 F0 C0 9D 47,03000300,0.000000
7768,0,0x10F,STD,8,2026-01-28T18:45:08.870159,03 00 03 00 DE 3E 22 3D,03000300,0.000000
7769,0,0x110,STD,8,2026-01-28T18:45:08.894164,03 00 03 00 FE CD 67 48,03000300,0.000000
7770,0,0x10F,STD,8,2026-01-28T18:45:08.951177,03 00 03 00 CA A5 51 3D,03000300,0.000000
7771,0,0x110,STD,8,2026-01-28T18:45:08.975183,03 00 03 00 DC C6 83 48,03000300,0.000000
7772,0,0x10F,STD,8,2026-01-28T18:45:09.031969,03 00 03 00 B7 A0 6E 3D,03000300,0.000000
7773,0,0x110,STD,8,2026-01-28T18:45:09.055975,03 00 03 00 48 F9 B0 47,03000300,0.000000
7774,0,0x10F,STD,8,2026-01-28T18:45:09.112987,03 00 03 00 11 77 3E 3D,03000300,0.000000
7775,0,0x110,STD,8,2026-01-28T18:45:09.136496,03 00 03 00 04 62 08 48,03000300,0.000000
7776,0,0x10F,STD,8,2026-01-28T18:45:09.193509,03 00 03 00 F2 CB 5A 3D,03000300,0.000000
7777,0,0x110,STD,8,2026-01-28T18:45:09.217515,03 00 03 00 43 CA F8 47,03000300,0.000000
7778,0,0x10F,STD,8,2026-01-28T18:45:09.274527,03 00 03 00 20 33 39 3D,03000300,0.000000
7779,0,0x110,STD,8,2026-01-28T18:45:09.298533,03 00 03 00 3C 61 B6 47,03000300,0.000000
7780,0,0x10F,STD,8,2026-01-28T18:45:09.355545,03 00 03 00 5D A6 80 3D,03000300,0.000000
7781,0,0x110,STD,8,2026-01-28T18:45:09.379055,03 00 03 00 D9 BB B2 47,03000300,0.000000
7782,0,0x10F,STD,8,2026-01-28T18:45:09.435965,03 00 03 00 72 0F 4E 3D,03000300,0.000000
7783,0,0x110,STD,8,2026-01-28T18:45:09.459970,03 00 01 00 00 00 00 00,03000100,0.000000
7784,0,0x110,STD,8,2026-01-28T18:45:09.459970,03 00 01 00 00 00 00 00,03000100,0.000000
7785,0,0x10F,STD,8,2026-01-28T18:45:09.459970,03 00 01 00 00 00 00 00,03000100,0.000000
7786,0,0x110,STD,8,2026-01-28T18:45:09.459970,03 00 02 00 08 54 2D 41,03000200,0.000000
7787,0,0x110,STD,8,2026-01-28T18:45:09.459970,03 00 01 00 00 00 00 00,03000100,0.000000
7788,0,0x10F,STD,8,2026-01-28T18:45:09.516983,03 00 03 00 3A C1 2A 3D,03000300,0.000000
7789,0,0x110,STD,8,2026-01-28T18:45:09.540988,03 00 03 00 98 ED A7 48,03000300,0.000000
7790,0,0x10F,STD,8,2026-01-28T18:45:09.598001,03 00 03 00 11 1F 29 3D,03000300,0.000000
7791,0,0x110,STD,8,2026-01-28T18:45:09.611004,03 00 03 00 F7 9A B8 48,03000300,0.000000
7792,0,0x10F,STD,8,2026-01-28T18:45:09.678522,03 00 03 00 F2 5B 24 3D,03000300,0.000000
7793,0,0x110,STD,8,2026-01-28T18:45:09.691524,03 00 03 00 11 69 D2 48,03000300,0.000000
7794,0,0x10F,STD,8,2026-01-28T18:45:09.748040,03 00 03 00 3E B7 65 3D,03000300,0.000000
7795,0,0x110,STD,8,2026-01-28T18:45:09.772045,03 00 03 00 32 AA 74 48,03000300,0.000000
7796,0,0x10F,STD,8,2026-01-28T18:45:09.829058,03 00 03 00 6B 39 23 3D,03000300,0.000000
7797,0,0x110,STD,8,2026-01-28T18:45:09.853064,03 00 03 00 A1 99 80 48,03000300,0.000000
7798,0,0x10F,STD,8,2026-01-28T18:45:09.910076,03 00 03 00 25 1B 69 3D,03000300,0.000000
7799,0,0x110,STD,8,2026-01-28T18:45:09.934082,03 00 03 00 9B 8D 8D 48,03000300,0.000000
7800,0,0x10F,STD,8,2026-01-28T18:45:09.991095,03 00 03 00 37 9C 40 3D,03000300,0.000000
7801,0,0x110,STD,8,2026-01-28T18:45:10.015100,03 00 03 00 71 C3 5F 48,03000300,0.000000
7802,0,0x10F,STD,8,2026-01-28T18:45:10.072113,03 00 03 00 6A B7 F0 3C,03000300,0.000000
7803,0,0x110,STD,8,2026-01-28T18:45:10.096118,03 00 03 00 66 63 D9 48,03000300,0.000000
7804,0,0x10F,STD,8,2026-01-28T18:45:10.153131,03 00 03 00 C7 48 36 3D,03000300,0.000000
7805,0,0x110,STD,8,2026-01-28T18:45:10.177137,03 00 03 00 37 E1 B6 48,03000300,0.000000
7806,0,0x10F,STD,8,2026-01-28T18:45:10.234149,03 00 03 00 59 99 97 3C,03000300,0.000000
7807,0,0x110,STD,8,2026-01-28T18:45:10.258154,03 00 03 00 4E C6 85 48,03000300,0.000000
7808,0,0x10F,STD,8,2026-01-28T18:45:10.315168,03 00 03 00 21 70 39 3D,03000300,0.000000
7809,0,0x110,STD,8,2026-01-28T18:45:10.328171,03 00 03 00 4C 2B BD 48,03000300,0.000000
7810,0,0x10F,STD,8,2026-01-28T18:45:10.394186,03 00 03 00 4D 1E F5 3C,03000300,0.000000
7811,0,0x110,STD,8,2026-01-28T18:45:10.418191,03 00 03 00 12 B2 A3 48,03000300,0.000000
7812,0,0x10F,STD,8,2026-01-28T18:45:10.475203,03 00 03 00 A9 58 38 3D,03000300,0.000000
7813,0,0x110,STD,8,2026-01-28T18:45:10.499209,03 00 03 00 BF 86 B4 48,03000300,0.000000
7814,0,0x10F,STD,8,2026-01-28T18:45:10.499209,03 00 02 00 08 54 2D 41,03000200,0.000000
7815,0,0x10F,STD,8,2026-01-28T18:45:10.499209,03 00 02 00 68 E8 39 41,03000200,0.000000
7816,0,0x10F,STD,8,2026-01-28T18:45:10.499209,03 00 01 00 00 00 00 00,03000100,0.000000
7817,0,0x110,STD,8,2026-01-28T18:45:10.499209,03 00 02 00 68 E8 39 41,03000200,0.000000
7818,0,0x10F,STD,8,2026-01-28T18:45:10.545220,03 00 03 00 96 5A 5D 3D,03000300,0.000000
7819,0,0x110,STD,8,2026-01-28T18:45:10.569225,03 00 03 00 01 51 BF 48,03000300,0.000000
7820,0,0x10F,STD,8,2026-01-28T18:45:10.626238,03 00 03 00 F5 EC 2B 3D,03000300,0.000000
7821,0,0x110,STD,8,2026-01-28T18:45:10.650243,03 00 03 00 39 9E 94 48,03000300,0.000000
7822,0,0x10F,STD,8,2026-01-28T18:45:10.706758,03 00 03 00 20 88 77 3D,03000300,0.000000
7823,0,0x110,STD,8,2026-01-28T18:45:10.730764,03 00 03 00 A1 27 9E 48,03000300,0.000000
7824,0,0x10F,STD,8,2026-01-28T18:45:10.787776,03 00 03 00 26 2D 1F 3D,03000300,0.000000
7825,0,0x110,STD,8,2026-01-28T18:45:10.811782,03 00 03 00 4B 8A 98 48,03000300,0.000000
7826,0,0x10F,STD,8,2026-01-28T18:45:10.868795,03 00 03 00 42 ED 5F 3D,03000300,0.000000
7827,0,0x110,STD,8,2026-01-28T18:45:10.892800,03 00 03 00 9B 81 8B 48,03000300,0.000000
7828,0,0x10F,STD,8,2026-01-28T18:45:10.949813,03 00 03 00 D9 87 62 3D,03000300,0.000000
7829,0,0x110,STD,8,2026-01-28T18:45:10.973818,03 00 03 00 BD 82 C2 48,03000300,0.000000
7830,0,0x10F,STD,8,2026-01-28T18:45:11.030831,03 00 03 00 96 0C 50 3D,03000300,0.000000
7831,0,0x110,STD,8,2026-01-28T18:45:11.054837,03 00 03 00 CD 73 50 48,03000300,0.000000
7832,0,0x10F,STD,8,2026-01-28T18:45:11.111850,03 00 03 00 53 65 6C 3D,03000300,0.000000
7833,0,0x110,STD,8,2026-01-28T18:45:11.135508,03 00 03 00 28 03 77 48,03000300,0.000000
7834,0,0x10F,STD,8,2026-01-28T18:45:11.181325,03 00 03 00 ED 2A 21 3D,03000300,0.000000
7835,0,0x110,STD,8,2026-01-28T18:45:11.214897,03 00 03 00 D0 2A 00 48,03000300,0.000000
7836,0,0x10F,STD,8,2026-01-28T18:45:11.260903,03 00 03 00 23 45 20 3D,03000300,0.000000
7837,0,0x110,STD,8,2026-01-28T18:45:11.295400,03 00 03 00 05 27 12 48,03000300,0.000000
7838,0,0x10F,STD,8,2026-01-28T18:45:11.341411,03 00 03 00 8B 12 C8 3C,03000300,0.000000
7839,0,0x110,STD,8,2026-01-28T18:45:11.365416,03 00 03 00 51 71 F6 47,03000300,0.000000
7840,0,0x10F,STD,8,2026-01-28T18:45:11.421393,03 00 03 00 3D CA 31 3D,03000300,0.000000
7841,0,0x110,STD,8,2026-01-28T18:45:11.445399,03 00 03 00 1B 42 5E 48,03000300,0.000000
7842,0,0x10F,STD,8,2026-01-28T18:45:11.501702,03 00 03 00 2F 29 3B 3D,03000300,0.000000
7843,0,0x110,STD,8,2026-01-28T18:45:11.525339,03 00 03 00 16 BE 87 47,03000300,0.000000
7844,0,0x110,STD,8,2026-01-28T18:45:11.549345,03 00 01 00 00 00 00 00,03000100,0.000000
7845,0,0x110,STD,8,2026-01-28T18:45:11.549345,03 00 02 00 96 6D 45 41,03000200,0.000000
7846,0,0x10F,STD,8,2026-01-28T18:45:11.549345,03 00 01 00 00 00 00 00,03000100,0.000000
7847,0,0x110,STD,8,2026-01-28T18:45:11.549345,03 00 01 00 00 00 00 00,03000100,0.000000
7848,0,0x10F,STD,8,2026-01-28T18:45:11.584353,03 00 03 00 87 7C 32 3D,03000300,0.000000
7849,0,0x110,STD,8,2026-01-28T18:45:11.608358,03 00 03 00 16 A6 43 48,03000300,0.000000
7850,0,0x10F,STD,8,2026-01-28T18:45:11.665371,03 00 03 00 03 7A 50 3D,03000300,0.000000
7851,0,0x110,STD,8,2026-01-28T18:45:11.689376,03 00 03 00 BA 68 CE 47,03000300,0.000000
7852,0,0x10F,STD,8,2026-01-28T18:45:11.746389,03 00 03 00 42 C2 31 3D,03000300,0.000000
7853,0,0x110,STD,8,2026-01-28T18:45:11.770395,03 00 03 00 CA EE 04 48,03000300,0.000000
7854,0,0x10F,STD,8,2026-01-28T18:45:11.827318,03 00 03 00 4A 44 91 3D,03000300,0.000000
7855,0,0x110,STD,8,2026-01-28T18:45:11.851323,03 00 03 00 FA D5 3F 48,03000300,0.000000
7856,0,0x10F,STD,8,2026-01-28T18:45:11.908336,03 00 03 00 E8 31 1D 3D,03000300,0.000000
7857,0,0x110,STD,8,2026-01-28T18:45:11.932341,03 00 03 00 0E F8 FA 48,03000300,0.000000
7858,0,0x10F,STD,8,2026-01-28T18:45:11.978351,03 00 03 00 57 B2 6A 3D,03000300,0.000000
7859,0,0x110,STD,8,2026-01-28T18:45:12.013295,03 00 03 00 4D A7 EC 48,03000300,0.000000
7860,0,0x10F,STD,8,2026-01-28T18:45:12.070309,03 00 03 00 A7 7E 62 3D,03000300,0.000000
7861,0,0x110,STD,8,2026-01-28T18:45:12.083312,03 00 03 00 66 7A E7 48,03000300,0.000000
7862,0,0x10F,STD,8,2026-01-28T18:45:12.140325,03 00 03 00 D2 A7 39 3D,03000300,0.000000
7863,0,0x110,STD,8,2026-01-28T18:45:12.164331,03 00 03 00 7C 69 E6 48,03000300,0.000000
7864,0,0x10F,STD,8,2026-01-28T18:45:12.221343,03 00 03 00 EC 63 74 3D,03000300,0.000000
7865,0,0x110,STD,8,2026-01-28T18:45:12.245349,03 00 03 00 9A F4 DE 48,03000300,0.000000
7866,0,0x10F,STD,8,2026-01-28T18:45:12.302362,03 00 03 00 70 56 F4 3C,03000300,0.000000
7867,0,0x110,STD,8,2026-01-28T18:45:12.326366,03 00 03 00 FD F2 D4 48,03000300,0.000000
7868,0,0x10F,STD,8,2026-01-28T18:45:12.383380,03 00 03 00 23 BD 43 3D,03000300,0.000000
7869,0,0x110,STD,8,2026-01-28T18:45:12.406993,03 00 03 00 8D 29 1C 48,03000300,0.000000
7870,0,0x10F,STD,8,2026-01-28T18:45:12.464006,03 00 03 00 F7 EB 20 3D,03000300,0.000000
7871,0,0x110,STD,8,2026-01-28T18:45:12.488011,03 00 03 00 88 E4 97 48,03000300,0.000000
7872,0,0x10F,STD,8,2026-01-28T18:45:12.545024,03 00 03 00 FD 5A 55 3D,03000300,0.000000
7873,0,0x110,STD,8,2026-01-28T18:45:12.569030,03 00 03 00 94 09 62 48,03000300,0.000000
7874,0,0x10F,STD,8,2026-01-28T18:45:12.582033,03 00 02 00 96 6D 45 41,03000200,0.000000
7875,0,0x10F,STD,8,2026-01-28T18:45:12.582033,03 00 02 00 94 1E 41 41,03000200,0.000000
7876,0,0x10F,STD,8,2026-01-28T18:45:12.582033,03 00 01 00 00 00 00 00,03000100,0.000000
7877,0,0x110,STD,8,2026-01-28T18:45:12.582033,03 00 02 00 94 1E 41 41,03000200,0.000000
7878,0,0x10F,STD,8,2026-01-28T18:45:12.617040,03 00 03 00 68 03 5C 3D,03000300,0.000000
7879,0,0x110,STD,8,2026-01-28T18:45:12.641046,03 00 03 00 10 CC D9 48,03000300,0.000000
7880,0,0x10F,STD,8,2026-01-28T18:45:12.698059,03 00 03 00 26 9F 22 3D,03000300,0.000000
7881,0,0x110,STD,8,2026-01-28T18:45:12.722064,03 00 03 00 11 47 FA 48,03000300,0.000000
7882,0,0x10F,STD,8,2026-01-28T18:45:12.779077,03 00 03 00 50 CA 73 3D,03000300,0.000000
7883,0,0x110,STD,8,2026-01-28T18:45:12.803082,03 00 03 00 95 77 A0 48,03000300,0.000000
7884,0,0x10F,STD,8,2026-01-28T18:45:12.860095,03 00 03 00 86 2B 47 3D,03000300,0.000000
7885,0,0x110,STD,8,2026-01-28T18:45:12.884101,03 00 03 00 9A 1E BC 48,03000300,0.000000
7886,0,0x10F,STD,8,2026-01-28T18:45:12.941113,03 00 03 00 F7 74 A7 3D,03000300,0.000000
7887,0,0x110,STD,8,2026-01-28T18:45:12.965118,03 00 03 00 7F 97 0E 48,03000300,0.000000
7888,0,0x10F,STD,8,2026-01-28T18:45:13.021634,03 00 03 00 58 AC 6F 3D,03000300,0.000000
7889,0,0x110,STD,8,2026-01-28T18:45:13.045639,03 00 03 00 9D 0D 31 48,03000300,0.000000
7890,0,0x10F,STD,8,2026-01-28T18:45:13.102652,03 00 03 00 67 B7 76 3D,03000300,0.000000
7891,0,0x110,STD,8,2026-01-28T18:45:13.126657,03 00 03 00 43 EC 44 48,03000300,0.000000
7892,0,0x10F,STD,8,2026-01-28T18:45:13.182185,03 00 03 00 EB 16 85 3D,03000300,0.000000
7893,0,0x110,STD,8,2026-01-28T18:45:13.206190,03 00 03 00 B0 05 C5 47,03000300,0.000000
7894,0,0x10F,STD,8,2026-01-28T18:45:13.262846,03 00 03 00 3D 31 3E 3D,03000300,0.000000
7895,0,0x110,STD,8,2026-01-28T18:45:13.286216,03 00 03 00 FF 8F 1C 48,03000300,0.000000
7896,0,0x10F,STD,8,2026-01-28T18:45:13.343229,03 00 03 00 80 50 82 3D,03000300,0.000000
7897,0,0x110,STD,8,2026-01-28T18:45:13.367235,03 00 03 00 2A 49 A5 47,03000300,0.000000
7898,0,0x10F,STD,8,2026-01-28T18:45:13.423841,03 00 03 00 DA 52 38 3D,03000300,0.000000
7899,0,0x110,STD,8,2026-01-28T18:45:13.447846,03 00 03 00 B0 F9 50 48,03000300,0.000000
7900,0,0x10F,STD,8,2026-01-28T18:45:13.504841,03 00 03 00 23 A7 76 3D,03000300,0.000000
7901,0,0x110,STD,8,2026-01-28T18:45:13.517843,03 00 03 00 50 5C 92 47,03000300,0.000000
7902,0,0x10F,STD,8,2026-01-28T18:45:13.574830,03 00 03 00 2E F7 59 3D,03000300,0.000000
7903,0,0x110,STD,8,2026-01-28T18:45:13.598836,03 00 03 00 CC DE FE 47,03000300,0.000000
7904,0,0x110,STD,8,2026-01-28T18:45:13.633514,03 00 01 00 00 00 00 00,03000100,0.000000
7905,0,0x10F,STD,8,2026-01-28T18:45:13.633514,03 00 02 00 F2 86 2A 41,03000200,0.000000
7906,0,0x110,STD,8,2026-01-28T18:45:13.633514,03 00 02 00 F2 86 2A 41,03000200,0.000000
7907,0,0x10F,STD,8,2026-01-28T18:45:13.633514,03 00 01 00 00 00 00 00,03000100,0.000000
7908,0,0x10F,STD,8,2026-01-28T18:45:13.657519,03 00 03 00 C3 9E 31 3D,03000300,0.000000
7909,0,0x110,STD,8,2026-01-28T18:45:13.681524,03 00 03 00 46 F6 2B 48,03000300,0.000000
7910,0,0x10F,STD,8,2026-01-28T18:45:13.738537,03 00 03 00 B0 C7 36 3D,03000300,0.000000
7911,0,0x110,STD,8,2026-01-28T18:45:13.762543,03 00 03 00 63 14 E2 48,03000300,0.000000
7912,0,0x10F,STD,8,2026-01-28T18:45:13.819256,03 00 03 00 F7 16 2C 3D,03000300,0.000000
7913,0,0x110,STD,8,2026-01-28T18:45:13.843262,03 00 03 00 70 5B 8C 48,03000300,0.000000
7914,0,0x10F,STD,8,2026-01-28T18:45:13.899839,03 00 03 00 04 A7 29 3D,03000300,0.000000
7915,0,0x110,STD,8,2026-01-28T18:45:13.923845,03 00 03 00 AB D1 BD 48,03000300,0.000000
7916,0,0x10F,STD,8,2026-01-28T18:45:13.980858,03 00 03 00 CC 8E FC 3C,03000300,0.000000
7917,0,0x110,STD,8,2026-01-28T18:45:14.004863,03 00 03 00 8D 2F AE 48,03000300,0.000000
7918,0,0x10F,STD,8,2026-01-28T18:45:14.061432,03 00 03 00 A7 F0 4D 3D,03000300,0.000000
7919,0,0x110,STD,8,2026-01-28T18:45:14.085438,03 00 03 00 CC 51 82 48,03000300,0.000000
7920,0,0x10F,STD,8,2026-01-28T18:45:14.131448,03 00 03 00 98 69 27 3D,03000300,0.000000
7921,0,0x110,STD,8,2026-01-28T18:45:14.155454,03 00 03 00 1A 1E AF 48,03000300,0.000000
7922,0,0x10F,STD,8,2026-01-28T18:45:14.212467,03 00 03 00 8D 59 8A 3D,03000300,0.000000
7923,0,0x110,STD,8,2026-01-28T18:45:14.236472,03 00 03 00 85 01 A8 48,03000300,0.000000
7924,0,0x10F,STD,8,2026-01-28T18:45:14.293484,03 00 03 00 7C 07 98 3D,03000300,0.000000
7925,0,0x110,STD,8,2026-01-28T18:45:14.317490,03 00 03 00 32 13 00 49,03000300,0.000000
7926,0,0x10F,STD,8,2026-01-28T18:45:14.371503,03 00 03 00 A7 40 5D 3D,03000300,0.000000
7927,0,0x110,STD,8,2026-01-28T18:45:14.395508,03 00 03 00 35 C7 A8 48,03000300,0.000000
7928,0,0x10F,STD,8,2026-01-28T18:45:14.452521,03 00 03 00 62 23 B5 3D,03000300,0.000000
7929,0,0x110,STD,8,2026-01-28T18:45:14.476526,03 00 03 00 C0 3E E8 48,03000300,0.000000
7930,0,0x10F,STD,8,2026-01-28T18:45:14.533539,03 00 03 00 6C 77 5D 3D,03000300,0.000000
7931,0,0x110,STD,8,2026-01-28T18:45:14.557544,03 00 03 00 B3 C1 4F 48,03000300,0.000000
7932,0,0x10F,STD,8,2026-01-28T18:45:14.613810,03 00 03 00 E7 5F 47 3D,03000300,0.000000
7933,0,0x110,STD,8,2026-01-28T18:45:14.637816,03 00 03 00 45 01 5B 48,03000300,0.000000
7934,0,0x110,STD,8,2026-01-28T18:45:14.672824,03 00 01 00 00 00 00 00,03000100,0.000000
7935,0,0x10F,STD,8,2026-01-28T18:45:14.674824,03 00 02 00 09 57 43 41,03000200,0.000000
7936,0,0x110,STD,8,2026-01-28T18:45:14.674824,03 00 02 00 09 57 43 41,03000200,0.000000
7937,0,0x10F,STD,8,2026-01-28T18:45:14.674824,03 00 01 00 00 00 00 00,03000100,0.000000
7938,0,0x10F,STD,8,2026-01-28T18:45:14.698830,03 00 03 00 51 1D 6E 3D,03000300,0.000000
7939,0,0x110,STD,8,2026-01-28T18:45:14.722795,03 00 03 00 66 F1 0B 48,03000300,0.000000
7940,0,0x10F,STD,8,2026-01-28T18:45:14.768806,03 00 03 00 EA 63 3C 3D,03000300,0.000000
7941,0,0x110,STD,8,2026-01-28T18:45:14.792811,03 00 03 00 51 0E 31 47,03000300,0.000000
7942,0,0x10F,STD,8,2026-01-28T18:45:14.849824,03 00 03 00 ED 5B 81 3D,03000300,0.000000
7943,0,0x110,STD,8,2026-01-28T18:45:14.873829,03 00 03 00 3F 8B FC 47,03000300,0.000000
7944,0,0x10F,STD,8,2026-01-28T18:45:14.930842,03 00 03 00 30 32 46 3D,03000300,0.000000
7945,0,0x110,STD,8,2026-01-28T18:45:14.954847,03 00 03 00 C6 9B E0 47,03000300,0.000000
7946,0,0x10F,STD,8,2026-01-28T18:45:15.011860,03 00 03 00 1F 45 62 3D,03000300,0.000000
7947,0,0x110,STD,8,2026-01-28T18:45:15.035866,03 00 03 00 15 52 14 48,03000300,0.000000
7948,0,0x10F,STD,8,2026-01-28T18:45:15.092878,03 00 03 00 D1 BC 31 3D,03000300,0.000000
7949,0,0x110,STD,8,2026-01-28T18:45:15.116884,03 00 03 00 84 90 DA 47,03000300,0.000000
7950,0,0x10F,STD,8,2026-01-28T18:45:15.173897,03 00 03 00 44 D8 37 3D,03000300,0.000000
7951,0,0x110,STD,8,2026-01-28T18:45:15.197902,03 00 03 00 EA F4 07 48,03000300,0.000000
7952,0,0x10F,STD,8,2026-01-28T18:45:15.254915,03 00 03 00 0C CE 27 3D,03000300,0.000000
7953,0,0x110,STD,8,2026-01-28T18:45:15.278920,03 00 03 00 23 0C 9D 48,03000300,0.000000
7954,0,0x10F,STD,8,2026-01-28T18:45:15.335933,03 00 03 00 B4 3B 31 3D,03000300,0.000000
7955,0,0x110,STD,8,2026-01-28T18:45:15.359939,03 00 03 00 0F 5B 06 48,03000300,0.000000
7956,0,0x10F,STD,8,2026-01-28T18:45:15.405949,03 00 03 00 E9 58 6A 3D,03000300,0.000000
7957,0,0x110,STD,8,2026-01-28T18:45:15.440957,03 00 03 00 A2 ED 10 48,03000300,0.000000
7958,0,0x10F,STD,8,2026-01-28T18:45:15.486967,03 00 03 00 4F 9D 20 3D,03000300,0.000000
7959,0,0x110,STD,8,2026-01-28T18:45:15.510973,03 00 03 00 5A 76 FD 47,03000300,0.000000
7960,0,0x10F,STD,8,2026-01-28T18:45:15.567985,03 00 03 00 3B 8D 74 3D,03000300,0.000000
7961,0,0x110,STD,8,2026-01-28T18:45:15.591991,03 00 03 00 60 BF 2E 48,03000300,0.000000
7962,0,0x10F,STD,8,2026-01-28T18:45:15.649004,03 00 03 00 70 DF 3D 3D,03000300,0.000000
7963,0,0x110,STD,8,2026-01-28T18:45:15.673009,03 00 03 00 09 31 0D 48,03000300,0.000000
7964,0,0x10F,STD,8,2026-01-28T18:45:15.730022,03 00 03 00 B5 D0 23 3D,03000300,0.000000
7965,0,0x110,STD,8,2026-01-28T18:45:15.730022,03 00 01 00 00 00 00 00,03000100,0.000000
7966,0,0x10F,STD,8,2026-01-28T18:45:15.730022,03 00 02 00 4B BB 35 41,03000200,0.000000
7967,0,0x110,STD,8,2026-01-28T18:45:15.730022,03 00 02 00 4B BB 35 41,03000200,0.000000
7968,0,0x10F,STD,8,2026-01-28T18:45:15.730022,03 00 01 00 00 00 00 00,03000100,0.000000
7969,0,0x110,STD,8,2026-01-28T18:45:15.755027,03 00 03 00 F1 85 1C 48,03000300,0.000000
7970,0,0x10F,STD,8,2026-01-28T18:45:15.811075,03 00 03 00 2D 2F 58 3D,03000300,0.000000
7971,0,0x110,STD,8,2026-01-28T18:45:15.835080,03 00 03 00 D0 5E 6E 48,03000300,0.000000
7972,0,0x10F,STD,8,2026-01-28T18:45:15.892093,03 00 03 00 E0 AF 59 3D,03000300,0.000000
7973,0,0x110,STD,8,2026-01-28T18:45:15.916099,03 00 03 00 1E 6D F4 47,03000300,0.000000
7974,0,0x10F,STD,8,2026-01-28T18:45:15.974112,03 00 03 00 50 05 A9 3D,03000300,0.000000
7975,0,0x110,STD,8,2026-01-28T18:45:15.998117,03 00 03 00 07 44 52 47,03000300,0.000000
7976,0,0x10F,STD,8,2026-01-28T18:45:16.055130,03 00 03 00 9B 95 50 3D,03000300,0.000000
7977,0,0x110,STD,8,2026-01-28T18:45:16.068133,03 00 03 00 21 55 C9 47,03000300,0.000000
7978,0,0x10F,STD,8,2026-01-28T18:45:16.127146,03 00 03 00 C0 4A 89 3D,03000300,0.000000
7979,0,0x110,STD,8,2026-01-28T18:45:16.151151,03 00 03 00 57 77 D1 47,03000300,0.000000
7980,0,0x10F,STD,8,2026-01-28T18:45:16.207763,03 00 03 00 6E 11 93 3D,03000300,0.000000
7981,0,0x110,STD,8,2026-01-28T18:45:16.231769,03 00 03 00 A6 B6 A4 48,03000300,0.000000
7982,0,0x10F,STD,8,2026-01-28T18:45:16.288379,03 00 03 00 FE 8C BF 3C,03000300,0.000000
7983,0,0x110,STD,8,2026-01-28T18:45:16.312384,03 00 03 00 CE 67 A7 48,03000300,0.000000
7984,0,0x10F,STD,8,2026-01-28T18:45:16.372398,03 00 03 00 E4 A0 5D 3D,03000300,0.000000
7985,0,0x110,STD,8,2026-01-28T18:45:16.395957,03 00 03 00 06 75 DA 47,03000300,0.000000
7986,0,0x10F,STD,8,2026-01-28T18:45:16.452769,03 00 03 00 AD 30 1A 3D,03000300,0.000000
7987,0,0x110,STD,8,2026-01-28T18:45:16.476087,03 00 03 00 E6 8B 6C 48,03000300,0.000000
7988,0,0x10F,STD,8,2026-01-28T18:45:16.522097,03 00 03 00 43 BF 7A 3D,03000300,0.000000
7989,0,0x110,STD,8,2026-01-28T18:45:16.546103,03 00 03 00 DD D7 2E 48,03000300,0.000000
7990,0,0x10F,STD,8,2026-01-28T18:45:16.603116,03 00 03 00 51 12 93 3D,03000300,0.000000
7991,0,0x110,STD,8,2026-01-28T18:45:16.626677,03 00 03 00 7A 0F 89 47,03000300,0.000000
7992,0,0x10F,STD,8,2026-01-28T18:45:16.683690,03 00 03 00 B2 21 3C 3D,03000300,0.000000
7993,0,0x110,STD,8,2026-01-28T18:45:16.707695,03 00 03 00 AB 4B 20 48,03000300,0.000000
7994,0,0x10F,STD,8,2026-01-28T18:45:16.764708,03 00 03 00 BE F6 6E 3D,03000300,0.000000
7995,0,0x110,STD,8,2026-01-28T18:45:16.788249,03 00 01 00 00 00 00 00,03000100,0.000000
7996,0,0x10F,STD,8,2026-01-28T18:45:16.788249,03 00 02 00 7E 3F 32 41,03000200,0.000000
7997,0,0x110,STD,8,2026-01-28T18:45:16.788249,03 00 02 00 7E 3F 32 41,03000200,0.000000
7998,0,0x110,STD,8,2026-01-28T18:45:16.788249,03 00 03 00 B0 B7 1D 48,03000300,0.000000
7999,0,0x10F,STD,8,2026-01-28T18:45:16.788249,03 00 01 00 00 00 00 00,03000100,0.000000
8000,0,0x10F,STD,8,2026-01-28T18:45:16.844986,03 00 03 00 3D 3A 5F 3D,03000300,0.000000
8001,0,0x110,STD,8,2026-01-28T18:45:16.868991,03 00 03 00 E5 15 8B 47,03000300,0.000000
8002,0,0x10F,STD,8,2026-01-28T18:45:16.925508,03 00 03 00 0B F5 7E 3D,03000300,0.000000
8003,0,0x110,STD,8,2026-01-28T18:45:16.949514,03 00 03 00 DC AE 1A 48,03000300,0.000000
8004,0,0x10F,STD,8,2026-01-28T18:45:17.006191,03 00 03 00 DD 3D 4F 3D,03000300,0.000000
8005,0,0x110,STD,8,2026-01-28T18:45:17.030196,03 00 03 00 BB 80 88 47,03000300,0.000000
8006,0,0x10F,STD,8,2026-01-28T18:45:17.087155,03 00 03 00 96 8F 6E 3D,03000300,0.000000
8007,0,0x110,STD,8,2026-01-28T18:45:17.110192,03 00 03 00 07 BA EB 47,03000300,0.000000
8008,0,0x10F,STD,8,2026-01-28T18:45:17.167204,03 00 03 00 F9 91 4F 3D,03000300,0.000000
8009,0,0x110,STD,8,2026-01-28T18:45:17.191210,03 00 03 00 ED EC 30 48,03000300,0.000000
8010,0,0x10F,STD,8,2026-01-28T18:45:17.248223,03 00 03 00 AA 79 55 3D,03000300,0.000000
8011,0,0x110,STD,8,2026-01-28T18:45:17.272228,03 00 03 00 BB 2F 14 48,03000300,0.000000
8012,0,0x10F,STD,8,2026-01-28T18:45:17.329241,03 00 03 00 22 01 72 3D,03000300,0.000000
8013,0,0x110,STD,8,2026-01-28T18:45:17.353246,03 00 03 00 50 5E 25 48,03000300,0.000000
8014,0,0x10F,STD,8,2026-01-28T18:45:17.409764,03 00 03 00 41 4C 41 3D,03000300,0.000000
8015,0,0x110,STD,8,2026-01-28T18:45:17.433769,03 00 03 00 AD B3 12 48,03000300,0.000000
8016,0,0x10F,STD,8,2026-01-28T18:45:17.479780,03 00 03 00 9F 79 5E 3D,03000300,0.000000
8017,0,0x110,STD,8,2026-01-28T18:45:17.503784,03 00 03 00 AF 26 94 47,03000300,0.000000
8018,0,0x10F,STD,8,2026-01-28T18:45:17.560798,03 00 03 00 BD 8A 38 3D,03000300,0.000000
8019,0,0x110,STD,8,2026-01-28T18:45:17.584803,03 00 03 00 FD 9B 5F 48,03000300,0.000000
8020,0,0x10F,STD,8,2026-01-28T18:45:17.641816,03 00 03 00 5E 71 79 3D,03000300,0.000000
8021,0,0x110,STD,8,2026-01-28T18:45:17.665822,03 00 03 00 E2 09 35 48,03000300,0.000000
8022,0,0x10F,STD,8,2026-01-28T18:45:17.722706,03 00 03 00 FA AA 5B 3D,03000300,0.000000
8023,0,0x110,STD,8,2026-01-28T18:45:17.746214,03 00 03 00 C5 EC 77 47,03000300,0.000000
8024,0,0x10F,STD,8,2026-01-28T18:45:17.803227,03 00 03 00 07 05 8C 3D,03000300,0.000000
8025,0,0x110,STD,8,2026-01-28T18:45:17.827232,03 00 03 00 D7 5D 17 48,03000300,0.000000
8026,0,0x110,STD,8,2026-01-28T18:45:17.840235,03 00 01 00 00 00 00 00,03000100,0.000000
8027,0,0x10F,STD,8,2026-01-28T18:45:17.840235,03 00 02 00 CE 02 3F 41,03000200,0.000000
8028,0,0x110,STD,8,2026-01-28T18:45:17.840235,03 00 02 00 CE 02 3F 41,03000200,0.000000
8029,0,0x10F,STD,8,2026-01-28T18:45:17.840235,03 00 01 00 00 00 00 00,03000100,0.000000
8030,0,0x10F,STD,8,2026-01-28T18:45:17.886246,03 00 03 00 50 4F A6 3D,03000300,0.000000
8031,0,0x110,STD,8,2026-01-28T18:45:17.910251,03 00 03 00 A3 10 23 48,03000300,0.000000
8032,0,0x10F,STD,8,2026-01-28T18:45:17.967264,03 00 03 00 EA 93 73 3D,03000300,0.000000
8033,0,0x110,STD,8,2026-01-28T18:45:17.991269,03 00 03 00 2E F0 55 47,03000300,0.000000
8034,0,0x10F,STD,8,2026-01-28T18:45:18.037280,03 00 03 00 1A 6A 8D 3D,03000300,0.000000
8035,0,0x110,STD,8,2026-01-28T18:45:18.061285,03 00 03 00 B6 E3 ED 47,03000300,0.000000
8036,0,0x10F,STD,8,2026-01-28T18:45:18.118297,03 00 03 00 A4 FE 60 3D,03000300,0.000000
8037,0,0x110,STD,8,2026-01-28T18:45:18.141805,03 00 03 00 1A 77 C2 47,03000300,0.000000
8038,0,0x10F,STD,8,2026-01-28T18:45:18.198322,03 00 03 00 A4 2F 87 3D,03000300,0.000000
8039,0,0x110,STD,8,2026-01-28T18:45:18.222327,03 00 03 00 10 58 F8 47,03000300,0.000000
8040,0,0x10F,STD,8,2026-01-28T18:45:18.279340,03 00 03 00 D6 F5 84 3D,03000300,0.000000
8041,0,0x110,STD,8,2026-01-28T18:45:18.303346,03 00 03 00 F6 4F AF 47,03000300,0.000000
8042,0,0x10F,STD,8,2026-01-28T18:45:18.361359,03 00 03 00 FB 67 69 3D,03000300,0.000000
8043,0,0x110,STD,8,2026-01-28T18:45:18.385364,03 00 03 00 15 2B 77 48,03000300,0.000000
8044,0,0x10F,STD,8,2026-01-28T18:45:18.441682,03 00 03 00 95 A7 79 3D,03000300,0.000000
8045,0,0x110,STD,8,2026-01-28T18:45:18.465688,03 00 03 00 0B 0F 1D 48,03000300,0.000000
8046,0,0x10F,STD,8,2026-01-28T18:45:18.522701,03 00 03 00 C0 99 54 3D,03000300,0.000000
8047,0,0x110,STD,8,2026-01-28T18:45:18.545808,03 00 03 00 8D 74 3D 48,03000300,0.000000
8048,0,0x10F,STD,8,2026-01-28T18:45:18.602821,03 00 03 00 10 4D 71 3D,03000300,0.000000
8049,0,0x110,STD,8,2026-01-28T18:45:18.626384,03 00 03 00 E5 E1 62 48,03000300,0.000000
8050,0,0x10F,STD,8,2026-01-28T18:45:18.683397,03 00 03 00 C5 3D 42 3D,03000300,0.000000
8051,0,0x110,STD,8,2026-01-28T18:45:18.707402,03 00 03 00 65 86 F9 47,03000300,0.000000
8052,0,0x10F,STD,8,2026-01-28T18:45:18.764415,03 00 03 00 02 A3 55 3D,03000300,0.000000
8053,0,0x110,STD,8,2026-01-28T18:45:18.788421,03 00 03 00 A6 FE 6E 48,03000300,0.000000
8054,0,0x10F,STD,8,2026-01-28T18:45:18.845433,03 00 03 00 BD E9 2E 3D,03000300,0.000000
8055,0,0x110,STD,8,2026-01-28T18:45:18.858436,03 00 03 00 68 D1 B9 48,03000300,0.000000
8056,0,0x110,STD,8,2026-01-28T18:45:18.882441,03 00 01 00 00 00 00 00,03000100,0.000000
8057,0,0x10F,STD,8,2026-01-28T18:45:18.882441,03 00 02 00 E4 3C 32 41,03000200,0.000000
8058,0,0x10F,STD,8,2026-01-28T18:45:18.882441,03 00 01 00 00 00 00 00,03000100,0.000000
8059,0,0x110,STD,8,2026-01-28T18:45:18.882441,03 00 02 00 E4 3C 32 41,03000200,0.000000
8060,0,0x10F,STD,8,2026-01-28T18:45:18.917221,03 00 03 00 48 2F 23 3D,03000300,0.000000
8061,0,0x110,STD,8,2026-01-28T18:45:18.941226,03 00 03 00 47 C3 04 48,03000300,0.000000
8062,0,0x10F,STD,8,2026-01-28T18:45:18.998239,03 00 03 00 0D A2 2E 3D,03000300,0.000000
8063,0,0x110,STD,8,2026-01-28T18:45:19.022244,03 00 03 00 54 38 B2 48,03000300,0.000000
8064,0,0x10F,STD,8,2026-01-28T18:45:19.078859,03 00 03 00 EE B5 07 3D,03000300,0.000000
8065,0,0x110,STD,8,2026-01-28T18:45:19.102369,03 00 03 00 84 98 5D 48,03000300,0.000000
8066,0,0x10F,STD,8,2026-01-28T18:45:19.159383,03 00 03 00 F8 20 41 3D,03000300,0.000000
8067,0,0x110,STD,8,2026-01-28T18:45:19.183389,03 00 03 00 89 B8 6C 48,03000300,0.000000
8068,0,0x10F,STD,8,2026-01-28T18:45:19.240402,03 00 03 00 F1 71 DA 3C,03000300,0.000000
8069,0,0x110,STD,8,2026-01-28T18:45:19.264407,03 00 03 00 41 05 93 48,03000300,0.000000
8070,0,0x10F,STD,8,2026-01-28T18:45:19.320667,03 00 03 00 50 54 54 3D,03000300,0.000000
8071,0,0x110,STD,8,2026-01-28T18:45:19.344673,03 00 03 00 98 0E 3F 48,03000300,0.000000
8072,0,0x10F,STD,8,2026-01-28T18:45:19.401685,03 00 03 00 8B BB 7A 3D,03000300,0.000000
8073,0,0x110,STD,8,2026-01-28T18:45:19.425691,03 00 03 00 24 DB 97 48,03000300,0.000000
8074,0,0x10F,STD,8,2026-01-28T18:45:19.471701,03 00 03 00 43 AF 28 3D,03000300,0.000000
8075,0,0x110,STD,8,2026-01-28T18:45:19.495707,03 00 03 00 B4 3A CE 48,03000300,0.000000
8076,0,0x10F,STD,8,2026-01-28T18:45:19.552720,03 00 03 00 30 AD 78 3D,03000300,0.000000
8077,0,0x110,STD,8,2026-01-28T18:45:19.576725,03 00 03 00 D4 7C BB 48,03000300,0.000000
8078,0,0x10F,STD,8,2026-01-28T18:45:19.633738,03 00 03 00 8F FE E4 3C,03000300,0.000000
8079,0,0x110,STD,8,2026-01-28T18:45:19.657743,03 00 03 00 E0 8B 13 49,03000300,0.000000
8080,0,0x10F,STD,8,2026-01-28T18:45:19.714756,03 00 03 00 98 8C 22 3D,03000300,0.000000
8081,0,0x110,STD,8,2026-01-28T18:45:19.738761,03 00 03 00 00 14 0C 49,03000300,0.000000
8082,0,0x10F,STD,8,2026-01-28T18:45:19.795774,03 00 03 00 AF 93 CC 3C,03000300,0.000000
8083,0,0x110,STD,8,2026-01-28T18:45:19.819780,03 00 03 00 1F FE 8C 48,03000300,0.000000
8084,0,0x10F,STD,8,2026-01-28T18:45:19.876792,03 00 03 00 03 12 D0 3C,03000300,0.000000
8085,0,0x110,STD,8,2026-01-28T18:45:19.900798,03 00 03 00 98 E6 46 48,03000300,0.000000
8086,0,0x110,STD,8,2026-01-28T18:45:19.924803,03 00 01 00 00 00 00 00,03000100,0.000000
8087,0,0x110,STD,8,2026-01-28T18:45:19.926804,03 00 02 00 80 A9 34 41,03000200,0.000000
8088,0,0x10F,STD,8,2026-01-28T18:45:19.926804,03 00 01 00 00 00 00 00,03000100,0.000000
8089,0,0x110,STD,8,2026-01-28T18:45:19.926804,03 00 01 00 00 00 00 00,03000100,0.000000
8090,0,0x10F,STD,8,2026-01-28T18:45:19.950809,03 00 03 00 29 73 1D 3D,03000300,0.000000
8091,0,0x110,STD,8,2026-01-28T18:45:19.974814,03 00 03 00 7C E4 55 47,03000300,0.000000
8092,0,0x10F,STD,8,2026-01-28T18:45:20.031827,03 00 03 00 62 3F 8C 3C,03000300,0.000000
8093,0,0x110,STD,8,2026-01-28T18:45:20.055833,03 00 03 00 7A 1F 4D 48,03000300,0.000000
8094,0,0x10F,STD,8,2026-01-28T18:45:20.112845,03 00 03 00 1B 54 1F 3D,03000300,0.000000
8095,0,0x110,STD,8,2026-01-28T18:45:20.136353,03 00 03 00 60 80 C7 48,03000300,0.000000
8096,0,0x10F,STD,8,2026-01-28T18:45:20.193366,03 00 03 00 77 BE EF 3C,03000300,0.000000
8097,0,0x110,STD,8,2026-01-28T18:45:20.217372,03 00 03 00 61 9C 87 48,03000300,0.000000
8098,0,0x10F,STD,8,2026-01-28T18:45:20.274384,03 00 03 00 5F 19 E9 3C,03000300,0.000000
8099,0,0x110,STD,8,2026-01-28T18:45:20.298390,03 00 03 00 C0 03 81 48,03000300,0.000000
8100,0,0x10F,STD,8,2026-01-28T18:45:20.361403,03 00 03 00 0C F2 3A 3D,03000300,0.000000
8101,0,0x110,STD,8,2026-01-28T18:45:20.374406,03 00 03 00 C5 B7 F5 48,03000300,0.000000
8102,0,0x10F,STD,8,2026-01-28T18:45:20.431419,03 00 03 00 01 37 1A 3D,03000300,0.000000
8103,0,0x110,STD,8,2026-01-28T18:45:20.455425,03 00 03 00 F8 AA 9C 48,03000300,0.000000
8104,0,0x10F,STD,8,2026-01-28T18:45:20.512437,03 00 03 00 F6 D7 61 3D,03000300,0.000000
8105,0,0x110,STD,8,2026-01-28T18:45:20.536443,03 00 03 00 F9 5C 4C 48,03000300,0.000000
8106,0,0x10F,STD,8,2026-01-28T18:45:20.592841,03 00 03 00 F4 F3 29 3D,03000300,0.000000
8107,0,0x110,STD,8,2026-01-28T18:45:20.616846,03 00 03 00 CE A8 BC 48,03000300,0.000000
8108,0,0x10F,STD,8,2026-01-28T18:45:20.673859,03 00 03 00 45 42 75 3D,03000300,0.000000
8109,0,0x110,STD,8,2026-01-28T18:45:20.697864,03 00 03 00 56 97 CE 48,03000300,0.000000
8110,0,0x10F,STD,8,2026-01-28T18:45:20.754877,03 00 03 00 AE DD 62 3D,03000300,0.000000
8111,0,0x110,STD,8,2026-01-28T18:45:20.778387,03 00 03 00 39 2D 9D 48,03000300,0.000000
8112,0,0x10F,STD,8,2026-01-28T18:45:20.835399,03 00 03 00 93 1E 3B 3D,03000300,0.000000
8113,0,0x110,STD,8,2026-01-28T18:45:20.859405,03 00 03 00 3B A8 B0 48,03000300,0.000000
8114,0,0x10F,STD,8,2026-01-28T18:45:20.916417,03 00 03 00 EE 1B 49 3D,03000300,0.000000
8115,0,0x110,STD,8,2026-01-28T18:45:20.940423,03 00 03 00 E8 CB FB 48,03000300,0.000000
8116,0,0x10F,STD,8,2026-01-28T18:45:20.986433,03 00 02 00 80 A9 34 41,03000200,0.000000
8117,0,0x10F,STD,8,2026-01-28T18:45:20.986433,03 00 02 00 85 D4 48 41,03000200,0.000000
8118,0,0x110,STD,8,2026-01-28T18:45:20.986433,03 00 01 00 00 00 00 00,03000100,0.000000
8119,0,0x110,STD,8,2026-01-28T18:45:20.986433,03 00 02 00 85 D4 48 41,03000200,0.000000
8120,0,0x10F,STD,8,2026-01-28T18:45:20.988434,03 00 03 00 CF 53 0D 3D,03000300,0.000000
8121,0,0x110,STD,8,2026-01-28T18:45:21.012439,03 00 03 00 0E 4A 5E 48,03000300,0.000000
8122,0,0x10F,STD,8,2026-01-28T18:45:21.071452,03 00 03 00 ED CE 40 3D,03000300,0.000000
8123,0,0x110,STD,8,2026-01-28T18:45:21.096458,03 00 03 00 0E 7E 5E 48,03000300,0.000000
8124,0,0x10F,STD,8,2026-01-28T18:45:21.153471,03 00 03 00 C6 6B FB 3C,03000300,0.000000
8125,0,0x110,STD,8,2026-01-28T18:45:21.177144,03 00 03 00 4D 2D 12 48,03000300,0.000000
8126,0,0x10F,STD,8,2026-01-28T18:45:21.234157,03 00 03 00 5E B3 37 3D,03000300,0.000000
8127,0,0x110,STD,8,2026-01-28T18:45:21.258162,03 00 03 00 C2 A6 41 48,03000300,0.000000
8128,0,0x10F,STD,8,2026-01-28T18:45:21.315175,03 00 03 00 BA 2D 05 3D,03000300,0.000000
8129,0,0x110,STD,8,2026-01-28T18:45:21.338705,03 00 03 00 28 B2 EA 47,03000300,0.000000
8130,0,0x10F,STD,8,2026-01-28T18:45:21.394783,03 00 03 00 C8 B5 18 3D,03000300,0.000000
8131,0,0x110,STD,8,2026-01-28T18:45:21.418228,03 00 03 00 EE A1 B0 47,03000300,0.000000
8132,0,0x10F,STD,8,2026-01-28T18:45:21.464240,03 00 03 00 D8 7C 11 3D,03000300,0.000000
8133,0,0x110,STD,8,2026-01-28T18:45:21.498286,03 00 03 00 F8 75 A2 48,03000300,0.000000
8134,0,0x10F,STD,8,2026-01-28T18:45:21.544545,03 00 03 00 98 9A D4 3C,03000300,0.000000
8135,0,0x110,STD,8,2026-01-28T18:45:21.579554,03 00 03 00 F5 0D 4D 48,03000300,0.000000
8136,0,0x10F,STD,8,2026-01-28T18:45:21.625564,03 00 03 00 DA B6 35 3D,03000300,0.000000
8137,0,0x110,STD,8,2026-01-28T18:45:21.649570,03 00 03 00 08 FD B4 48,03000300,0.000000
8138,0,0x10F,STD,8,2026-01-28T18:45:21.706582,03 00 03 00 F4 9A CB 3C,03000300,0.000000
8139,0,0x110,STD,8,2026-01-28T18:45:21.730588,03 00 03 00 17 E8 EF 48,03000300,0.000000
8140,0,0x10F,STD,8,2026-01-28T18:45:21.787578,03 00 03 00 E1 A0 4B 3D,03000300,0.000000
8141,0,0x110,STD,8,2026-01-28T18:45:21.811585,03 00 03 00 61 39 7B 48,03000300,0.000000
8142,0,0x10F,STD,8,2026-01-28T18:45:21.868144,03 00 03 00 D1 C9 66 3D,03000300,0.000000
8143,0,0x110,STD,8,2026-01-28T18:45:21.891998,03 00 03 00 40 FB C0 48,03000300,0.000000
8144,0,0x10F,STD,8,2026-01-28T18:45:21.948585,03 00 03 00 6F 4F 8F 3D,03000300,0.000000
8145,0,0x110,STD,8,2026-01-28T18:45:21.972590,03 00 03 00 C4 8A E2 48,03000300,0.000000
8146,0,0x10F,STD,8,2026-01-28T18:45:22.029585,03 00 03 00 82 94 AC 3D,03000300,0.000000
8147,0,0x10F,STD,8,2026-01-28T18:45:22.029585,03 00 01 00 00 00 00 00,03000100,0.000000
8148,0,0x110,STD,8,2026-01-28T18:45:22.031585,03 00 02 00 38 37 33 41,03000200,0.000000
8149,0,0x10F,STD,8,2026-01-28T18:45:22.031585,03 00 01 00 00 00 00 00,03000100,0.000000
8150,0,0x110,STD,8,2026-01-28T18:45:22.031585,03 00 01 00 00 00 00 00,03000100,0.000000
8151,0,0x110,STD,8,2026-01-28T18:45:22.055591,03 00 03 00 14 3C 10 49,03000300,0.000000
8152,0,0x10F,STD,8,2026-01-28T18:45:22.112578,03 00 03 00 6F 22 57 3D,03000300,0.000000
8153,0,0x110,STD,8,2026-01-28T18:45:22.136583,03 00 03 00 A5 23 99 48,03000300,0.000000
8154,0,0x10F,STD,8,2026-01-28T18:45:22.182097,03 00 03 00 51 9B 87 3D,03000300,0.000000
8155,0,0x110,STD,8,2026-01-28T18:45:22.206103,03 00 03 00 E7 65 E9 48,03000300,0.000000
8156,0,0x10F,STD,8,2026-01-28T18:45:22.263115,03 00 03 00 F4 AC 49 3D,03000300,0.000000
8157,0,0x110,STD,8,2026-01-28T18:45:22.287121,03 00 03 00 C5 57 43 48,03000300,0.000000
8158,0,0x10F,STD,8,2026-01-28T18:45:22.344134,03 00 03 00 F3 9F 70 3D,03000300,0.000000
8159,0,0x110,STD,8,2026-01-28T18:45:22.372140,03 00 03 00 67 65 4A 48,03000300,0.000000
8160,0,0x10F,STD,8,2026-01-28T18:45:22.429153,03 00 03 00 A9 77 43 3D,03000300,0.000000
8161,0,0x110,STD,8,2026-01-28T18:45:22.453158,03 00 03 00 FB 57 7D 48,03000300,0.000000
8162,0,0x10F,STD,8,2026-01-28T18:45:22.510171,03 00 03 00 4D F7 54 3D,03000300,0.000000
8163,0,0x110,STD,8,2026-01-28T18:45:22.534177,03 00 03 00 9D E6 E5 48,03000300,0.000000
8164,0,0x10F,STD,8,2026-01-28T18:45:22.591189,03 00 03 00 DE FF 81 3D,03000300,0.000000
8165,0,0x110,STD,8,2026-01-28T18:45:22.604192,03 00 03 00 C4 50 11 49,03000300,0.000000
8166,0,0x10F,STD,8,2026-01-28T18:45:22.661205,03 00 03 00 B6 37 06 3D,03000300,0.000000
8167,0,0x110,STD,8,2026-01-28T18:45:22.685211,03 00 03 00 AC 40 8C 48,03000300,0.000000
8168,0,0x10F,STD,8,2026-01-28T18:45:22.742223,03 00 03 00 58 83 79 3D,03000300,0.000000
8169,0,0x110,STD,8,2026-01-28T18:45:22.766229,03 00 03 00 8B 15 44 48,03000300,0.000000
8170,0,0x10F,STD,8,2026-01-28T18:45:22.823242,03 00 03 00 2D F6 12 3D,03000300,0.000000
8171,0,0x110,STD,8,2026-01-28T18:45:22.847247,03 00 03 00 5F 98 3A 48,03000300,0.000000
8172,0,0x10F,STD,8,2026-01-28T18:45:22.904260,03 00 03 00 CA 06 2F 3D,03000300,0.000000
8173,0,0x110,STD,8,2026-01-28T18:45:22.928265,03 00 03 00 67 EE 41 48,03000300,0.000000
8174,0,0x10F,STD,8,2026-01-28T18:45:22.985278,03 00 03 00 7C 23 67 3D,03000300,0.000000
8175,0,0x110,STD,8,2026-01-28T18:45:23.009284,03 00 03 00 27 DA E8 47,03000300,0.000000
8176,0,0x10F,STD,8,2026-01-28T18:45:23.066296,03 00 03 00 9D DF 28 3D,03000300,0.000000
8177,0,0x10F,STD,8,2026-01-28T18:45:23.079299,03 00 02 00 38 37 33 41,03000200,0.000000
8178,0,0x110,STD,8,2026-01-28T18:45:23.092302,03 00 03 00 34 D3 83 48,03000300,0.000000
8179,0,0x10F,STD,8,2026-01-28T18:45:23.092302,03 00 02 00 4B BB 35 41,03000200,0.000000
8180,0,0x110,STD,8,2026-01-28T18:45:23.092302,03 00 01 00 00 00 00 00,03000100,0.000000
8181,0,0x110,STD,8,2026-01-28T18:45:23.092302,03 00 02 00 4B BB 35 41,03000200,0.000000
8182,0,0x10F,STD,8,2026-01-28T18:45:23.149315,03 00 03 00 22 CF 4F 3D,03000300,0.000000
8183,0,0x110,STD,8,2026-01-28T18:45:23.162318,03 00 03 00 18 D0 0B 48,03000300,0.000000
8184,0,0x10F,STD,8,2026-01-28T18:45:23.218965,03 00 03 00 92 09 5F 3D,03000300,0.000000
8185,0,0x110,STD,8,2026-01-28T18:45:23.242970,03 00 03 00 BA C1 C6 48,03000300,0.000000
8186,0,0x10F,STD,8,2026-01-28T18:45:23.299983,03 00 03 00 58 FC 70 3D,03000300,0.000000
8187,0,0x110,STD,8,2026-01-28T18:45:23.323988,03 00 03 00 E8 C9 86 48,03000300,0.000000
8188,0,0x10F,STD,8,2026-01-28T18:45:23.381001,03 00 03 00 7F DA 43 3D,03000300,0.000000
8189,0,0x110,STD,8,2026-01-28T18:45:23.405006,03 00 03 00 A3 FA 3A 48,03000300,0.000000
8190,0,0x10F,STD,8,2026-01-28T18:45:23.461014,03 00 03 00 EB 1D 53 3D,03000300,0.000000
8191,0,0x110,STD,8,2026-01-28T18:45:23.485020,03 00 03 00 C3 A0 AE 48,03000300,0.000000
8192,0,0x10F,STD,8,2026-01-28T18:45:23.541587,03 00 03 00 53 CF 67 3D,03000300,0.000000
8193,0,0x110,STD,8,2026-01-28T18:45:23.565592,03 00 03 00 E9 36 AB 48,03000300,0.000000
8194,0,0x10F,STD,8,2026-01-28T18:45:23.621991,03 00 03 00 C0 52 2B 3D,03000300,0.000000
8195,0,0x110,STD,8,2026-01-28T18:45:23.645997,03 00 03 00 9E 95 A5 48,03000300,0.000000
8196,0,0x10F,STD,8,2026-01-28T18:45:23.702701,03 00 03 00 E7 A4 77 3D,03000300,0.000000
8197,0,0x110,STD,8,2026-01-28T18:45:23.726527,03 00 03 00 9C 2A C2 48,03000300,0.000000
8198,0,0x10F,STD,8,2026-01-28T18:45:23.783540,03 00 03 00 07 AD 2A 3D,03000300,0.000000
8199,0,0x110,STD,8,2026-01-28T18:45:23.807546,03 00 03 00 00 74 B3 48,03000300,0.000000
8200,0,0x10F,STD,8,2026-01-28T18:45:23.864558,03 00 03 00 8E 6F 6D 3D,03000300,0.000000
8201,0,0x110,STD,8,2026-01-28T18:45:23.888516,03 00 03 00 FE 32 B8 48,03000300,0.000000
8202,0,0x10F,STD,8,2026-01-28T18:45:23.945530,03 00 03 00 A6 CF 4E 3D,03000300,0.000000
8203,0,0x110,STD,8,2026-01-28T18:45:23.969535,03 00 03 00 1A 56 17 48,03000300,0.000000
8204,0,0x10F,STD,8,2026-01-28T18:45:24.026525,03 00 03 00 75 98 46 3D,03000300,0.000000
8205,0,0x110,STD,8,2026-01-28T18:45:24.039528,03 00 03 00 42 C6 47 48,03000300,0.000000
8206,0,0x10F,STD,8,2026-01-28T18:45:24.096044,03 00 03 00 39 F5 4F 3D,03000300,0.000000
8207,0,0x110,STD,8,2026-01-28T18:45:24.120050,03 00 03 00 37 07 46 48,03000300,0.000000
8208,0,0x10F,STD,8,2026-01-28T18:45:24.133052,03 00 01 00 00 00 00 00,03000100,0.000000
8209,0,0x10F,STD,8,2026-01-28T18:45:24.133052,03 00 02 00 68 40 30 41,03000200,0.000000
8210,0,0x110,STD,8,2026-01-28T18:45:24.133052,03 00 02 00 68 40 30 41,03000200,0.000000
8211,0,0x10F,STD,8,2026-01-28T18:45:24.133052,03 00 01 00 00 00 00 00,03000100,0.000000
8212,0,0x10F,STD,8,2026-01-28T18:45:24.179063,03 00 03 00 E1 80 09 3D,03000300,0.000000
8213,0,0x110,STD,8,2026-01-28T18:45:24.203068,03 00 03 00 1B 49 06 48,03000300,0.000000
8214,0,0x10F,STD,8,2026-01-28T18:45:24.260082,03 00 03 00 6D 5D 6B 3D,03000300,0.000000
8215,0,0x110,STD,8,2026-01-28T18:45:24.284087,03 00 03 00 9F 01 12 48,03000300,0.000000
8216,0,0x10F,STD,8,2026-01-28T18:45:24.341099,03 00 03 00 55 C3 3F 3D,03000300,0.000000
8217,0,0x110,STD,8,2026-01-28T18:45:24.364607,03 00 03 00 E1 80 19 48,03000300,0.000000
8218,0,0x10F,STD,8,2026-01-28T18:45:24.421620,03 00 03 00 00 D4 80 3D,03000300,0.000000
8219,0,0x110,STD,8,2026-01-28T18:45:24.445626,03 00 03 00 A8 DC 98 48,03000300,0.000000
8220,0,0x10F,STD,8,2026-01-28T18:45:24.502639,03 00 03 00 8A 95 59 3D,03000300,0.000000
8221,0,0x110,STD,8,2026-01-28T18:45:24.526644,03 00 03 00 CE 31 B0 48,03000300,0.000000
8222,0,0x10F,STD,8,2026-01-28T18:45:24.583657,03 00 03 00 E0 DA 67 3D,03000300,0.000000
8223,0,0x110,STD,8,2026-01-28T18:45:24.607662,03 00 03 00 63 55 23 48,03000300,0.000000
8224,0,0x10F,STD,8,2026-01-28T18:45:24.653673,03 00 03 00 66 22 5C 3D,03000300,0.000000
8225,0,0x110,STD,8,2026-01-28T18:45:24.677678,03 00 03 00 90 A7 16 48,03000300,0.000000
8226,0,0x10F,STD,8,2026-01-28T18:45:24.734691,03 00 03 00 40 C4 35 3D,03000300,0.000000
8227,0,0x110,STD,8,2026-01-28T18:45:24.758697,03 00 03 00 C9 F2 5C 48,03000300,0.000000
8228,0,0x10F,STD,8,2026-01-28T18:45:24.815709,03 00 03 00 A2 17 AE 3D,03000300,0.000000
8229,0,0x110,STD,8,2026-01-28T18:45:24.839715,03 00 03 00 79 10 75 48,03000300,0.000000
8230,0,0x10F,STD,8,2026-01-28T18:45:24.896728,03 00 03 00 8D 2D 3C 3D,03000300,0.000000
8231,0,0x110,STD,8,2026-01-28T18:45:24.920733,03 00 03 00 10 DD 8E 48,03000300,0.000000
8232,0,0x10F,STD,8,2026-01-28T18:45:24.977746,03 00 03 00 EA B4 A5 3D,03000300,0.000000
8233,0,0x110,STD,8,2026-01-28T18:45:25.001751,03 00 03 00 EF 23 30 48,03000300,0.000000
8234,0,0x10F,STD,8,2026-01-28T18:45:25.058764,03 00 03 00 FF 5F 55 3D,03000300,0.000000
8235,0,0x110,STD,8,2026-01-28T18:45:25.082769,03 00 03 00 F8 FA 17 48,03000300,0.000000
8236,0,0x10F,STD,8,2026-01-28T18:45:25.139782,03 00 03 00 27 EE 9F 3D,03000300,0.000000
8237,0,0x110,STD,8,2026-01-28T18:45:25.163788,03 00 03 00 F8 A0 42 48,03000300,0.000000
8238,0,0x110,STD,8,2026-01-28T18:45:25.163788,03 00 01 00 00 00 00 00,03000100,0.000000
8239,0,0x110,STD,8,2026-01-28T18:45:25.163788,03 00 01 00 00 00 00 00,03000100,0.000000
8240,0,0x10F,STD,8,2026-01-28T18:45:25.163788,03 00 02 00 30 EF 41 41,03000200,0.000000
8241,0,0x110,STD,8,2026-01-28T18:45:25.163788,03 00 02 00 30 EF 41 41,03000200,0.000000
8242,0,0x10F,STD,8,2026-01-28T18:45:25.220800,03 00 03 00 69 49 A6 3D,03000300,0.000000
8243,0,0x110,STD,8,2026-01-28T18:45:25.244806,03 00 03 00 70 22 0E 47,03000300,0.000000
8244,0,0x10F,STD,8,2026-01-28T18:45:25.290816,03 00 03 00 D8 2D 65 3D,03000300,0.000000
8245,0,0x110,STD,8,2026-01-28T18:45:25.314822,03 00 03 00 EE 22 2D 47,03000300,0.000000
8246,0,0x10F,STD,8,2026-01-28T18:45:25.371834,03 00 03 00 AC D7 AB 3D,03000300,0.000000
8247,0,0x110,STD,8,2026-01-28T18:45:25.395485,03 00 03 00 73 10 7A 48,03000300,0.000000
8248,0,0x10F,STD,8,2026-01-28T18:45:25.452498,03 00 03 00 9D 94 32 3D,03000300,0.000000
8249,0,0x110,STD,8,2026-01-28T18:45:25.476503,03 00 03 00 A9 5A 97 48,03000300,0.000000
8250,0,0x10F,STD,8,2026-01-28T18:45:25.533516,03 00 03 00 5B C5 95 3D,03000300,0.000000
8251,0,0x110,STD,8,2026-01-28T18:45:25.557521,03 00 03 00 B8 34 08 48,03000300,0.000000
8252,0,0x10F,STD,8,2026-01-28T18:45:25.614534,03 00 03 00 AB B8 54 3D,03000300,0.000000
8253,0,0x110,STD,8,2026-01-28T18:45:25.638540,03 00 03 00 A9 ED 14 48,03000300,0.000000
8254,0,0x10F,STD,8,2026-01-28T18:45:25.695553,03 00 03 00 F6 5D 7B 3D,03000300,0.000000
8255,0,0x110,STD,8,2026-01-28T18:45:25.719558,03 00 03 00 4A 25 5E 48,03000300,0.000000
8256,0,0x10F,STD,8,2026-01-28T18:45:25.776571,03 00 03 00 62 DA 79 3D,03000300,0.000000
8257,0,0x110,STD,8,2026-01-28T18:45:25.800576,03 00 03 00 D7 8F 99 48,03000300,0.000000
8258,0,0x10F,STD,8,2026-01-28T18:45:25.857589,03 00 03 00 6E BC 17 3D,03000300,0.000000
8259,0,0x110,STD,8,2026-01-28T18:45:25.881595,03 00 03 00 D6 67 CA 47,03000300,0.000000
8260,0,0x10F,STD,8,2026-01-28T18:45:25.938607,03 00 03 00 B2 F6 74 3D,03000300,0.000000
8261,0,0x110,STD,8,2026-01-28T18:45:25.962613,03 00 03 00 0C 57 4E 48,03000300,0.000000
8262,0,0x10F,STD,8,2026-01-28T18:45:26.008623,03 00 03 00 CE 95 09 3D,03000300,0.000000
8263,0,0x110,STD,8,2026-01-28T18:45:26.032629,03 00 03 00 2E 11 1C 48,03000300,0.000000
8264,0,0x10F,STD,8,2026-01-28T18:45:26.089641,03 00 03 00 4D 22 75 3D,03000300,0.000000
8265,0,0x110,STD,8,2026-01-28T18:45:26.113647,03 00 03 00 68 B4 6C 48,03000300,0.000000
8266,0,0x10F,STD,8,2026-01-28T18:45:26.170162,03 00 03 00 70 DA 35 3D,03000300,0.000000
8267,0,0x110,STD,8,2026-01-28T18:45:26.194167,03 00 03 00 45 B4 79 48,03000300,0.000000
8268,0,0x10F,STD,8,2026-01-28T18:45:26.207170,03 00 01 00 00 00 00 00,03000100,0.000000
8269,0,0x110,STD,8,2026-01-28T18:45:26.207170,03 00 01 00 00 00 00 00,03000100,0.000000
8270,0,0x10F,STD,8,2026-01-28T18:45:26.209170,03 00 02 00 62 4A 31 41,03000200,0.000000
8271,0,0x110,STD,8,2026-01-28T18:45:26.209170,03 00 02 00 62 4A 31 41,03000200,0.000000
8272,0,0x10F,STD,8,2026-01-28T18:45:26.254222,03 00 03 00 8F 36 6E 3D,03000300,0.000000
8273,0,0x110,STD,8,2026-01-28T18:45:26.278227,03 00 03 00 BB C7 4E 48,03000300,0.000000
8274,0,0x10F,STD,8,2026-01-28T18:45:26.334744,03 00 03 00 FB C8 4E 3D,03000300,0.000000
8275,0,0x110,STD,8,2026-01-28T18:45:26.366750,03 00 03 00 AC 76 2A 48,03000300,0.000000
8276,0,0x10F,STD,8,2026-01-28T18:45:26.412444,03 00 03 00 2F 76 50 3D,03000300,0.000000
8277,0,0x110,STD,8,2026-01-28T18:45:26.435620,03 00 03 00 B4 7F BA 47,03000300,0.000000
8278,0,0x10F,STD,8,2026-01-28T18:45:26.492068,03 00 03 00 A8 35 63 3D,03000300,0.000000
8279,0,0x110,STD,8,2026-01-28T18:45:26.516074,03 00 03 00 5C 5A 91 48,03000300,0.000000
8280,0,0x10F,STD,8,2026-01-28T18:45:26.573087,03 00 03 00 FC AD 1A 3D,03000300,0.000000
8281,0,0x110,STD,8,2026-01-28T18:45:26.596857,03 00 03 00 0F 5B 6B 48,03000300,0.000000
8282,0,0x10F,STD,8,2026-01-28T18:45:26.653870,03 00 03 00 9C CF 4D 3D,03000300,0.000000
8283,0,0x110,STD,8,2026-01-28T18:45:26.677875,03 00 03 00 AD E3 4A 48,03000300,0.000000
8284,0,0x10F,STD,8,2026-01-28T18:45:26.734888,03 00 03 00 14 CC 06 3D,03000300,0.000000
8285,0,0x110,STD,8,2026-01-28T18:45:26.758426,03 00 03 00 12 F1 98 48,03000300,0.000000
8286,0,0x10F,STD,8,2026-01-28T18:45:26.815440,03 00 03 00 90 BF 34 3D,03000300,0.000000
8287,0,0x110,STD,8,2026-01-28T18:45:26.839445,03 00 03 00 A4 0D 5B 48,03000300,0.000000
8288,0,0x10F,STD,8,2026-01-28T18:45:26.895470,03 00 03 00 5D 4C 36 3D,03000300,0.000000
8289,0,0x110,STD,8,2026-01-28T18:45:26.908408,03 00 03 00 EA D6 B8 48,03000300,0.000000
8290,0,0x10F,STD,8,2026-01-28T18:45:26.965423,03 00 03 00 42 DF 0F 3D,03000300,0.000000
8291,0,0x110,STD,8,2026-01-28T18:45:26.989428,03 00 03 00 F0 03 B8 48,03000300,0.000000
8292,0,0x10F,STD,8,2026-01-28T18:45:27.046441,03 00 03 00 8A BD 53 3D,03000300,0.000000
8293,0,0x110,STD,8,2026-01-28T18:45:27.069993,03 00 03 00 74 3B 57 48,03000300,0.000000
8294,0,0x10F,STD,8,2026-01-28T18:45:27.127006,03 00 03 00 6B 7C 0F 3D,03000300,0.000000
8295,0,0x110,STD,8,2026-01-28T18:45:27.151011,03 00 03 00 CE A1 9C 48,03000300,0.000000
8296,0,0x10F,STD,8,2026-01-28T18:45:27.208024,03 00 03 00 F1 CA 73 3D,03000300,0.000000
8297,0,0x110,STD,8,2026-01-28T18:45:27.232030,03 00 03 00 EB A4 1C 48,03000300,0.000000
8298,0,0x10F,STD,8,2026-01-28T18:45:27.267038,03 00 01 00 00 00 00 00,03000100,0.000000
8299,0,0x10F,STD,8,2026-01-28T18:45:27.267038,03 00 02 00 16 A4 29 41,03000200,0.000000
8300,0,0x110,STD,8,2026-01-28T18:45:27.267038,03 00 02 00 16 A4 29 41,03000200,0.000000
8301,0,0x10F,STD,8,2026-01-28T18:45:27.267038,03 00 01 00 00 00 00 00,03000100,0.000000
8302,0,0x10F,STD,8,2026-01-28T18:45:27.291043,03 00 03 00 55 47 46 3D,03000300,0.000000
8303,0,0x110,STD,8,2026-01-28T18:45:27.315048,03 00 03 00 66 29 0C 48,03000300,0.000000
8304,0,0x10F,STD,8,2026-01-28T18:45:27.372061,03 00 03 00 43 7F 3D 3D,03000300,0.000000
8305,0,0x110,STD,8,2026-01-28T18:45:27.396066,03 00 03 00 B8 37 81 47,03000300,0.000000
8306,0,0x10F,STD,8,2026-01-28T18:45:27.453079,03 00 03 00 1C CC 4C 3D,03000300,0.000000
8307,0,0x110,STD,8,2026-01-28T18:45:27.466082,03 00 03 00 4A F9 28 48,03000300,0.000000
8308,0,0x10F,STD,8,2026-01-28T18:45:27.523095,03 00 03 00 56 32 41 3D,03000300,0.000000
8309,0,0x110,STD,8,2026-01-28T18:45:27.547101,03 00 03 00 40 D2 23 48,03000300,0.000000
8310,0,0x10F,STD,8,2026-01-28T18:45:27.604113,03 00 03 00 4A 8D 92 3D,03000300,0.000000
8311,0,0x110,STD,8,2026-01-28T18:45:27.628119,03 00 03 00 E8 70 63 48,03000300,0.000000
8312,0,0x10F,STD,8,2026-01-28T18:45:27.685132,03 00 03 00 C1 97 59 3D,03000300,0.000000
8313,0,0x110,STD,8,2026-01-28T18:45:27.708587,03 00 03 00 9F 6A 5C 48,03000300,0.000000
8314,0,0x10F,STD,8,2026-01-28T18:45:27.765601,03 00 03 00 0D 3C 84 3D,03000300,0.000000
8315,0,0x110,STD,8,2026-01-28T18:45:27.789606,03 00 03 00 14 7D 33 48,03000300,0.000000
8316,0,0x10F,STD,8,2026-01-28T18:45:27.846619,03 00 03 00 62 49 6C 3D,03000300,0.000000
8317,0,0x110,STD,8,2026-01-28T18:45:27.870625,03 00 03 00 1C ED 73 48,03000300,0.000000
8318,0,0x10F,STD,8,2026-01-28T18:45:27.927637,03 00 03 00 B2 06 67 3D,03000300,0.000000
8319,0,0x110,STD,8,2026-01-28T18:45:27.951643,03 00 03 00 73 0A 5F 48,03000300,0.000000
8320,0,0x10F,STD,8,2026-01-28T18:45:28.010656,03 00 03 00 A8 C6 52 3D,03000300,0.000000
8321,0,0x110,STD,8,2026-01-28T18:45:28.034662,03 00 03 00 F9 4C 67 48,03000300,0.000000
8322,0,0x10F,STD,8,2026-01-28T18:45:28.092675,03 00 03 00 03 E5 10 3D,03000300,0.000000
8323,0,0x110,STD,8,2026-01-28T18:45:28.105677,03 00 03 00 3B 4F 0B 48,03000300,0.000000
8324,0,0x10F,STD,8,2026-01-28T18:45:28.162690,03 00 03 00 CE 26 51 3D,03000300,0.000000
8325,0,0x110,STD,8,2026-01-28T18:45:28.186368,03 00 03 00 38 DC 76 48,03000300,0.000000
8326,0,0x10F,STD,8,2026-01-28T18:45:28.242883,03 00 03 00 95 31 20 3D,03000300,0.000000
8327,0,0x110,STD,8,2026-01-28T18:45:28.266890,03 00 03 00 9B 51 F6 47,03000300,0.000000
8328,0,0x110,STD,8,2026-01-28T18:45:28.312900,03 00 01 00 00 00 00 00,03000100,0.000000
8329,0,0x10F,STD,8,2026-01-28T18:45:28.312900,03 00 01 00 00 00 00 00,03000100,0.000000
8330,0,0x110,STD,8,2026-01-28T18:45:28.312900,03 00 01 00 00 00 00 00,03000100,0.000000
8331,0,0x10F,STD,8,2026-01-28T18:45:28.312900,03 00 02 00 55 C5 47 41,03000200,0.000000
8332,0,0x10F,STD,8,2026-01-28T18:45:28.325508,03 00 03 00 22 ED 46 3D,03000300,0.000000
8333,0,0x110,STD,8,2026-01-28T18:45:28.354515,03 00 03 00 BB 6A 13 48,03000300,0.000000
8334,0,0x10F,STD,8,2026-01-28T18:45:28.400526,03 00 03 00 4D 4C 4D 3D,03000300,0.000000
8335,0,0x110,STD,8,2026-01-28T18:45:28.423573,03 00 03 00 C7 8F 9A 47,03000300,0.000000
8336,0,0x10F,STD,8,2026-01-28T18:45:28.480588,03 00 03 00 45 E1 47 3D,03000300,0.000000
8337,0,0x110,STD,8,2026-01-28T18:45:28.504096,03 00 03 00 F7 A2 5B 48,03000300,0.000000
8338,0,0x10F,STD,8,2026-01-28T18:45:28.561109,03 00 03 00 8F 12 7D 3D,03000300,0.000000
8339,0,0x110,STD,8,2026-01-28T18:45:28.585115,03 00 03 00 68 5B 27 48,03000300,0.000000
8340,0,0x10F,STD,8,2026-01-28T18:45:28.642127,03 00 03 00 BA 0C 7B 3D,03000300,0.000000
8341,0,0x110,STD,8,2026-01-28T18:45:28.666132,03 00 03 00 75 4C 94 48,03000300,0.000000
8342,0,0x10F,STD,8,2026-01-28T18:45:28.722335,03 00 03 00 63 8F 73 3D,03000300,0.000000
8343,0,0x110,STD,8,2026-01-28T18:45:28.745727,03 00 03 00 90 7C C5 48,03000300,0.000000
8344,0,0x10F,STD,8,2026-01-28T18:45:28.801519,03 00 03 00 30 2F 56 3D,03000300,0.000000
8345,0,0x110,STD,8,2026-01-28T18:45:28.824810,03 00 03 00 51 F6 F1 47,03000300,0.000000
8346,0,0x10F,STD,8,2026-01-28T18:45:28.881401,03 00 03 00 3A 65 89 3D,03000300,0.000000
8347,0,0x110,STD,8,2026-01-28T18:45:28.905406,03 00 03 00 72 FB 8B 48,03000300,0.000000
8348,0,0x10F,STD,8,2026-01-28T18:45:28.962420,03 00 03 00 EC 63 4F 3D,03000300,0.000000
8349,0,0x110,STD,8,2026-01-28T18:45:28.986424,03 00 03 00 E9 AC 61 48,03000300,0.000000
8350,0,0x10F,STD,8,2026-01-28T18:45:29.042487,03 00 03 00 C8 CF 8F 3D,03000300,0.000000
8351,0,0x110,STD,8,2026-01-28T18:45:29.066494,03 00 03 00 FA BC 0D 48,03000300,0.000000
8352,0,0x10F,STD,8,2026-01-28T18:45:29.123507,03 00 03 00 7F 43 8B 3D,03000300,0.000000
8353,0,0x110,STD,8,2026-01-28T18:45:29.147016,03 00 03 00 19 9E B4 48,03000300,0.000000
8354,0,0x10F,STD,8,2026-01-28T18:45:29.204489,03 00 03 00 F7 B5 5E 3D,03000300,0.000000
8355,0,0x110,STD,8,2026-01-28T18:45:29.228495,03 00 03 00 30 EA AD 48,03000300,0.000000
8356,0,0x10F,STD,8,2026-01-28T18:45:29.285508,03 00 03 00 B2 D6 88 3D,03000300,0.000000
8357,0,0x110,STD,8,2026-01-28T18:45:29.309513,03 00 03 00 FD CC 0D 48,03000300,0.000000
8358,0,0x10F,STD,8,2026-01-28T18:45:29.366526,03 00 03 00 DD 01 6D 3D,03000300,0.000000
8359,0,0x110,STD,8,2026-01-28T18:45:29.379529,03 00 02 00 55 C5 47 41,03000200,0.000000
8360,0,0x110,STD,8,2026-01-28T18:45:29.379529,03 00 02 00 B0 DE 2C 41,03000200,0.000000
8361,0,0x10F,STD,8,2026-01-28T18:45:29.379529,03 00 01 00 00 00 00 00,03000100,0.000000
8362,0,0x110,STD,8,2026-01-28T18:45:29.379529,03 00 01 00 00 00 00 00,03000100,0.000000
8363,0,0x110,STD,8,2026-01-28T18:45:29.379529,03 00 03 00 0C F8 B9 48,03000300,0.000000
8364,0,0x10F,STD,8,2026-01-28T18:45:29.436542,03 00 03 00 FC C7 4E 3D,03000300,0.000000
8365,0,0x110,STD,8,2026-01-28T18:45:29.460547,03 00 03 00 E4 4D 9A 48,03000300,0.000000
8366,0,0x10F,STD,8,2026-01-28T18:45:29.517560,03 00 03 00 65 B9 7A 3D,03000300,0.000000
8367,0,0x110,STD,8,2026-01-28T18:45:29.541069,03 00 03 00 92 41 56 48,03000300,0.000000
8368,0,0x10F,STD,8,2026-01-28T18:45:29.598081,03 00 03 00 8B 61 38 3D,03000300,0.000000
8369,0,0x110,STD,8,2026-01-28T18:45:29.622087,03 00 03 00 D5 A3 D1 48,03000300,0.000000
8370,0,0x10F,STD,8,2026-01-28T18:45:29.679100,03 00 03 00 AD 78 52 3D,03000300,0.000000
8371,0,0x110,STD,8,2026-01-28T18:45:29.702609,03 00 03 00 30 6D 5C 48,03000300,0.000000
8372,0,0x10F,STD,8,2026-01-28T18:45:29.759622,03 00 03 00 1E 85 27 3D,03000300,0.000000
8373,0,0x110,STD,8,2026-01-28T18:45:29.783627,03 00 03 00 3E A0 5C 48,03000300,0.000000
8374,0,0x10F,STD,8,2026-01-28T18:45:29.840641,03 00 03 00 46 91 36 3D,03000300,0.000000
8375,0,0x110,STD,8,2026-01-28T18:45:29.864646,03 00 03 00 24 AA 1D 48,03000300,0.000000
8376,0,0x10F,STD,8,2026-01-28T18:45:29.921658,03 00 03 00 AA 3E 4E 3D,03000300,0.000000
8377,0,0x110,STD,8,2026-01-28T18:45:29.945664,03 00 03 00 AA 74 EE 47,03000300,0.000000
8378,0,0x10F,STD,8,2026-01-28T18:45:30.002677,03 00 03 00 6C 9E 27 3D,03000300,0.000000
8379,0,0x110,STD,8,2026-01-28T18:45:30.026682,03 00 03 00 CC FA 1F 48,03000300,0.000000
8380,0,0x10F,STD,8,2026-01-28T18:45:30.083695,03 00 03 00 D4 73 62 3D,03000300,0.000000
8381,0,0x110,STD,8,2026-01-28T18:45:30.107701,03 00 03 00 77 B4 5C 48,03000300,0.000000
8382,0,0x10F,STD,8,2026-01-28T18:45:30.164713,03 00 03 00 5A B8 31 3D,03000300,0.000000
8383,0,0x110,STD,8,2026-01-28T18:45:30.188719,03 00 03 00 16 87 89 48,03000300,0.000000
8384,0,0x10F,STD,8,2026-01-28T18:45:30.234729,03 00 03 00 63 07 71 3D,03000300,0.000000
8385,0,0x110,STD,8,2026-01-28T18:45:30.258734,03 00 03 00 5E 3C 34 48,03000300,0.000000
8386,0,0x10F,STD,8,2026-01-28T18:45:30.315747,03 00 03 00 0E 3C 3B 3D,03000300,0.000000
8387,0,0x110,STD,8,2026-01-28T18:45:30.339753,03 00 03 00 AE AA 50 47,03000300,0.000000
8388,0,0x10F,STD,8,2026-01-28T18:45:30.397766,03 00 03 00 96 52 2E 3D,03000300,0.000000
8389,0,0x110,STD,8,2026-01-28T18:45:30.421771,03 00 03 00 CB 7B 3C 48,03000300,0.000000
8390,0,0x10F,STD,8,2026-01-28T18:45:30.434774,03 00 02 00 B0 DE 2C 41,03000200,0.000000
8391,0,0x10F,STD,8,2026-01-28T18:45:30.434774,03 00 02 00 25 11 2B 41,03000200,0.000000
8392,0,0x110,STD,8,2026-01-28T18:45:30.434774,03 00 02 00 25 11 2B 41,03000200,0.000000
8393,0,0x10F,STD,8,2026-01-28T18:45:30.434774,03 00 01 00 00 00 00 00,03000100,0.000000
8394,0,0x10F,STD,8,2026-01-28T18:45:30.480784,03 00 03 00 9E B8 3A 3D,03000300,0.000000
8395,0,0x110,STD,8,2026-01-28T18:45:30.504790,03 00 03 00 84 1C 72 48,03000300,0.000000
8396,0,0x10F,STD,8,2026-01-28T18:45:30.561802,03 00 03 00 19 62 66 3D,03000300,0.000000
8397,0,0x110,STD,8,2026-01-28T18:45:30.585808,03 00 03 00 C7 B1 16 48,03000300,0.000000
8398,0,0x10F,STD,8,2026-01-28T18:45:30.642821,03 00 03 00 8B E7 80 3D,03000300,0.000000
8399,0,0x110,STD,8,2026-01-28T18:45:30.655824,03 00 03 00 B2 DF 8E 48,03000300,0.000000
8400,0,0x10F,STD,8,2026-01-28T18:45:30.712836,03 00 03 00 E2 AD 35 3D,03000300,0.000000
8401,0,0x110,STD,8,2026-01-28T18:45:30.736842,03 00 03 00 81 65 81 48,03000300,0.000000
8402,0,0x10F,STD,8,2026-01-28T18:45:30.793854,03 00 03 00 2B 00 63 3D,03000300,0.000000
8403,0,0x110,STD,8,2026-01-28T18:45:30.817860,03 00 03 00 2F 15 54 48,03000300,0.000000
8404,0,0x10F,STD,8,2026-01-28T18:45:30.874873,03 00 03 00 6C DF 26 3D,03000300,0.000000
8405,0,0x110,STD,8,2026-01-28T18:45:30.898878,03 00 03 00 B6 11 B8 48,03000300,0.000000
8406,0,0x10F,STD,8,2026-01-28T18:45:30.955891,03 00 03 00 40 7F 47 3D,03000300,0.000000
8407,0,0x110,STD,8,2026-01-28T18:45:30.983898,03 00 03 00 8F 3B 8D 48,03000300,0.000000
8408,0,0x10F,STD,8,2026-01-28T18:45:31.029907,03 00 03 00 5A 1E 46 3D,03000300,0.000000
8409,0,0x110,STD,8,2026-01-28T18:45:31.053913,03 00 03 00 48 05 99 48,03000300,0.000000
8410,0,0x10F,STD,8,2026-01-28T18:45:31.110926,03 00 03 00 B2 2E 45 3D,03000300,0.000000
8411,0,0x110,STD,8,2026-01-28T18:45:31.134932,03 00 03 00 19 BA 74 48,03000300,0.000000
8412,0,0x10F,STD,8,2026-01-28T18:45:31.191284,03 00 03 00 C7 4F 82 3D,03000300,0.000000
8413,0,0x110,STD,8,2026-01-28T18:45:31.214793,03 00 03 00 0F C6 8A 48,03000300,0.000000
8414,0,0x10F,STD,8,2026-01-28T18:45:31.271483,03 00 03 00 33 F3 56 3D,03000300,0.000000
8415,0,0x110,STD,8,2026-01-28T18:45:31.295488,03 00 03 00 28 D9 4A 48,03000300,0.000000
8416,0,0x10F,STD,8,2026-01-28T18:45:31.351779,03 00 03 00 1C C2 9C 3D,03000300,0.000000
8417,0,0x110,STD,8,2026-01-28T18:45:31.375784,03 00 03 00 CD DE 65 48,03000300,0.000000
8418,0,0x10F,STD,8,2026-01-28T18:45:31.431416,03 00 03 00 46 3A 91 3D,03000300,0.000000
8419,0,0x110,STD,8,2026-01-28T18:45:31.455423,03 00 03 00 D7 31 7D 48,03000300,0.000000
8420,0,0x110,STD,8,2026-01-28T18:45:31.479428,03 00 01 00 00 00 00 00,03000100,0.000000
8421,0,0x110,STD,8,2026-01-28T18:45:31.479428,03 00 01 00 00 00 00 00,03000100,0.000000
8422,0,0x10F,STD,8,2026-01-28T18:45:31.479428,03 00 02 00 59 FF 29 41,03000200,0.000000
8423,0,0x110,STD,8,2026-01-28T18:45:31.479428,03 00 02 00 59 FF 29 41,03000200,0.000000
8424,0,0x10F,STD,8,2026-01-28T18:45:31.513974,03 00 03 00 B0 15 84 3D,03000300,0.000000
8425,0,0x110,STD,8,2026-01-28T18:45:31.537981,03 00 03 00 46 D3 35 48,03000300,0.000000
8426,0,0x10F,STD,8,2026-01-28T18:45:31.594283,03 00 03 00 22 CB 6E 3D,03000300,0.000000
8427,0,0x110,STD,8,2026-01-28T18:45:31.618289,03 00 03 00 43 CF 5A 48,03000300,0.000000
8428,0,0x10F,STD,8,2026-01-28T18:45:31.675302,03 00 03 00 96 8C 6B 3D,03000300,0.000000
8429,0,0x110,STD,8,2026-01-28T18:45:31.699286,03 00 03 00 4A 4B 61 48,03000300,0.000000
8430,0,0x10F,STD,8,2026-01-28T18:45:31.756298,03 00 03 00 96 08 8B 3D,03000300,0.000000
8431,0,0x110,STD,8,2026-01-28T18:45:31.780267,03 00 03 00 24 BD DA 47,03000300,0.000000
8432,0,0x10F,STD,8,2026-01-28T18:45:31.837281,03 00 03 00 31 10 55 3D,03000300,0.000000
8433,0,0x110,STD,8,2026-01-28T18:45:31.861287,03 00 03 00 EC 20 C3 47,03000300,0.000000
8434,0,0x10F,STD,8,2026-01-28T18:45:31.918299,03 00 03 00 FC 8A B3 3D,03000300,0.000000
8435,0,0x110,STD,8,2026-01-28T18:45:31.931302,03 00 03 00 F2 2D AC 47,03000300,0.000000
8436,0,0x10F,STD,8,2026-01-28T18:45:31.987913,03 00 03 00 1B 4D 9B 3D,03000300,0.000000
8437,0,0x110,STD,8,2026-01-28T18:45:32.011918,03 00 03 00 FE CB 4A 48,03000300,0.000000
8438,0,0x10F,STD,8,2026-01-28T18:45:32.068275,03 00 03 00 24 FC 84 3D,03000300,0.000000
8439,0,0x110,STD,8,2026-01-28T18:45:32.092280,03 00 03 00 15 EE BF 47,03000300,0.000000
8440,0,0x10F,STD,8,2026-01-28T18:45:32.149293,03 00 03 00 A2 C8 92 3D,03000300,0.000000
8441,0,0x110,STD,8,2026-01-28T18:45:32.173298,03 00 03 00 73 3C 83 48,03000300,0.000000
8442,0,0x10F,STD,8,2026-01-28T18:45:32.230311,03 00 03 00 8F 82 3C 3D,03000300,0.000000
8443,0,0x110,STD,8,2026-01-28T18:45:32.254317,03 00 03 00 1A 24 BF 48,03000300,0.000000
8444,0,0x10F,STD,8,2026-01-28T18:45:32.311330,03 00 03 00 B1 23 89 3D,03000300,0.000000
8445,0,0x110,STD,8,2026-01-28T18:45:32.335335,03 00 03 00 4F 11 2E 48,03000300,0.000000
8446,0,0x10F,STD,8,2026-01-28T18:45:32.387347,03 00 03 00 75 B0 39 3D,03000300,0.000000
8447,0,0x110,STD,8,2026-01-28T18:45:32.411352,03 00 03 00 3A 45 24 48,03000300,0.000000
8448,0,0x10F,STD,8,2026-01-28T18:45:32.468365,03 00 03 00 D0 CC 87 3D,03000300,0.000000
8449,0,0x110,STD,8,2026-01-28T18:45:32.492371,03 00 03 00 33 7E C7 47,03000300,0.000000
8450,0,0x10F,STD,8,2026-01-28T18:45:32.538381,03 00 01 00 00 00 00 00,03000100,0.000000
8451,0,0x110,STD,8,2026-01-28T18:45:32.538381,03 00 01 00 00 00 00 00,03000100,0.000000
8452,0,0x10F,STD,8,2026-01-28T18:45:32.538381,03 00 02 00 D0 F6 36 41,03000200,0.000000
8453,0,0x110,STD,8,2026-01-28T18:45:32.538381,03 00 02 00 D0 F6 36 41,03000200,0.000000
8454,0,0x10F,STD,8,2026-01-28T18:45:32.551384,03 00 03 00 73 45 7C 3D,03000300,0.000000
8455,0,0x110,STD,8,2026-01-28T18:45:32.575389,03 00 03 00 17 CC 87 48,03000300,0.000000
8456,0,0x10F,STD,8,2026-01-28T18:45:32.632402,03 00 03 00 2C B0 61 3D,03000300,0.000000
8457,0,0x110,STD,8,2026-01-28T18:45:32.656407,03 00 03 00 D2 64 11 48,03000300,0.000000
8458,0,0x10F,STD,8,2026-01-28T18:45:32.712922,03 00 03 00 3D 95 92 3D,03000300,0.000000
8459,0,0x110,STD,8,2026-01-28T18:45:32.736929,03 00 03 00 AE 33 4B 48,03000300,0.000000
8460,0,0x10F,STD,8,2026-01-28T18:45:32.782939,03 00 03 00 D0 DC 36 3D,03000300,0.000000
8461,0,0x110,STD,8,2026-01-28T18:45:32.817265,03 00 03 00 CF 09 A0 48,03000300,0.000000
8462,0,0x10F,STD,8,2026-01-28T18:45:32.874278,03 00 03 00 FF A7 75 3D,03000300,0.000000
8463,0,0x110,STD,8,2026-01-28T18:45:32.887281,03 00 03 00 64 88 04 48,03000300,0.000000
8464,0,0x10F,STD,8,2026-01-28T18:45:32.954800,03 00 03 00 32 AD 1B 3D,03000300,0.000000
8465,0,0x110,STD,8,2026-01-28T18:45:32.967803,03 00 03 00 ED 44 5F 48,03000300,0.000000
8466,0,0x10F,STD,8,2026-01-28T18:45:33.024815,03 00 03 00 76 33 42 3D,03000300,0.000000
8467,0,0x110,STD,8,2026-01-28T18:45:33.048821,03 00 03 00 D7 1D 21 48,03000300,0.000000
8468,0,0x10F,STD,8,2026-01-28T18:45:33.105834,03 00 03 00 67 03 3A 3D,03000300,0.000000
8469,0,0x110,STD,8,2026-01-28T18:45:33.129839,03 00 03 00 AA 4A B6 48,03000300,0.000000
8470,0,0x10F,STD,8,2026-01-28T18:45:33.186354,03 00 03 00 F2 B6 0E 3D,03000300,0.000000
8471,0,0x110,STD,8,2026-01-28T18:45:33.210359,03 00 03 00 12 5D 97 48,03000300,0.000000
8472,0,0x10F,STD,8,2026-01-28T18:45:33.267372,03 00 03 00 81 04 45 3D,03000300,0.000000
8473,0,0x110,STD,8,2026-01-28T18:45:33.291378,03 00 03 00 3C 0A C9 47,03000300,0.000000
8474,0,0x10F,STD,8,2026-01-28T18:45:33.348390,03 00 03 00 ED 7E 32 3D,03000300,0.000000
8475,0,0x110,STD,8,2026-01-28T18:45:33.372396,03 00 03 00 A6 1F 35 48,03000300,0.000000
8476,0,0x10F,STD,8,2026-01-28T18:45:33.428227,03 00 03 00 72 60 5D 3D,03000300,0.000000
8477,0,0x110,STD,8,2026-01-28T18:45:33.451785,03 00 03 00 F4 84 07 48,03000300,0.000000
8478,0,0x10F,STD,8,2026-01-28T18:45:33.508798,03 00 03 00 D7 57 3E 3D,03000300,0.000000
8479,0,0x110,STD,8,2026-01-28T18:45:33.532804,03 00 03 00 77 5A B0 47,03000300,0.000000
8480,0,0x10F,STD,8,2026-01-28T18:45:33.589698,03 00 03 00 BE B7 63 3D,03000300,0.000000
8481,0,0x10F,STD,8,2026-01-28T18:45:33.589698,03 00 01 00 00 00 00 00,03000100,0.000000
8482,0,0x10F,STD,8,2026-01-28T18:45:33.589698,03 00 02 00 FE 11 40 41,03000200,0.000000
8483,0,0x110,STD,8,2026-01-28T18:45:33.589698,03 00 02 00 FE 11 40 41,03000200,0.000000
8484,0,0x10F,STD,8,2026-01-28T18:45:33.589698,03 00 01 00 00 00 00 00,03000100,0.000000
8485,0,0x110,STD,8,2026-01-28T18:45:33.613530,03 00 03 00 38 E7 CC 47,03000300,0.000000
8486,0,0x10F,STD,8,2026-01-28T18:45:33.670544,03 00 03 00 61 BE 38 3D,03000300,0.000000
8487,0,0x110,STD,8,2026-01-28T18:45:33.694549,03 00 03 00 FC FC 18 48,03000300,0.000000
8488,0,0x10F,STD,8,2026-01-28T18:45:33.751562,03 00 03 00 7C 87 48 3D,03000300,0.000000
8489,0,0x110,STD,8,2026-01-28T18:45:33.764565,03 00 03 00 96 F6 DE 47,03000300,0.000000
8490,0,0x10F,STD,8,2026-01-28T18:45:33.821578,03 00 03 00 4E AA 61 3D,03000300,0.000000
8491,0,0x110,STD,8,2026-01-28T18:45:33.845583,03 00 03 00 DA 26 E3 47,03000300,0.000000
8492,0,0x10F,STD,8,2026-01-28T18:45:33.901699,03 00 03 00 3E 76 E4 3C,03000300,0.000000
8493,0,0x110,STD,8,2026-01-28T18:45:33.925704,03 00 03 00 42 C7 33 48,03000300,0.000000
8494,0,0x10F,STD,8,2026-01-28T18:45:33.986717,03 00 03 00 7C 00 5D 3D,03000300,0.000000
8495,0,0x110,STD,8,2026-01-28T18:45:34.010723,03 00 03 00 49 B0 8E 48,03000300,0.000000
8496,0,0x10F,STD,8,2026-01-28T18:45:34.067341,03 00 03 00 94 EE 0D 3D,03000300,0.000000
8497,0,0x110,STD,8,2026-01-28T18:45:34.091226,03 00 03 00 60 CD 1C 48,03000300,0.000000
8498,0,0x10F,STD,8,2026-01-28T18:45:34.148240,03 00 03 00 12 CD 46 3D,03000300,0.000000
8499,0,0x110,STD,8,2026-01-28T18:45:34.172245,03 00 03 00 C5 EB CD 48,03000300,0.000000
8500,0,0x10F,STD,8,2026-01-28T18:45:34.218255,03 00 03 00 09 30 7D 3D,03000300,0.000000
8501,0,0x110,STD,8,2026-01-28T18:45:34.242260,03 00 03 00 48 07 C1 48,03000300,0.000000
8502,0,0x10F,STD,8,2026-01-28T18:45:34.299273,03 00 03 00 86 0E 2A 3D,03000300,0.000000
8503,0,0x110,STD,8,2026-01-28T18:45:34.323279,03 00 03 00 20 83 25 48,03000300,0.000000
8504,0,0x10F,STD,8,2026-01-28T18:45:34.380292,03 00 03 00 E5 20 92 3D,03000300,0.000000
8505,0,0x110,STD,8,2026-01-28T18:45:34.404296,03 00 03 00 06 15 9A 48,03000300,0.000000
8506,0,0x10F,STD,8,2026-01-28T18:45:34.461310,03 00 03 00 01 AC 4F 3D,03000300,0.000000
8507,0,0x110,STD,8,2026-01-28T18:45:34.485315,03 00 03 00 7F D6 8D 48,03000300,0.000000
8508,0,0x10F,STD,8,2026-01-28T18:45:34.542328,03 00 03 00 AB 07 58 3D,03000300,0.000000
8509,0,0x110,STD,8,2026-01-28T18:45:34.566333,03 00 03 00 CD 4B 97 48,03000300,0.000000
8510,0,0x10F,STD,8,2026-01-28T18:45:34.623346,03 00 03 00 88 3A 28 3D,03000300,0.000000
8511,0,0x110,STD,8,2026-01-28T18:45:34.636349,03 00 01 00 00 00 00 00,03000100,0.000000
8512,0,0x10F,STD,8,2026-01-28T18:45:34.636349,03 00 01 00 00 00 00 00,03000100,0.000000
8513,0,0x110,STD,8,2026-01-28T18:45:34.636349,03 00 01 00 00 00 00 00,03000100,0.000000
8514,0,0x10F,STD,8,2026-01-28T18:45:34.636349,03 00 02 00 6B 2B 36 41,03000200,0.000000
8515,0,0x110,STD,8,2026-01-28T18:45:34.649352,03 00 03 00 9F 17 BB 48,03000300,0.000000
8516,0,0x10F,STD,8,2026-01-28T18:45:34.706365,03 00 03 00 C3 62 28 3D,03000300,0.000000
8517,0,0x110,STD,8,2026-01-28T18:45:34.730370,03 00 03 00 B4 9A AF 48,03000300,0.000000
8518,0,0x10F,STD,8,2026-01-28T18:45:34.776381,03 00 03 00 30 37 37 3D,03000300,0.000000
8519,0,0x110,STD,8,2026-01-28T18:45:34.800386,03 00 03 00 09 39 DC 48,03000300,0.000000
8520,0,0x10F,STD,8,2026-01-28T18:45:34.857399,03 00 03 00 20 D8 DA 3C,03000300,0.000000
8521,0,0x110,STD,8,2026-01-28T18:45:34.881404,03 00 03 00 E6 95 94 48,03000300,0.000000
8522,0,0x10F,STD,8,2026-01-28T18:45:34.938417,03 00 03 00 7C A5 5F 3D,03000300,0.000000
8523,0,0x110,STD,8,2026-01-28T18:45:34.962423,03 00 03 00 99 10 2B 48,03000300,0.000000
8524,0,0x10F,STD,8,2026-01-28T18:45:35.019436,03 00 03 00 08 7D 0A 3D,03000300,0.000000
8525,0,0x110,STD,8,2026-01-28T18:45:35.043441,03 00 03 00 C3 AB 96 48,03000300,0.000000
8526,0,0x10F,STD,8,2026-01-28T18:45:35.100454,03 00 03 00 F1 DC 5B 3D,03000300,0.000000
8527,0,0x110,STD,8,2026-01-28T18:45:35.124459,03 00 03 00 CA 74 51 48,03000300,0.000000
8528,0,0x10F,STD,8,2026-01-28T18:45:35.181472,03 00 03 00 8C 0C 62 3D,03000300,0.000000
8529,0,0x110,STD,8,2026-01-28T18:45:35.205477,03 00 03 00 E8 08 19 48,03000300,0.000000
8530,0,0x10F,STD,8,2026-01-28T18:45:35.262490,03 00 03 00 36 1C 48 3D,03000300,0.000000
8531,0,0x110,STD,8,2026-01-28T18:45:35.286496,03 00 03 00 C3 E8 69 48,03000300,0.000000
8532,0,0x10F,STD,8,2026-01-28T18:45:35.343508,03 00 03 00 2F 56 A8 3D,03000300,0.000000
8533,0,0x110,STD,8,2026-01-28T18:45:35.367514,03 00 03 00 DD D1 23 48,03000300,0.000000
8534,0,0x10F,STD,8,2026-01-28T18:45:35.424526,03 00 03 00 23 F2 55 3D,03000300,0.000000
8535,0,0x110,STD,8,2026-01-28T18:45:35.448035,03 00 03 00 9B BB D7 47,03000300,0.000000
8536,0,0x10F,STD,8,2026-01-28T18:45:35.494045,03 00 03 00 EB 91 91 3D,03000300,0.000000
8537,0,0x110,STD,8,2026-01-28T18:45:35.529054,03 00 03 00 62 F1 50 48,03000300,0.000000
8538,0,0x10F,STD,8,2026-01-28T18:45:35.575064,03 00 03 00 2B A3 9E 3D,03000300,0.000000
8539,0,0x110,STD,8,2026-01-28T18:45:35.599069,03 00 03 00 2D A1 35 48,03000300,0.000000
8540,0,0x10F,STD,8,2026-01-28T18:45:35.656081,03 00 03 00 A0 5E 58 3D,03000300,0.000000
8541,0,0x110,STD,8,2026-01-28T18:45:35.680087,03 00 02 00 6B 2B 36 41,03000200,0.000000
8542,0,0x110,STD,8,2026-01-28T18:45:35.680087,03 00 02 00 CA FD 49 41,03000200,0.000000
8543,0,0x10F,STD,8,2026-01-28T18:45:35.680087,03 00 01 00 00 00 00 00,03000100,0.000000
8544,0,0x110,STD,8,2026-01-28T18:45:35.680087,03 00 01 00 00 00 00 00,03000100,0.000000
8545,0,0x110,STD,8,2026-01-28T18:45:35.680087,03 00 01 00 00 00 00 00,03000100,0.000000
8546,0,0x10F,STD,8,2026-01-28T18:45:35.736171,03 00 03 00 EB 6C 72 3D,03000300,0.000000
8547,0,0x110,STD,8,2026-01-28T18:45:35.760176,03 00 03 00 72 3E AF 47,03000300,0.000000
8548,0,0x10F,STD,8,2026-01-28T18:45:35.817189,03 00 03 00 95 96 5D 3D,03000300,0.000000
8549,0,0x110,STD,8,2026-01-28T18:45:35.841195,03 00 03 00 76 CD 30 48,03000300,0.000000
8550,0,0x10F,STD,8,2026-01-28T18:45:35.898208,03 00 03 00 8C AC 6F 3D,03000300,0.000000
8551,0,0x110,STD,8,2026-01-28T18:45:35.922213,03 00 03 00 F0 8A 7A 48,03000300,0.000000
8552,0,0x10F,STD,8,2026-01-28T18:45:35.979226,03 00 03 00 13 5A 26 3D,03000300,0.000000
8553,0,0x110,STD,8,2026-01-28T18:45:36.003231,03 00 03 00 4F F8 85 48,03000300,0.000000
8554,0,0x10F,STD,8,2026-01-28T18:45:36.060244,03 00 03 00 0F BC 46 3D,03000300,0.000000
8555,0,0x110,STD,8,2026-01-28T18:45:36.084250,03 00 03 00 F8 34 3E 48,03000300,0.000000
8556,0,0x10F,STD,8,2026-01-28T18:45:36.141262,03 00 03 00 CA 25 0B 3D,03000300,0.000000
8557,0,0x110,STD,8,2026-01-28T18:45:36.165269,03 00 03 00 4F 47 4E 48,03000300,0.000000
8558,0,0x10F,STD,8,2026-01-28T18:45:36.211277,03 00 03 00 B1 71 40 3D,03000300,0.000000
8559,0,0x110,STD,8,2026-01-28T18:45:36.235283,03 00 03 00 D0 F9 16 48,03000300,0.000000
8560,0,0x10F,STD,8,2026-01-28T18:45:36.303299,03 00 03 00 39 C7 35 3D,03000300,0.000000
8561,0,0x110,STD,8,2026-01-28T18:45:36.316302,03 00 03 00 3D 4E A9 48,03000300,0.000000
8562,0,0x10F,STD,8,2026-01-28T18:45:36.380316,03 00 03 00 3A 41 F6 3C,03000300,0.000000
8563,0,0x110,STD,8,2026-01-28T18:45:36.403870,03 00 03 00 36 91 9F 48,03000300,0.000000
8564,0,0x10F,STD,8,2026-01-28T18:45:36.460387,03 00 03 00 7D 78 64 3D,03000300,0.000000
8565,0,0x110,STD,8,2026-01-28T18:45:36.484392,03 00 03 00 F6 D7 50 48,03000300,0.000000
8566,0,0x10F,STD,8,2026-01-28T18:45:36.530402,03 00 03 00 5C 14 0D 3D,03000300,0.000000
8567,0,0x110,STD,8,2026-01-28T18:45:36.564915,03 00 03 00 5E EF 80 48,03000300,0.000000
8568,0,0x10F,STD,8,2026-01-28T18:45:36.610613,03 00 03 00 E1 B0 E2 3C,03000300,0.000000
8569,0,0x110,STD,8,2026-01-28T18:45:36.634122,03 00 03 00 A9 AB 42 48,03000300,0.000000
8570,0,0x10F,STD,8,2026-01-28T18:45:36.691136,03 00 03 00 40 1E 24 3D,03000300,0.000000
8571,0,0x110,STD,8,2026-01-28T18:45:36.715141,03 00 03 00 93 FE 35 48,03000300,0.000000
8572,0,0x10F,STD,8,2026-01-28T18:45:36.717141,03 00 02 00 CA FD 49 41,03000200,0.000000
8573,0,0x10F,STD,8,2026-01-28T18:45:36.717141,03 00 01 00 00 00 00 00,03000100,0.000000
8574,0,0x110,STD,8,2026-01-28T18:45:36.729648,03 00 01 00 00 00 00 00,03000100,0.000000
8575,0,0x10F,STD,8,2026-01-28T18:45:36.729648,03 00 02 00 1C 9D 3E 41,03000200,0.000000
8576,0,0x10F,STD,8,2026-01-28T18:45:36.775659,03 00 03 00 36 70 B4 3C,03000300,0.000000
8577,0,0x110,STD,8,2026-01-28T18:45:36.799663,03 00 03 00 D9 F5 0E 48,03000300,0.000000
8578,0,0x10F,STD,8,2026-01-28T18:45:36.856676,03 00 03 00 A6 B4 F2 3C,03000300,0.000000
8579,0,0x110,STD,8,2026-01-28T18:45:36.880682,03 00 03 00 4E D2 2F 48,03000300,0.000000
8580,0,0x10F,STD,8,2026-01-28T18:45:36.937695,03 00 03 00 FA 7D 96 3C,03000300,0.000000
8581,0,0x110,STD,8,2026-01-28T18:45:36.962836,03 00 03 00 6A 72 A7 48,03000300,0.000000
8582,0,0x10F,STD,8,2026-01-28T18:45:37.008846,03 00 03 00 D6 BB CA 3C,03000300,0.000000
8583,0,0x110,STD,8,2026-01-28T18:45:37.032852,03 00 03 00 0F F3 85 48,03000300,0.000000
8584,0,0x10F,STD,8,2026-01-28T18:45:37.089543,03 00 03 00 30 47 F0 3C,03000300,0.000000
8585,0,0x110,STD,8,2026-01-28T18:45:37.113549,03 00 03 00 90 61 EF 48,03000300,0.000000
8586,0,0x10F,STD,8,2026-01-28T18:45:37.170561,03 00 03 00 30 70 12 3D,03000300,0.000000
8587,0,0x110,STD,8,2026-01-28T18:45:37.194567,03 00 03 00 33 22 A2 48,03000300,0.000000
8588,0,0x10F,STD,8,2026-01-28T18:45:37.251580,03 00 03 00 81 4D 10 3D,03000300,0.000000
8589,0,0x110,STD,8,2026-01-28T18:45:37.275585,03 00 03 00 7D BD 3C 48,03000300,0.000000
8590,0,0x10F,STD,8,2026-01-28T18:45:37.332598,03 00 03 00 AE 6D E2 3C,03000300,0.000000
8591,0,0x110,STD,8,2026-01-28T18:45:37.356603,03 00 03 00 C5 E6 AD 48,03000300,0.000000
8592,0,0x10F,STD,8,2026-01-28T18:45:37.413616,03 00 03 00 5A 74 59 3D,03000300,0.000000
8593,0,0x110,STD,8,2026-01-28T18:45:37.437622,03 00 03 00 75 58 AF 48,03000300,0.000000
8594,0,0x10F,STD,8,2026-01-28T18:45:37.493821,03 00 03 00 07 C9 D7 3C,03000300,0.000000
8595,0,0x110,STD,8,2026-01-28T18:45:37.517826,03 00 03 00 C6 44 8C 48,03000300,0.000000
8596,0,0x10F,STD,8,2026-01-28T18:45:37.574839,03 00 03 00 D1 CC 7D 3D,03000300,0.000000
8597,0,0x110,STD,8,2026-01-28T18:45:37.598844,03 00 03 00 C6 4D 6B 48,03000300,0.000000
8598,0,0x10F,STD,8,2026-01-28T18:45:37.655857,03 00 03 00 48 FC 7A 3D,03000300,0.000000
8599,0,0x110,STD,8,2026-01-28T18:45:37.679863,03 00 03 00 C2 22 63 48,03000300,0.000000
8600,0,0x10F,STD,8,2026-01-28T18:45:37.725873,03 00 03 00 57 8D 81 3D,03000300,0.000000
8601,0,0x110,STD,8,2026-01-28T18:45:37.749878,03 00 03 00 8F 34 50 48,03000300,0.000000
8602,0,0x110,STD,8,2026-01-28T18:45:37.773884,03 00 02 00 1C 9D 3E 41,03000200,0.000000
8603,0,0x10F,STD,8,2026-01-28T18:45:37.773884,03 00 02 00 C8 00 38 41,03000200,0.000000
8604,0,0x110,STD,8,2026-01-28T18:45:37.773884,03 00 02 00 C8 00 38 41,03000200,0.000000
8605,0,0x10F,STD,8,2026-01-28T18:45:37.773884,03 00 01 00 00 00 00 00,03000100,0.000000
8606,0,0x10F,STD,8,2026-01-28T18:45:37.808892,03 00 03 00 50 F2 9C 3D,03000300,0.000000
8607,0,0x110,STD,8,2026-01-28T18:45:37.832897,03 00 03 00 D5 A8 6D 48,03000300,0.000000
8608,0,0x10F,STD,8,2026-01-28T18:45:37.889910,03 00 03 00 10 E2 50 3D,03000300,0.000000
8609,0,0x110,STD,8,2026-01-28T18:45:37.913915,03 00 03 00 BA A1 18 48,03000300,0.000000
8610,0,0x10F,STD,8,2026-01-28T18:45:37.970928,03 00 03 00 06 95 77 3D,03000300,0.000000
8611,0,0x110,STD,8,2026-01-28T18:45:37.994934,03 00 03 00 9F D2 29 48,03000300,0.000000
8612,0,0x10F,STD,8,2026-01-28T18:45:38.051947,03 00 03 00 D0 67 39 3D,03000300,0.000000
8613,0,0x110,STD,8,2026-01-28T18:45:38.075952,03 00 03 00 2F 80 89 48,03000300,0.000000
8614,0,0x10F,STD,8,2026-01-28T18:45:38.132965,03 00 03 00 25 E7 66 3D,03000300,0.000000
8615,0,0x110,STD,8,2026-01-28T18:45:38.156508,03 00 03 00 82 D9 0A 48,03000300,0.000000
8616,0,0x10F,STD,8,2026-01-28T18:45:38.213521,03 00 03 00 25 74 4D 3D,03000300,0.000000
8617,0,0x110,STD,8,2026-01-28T18:45:38.237089,03 00 03 00 D1 18 42 47,03000300,0.000000
8618,0,0x10F,STD,8,2026-01-28T18:45:38.283099,03 00 03 00 9C CF 3F 3D,03000300,0.000000
8619,0,0x110,STD,8,2026-01-28T18:45:38.307105,03 00 03 00 E5 33 5B 48,03000300,0.000000
8620,0,0x10F,STD,8,2026-01-28T18:45:38.371119,03 00 03 00 04 53 56 3D,03000300,0.000000
8621,0,0x110,STD,8,2026-01-28T18:45:38.395124,03 00 03 00 A7 E9 B2 48,03000300,0.000000
8622,0,0x10F,STD,8,2026-01-28T18:45:38.452137,03 00 03 00 2C 54 2A 3D,03000300,0.000000
8623,0,0x110,STD,8,2026-01-28T18:45:38.475647,03 00 03 00 0C 4C 11 48,03000300,0.000000
8624,0,0x10F,STD,8,2026-01-28T18:45:38.532660,03 00 03 00 D8 9A 61 3D,03000300,0.000000
8625,0,0x110,STD,8,2026-01-28T18:45:38.556260,03 00 03 00 7F A5 95 48,03000300,0.000000
8626,0,0x10F,STD,8,2026-01-28T18:45:38.602271,03 00 03 00 C8 D8 47 3D,03000300,0.000000
8627,0,0x110,STD,8,2026-01-28T18:45:38.625940,03 00 03 00 10 4F 6C 48,03000300,0.000000
8628,0,0x10F,STD,8,2026-01-28T18:45:38.682953,03 00 03 00 6B 7F 65 3D,03000300,0.000000
8629,0,0x110,STD,8,2026-01-28T18:45:38.707201,03 00 03 00 42 C0 7F 48,03000300,0.000000
8630,0,0x10F,STD,8,2026-01-28T18:45:38.764214,03 00 03 00 D9 54 59 3D,03000300,0.000000
8631,0,0x110,STD,8,2026-01-28T18:45:38.788219,03 00 03 00 DE D7 C7 48,03000300,0.000000
8632,0,0x110,STD,8,2026-01-28T18:45:38.834062,03 00 01 00 00 00 00 00,03000100,0.000000
8633,0,0x10F,STD,8,2026-01-28T18:45:38.834062,03 00 02 00 DF 95 37 41,03000200,0.000000
8634,0,0x110,STD,8,2026-01-28T18:45:38.834062,03 00 02 00 DF 95 37 41,03000200,0.000000
8635,0,0x10F,STD,8,2026-01-28T18:45:38.834062,03 00 01 00 00 00 00 00,03000100,0.000000
8636,0,0x10F,STD,8,2026-01-28T18:45:38.847067,03 00 03 00 8A 5F 61 3D,03000300,0.000000
8637,0,0x110,STD,8,2026-01-28T18:45:38.871065,03 00 03 00 FA 89 06 49,03000300,0.000000
8638,0,0x10F,STD,8,2026-01-28T18:45:38.927726,03 00 03 00 65 BB 96 3D,03000300,0.000000
8639,0,0x110,STD,8,2026-01-28T18:45:38.951731,03 00 03 00 C0 8C 0B 49,03000300,0.000000
8640,0,0x10F,STD,8,2026-01-28T18:45:39.008744,03 00 03 00 13 89 6A 3D,03000300,0.000000
8641,0,0x110,STD,8,2026-01-28T18:45:39.032749,03 00 03 00 04 83 D3 48,03000300,0.000000
8642,0,0x10F,STD,8,2026-01-28T18:45:39.089762,03 00 03 00 B5 85 95 3D,03000300,0.000000
8643,0,0x110,STD,8,2026-01-28T18:45:39.113767,03 00 03 00 D6 78 91 48,03000300,0.000000
8644,0,0x10F,STD,8,2026-01-28T18:45:39.170283,03 00 03 00 CF 8F 8F 3D,03000300,0.000000
8645,0,0x110,STD,8,2026-01-28T18:45:39.194288,03 00 03 00 5A 08 6B 48,03000300,0.000000
8646,0,0x10F,STD,8,2026-01-28T18:45:39.240299,03 00 03 00 94 74 74 3D,03000300,0.000000
8647,0,0x110,STD,8,2026-01-28T18:45:39.264304,03 00 03 00 88 06 A7 48,03000300,0.000000
8648,0,0x10F,STD,8,2026-01-28T18:45:39.332319,03 00 03 00 13 29 66 3D,03000300,0.000000
8649,0,0x110,STD,8,2026-01-28T18:45:39.345322,03 00 03 00 9D 85 79 48,03000300,0.000000
8650,0,0x10F,STD,8,2026-01-28T18:45:39.402335,03 00 03 00 50 1B 60 3D,03000300,0.000000
8651,0,0x110,STD,8,2026-01-28T18:45:39.426341,03 00 03 00 D2 BD F5 47,03000300,0.000000
8652,0,0x10F,STD,8,2026-01-28T18:45:39.483353,03 00 03 00 CB 6D 3B 3D,03000300,0.000000
8653,0,0x110,STD,8,2026-01-28T18:45:39.507359,03 00 03 00 39 EC BE 47,03000300,0.000000
8654,0,0x10F,STD,8,2026-01-28T18:45:39.564373,03 00 03 00 79 34 C9 3C,03000300,0.000000
8655,0,0x110,STD,8,2026-01-28T18:45:39.588379,03 00 03 00 E8 15 1C 48,03000300,0.000000
8656,0,0x10F,STD,8,2026-01-28T18:45:39.645392,03 00 03 00 BA F6 1F 3D,03000300,0.000000
8657,0,0x110,STD,8,2026-01-28T18:45:39.669397,03 00 03 00 98 21 72 48,03000300,0.000000
8658,0,0x10F,STD,8,2026-01-28T18:45:39.726410,03 00 03 00 AE 7D F5 3C,03000300,0.000000
8659,0,0x110,STD,8,2026-01-28T18:45:39.750416,03 00 03 00 31 71 28 48,03000300,0.000000
8660,0,0x10F,STD,8,2026-01-28T18:45:39.807428,03 00 03 00 34 35 69 3D,03000300,0.000000
8661,0,0x110,STD,8,2026-01-28T18:45:39.831434,03 00 03 00 70 D4 E8 47,03000300,0.000000
8662,0,0x110,STD,8,2026-01-28T18:45:39.866442,03 00 01 00 00 00 00 00,03000100,0.000000
8663,0,0x10F,STD,8,2026-01-28T18:45:39.866442,03 00 01 00 00 00 00 00,03000100,0.000000
8664,0,0x110,STD,8,2026-01-28T18:45:39.866442,03 00 01 00 00 00 00 00,03000100,0.000000
8665,0,0x10F,STD,8,2026-01-28T18:45:39.866442,03 00 02 00 20 A2 33 41,03000200,0.000000
8666,0,0x10F,STD,8,2026-01-28T18:45:39.879445,03 00 03 00 E5 02 88 3D,03000300,0.000000
8667,0,0x110,STD,8,2026-01-28T18:45:39.903450,03 00 03 00 D7 42 84 47,03000300,0.000000
8668,0,0x10F,STD,8,2026-01-28T18:45:39.963464,03 00 03 00 5C 11 74 3D,03000300,0.000000
8669,0,0x110,STD,8,2026-01-28T18:45:39.988469,03 00 03 00 3C 78 84 48,03000300,0.000000
8670,0,0x10F,STD,8,2026-01-28T18:45:40.045482,03 00 03 00 C9 C1 9A 3D,03000300,0.000000
8671,0,0x110,STD,8,2026-01-28T18:45:40.069488,03 00 03 00 BA 65 A8 48,03000300,0.000000
8672,0,0x10F,STD,8,2026-01-28T18:45:40.126500,03 00 03 00 FD 22 76 3D,03000300,0.000000
8673,0,0x110,STD,8,2026-01-28T18:45:40.150506,03 00 03 00 3F C5 5B 48,03000300,0.000000
8674,0,0x10F,STD,8,2026-01-28T18:45:40.196516,03 00 03 00 10 B1 87 3D,03000300,0.000000
8675,0,0x110,STD,8,2026-01-28T18:45:40.220522,03 00 03 00 18 3E 23 48,03000300,0.000000
8676,0,0x10F,STD,8,2026-01-28T18:45:40.277534,03 00 03 00 5B 8C 64 3D,03000300,0.000000
8677,0,0x110,STD,8,2026-01-28T18:45:40.301540,03 00 03 00 DB E1 0C 47,03000300,0.000000
8678,0,0x10F,STD,8,2026-01-28T18:45:40.358553,03 00 03 00 52 4A 1A 3D,03000300,0.000000
8679,0,0x110,STD,8,2026-01-28T18:45:40.382557,03 00 03 00 8C AA B1 47,03000300,0.000000
8680,0,0x10F,STD,8,2026-01-28T18:45:40.439571,03 00 03 00 23 99 29 3D,03000300,0.000000
8681,0,0x110,STD,8,2026-01-28T18:45:40.463576,03 00 03 00 19 D2 53 48,03000300,0.000000
8682,0,0x10F,STD,8,2026-01-28T18:45:40.520589,03 00 03 00 6A 74 F2 3C,03000300,0.000000
8683,0,0x110,STD,8,2026-01-28T18:45:40.544594,03 00 03 00 D5 F2 CF 47,03000300,0.000000
8684,0,0x10F,STD,8,2026-01-28T18:45:40.601607,03 00 03 00 62 CE 6F 3D,03000300,0.000000
8685,0,0x110,STD,8,2026-01-28T18:45:40.624648,03 00 03 00 EC 5E 21 48,03000300,0.000000
8686,0,0x10F,STD,8,2026-01-28T18:45:40.681660,03 00 03 00 E8 35 5D 3D,03000300,0.000000
8687,0,0x110,STD,8,2026-01-28T18:45:40.705666,03 00 03 00 0E FE 23 48,03000300,0.000000
8688,0,0x10F,STD,8,2026-01-28T18:45:40.762679,03 00 03 00 F5 AF 83 3D,03000300,0.000000
8689,0,0x110,STD,8,2026-01-28T18:45:40.786684,03 00 03 00 FE 11 50 47,03000300,0.000000
8690,0,0x10F,STD,8,2026-01-28T18:45:40.843697,03 00 03 00 21 51 97 3D,03000300,0.000000
8691,0,0x110,STD,8,2026-01-28T18:45:40.867008,03 00 03 00 70 12 1A 48,03000300,0.000000
8692,0,0x110,STD,8,2026-01-28T18:45:40.924021,03 00 02 00 20 A2 33 41,03000200,0.000000
8693,0,0x110,STD,8,2026-01-28T18:45:40.924021,03 00 02 00 20 A2 33 41,03000200,0.000000
8694,0,0x10F,STD,8,2026-01-28T18:45:40.924021,03 00 02 00 20 A2 33 41,03000200,0.000000
8695,0,0x110,STD,8,2026-01-28T18:45:40.924021,03 00 02 00 20 A2 33 41,03000200,0.000000
8696,0,0x10F,STD,8,2026-01-28T18:45:40.924021,03 00 01 00 00 00 00 00,03000100,0.000000
8697,0,0x110,STD,8,2026-01-28T18:45:40.948026,03 00 03 00 0D 82 19 48,03000300,0.000000
8698,0,0x10F,STD,8,2026-01-28T18:45:40.994037,03 00 03 00 AD 98 5A 3D,03000300,0.000000
8699,0,0x110,STD,8,2026-01-28T18:45:41.018043,03 00 03 00 7B F8 92 48,03000300,0.000000
8700,0,0x10F,STD,8,2026-01-28T18:45:41.075054,03 00 03 00 BB A2 23 3D,03000300,0.000000
8701,0,0x110,STD,8,2026-01-28T18:45:41.098548,03 00 03 00 DA B4 91 48,03000300,0.000000
8702,0,0x10F,STD,8,2026-01-28T18:45:41.156004,03 00 03 00 A6 54 70 3D,03000300,0.000000
8703,0,0x110,STD,8,2026-01-28T18:45:41.180009,03 00 03 00 60 26 73 48,03000300,0.000000
8704,0,0x10F,STD,8,2026-01-28T18:45:41.236582,03 00 03 00 5B 4E 37 3D,03000300,0.000000
8705,0,0x110,STD,8,2026-01-28T18:45:41.260587,03 00 03 00 91 01 4D 48,03000300,0.000000
8706,0,0x10F,STD,8,2026-01-28T18:45:41.317421,03 00 03 00 59 A3 56 3D,03000300,0.000000
8707,0,0x110,STD,8,2026-01-28T18:45:41.341427,03 00 03 00 7D 6D F2 47,03000300,0.000000
8708,0,0x10F,STD,8,2026-01-28T18:45:41.398439,03 00 03 00 A5 1C 32 3D,03000300,0.000000
8709,0,0x110,STD,8,2026-01-28T18:45:41.422447,03 00 03 00 6E D9 65 48,03000300,0.000000
8710,0,0x10F,STD,8,2026-01-28T18:45:41.479460,03 00 03 00 0E 8E 39 3D,03000300,0.000000
8711,0,0x110,STD,8,2026-01-28T18:45:41.503465,03 00 03 00 CF 0D A2 48,03000300,0.000000
8712,0,0x10F,STD,8,2026-01-28T18:45:41.560478,03 00 03 00 6A FD 43 3D,03000300,0.000000
8713,0,0x110,STD,8,2026-01-28T18:45:41.584483,03 00 03 00 EC 1C 3A 48,03000300,0.000000
8714,0,0x10F,STD,8,2026-01-28T18:45:41.641001,03 00 03 00 32 5B 1F 3D,03000300,0.000000
8715,0,0x110,STD,8,2026-01-28T18:45:41.665006,03 00 03 00 9E 38 C9 47,03000300,0.000000
8716,0,0x10F,STD,8,2026-01-28T18:45:41.711016,03 00 03 00 02 07 55 3D,03000300,0.000000
8717,0,0x110,STD,8,2026-01-28T18:45:41.735022,03 00 03 00 FC 77 9F 48,03000300,0.000000
8718,0,0x10F,STD,8,2026-01-28T18:45:41.791555,03 00 03 00 CB 83 17 3D,03000300,0.000000
8719,0,0x110,STD,8,2026-01-28T18:45:41.815560,03 00 03 00 2F 06 81 48,03000300,0.000000
8720,0,0x10F,STD,8,2026-01-28T18:45:41.872573,03 00 03 00 A8 3D 38 3D,03000300,0.000000
8721,0,0x110,STD,8,2026-01-28T18:45:41.896090,03 00 03 00 51 E0 5C 48,03000300,0.000000
8722,0,0x10F,STD,8,2026-01-28T18:45:41.953102,03 00 03 00 A2 36 23 3D,03000300,0.000000
8723,0,0x110,STD,8,2026-01-28T18:45:41.955103,03 00 01 00 00 00 00 00,03000100,0.000000
8724,0,0x10F,STD,8,2026-01-28T18:45:41.957103,03 00 02 00 73 AE 40 41,03000200,0.000000
8725,0,0x110,STD,8,2026-01-28T18:45:41.957103,03 00 02 00 73 AE 40 41,03000200,0.000000
8726,0,0x10F,STD,8,2026-01-28T18:45:41.957103,03 00 01 00 00 00 00 00,03000100,0.000000
8727,0,0x110,STD,8,2026-01-28T18:45:41.981109,03 00 03 00 BD CB 6A 48,03000300,0.000000
8728,0,0x10F,STD,8,2026-01-28T18:45:42.037977,03 00 03 00 57 AB D6 3C,03000300,0.000000
8729,0,0x110,STD,8,2026-01-28T18:45:42.061983,03 00 03 00 7E 8E 02 48,03000300,0.000000
8730,0,0x10F,STD,8,2026-01-28T18:45:42.118974,03 00 03 00 FA 32 06 3D,03000300,0.000000
8731,0,0x110,STD,8,2026-01-28T18:45:42.142979,03 00 03 00 F6 15 CA 47,03000300,0.000000
8732,0,0x10F,STD,8,2026-01-28T18:45:42.199992,03 00 03 00 2A 65 A2 3C,03000300,0.000000
8733,0,0x110,STD,8,2026-01-28T18:45:42.223997,03 00 03 00 7D FD 96 48,03000300,0.000000
8734,0,0x10F,STD,8,2026-01-28T18:45:42.270007,03 00 03 00 53 F5 1C 3D,03000300,0.000000
8735,0,0x110,STD,8,2026-01-28T18:45:42.294013,03 00 03 00 95 84 BB 48,03000300,0.000000
8736,0,0x10F,STD,8,2026-01-28T18:45:42.357028,03 00 03 00 B9 07 09 3D,03000300,0.000000
8737,0,0x110,STD,8,2026-01-28T18:45:42.381032,03 00 03 00 0F F0 06 48,03000300,0.000000
8738,0,0x10F,STD,8,2026-01-28T18:45:42.438045,03 00 03 00 E8 D0 28 3D,03000300,0.000000
8739,0,0x110,STD,8,2026-01-28T18:45:42.462051,03 00 03 00 D7 FC 70 48,03000300,0.000000
8740,0,0x10F,STD,8,2026-01-28T18:45:42.519064,03 00 03 00 F0 DF 3B 3D,03000300,0.000000
8741,0,0x110,STD,8,2026-01-28T18:45:42.532067,03 00 03 00 31 CF 4F 48,03000300,0.000000
8742,0,0x10F,STD,8,2026-01-28T18:45:42.589079,03 00 03 00 FF 83 23 3D,03000300,0.000000
8743,0,0x110,STD,8,2026-01-28T18:45:42.613085,03 00 03 00 45 EC 78 48,03000300,0.000000
8744,0,0x10F,STD,8,2026-01-28T18:45:42.670097,03 00 03 00 0F 52 73 3D,03000300,0.000000
8745,0,0x110,STD,8,2026-01-28T18:45:42.694103,03 00 03 00 7A 97 0C 48,03000300,0.000000
8746,0,0x10F,STD,8,2026-01-28T18:45:42.751116,03 00 03 00 5F A4 2E 3D,03000300,0.000000
8747,0,0x110,STD,8,2026-01-28T18:45:42.775121,03 00 03 00 21 B4 1C 48,03000300,0.000000
8748,0,0x10F,STD,8,2026-01-28T18:45:42.832134,03 00 03 00 4A DF 76 3D,03000300,0.000000
8749,0,0x110,STD,8,2026-01-28T18:45:42.856140,03 00 03 00 AB FD 62 48,03000300,0.000000
8750,0,0x10F,STD,8,2026-01-28T18:45:42.913152,03 00 03 00 48 EA 5D 3D,03000300,0.000000
8751,0,0x110,STD,8,2026-01-28T18:45:42.937158,03 00 03 00 DF BB A7 48,03000300,0.000000
8752,0,0x10F,STD,8,2026-01-28T18:45:42.995675,03 00 03 00 7F 51 4A 3D,03000300,0.000000
8753,0,0x110,STD,8,2026-01-28T18:45:42.995675,03 00 01 00 00 00 00 00,03000100,0.000000
8754,0,0x10F,STD,8,2026-01-28T18:45:42.995675,03 00 01 00 00 00 00 00,03000100,0.000000
8755,0,0x110,STD,8,2026-01-28T18:45:42.995675,03 00 02 00 34 F1 48 41,03000200,0.000000
8756,0,0x110,STD,8,2026-01-28T18:45:42.995675,03 00 01 00 00 00 00 00,03000100,0.000000
8757,0,0x110,STD,8,2026-01-28T18:45:43.019681,03 00 03 00 7B 3F 53 48,03000300,0.000000
8758,0,0x10F,STD,8,2026-01-28T18:45:43.076693,03 00 03 00 17 51 A3 3D,03000300,0.000000
8759,0,0x110,STD,8,2026-01-28T18:45:43.100699,03 00 03 00 49 F8 73 48,03000300,0.000000
8760,0,0x10F,STD,8,2026-01-28T18:45:43.146710,03 00 03 00 53 1D 1B 3D,03000300,0.000000
8761,0,0x110,STD,8,2026-01-28T18:45:43.170715,03 00 03 00 D9 A9 F2 48,03000300,0.000000
8762,0,0x10F,STD,8,2026-01-28T18:45:43.227728,03 00 03 00 B3 96 88 3D,03000300,0.000000
8763,0,0x110,STD,8,2026-01-28T18:45:43.251733,03 00 03 00 6B F1 AC 48,03000300,0.000000
8764,0,0x10F,STD,8,2026-01-28T18:45:43.308354,03 00 03 00 36 0A 28 3D,03000300,0.000000
8765,0,0x110,STD,8,2026-01-28T18:45:43.331929,03 00 03 00 9A C6 D7 48,03000300,0.000000
8766,0,0x10F,STD,8,2026-01-28T18:45:43.388932,03 00 03 00 3F 49 36 3D,03000300,0.000000
8767,0,0x110,STD,8,2026-01-28T18:45:43.412924,03 00 03 00 27 65 0D 49,03000300,0.000000
8768,0,0x10F,STD,8,2026-01-28T18:45:43.469932,03 00 03 00 FD 0C 8D 3D,03000300,0.000000
8769,0,0x110,STD,8,2026-01-28T18:45:43.493630,03 00 03 00 09 B9 4F 48,03000300,0.000000
8770,0,0x10F,STD,8,2026-01-28T18:45:43.550643,03 00 03 00 71 75 45 3D,03000300,0.000000
8771,0,0x110,STD,8,2026-01-28T18:45:43.574648,03 00 03 00 A3 59 E8 48,03000300,0.000000
8772,0,0x10F,STD,8,2026-01-28T18:45:43.631661,03 00 03 00 6C 1A 94 3D,03000300,0.000000
8773,0,0x110,STD,8,2026-01-28T18:45:43.655405,03 00 03 00 A9 D3 EA 48,03000300,0.000000
8774,0,0x10F,STD,8,2026-01-28T18:45:43.711997,03 00 03 00 84 5C 5D 3D,03000300,0.000000
8775,0,0x110,STD,8,2026-01-28T18:45:43.735426,03 00 03 00 76 6A 59 48,03000300,0.000000
8776,0,0x10F,STD,8,2026-01-28T18:45:43.792033,03 00 03 00 42 89 46 3D,03000300,0.000000
8777,0,0x110,STD,8,2026-01-28T18:45:43.815569,03 00 03 00 8E 16 F3 48,03000300,0.000000
8778,0,0x10F,STD,8,2026-01-28T18:45:43.872331,03 00 03 00 02 A5 3F 3D,03000300,0.000000
8779,0,0x110,STD,8,2026-01-28T18:45:43.896337,03 00 03 00 09 FB 95 48,03000300,0.000000
8780,0,0x10F,STD,8,2026-01-28T18:45:43.953350,03 00 03 00 7D D4 1B 3D,03000300,0.000000
8781,0,0x110,STD,8,2026-01-28T18:45:43.976916,03 00 03 00 1F AC A6 48,03000300,0.000000
8782,0,0x10F,STD,8,2026-01-28T18:45:44.022926,03 00 03 00 17 2A 11 3D,03000300,0.000000
8783,0,0x110,STD,8,2026-01-28T18:45:44.046931,03 00 03 00 13 4F 26 48,03000300,0.000000
8784,0,0x10F,STD,8,2026-01-28T18:45:44.048932,03 00 02 00 34 F1 48 41,03000200,0.000000
8785,0,0x110,STD,8,2026-01-28T18:45:44.050932,03 00 01 00 00 00 00 00,03000100,0.000000
8786,0,0x10F,STD,8,2026-01-28T18:45:44.052932,03 00 02 00 24 81 31 41,03000200,0.000000
8787,0,0x110,STD,8,2026-01-28T18:45:44.052932,03 00 02 00 24 81 31 41,03000200,0.000000
8788,0,0x10F,STD,8,2026-01-28T18:45:44.109946,03 00 03 00 F0 EF 1E 3D,03000300,0.000000
8789,0,0x110,STD,8,2026-01-28T18:45:44.133951,03 00 03 00 92 CA 95 48,03000300,0.000000
8790,0,0x10F,STD,8,2026-01-28T18:45:44.190964,03 00 03 00 25 9C 55 3D,03000300,0.000000
8791,0,0x110,STD,8,2026-01-28T18:45:44.214969,03 00 03 00 97 75 6C 48,03000300,0.000000
8792,0,0x10F,STD,8,2026-01-28T18:45:44.271982,03 00 03 00 DD 9C 0F 3D,03000300,0.000000
8793,0,0x110,STD,8,2026-01-28T18:45:44.295987,03 00 03 00 BF 7D 31 48,03000300,0.000000
8794,0,0x10F,STD,8,2026-01-28T18:45:44.341502,03 00 03 00 F2 B5 4F 3D,03000300,0.000000
8795,0,0x110,STD,8,2026-01-28T18:45:44.366508,03 00 03 00 70 20 E4 47,03000300,0.000000
8796,0,0x10F,STD,8,2026-01-28T18:45:44.423520,03 00 03 00 A0 94 22 3D,03000300,0.000000
8797,0,0x110,STD,8,2026-01-28T18:45:44.447526,03 00 03 00 6F 45 89 48,03000300,0.000000
8798,0,0x10F,STD,8,2026-01-28T18:45:44.504539,03 00 03 00 E2 FD 11 3D,03000300,0.000000
8799,0,0x110,STD,8,2026-01-28T18:45:44.528544,03 00 03 00 1C 45 41 48,03000300,0.000000
8800,0,0x10F,STD,8,2026-01-28T18:45:44.585558,03 00 03 00 F2 DF 1E 3D,03000300,0.000000
8801,0,0x110,STD,8,2026-01-28T18:45:44.609563,03 00 03 00 4F 57 7B 48,03000300,0.000000
8802,0,0x10F,STD,8,2026-01-28T18:45:44.666575,03 00 03 00 C2 42 E4 3C,03000300,0.000000
8803,0,0x110,STD,8,2026-01-28T18:45:44.690581,03 00 03 00 4F 22 8A 48,03000300,0.000000
8804,0,0x10F,STD,8,2026-01-28T18:45:44.747594,03 00 03 00 D7 1C 3B 3D,03000300,0.000000
8805,0,0x110,STD,8,2026-01-28T18:45:44.771599,03 00 03 00 A8 14 59 48,03000300,0.000000
8806,0,0x10F,STD,8,2026-01-28T18:45:44.828612,03 00 03 00 B0 C3 06 3D,03000300,0.000000
8807,0,0x110,STD,8,2026-01-28T18:45:44.852617,03 00 03 00 31 6B AC 48,03000300,0.000000
8808,0,0x10F,STD,8,2026-01-28T18:45:44.909630,03 00 03 00 83 6D 1A 3D,03000300,0.000000
8809,0,0x110,STD,8,2026-01-28T18:45:44.933636,03 00 03 00 49 4C BA 47,03000300,0.000000
8810,0,0x10F,STD,8,2026-01-28T18:45:44.979646,03 00 03 00 E9 66 3C 3D,03000300,0.000000
8811,0,0x110,STD,8,2026-01-28T18:45:45.014654,03 00 03 00 B2 20 73 48,03000300,0.000000
8812,0,0x10F,STD,8,2026-01-28T18:45:45.060664,03 00 03 00 45 26 17 3D,03000300,0.000000
8813,0,0x110,STD,8,2026-01-28T18:45:45.084670,03 00 03 00 72 75 59 48,03000300,0.000000
8814,0,0x10F,STD,8,2026-01-28T18:45:45.097672,03 00 01 00 00 00 00 00,03000100,0.000000
8815,0,0x110,STD,8,2026-01-28T18:45:45.097672,03 00 02 00 42 09 42 41,03000200,0.000000
8816,0,0x10F,STD,8,2026-01-28T18:45:45.097672,03 00 01 00 00 00 00 00,03000100,0.000000
8817,0,0x110,STD,8,2026-01-28T18:45:45.097672,03 00 01 00 00 00 00 00,03000100,0.000000
8818,0,0x10F,STD,8,2026-01-28T18:45:45.143683,03 00 03 00 CA 00 34 3D,03000300,0.000000
8819,0,0x110,STD,8,2026-01-28T18:45:45.167688,03 00 03 00 A6 83 8B 48,03000300,0.000000
8820,0,0x10F,STD,8,2026-01-28T18:45:45.224701,03 00 03 00 5A AB 20 3D,03000300,0.000000
8821,0,0x110,STD,8,2026-01-28T18:45:45.248706,03 00 03 00 50 64 9D 48,03000300,0.000000
8822,0,0x10F,STD,8,2026-01-28T18:45:45.305719,03 00 03 00 7D C6 66 3D,03000300,0.000000
8823,0,0x110,STD,8,2026-01-28T18:45:45.329725,03 00 03 00 1A A6 22 48,03000300,0.000000
8824,0,0x10F,STD,8,2026-01-28T18:45:45.386737,03 00 03 00 6C 3F 37 3D,03000300,0.000000
8825,0,0x110,STD,8,2026-01-28T18:45:45.410743,03 00 03 00 D9 68 3C 48,03000300,0.000000
8826,0,0x10F,STD,8,2026-01-28T18:45:45.467756,03 00 03 00 7C 46 2D 3D,03000300,0.000000
8827,0,0x110,STD,8,2026-01-28T18:45:45.491761,03 00 03 00 1D 3B 4C 48,03000300,0.000000
8828,0,0x10F,STD,8,2026-01-28T18:45:45.537772,03 00 03 00 1A AE 23 3D,03000300,0.000000
8829,0,0x110,STD,8,2026-01-28T18:45:45.561776,03 00 03 00 21 B6 87 48,03000300,0.000000
8830,0,0x10F,STD,8,2026-01-28T18:45:45.618790,03 00 03 00 74 CE BE 3C,03000300,0.000000
8831,0,0x110,STD,8,2026-01-28T18:45:45.642795,03 00 03 00 5A 85 D1 48,03000300,0.000000
8832,0,0x10F,STD,8,2026-01-28T18:45:45.699808,03 00 03 00 5D 76 07 3D,03000300,0.000000
8833,0,0x110,STD,8,2026-01-28T18:45:45.723813,03 00 03 00 8D 75 97 48,03000300,0.000000
8834,0,0x10F,STD,8,2026-01-28T18:45:45.780826,03 00 03 00 80 5E F0 3C,03000300,0.000000
8835,0,0x110,STD,8,2026-01-28T18:45:45.804832,03 00 03 00 B6 1F 11 48,03000300,0.000000
8836,0,0x10F,STD,8,2026-01-28T18:45:45.861403,03 00 03 00 AB 58 66 3D,03000300,0.000000
8837,0,0x110,STD,8,2026-01-28T18:45:45.885409,03 00 03 00 88 C5 DC 48,03000300,0.000000
8838,0,0x10F,STD,8,2026-01-28T18:45:45.942422,03 00 03 00 12 B6 30 3D,03000300,0.000000
8839,0,0x110,STD,8,2026-01-28T18:45:45.971428,03 00 03 00 1F 3A 91 48,03000300,0.000000
8840,0,0x10F,STD,8,2026-01-28T18:45:46.017439,03 00 03 00 71 A2 80 3D,03000300,0.000000
8841,0,0x110,STD,8,2026-01-28T18:45:46.041444,03 00 03 00 F5 9C AC 48,03000300,0.000000
8842,0,0x10F,STD,8,2026-01-28T18:45:46.097960,03 00 03 00 E6 A9 5B 3D,03000300,0.000000
8843,0,0x110,STD,8,2026-01-28T18:45:46.121966,03 00 03 00 0C 30 D3 48,03000300,0.000000
8844,0,0x10F,STD,8,2026-01-28T18:45:46.134655,03 00 02 00 42 09 42 41,03000200,0.000000
8845,0,0x110,STD,8,2026-01-28T18:45:46.134655,03 00 02 00 08 86 2C 41,03000200,0.000000
8846,0,0x10F,STD,8,2026-01-28T18:45:46.134655,03 00 01 00 00 00 00 00,03000100,0.000000
8847,0,0x110,STD,8,2026-01-28T18:45:46.134655,03 00 01 00 00 00 00 00,03000100,0.000000
8848,0,0x10F,STD,8,2026-01-28T18:45:46.180666,03 00 03 00 00 98 8B 3D,03000300,0.000000
8849,0,0x110,STD,8,2026-01-28T18:45:46.204671,03 00 03 00 26 22 9E 48,03000300,0.000000
8850,0,0x10F,STD,8,2026-01-28T18:45:46.261684,03 00 03 00 E2 D8 9E 3D,03000300,0.000000
8851,0,0x110,STD,8,2026-01-28T18:45:46.285270,03 00 03 00 F2 03 0E 49,03000300,0.000000
8852,0,0x10F,STD,8,2026-01-28T18:45:46.341823,03 00 03 00 21 CF 43 3D,03000300,0.000000
8853,0,0x110,STD,8,2026-01-28T18:45:46.366829,03 00 03 00 5B 73 62 48,03000300,0.000000
8854,0,0x10F,STD,8,2026-01-28T18:45:46.421401,03 00 03 00 AD CB A1 3D,03000300,0.000000
8855,0,0x110,STD,8,2026-01-28T18:45:46.445406,03 00 03 00 2D 49 CE 48,03000300,0.000000
8856,0,0x10F,STD,8,2026-01-28T18:45:46.502419,03 00 03 00 90 9F 4C 3D,03000300,0.000000
8857,0,0x110,STD,8,2026-01-28T18:45:46.526425,03 00 03 00 14 2E 3B 48,03000300,0.000000
8858,0,0x10F,STD,8,2026-01-28T18:45:46.582835,03 00 03 00 38 EC A5 3D,03000300,0.000000
8859,0,0x110,STD,8,2026-01-28T18:45:46.606840,03 00 03 00 D0 A4 D9 48,03000300,0.000000
8860,0,0x10F,STD,8,2026-01-28T18:45:46.663250,03 00 03 00 46 26 92 3D,03000300,0.000000
8861,0,0x110,STD,8,2026-01-28T18:45:46.687255,03 00 03 00 96 71 AE 48,03000300,0.000000
8862,0,0x10F,STD,8,2026-01-28T18:45:46.733265,03 00 03 00 83 77 4B 3D,03000300,0.000000
8863,0,0x110,STD,8,2026-01-28T18:45:46.757271,03 00 03 00 10 B9 11 48,03000300,0.000000
8864,0,0x10F,STD,8,2026-01-28T18:45:46.813836,03 00 03 00 85 A5 98 3D,03000300,0.000000
8865,0,0x110,STD,8,2026-01-28T18:45:46.837841,03 00 03 00 2C 18 9E 48,03000300,0.000000
8866,0,0x10F,STD,8,2026-01-28T18:45:46.894854,03 00 03 00 5D 45 41 3D,03000300,0.000000
8867,0,0x110,STD,8,2026-01-28T18:45:46.918860,03 00 03 00 28 03 4F 48,03000300,0.000000
8868,0,0x10F,STD,8,2026-01-28T18:45:46.975873,03 00 03 00 FF 24 B8 3D,03000300,0.000000
8869,0,0x110,STD,8,2026-01-28T18:45:46.999878,03 00 03 00 8F D6 62 48,03000300,0.000000
8870,0,0x10F,STD,8,2026-01-28T18:45:47.056890,03 00 03 00 52 8D 41 3D,03000300,0.000000
8871,0,0x110,STD,8,2026-01-28T18:45:47.080400,03 00 03 00 C2 DD 6D 48,03000300,0.000000
8872,0,0x10F,STD,8,2026-01-28T18:45:47.136453,03 00 03 00 4C 86 97 3D,03000300,0.000000
8873,0,0x110,STD,8,2026-01-28T18:45:47.160458,03 00 03 00 DE 14 E1 47,03000300,0.000000
8874,0,0x10F,STD,8,2026-01-28T18:45:47.173461,03 00 02 00 08 86 2C 41,03000200,0.000000
8875,0,0x10F,STD,8,2026-01-28T18:45:47.173461,03 00 02 00 96 9C 2E 41,03000200,0.000000
8876,0,0x110,STD,8,2026-01-28T18:45:47.175461,03 00 02 00 96 9C 2E 41,03000200,0.000000
8877,0,0x10F,STD,8,2026-01-28T18:45:47.175461,03 00 01 00 00 00 00 00,03000100,0.000000
8878,0,0x10F,STD,8,2026-01-28T18:45:47.221472,03 00 03 00 36 1C 92 3D,03000300,0.000000
8879,0,0x110,STD,8,2026-01-28T18:45:47.245477,03 00 03 00 82 FF BD 48,03000300,0.000000
8880,0,0x10F,STD,8,2026-01-28T18:45:47.291488,03 00 03 00 0F E0 28 3D,03000300,0.000000
8881,0,0x110,STD,8,2026-01-28T18:45:47.315493,03 00 03 00 71 E2 12 48,03000300,0.000000
8882,0,0x10F,STD,8,2026-01-28T18:45:47.372506,03 00 03 00 16 5C 93 3D,03000300,0.000000
8883,0,0x110,STD,8,2026-01-28T18:45:47.396511,03 00 03 00 89 8D A3 48,03000300,0.000000
8884,0,0x10F,STD,8,2026-01-28T18:45:47.453524,03 00 03 00 90 A4 DE 3C,03000300,0.000000
8885,0,0x110,STD,8,2026-01-28T18:45:47.477529,03 00 03 00 AF 1B B9 48,03000300,0.000000
8886,0,0x10F,STD,8,2026-01-28T18:45:47.534542,03 00 03 00 10 B9 6D 3D,03000300,0.000000
8887,0,0x110,STD,8,2026-01-28T18:45:47.558548,03 00 03 00 50 04 63 48,03000300,0.000000
8888,0,0x10F,STD,8,2026-01-28T18:45:47.615561,03 00 03 00 4B 81 00 3D,03000300,0.000000
8889,0,0x110,STD,8,2026-01-28T18:45:47.639566,03 00 03 00 BE 44 99 47,03000300,0.000000
8890,0,0x10F,STD,8,2026-01-28T18:45:47.696579,03 00 03 00 9B 09 6B 3D,03000300,0.000000
8891,0,0x110,STD,8,2026-01-28T18:45:47.720584,03 00 03 00 F1 45 93 48,03000300,0.000000
8892,0,0x10F,STD,8,2026-01-28T18:45:47.777597,03 00 03 00 7C 74 86 3D,03000300,0.000000
8893,0,0x110,STD,8,2026-01-28T18:45:47.801603,03 00 03 00 89 18 C0 48,03000300,0.000000
8894,0,0x10F,STD,8,2026-01-28T18:45:47.858615,03 00 03 00 62 83 04 3D,03000300,0.000000
8895,0,0x110,STD,8,2026-01-28T18:45:47.882621,03 00 03 00 AE 81 C1 48,03000300,0.000000
8896,0,0x10F,STD,8,2026-01-28T18:45:47.939633,03 00 03 00 F4 6C 40 3D,03000300,0.000000
8897,0,0x110,STD,8,2026-01-28T18:45:47.952636,03 00 03 00 7B 03 0A 49,03000300,0.000000
8898,0,0x10F,STD,8,2026-01-28T18:45:48.008803,03 00 03 00 7D 63 1A 3D,03000300,0.000000
8899,0,0x110,STD,8,2026-01-28T18:45:48.032808,03 00 03 00 48 B2 A4 48,03000300,0.000000
8900,0,0x10F,STD,8,2026-01-28T18:45:48.089978,03 00 03 00 F8 DB 49 3D,03000300,0.000000
8901,0,0x110,STD,8,2026-01-28T18:45:48.114983,03 00 03 00 2B 98 87 48,03000300,0.000000
8902,0,0x10F,STD,8,2026-01-28T18:45:48.171500,03 00 03 00 0C 7D 6A 3D,03000300,0.000000
8903,0,0x110,STD,8,2026-01-28T18:45:48.195505,03 00 03 00 67 37 8A 48,03000300,0.000000
8904,0,0x110,STD,8,2026-01-28T18:45:48.219511,03 00 01 00 00 00 00 00,03000100,0.000000
8905,0,0x110,STD,8,2026-01-28T18:45:48.221512,03 00 02 00 65 C2 42 41,03000200,0.000000
8906,0,0x10F,STD,8,2026-01-28T18:45:48.221512,03 00 01 00 00 00 00 00,03000100,0.000000
8907,0,0x110,STD,8,2026-01-28T18:45:48.223511,03 00 01 00 00 00 00 00,03000100,0.000000
8908,0,0x10F,STD,8,2026-01-28T18:45:48.247517,03 00 03 00 1F F7 81 3D,03000300,0.000000
8909,0,0x110,STD,8,2026-01-28T18:45:48.271523,03 00 03 00 7D 60 5C 48,03000300,0.000000
8910,0,0x10F,STD,8,2026-01-28T18:45:48.338714,03 00 03 00 E0 EA 7E 3D,03000300,0.000000
8911,0,0x110,STD,8,2026-01-28T18:45:48.365792,03 00 03 00 CC D9 60 48,03000300,0.000000
8912,0,0x10F,STD,8,2026-01-28T18:45:48.411779,03 00 03 00 A2 D7 81 3D,03000300,0.000000
8913,0,0x110,STD,8,2026-01-28T18:45:48.435773,03 00 03 00 FC FF 42 48,03000300,0.000000
8914,0,0x10F,STD,8,2026-01-28T18:45:48.492668,03 00 03 00 E0 59 8B 3D,03000300,0.000000
8915,0,0x110,STD,8,2026-01-28T18:45:48.516675,03 00 03 00 0D 8C 4B 48,03000300,0.000000
8916,0,0x10F,STD,8,2026-01-28T18:45:48.573456,03 00 03 00 28 D4 46 3D,03000300,0.000000
8917,0,0x110,STD,8,2026-01-28T18:45:48.596964,03 00 03 00 C9 EB 6E 47,03000300,0.000000
8918,0,0x10F,STD,8,2026-01-28T18:45:48.653768,03 00 03 00 F1 D3 64 3D,03000300,0.000000
8919,0,0x110,STD,8,2026-01-28T18:45:48.677773,03 00 03 00 64 0C 7A 48,03000300,0.000000
8920,0,0x10F,STD,8,2026-01-28T18:45:48.734235,03 00 03 00 4D 1F 7F 3D,03000300,0.000000
8921,0,0x110,STD,8,2026-01-28T18:45:48.758241,03 00 03 00 05 28 93 48,03000300,0.000000
8922,0,0x10F,STD,8,2026-01-28T18:45:48.815253,03 00 03 00 10 2B 85 3D,03000300,0.000000
8923,0,0x110,STD,8,2026-01-28T18:45:48.839259,03 00 03 00 CD 4C F6 48,03000300,0.000000
8924,0,0x10F,STD,8,2026-01-28T18:45:48.885269,03 00 03 00 D5 F4 82 3D,03000300,0.000000
8925,0,0x110,STD,8,2026-01-28T18:45:48.920277,03 00 03 00 CE 96 86 48,03000300,0.000000
8926,0,0x10F,STD,8,2026-01-28T18:45:48.966287,03 00 03 00 DB 6B 60 3D,03000300,0.000000
8927,0,0x110,STD,8,2026-01-28T18:45:48.990292,03 00 03 00 02 A3 83 48,03000300,0.000000
8928,0,0x10F,STD,8,2026-01-28T18:45:49.047305,03 00 03 00 C0 64 46 3D,03000300,0.000000
8929,0,0x110,STD,8,2026-01-28T18:45:49.071311,03 00 03 00 7B 7C 8D 48,03000300,0.000000
8930,0,0x10F,STD,8,2026-01-28T18:45:49.128324,03 00 03 00 CC B4 1B 3D,03000300,0.000000
8931,0,0x110,STD,8,2026-01-28T18:45:49.152329,03 00 03 00 D5 EB 40 48,03000300,0.000000
8932,0,0x10F,STD,8,2026-01-28T18:45:49.209342,03 00 03 00 40 90 3E 3D,03000300,0.000000
8933,0,0x110,STD,8,2026-01-28T18:45:49.233347,03 00 03 00 24 D6 0E 48,03000300,0.000000
8934,0,0x10F,STD,8,2026-01-28T18:45:49.257352,03 00 02 00 65 C2 42 41,03000200,0.000000
8935,0,0x10F,STD,8,2026-01-28T18:45:49.257352,03 00 01 00 00 00 00 00,03000100,0.000000
8936,0,0x110,STD,8,2026-01-28T18:45:49.259353,03 00 01 00 00 00 00 00,03000100,0.000000
8937,0,0x10F,STD,8,2026-01-28T18:45:49.259353,03 00 02 00 B9 2C 4A 41,03000200,0.000000
8938,0,0x10F,STD,8,2026-01-28T18:45:49.294361,03 00 03 00 E8 CB EB 3C,03000300,0.000000
8939,0,0x110,STD,8,2026-01-28T18:45:49.318366,03 00 03 00 E8 A1 B9 48,03000300,0.000000
8940,0,0x10F,STD,8,2026-01-28T18:45:49.364377,03 00 03 00 2D C2 5D 3D,03000300,0.000000
8941,0,0x110,STD,8,2026-01-28T18:45:49.388382,03 00 03 00 AF 66 D2 48,03000300,0.000000
8942,0,0x10F,STD,8,2026-01-28T18:45:49.445395,03 00 03 00 E3 C4 36 3D,03000300,0.000000
8943,0,0x110,STD,8,2026-01-28T18:45:49.469400,03 00 03 00 DA 28 63 48,03000300,0.000000
8944,0,0x10F,STD,8,2026-01-28T18:45:49.525753,03 00 03 00 88 99 1E 3D,03000300,0.000000
8945,0,0x110,STD,8,2026-01-28T18:45:49.549758,03 00 03 00 9A DB BA 48,03000300,0.000000
8946,0,0x10F,STD,8,2026-01-28T18:45:49.606771,03 00 03 00 09 CE 7A 3D,03000300,0.000000
8947,0,0x110,STD,8,2026-01-28T18:45:49.630776,03 00 03 00 1E 78 24 48,03000300,0.000000
8948,0,0x10F,STD,8,2026-01-28T18:45:49.687293,03 00 03 00 4A DB FF 3C,03000300,0.000000
8949,0,0x110,STD,8,2026-01-28T18:45:49.711298,03 00 03 00 B9 B2 14 49,03000300,0.000000
8950,0,0x10F,STD,8,2026-01-28T18:45:49.768311,03 00 03 00 B2 79 76 3D,03000300,0.000000
8951,0,0x110,STD,8,2026-01-28T18:45:49.792316,03 00 03 00 FF BE B5 48,03000300,0.000000
8952,0,0x10F,STD,8,2026-01-28T18:45:49.849329,03 00 03 00 B7 11 60 3D,03000300,0.000000
8953,0,0x110,STD,8,2026-01-28T18:45:49.873335,03 00 03 00 B1 5A 9B 48,03000300,0.000000
8954,0,0x10F,STD,8,2026-01-28T18:45:49.930348,03 00 03 00 4A 09 4E 3D,03000300,0.000000
8955,0,0x110,STD,8,2026-01-28T18:45:49.954353,03 00 03 00 F1 29 78 48,03000300,0.000000
8956,0,0x10F,STD,8,2026-01-28T18:45:50.011366,03 00 03 00 CF 05 89 3D,03000300,0.000000
8957,0,0x110,STD,8,2026-01-28T18:45:50.035371,03 00 03 00 D5 91 81 48,03000300,0.000000
8958,0,0x10F,STD,8,2026-01-28T18:45:50.081382,03 00 03 00 91 ED 0A 3D,03000300,0.000000
8959,0,0x110,STD,8,2026-01-28T18:45:50.116389,03 00 03 00 0D 02 69 48,03000300,0.000000
8960,0,0x10F,STD,8,2026-01-28T18:45:50.161742,03 00 03 00 6B 1B 6C 3D,03000300,0.000000
8961,0,0x110,STD,8,2026-01-28T18:45:50.185748,03 00 03 00 DE 69 4E 48,03000300,0.000000
8962,0,0x10F,STD,8,2026-01-28T18:45:50.242264,03 00 03 00 F4 EC 33 3D,03000300,0.000000
8963,0,0x110,STD,8,2026-01-28T18:45:50.266270,03 00 03 00 E2 81 91 48,03000300,0.000000
8964,0,0x110,STD,8,2026-01-28T18:45:50.312280,03 00 02 00 B9 2C 4A 41,03000200,0.000000
8965,0,0x10F,STD,8,2026-01-28T18:45:50.312280,03 00 02 00 13 C8 41 41,03000200,0.000000
8966,0,0x110,STD,8,2026-01-28T18:45:50.312280,03 00 01 00 00 00 00 00,03000100,0.000000
8967,0,0x110,STD,8,2026-01-28T18:45:50.312280,03 00 02 00 13 C8 41 41,03000200,0.000000
8968,0,0x10F,STD,8,2026-01-28T18:45:50.325283,03 00 03 00 09 05 7D 3D,03000300,0.000000
8969,0,0x110,STD,8,2026-01-28T18:45:50.349288,03 00 03 00 72 78 30 48,03000300,0.000000
8970,0,0x10F,STD,8,2026-01-28T18:45:50.408302,03 00 03 00 D7 F4 86 3D,03000300,0.000000
8971,0,0x110,STD,8,2026-01-28T18:45:50.432307,03 00 03 00 23 B3 20 48,03000300,0.000000
8972,0,0x10F,STD,8,2026-01-28T18:45:50.489320,03 00 03 00 44 93 55 3D,03000300,0.000000
8973,0,0x110,STD,8,2026-01-28T18:45:50.513325,03 00 03 00 A9 84 52 48,03000300,0.000000
8974,0,0x10F,STD,8,2026-01-28T18:45:50.559336,03 00 03 00 87 2E 8B 3D,03000300,0.000000
8975,0,0x110,STD,8,2026-01-28T18:45:50.583341,03 00 03 00 EB 00 9F 48,03000300,0.000000
8976,0,0x10F,STD,8,2026-01-28T18:45:50.640354,03 00 03 00 C9 35 51 3D,03000300,0.000000
8977,0,0x110,STD,8,2026-01-28T18:45:50.664360,03 00 03 00 F2 BD 8B 48,03000300,0.000000
8978,0,0x10F,STD,8,2026-01-28T18:45:50.720510,03 00 03 00 DF FA 8C 3D,03000300,0.000000
8979,0,0x110,STD,8,2026-01-28T18:45:50.744515,03 00 03 00 DC 50 FB 48,03000300,0.000000
8980,0,0x10F,STD,8,2026-01-28T18:45:50.801528,03 00 03 00 38 C2 79 3D,03000300,0.000000
8981,0,0x110,STD,8,2026-01-28T18:45:50.825534,03 00 03 00 7F 25 26 48,03000300,0.000000
8982,0,0x10F,STD,8,2026-01-28T18:45:50.882547,03 00 03 00 2B D0 5D 3D,03000300,0.000000
8983,0,0x110,STD,8,2026-01-28T18:45:50.906552,03 00 03 00 DC 8F AF 48,03000300,0.000000
8984,0,0x10F,STD,8,2026-01-28T18:45:50.963565,03 00 03 00 54 24 8C 3D,03000300,0.000000
8985,0,0x110,STD,8,2026-01-28T18:45:50.987570,03 00 03 00 0A 3E C4 48,03000300,0.000000
8986,0,0x10F,STD,8,2026-01-28T18:45:51.044583,03 00 03 00 D9 7A 70 3D,03000300,0.000000
8987,0,0x110,STD,8,2026-01-28T18:45:51.072589,03 00 03 00 FE E6 4B 48,03000300,0.000000
8988,0,0x10F,STD,8,2026-01-28T18:45:51.118600,03 00 03 00 79 5F 88 3D,03000300,0.000000
8989,0,0x110,STD,8,2026-01-28T18:45:51.142605,03 00 03 00 65 F4 C7 48,03000300,0.000000
8990,0,0x10F,STD,8,2026-01-28T18:45:51.199121,03 00 03 00 06 DA 44 3D,03000300,0.000000
8991,0,0x110,STD,8,2026-01-28T18:45:51.223127,03 00 03 00 A9 8B 07 49,03000300,0.000000
8992,0,0x10F,STD,8,2026-01-28T18:45:51.280139,03 00 03 00 60 8E 6A 3D,03000300,0.000000
8993,0,0x110,STD,8,2026-01-28T18:45:51.304145,03 00 03 00 61 60 EF 48,03000300,0.000000
8994,0,0x10F,STD,8,2026-01-28T18:45:51.361158,03 00 03 00 82 46 26 3D,03000300,0.000000
8995,0,0x10F,STD,8,2026-01-28T18:45:51.373726,03 00 01 00 00 00 00 00,03000100,0.000000
8996,0,0x10F,STD,8,2026-01-28T18:45:51.373726,03 00 02 00 F2 19 3A 41,03000200,0.000000
8997,0,0x110,STD,8,2026-01-28T18:45:51.373726,03 00 02 00 F2 19 3A 41,03000200,0.000000
8998,0,0x10F,STD,8,2026-01-28T18:45:51.375726,03 00 01 00 00 00 00 00,03000100,0.000000
8999,0,0x110,STD,8,2026-01-28T18:45:51.388233,03 00 03 00 56 4D 34 49,03000300,0.000000
9000,0,0x10F,STD,8,2026-01-28T18:45:51.444778,03 00 03 00 A1 46 4C 3D,03000300,0.000000
9001,0,0x110,STD,8,2026-01-28T18:45:51.468784,03 00 03 00 14 A8 CD 48,03000300,0.000000
9002,0,0x10F,STD,8,2026-01-28T18:45:51.525300,03 00 03 00 DD 5F 36 3D,03000300,0.000000
9003,0,0x110,STD,8,2026-01-28T18:45:51.549305,03 00 03 00 87 CE C2 48,03000300,0.000000
9004,0,0x10F,STD,8,2026-01-28T18:45:51.594865,03 00 03 00 FA A2 52 3D,03000300,0.000000
9005,0,0x110,STD,8,2026-01-28T18:45:51.629540,03 00 03 00 BA 1E A6 48,03000300,0.000000
9006,0,0x10F,STD,8,2026-01-28T18:45:51.686554,03 00 03 00 74 3F 8D 3D,03000300,0.000000
9007,0,0x110,STD,8,2026-01-28T18:45:51.699557,03 00 03 00 4B 66 96 48,03000300,0.000000
9008,0,0x10F,STD,8,2026-01-28T18:45:51.756686,03 00 03 00 1E A1 09 3D,03000300,0.000000
9009,0,0x110,STD,8,2026-01-28T18:45:51.780691,03 00 03 00 4A EA E2 48,03000300,0.000000
9010,0,0x10F,STD,8,2026-01-28T18:45:51.837683,03 00 03 00 F4 EB 68 3D,03000300,0.000000
9011,0,0x110,STD,8,2026-01-28T18:45:51.861688,03 00 03 00 55 8A BB 48,03000300,0.000000
9012,0,0x10F,STD,8,2026-01-28T18:45:51.918701,03 00 03 00 37 1A 45 3D,03000300,0.000000
9013,0,0x110,STD,8,2026-01-28T18:45:51.942706,03 00 03 00 AD F0 31 48,03000300,0.000000
9014,0,0x10F,STD,8,2026-01-28T18:45:52.000680,03 00 03 00 D0 FC 16 3D,03000300,0.000000
9015,0,0x110,STD,8,2026-01-28T18:45:52.024687,03 00 03 00 AE B7 95 48,03000300,0.000000
9016,0,0x10F,STD,8,2026-01-28T18:45:52.081699,03 00 03 00 B0 EF 71 3D,03000300,0.000000
9017,0,0x110,STD,8,2026-01-28T18:45:52.105706,03 00 03 00 93 3B 9C 48,03000300,0.000000
9018,0,0x10F,STD,8,2026-01-28T18:45:52.162262,03 00 03 00 65 C3 0C 3D,03000300,0.000000
9019,0,0x110,STD,8,2026-01-28T18:45:52.186267,03 00 03 00 9E 98 0D 48,03000300,0.000000
9020,0,0x10F,STD,8,2026-01-28T18:45:52.243280,03 00 03 00 B2 F3 3D 3D,03000300,0.000000
9021,0,0x110,STD,8,2026-01-28T18:45:52.267285,03 00 03 00 9C 29 AF 48,03000300,0.000000
9022,0,0x10F,STD,8,2026-01-28T18:45:52.313296,03 00 03 00 0E 27 23 3D,03000300,0.000000
9023,0,0x110,STD,8,2026-01-28T18:45:52.337302,03 00 03 00 02 D0 46 48,03000300,0.000000
9024,0,0x10F,STD,8,2026-01-28T18:45:52.394314,03 00 03 00 1B F6 21 3D,03000300,0.000000
9025,0,0x110,STD,8,2026-01-28T18:45:52.418320,03 00 03 00 8C CB 9D 48,03000300,0.000000
9026,0,0x110,STD,8,2026-01-28T18:45:52.431322,03 00 01 00 00 00 00 00,03000100,0.000000
9027,0,0x10F,STD,8,2026-01-28T18:45:52.431322,03 00 02 00 17 34 4B 41,03000200,0.000000
9028,0,0x110,STD,8,2026-01-28T18:45:52.431322,03 00 02 00 17 34 4B 41,03000200,0.000000
9029,0,0x10F,STD,8,2026-01-28T18:45:52.433323,03 00 01 00 00 00 00 00,03000100,0.000000
9030,0,0x10F,STD,8,2026-01-28T18:45:52.479333,03 00 03 00 E5 11 12 3D,03000300,0.000000
9031,0,0x110,STD,8,2026-01-28T18:45:52.503339,03 00 03 00 62 8D DF 48,03000300,0.000000
9032,0,0x10F,STD,8,2026-01-28T18:45:52.560351,03 00 03 00 56 A3 0C 3D,03000300,0.000000
9033,0,0x110,STD,8,2026-01-28T18:45:52.584357,03 00 03 00 EB F6 9E 48,03000300,0.000000
9034,0,0x10F,STD,8,2026-01-28T18:45:52.641370,03 00 03 00 0E C7 57 3D,03000300,0.000000
9035,0,0x110,STD,8,2026-01-28T18:45:52.665375,03 00 03 00 7D 55 F6 47,03000300,0.000000
9036,0,0x10F,STD,8,2026-01-28T18:45:52.711385,03 00 03 00 CA 7C 14 3D,03000300,0.000000
9037,0,0x110,STD,8,2026-01-28T18:45:52.745662,03 00 03 00 52 8A A5 48,03000300,0.000000
9038,0,0x10F,STD,8,2026-01-28T18:45:52.791671,03 00 03 00 FB AD 87 3D,03000300,0.000000
9039,0,0x110,STD,8,2026-01-28T18:45:52.815677,03 00 03 00 CF 3B 38 48,03000300,0.000000
9040,0,0x10F,STD,8,2026-01-28T18:45:52.872690,03 00 03 00 B7 CB 36 3D,03000300,0.000000
9041,0,0x110,STD,8,2026-01-28T18:45:52.896696,03 00 03 00 84 69 BF 48,03000300,0.000000
9042,0,0x10F,STD,8,2026-01-28T18:45:52.953708,03 00 03 00 09 16 2A 3D,03000300,0.000000
9043,0,0x110,STD,8,2026-01-28T18:45:52.977714,03 00 03 00 1E 7F A8 48,03000300,0.000000
9044,0,0x10F,STD,8,2026-01-28T18:45:53.034727,03 00 03 00 CB 92 62 3D,03000300,0.000000
9045,0,0x110,STD,8,2026-01-28T18:45:53.058732,03 00 03 00 E5 22 64 48,03000300,0.000000
9046,0,0x10F,STD,8,2026-01-28T18:45:53.115250,03 00 03 00 0C BD 2B 3D,03000300,0.000000
9047,0,0x110,STD,8,2026-01-28T18:45:53.139255,03 00 03 00 27 DA 95 48,03000300,0.000000
9048,0,0x10F,STD,8,2026-01-28T18:45:53.195847,03 00 03 00 7B F7 6A 3D,03000300,0.000000
9049,0,0x110,STD,8,2026-01-28T18:45:53.219853,03 00 03 00 9F 3A BC 47,03000300,0.000000
9050,0,0x10F,STD,8,2026-01-28T18:45:53.276866,03 00 03 00 5E DD 54 3D,03000300,0.000000
9051,0,0x110,STD,8,2026-01-28T18:45:53.300871,03 00 03 00 C0 0D 85 48,03000300,0.000000
9052,0,0x10F,STD,8,2026-01-28T18:45:53.357884,03 00 03 00 7C AC 54 3D,03000300,0.000000
9053,0,0x110,STD,8,2026-01-28T18:45:53.381890,03 00 03 00 0D 5C 03 48,03000300,0.000000
9054,0,0x10F,STD,8,2026-01-28T18:45:53.437628,03 00 03 00 0C 28 33 3D,03000300,0.000000
9055,0,0x110,STD,8,2026-01-28T18:45:53.461634,03 00 03 00 D2 BB 81 48,03000300,0.000000
9056,0,0x110,STD,8,2026-01-28T18:45:53.485134,03 00 01 00 00 00 00 00,03000100,0.000000
9057,0,0x10F,STD,8,2026-01-28T18:45:53.485134,03 00 02 00 FF A7 3D 41,03000200,0.000000
9058,0,0x10F,STD,8,2026-01-28T18:45:53.485134,03 00 01 00 00 00 00 00,03000100,0.000000
9059,0,0x110,STD,8,2026-01-28T18:45:53.485134,03 00 02 00 FF A7 3D 41,03000200,0.000000
9060,0,0x10F,STD,8,2026-01-28T18:45:53.509139,03 00 03 00 5A A4 4F 3D,03000300,0.000000
9061,0,0x110,STD,8,2026-01-28T18:45:53.533145,03 00 03 00 2F 71 1B 48,03000300,0.000000
9062,0,0x10F,STD,8,2026-01-28T18:45:53.590158,03 00 03 00 94 3A 49 3D,03000300,0.000000
9063,0,0x110,STD,8,2026-01-28T18:45:53.614163,03 00 03 00 2F 40 A1 48,03000300,0.000000
9064,0,0x10F,STD,8,2026-01-28T18:45:53.671176,03 00 03 00 7F 40 4C 3D,03000300,0.000000
9065,0,0x110,STD,8,2026-01-28T18:45:53.695182,03 00 03 00 47 46 9F 48,03000300,0.000000
9066,0,0x10F,STD,8,2026-01-28T18:45:53.751619,03 00 03 00 9C 49 83 3D,03000300,0.000000
9067,0,0x110,STD,8,2026-01-28T18:45:53.775624,03 00 03 00 78 19 98 48,03000300,0.000000
9068,0,0x10F,STD,8,2026-01-28T18:45:53.832139,03 00 03 00 3A D1 3C 3D,03000300,0.000000
9069,0,0x110,STD,8,2026-01-28T18:45:53.856031,03 00 03 00 9F 79 0D 49,03000300,0.000000
9070,0,0x10F,STD,8,2026-01-28T18:45:53.912808,03 00 03 00 E3 1D 8D 3D,03000300,0.000000
9071,0,0x110,STD,8,2026-01-28T18:45:53.936814,03 00 03 00 A8 CE 97 48,03000300,0.000000
9072,0,0x10F,STD,8,2026-01-28T18:45:53.993826,03 00 03 00 4A D1 77 3D,03000300,0.000000
9073,0,0x110,STD,8,2026-01-28T18:45:54.017832,03 00 03 00 A2 72 9E 48,03000300,0.000000
9074,0,0x10F,STD,8,2026-01-28T18:45:54.074845,03 00 03 00 2E 7E 55 3D,03000300,0.000000
9075,0,0x110,STD,8,2026-01-28T18:45:54.098850,03 00 03 00 FF B6 D4 48,03000300,0.000000
9076,0,0x10F,STD,8,2026-01-28T18:45:54.155409,03 00 03 00 91 E2 90 3D,03000300,0.000000
9077,0,0x110,STD,8,2026-01-28T18:45:54.179414,03 00 03 00 B0 3C A7 48,03000300,0.000000
9078,0,0x10F,STD,8,2026-01-28T18:45:54.236427,03 00 03 00 02 80 6E 3D,03000300,0.000000
9079,0,0x110,STD,8,2026-01-28T18:45:54.260432,03 00 03 00 1C 61 34 48,03000300,0.000000
9080,0,0x10F,STD,8,2026-01-28T18:45:54.306443,03 00 03 00 2B 8F 93 3D,03000300,0.000000
9081,0,0x110,STD,8,2026-01-28T18:45:54.329952,03 00 03 00 5A FA 8C 48,03000300,0.000000
9082,0,0x10F,STD,8,2026-01-28T18:45:54.389965,03 00 03 00 A3 DD 62 3D,03000300,0.000000
9083,0,0x110,STD,8,2026-01-28T18:45:54.413970,03 00 03 00 34 D4 B6 48,03000300,0.000000
9084,0,0x10F,STD,8,2026-01-28T18:45:54.470983,03 00 03 00 BE CC 81 3D,03000300,0.000000
9085,0,0x110,STD,8,2026-01-28T18:45:54.494989,03 00 03 00 39 40 2D 48,03000300,0.000000
9086,0,0x110,STD,8,2026-01-28T18:45:54.529997,03 00 01 00 00 00 00 00,03000100,0.000000
9087,0,0x10F,STD,8,2026-01-28T18:45:54.529997,03 00 02 00 E4 D8 33 41,03000200,0.000000
9088,0,0x110,STD,8,2026-01-28T18:45:54.529997,03 00 02 00 E4 D8 33 41,03000200,0.000000
9089,0,0x10F,STD,8,2026-01-28T18:45:54.529997,03 00 01 00 00 00 00 00,03000100,0.000000
9090,0,0x10F,STD,8,2026-01-28T18:45:54.554002,03 00 03 00 E9 B3 69 3D,03000300,0.000000
9091,0,0x110,STD,8,2026-01-28T18:45:54.578007,03 00 03 00 75 C9 90 48,03000300,0.000000
9092,0,0x10F,STD,8,2026-01-28T18:45:54.624018,03 00 03 00 B4 83 61 3D,03000300,0.000000
9093,0,0x110,STD,8,2026-01-28T18:45:54.648023,03 00 03 00 53 F8 83 48,03000300,0.000000
9094,0,0x10F,STD,8,2026-01-28T18:45:54.705036,03 00 03 00 9B 3C 84 3D,03000300,0.000000
9095,0,0x110,STD,8,2026-01-28T18:45:54.729041,03 00 03 00 FE 66 50 48,03000300,0.000000
9096,0,0x10F,STD,8,2026-01-28T18:45:54.786054,03 00 03 00 D7 68 50 3D,03000300,0.000000
9097,0,0x110,STD,8,2026-01-28T18:45:54.810060,03 00 03 00 61 D8 06 49,03000300,0.000000
9098,0,0x10F,STD,8,2026-01-28T18:45:54.867072,03 00 03 00 4D E8 5D 3D,03000300,0.000000
9099,0,0x110,STD,8,2026-01-28T18:45:54.891078,03 00 03 00 22 E8 BC 48,03000300,0.000000
9100,0,0x10F,STD,8,2026-01-28T18:45:54.948091,03 00 03 00 7E 13 3A 3D,03000300,0.000000
9101,0,0x110,STD,8,2026-01-28T18:45:54.974096,03 00 03 00 BB E3 04 49,03000300,0.000000
9102,0,0x10F,STD,8,2026-01-28T18:45:55.031109,03 00 03 00 5A 77 3E 3D,03000300,0.000000
9103,0,0x110,STD,8,2026-01-28T18:45:55.055115,03 00 03 00 14 10 E0 48,03000300,0.000000
9104,0,0x10F,STD,8,2026-01-28T18:45:55.112127,03 00 03 00 A4 8F 3A 3D,03000300,0.000000
9105,0,0x110,STD,8,2026-01-28T18:45:55.136133,03 00 03 00 12 DA 7A 48,03000300,0.000000
9106,0,0x10F,STD,8,2026-01-28T18:45:55.182143,03 00 03 00 34 67 3E 3D,03000300,0.000000
9107,0,0x110,STD,8,2026-01-28T18:45:55.206149,03 00 03 00 14 05 B1 48,03000300,0.000000
9108,0,0x10F,STD,8,2026-01-28T18:45:55.263161,03 00 03 00 24 C9 65 3D,03000300,0.000000
9109,0,0x110,STD,8,2026-01-28T18:45:55.287167,03 00 03 00 8D 63 4C 48,03000300,0.000000
9110,0,0x10F,STD,8,2026-01-28T18:45:55.344180,03 00 03 00 EE 28 FA 3C,03000300,0.000000
9111,0,0x110,STD,8,2026-01-28T18:45:55.368185,03 00 03 00 01 43 8D 47,03000300,0.000000
9112,0,0x10F,STD,8,2026-01-28T18:45:55.425198,03 00 03 00 43 B3 65 3D,03000300,0.000000
9113,0,0x110,STD,8,2026-01-28T18:45:55.449204,03 00 03 00 EB FE 74 48,03000300,0.000000
9114,0,0x10F,STD,8,2026-01-28T18:45:55.506216,03 00 03 00 FC 31 47 3D,03000300,0.000000
9115,0,0x110,STD,8,2026-01-28T18:45:55.530222,03 00 03 00 04 A1 94 48,03000300,0.000000
9116,0,0x110,STD,8,2026-01-28T18:45:55.576232,03 00 01 00 00 00 00 00,03000100,0.000000
9117,0,0x10F,STD,8,2026-01-28T18:45:55.576232,03 00 02 00 DE 11 46 41,03000200,0.000000
9118,0,0x10F,STD,8,2026-01-28T18:45:55.576232,03 00 01 00 00 00 00 00,03000100,0.000000
9119,0,0x110,STD,8,2026-01-28T18:45:55.576232,03 00 02 00 DE 11 46 41,03000200,0.000000
9120,0,0x10F,STD,8,2026-01-28T18:45:55.589235,03 00 03 00 84 6C 4A 3D,03000300,0.000000
9121,0,0x110,STD,8,2026-01-28T18:45:55.613240,03 00 03 00 45 B9 AD 47,03000300,0.000000
9122,0,0x10F,STD,8,2026-01-28T18:45:55.670253,03 00 03 00 8A AA 45 3D,03000300,0.000000
9123,0,0x110,STD,8,2026-01-28T18:45:55.694259,03 00 03 00 05 97 3A 47,03000300,0.000000
9124,0,0x10F,STD,8,2026-01-28T18:45:55.750566,03 00 03 00 DD 09 18 3D,03000300,0.000000
9125,0,0x110,STD,8,2026-01-28T18:45:55.774572,03 00 03 00 28 EE 09 48,03000300,0.000000
9126,0,0x10F,STD,8,2026-01-28T18:45:55.820582,03 00 03 00 1A C0 79 3D,03000300,0.000000
9127,0,0x110,STD,8,2026-01-28T18:45:55.855590,03 00 03 00 F4 51 20 48,03000300,0.000000
9128,0,0x10F,STD,8,2026-01-28T18:45:55.901600,03 00 03 00 D6 66 07 3D,03000300,0.000000
9129,0,0x110,STD,8,2026-01-28T18:45:55.936608,03 00 03 00 AE C0 A8 47,03000300,0.000000
9130,0,0x10F,STD,8,2026-01-28T18:45:55.982619,03 00 03 00 7D 0A 73 3D,03000300,0.000000
9131,0,0x110,STD,8,2026-01-28T18:45:56.006624,03 00 03 00 A5 42 2F 48,03000300,0.000000
9132,0,0x10F,STD,8,2026-01-28T18:45:56.063637,03 00 03 00 BE 67 53 3D,03000300,0.000000
9133,0,0x110,STD,8,2026-01-28T18:45:56.087642,03 00 03 00 CC D5 43 48,03000300,0.000000
9134,0,0x10F,STD,8,2026-01-28T18:45:56.144655,03 00 03 00 F0 8E 53 3D,03000300,0.000000
9135,0,0x110,STD,8,2026-01-28T18:45:56.168661,03 00 03 00 D6 DC 15 48,03000300,0.000000
9136,0,0x10F,STD,8,2026-01-28T18:45:56.225673,03 00 03 00 2B 66 6A 3D,03000300,0.000000
9137,0,0x110,STD,8,2026-01-28T18:45:56.249679,03 00 03 00 24 0D 72 48,03000300,0.000000
9138,0,0x10F,STD,8,2026-01-28T18:45:56.306057,03 00 03 00 A9 15 4F 3D,03000300,0.000000
9139,0,0x110,STD,8,2026-01-28T18:45:56.330062,03 00 03 00 5A 02 9F 48,03000300,0.000000
9140,0,0x10F,STD,8,2026-01-28T18:45:56.380577,03 00 03 00 66 77 8B 3D,03000300,0.000000
9141,0,0x110,STD,8,2026-01-28T18:45:56.404085,03 00 03 00 AB 9D F9 47,03000300,0.000000
9142,0,0x10F,STD,8,2026-01-28T18:45:56.461099,03 00 03 00 97 41 5A 3D,03000300,0.000000
9143,0,0x110,STD,8,2026-01-28T18:45:56.485104,03 00 03 00 64 27 99 47,03000300,0.000000
9144,0,0x10F,STD,8,2026-01-28T18:45:56.542087,03 00 03 00 B2 87 80 3D,03000300,0.000000
9145,0,0x110,STD,8,2026-01-28T18:45:56.566092,03 00 03 00 45 54 43 48,03000300,0.000000
9146,0,0x10F,STD,8,2026-01-28T18:45:56.622140,03 00 03 00 F6 E1 85 3D,03000300,0.000000
9147,0,0x110,STD,8,2026-01-28T18:45:56.646146,03 00 03 00 2C 36 6B 48,03000300,0.000000
9148,0,0x110,STD,8,2026-01-28T18:45:56.646146,03 00 01 00 00 00 00 00,03000100,0.000000
9149,0,0x10F,STD,8,2026-01-28T18:45:56.646146,03 00 02 00 DE 11 46 41,03000200,0.000000
9150,0,0x110,STD,8,2026-01-28T18:45:56.646146,03 00 02 00 DE 11 46 41,03000200,0.000000
9151,0,0x10F,STD,8,2026-01-28T18:45:56.646146,03 00 01 00 00 00 00 00,03000100,0.000000
9152,0,0x10F,STD,8,2026-01-28T18:45:56.703159,03 00 03 00 73 F0 82 3D,03000300,0.000000
9153,0,0x110,STD,8,2026-01-28T18:45:56.726776,03 00 03 00 C5 66 47 48,03000300,0.000000
9154,0,0x10F,STD,8,2026-01-28T18:45:56.783789,03 00 03 00 05 B4 98 3D,03000300,0.000000
9155,0,0x110,STD,8,2026-01-28T18:45:56.807794,03 00 03 00 C0 D0 60 48,03000300,0.000000
9156,0,0x10F,STD,8,2026-01-28T18:45:56.864807,03 00 03 00 A1 B9 8B 3D,03000300,0.000000
9157,0,0x110,STD,8,2026-01-28T18:45:56.888813,03 00 03 00 D5 25 77 48,03000300,0.000000
9158,0,0x10F,STD,8,2026-01-28T18:45:56.945328,03 00 03 00 88 DE A4 3D,03000300,0.000000
9159,0,0x110,STD,8,2026-01-28T18:45:56.969334,03 00 03 00 35 EF 49 48,03000300,0.000000
9160,0,0x10F,STD,8,2026-01-28T18:45:57.026347,03 00 03 00 14 F6 4E 3D,03000300,0.000000
9161,0,0x110,STD,8,2026-01-28T18:45:57.049933,03 00 03 00 29 C3 81 48,03000300,0.000000
9162,0,0x10F,STD,8,2026-01-28T18:45:57.095945,03 00 03 00 90 41 82 3D,03000300,0.000000
9163,0,0x110,STD,8,2026-01-28T18:45:57.119949,03 00 03 00 B6 82 C9 48,03000300,0.000000
9164,0,0x10F,STD,8,2026-01-28T18:45:57.176962,03 00 03 00 39 58 26 3D,03000300,0.000000
9165,0,0x110,STD,8,2026-01-28T18:45:57.200968,03 00 03 00 AC 09 55 48,03000300,0.000000
9166,0,0x10F,STD,8,2026-01-28T18:45:57.257981,03 00 03 00 16 3E 2B 3D,03000300,0.000000
9167,0,0x110,STD,8,2026-01-28T18:45:57.281986,03 00 03 00 F4 3B 35 48,03000300,0.000000
9168,0,0x10F,STD,8,2026-01-28T18:45:57.338998,03 00 03 00 3A 84 54 3D,03000300,0.000000
9169,0,0x110,STD,8,2026-01-28T18:45:57.363004,03 00 03 00 D2 5A B7 48,03000300,0.000000
9170,0,0x10F,STD,8,2026-01-28T18:45:57.420017,03 00 03 00 8F 99 11 3D,03000300,0.000000
9171,0,0x110,STD,8,2026-01-28T18:45:57.444022,03 00 03 00 B0 F5 0A 49,03000300,0.000000
9172,0,0x10F,STD,8,2026-01-28T18:45:57.501035,03 00 03 00 10 1B 90 3D,03000300,0.000000
9173,0,0x110,STD,8,2026-01-28T18:45:57.525041,03 00 03 00 51 8C E3 48,03000300,0.000000
9174,0,0x10F,STD,8,2026-01-28T18:45:57.582054,03 00 03 00 A0 1B 74 3D,03000300,0.000000
9175,0,0x110,STD,8,2026-01-28T18:45:57.606059,03 00 03 00 3C 82 D5 48,03000300,0.000000
9176,0,0x10F,STD,8,2026-01-28T18:45:57.663072,03 00 03 00 4E 7D 51 3D,03000300,0.000000
9177,0,0x110,STD,8,2026-01-28T18:45:57.687077,03 00 03 00 C1 79 D9 48,03000300,0.000000
9178,0,0x110,STD,8,2026-01-28T18:45:57.699680,03 00 01 00 00 00 00 00,03000100,0.000000
9179,0,0x10F,STD,8,2026-01-28T18:45:57.699680,03 00 01 00 00 00 00 00,03000100,0.000000
9180,0,0x110,STD,8,2026-01-28T18:45:57.699680,03 00 01 00 00 00 00 00,03000100,0.000000
9181,0,0x10F,STD,8,2026-01-28T18:45:57.701681,03 00 02 00 DE 05 3E 41,03000200,0.000000
9182,0,0x10F,STD,8,2026-01-28T18:45:57.736689,03 00 03 00 2C 79 83 3D,03000300,0.000000
9183,0,0x110,STD,8,2026-01-28T18:45:57.760694,03 00 03 00 6E 3B 89 48,03000300,0.000000
9184,0,0x10F,STD,8,2026-01-28T18:45:57.817707,03 00 03 00 A8 99 34 3D,03000300,0.000000
9185,0,0x110,STD,8,2026-01-28T18:45:57.841713,03 00 03 00 63 1D AF 48,03000300,0.000000
9186,0,0x10F,STD,8,2026-01-28T18:45:57.898726,03 00 03 00 D5 E4 8A 3D,03000300,0.000000
9187,0,0x110,STD,8,2026-01-28T18:45:57.922731,03 00 03 00 CF 25 7B 48,03000300,0.000000
9188,0,0x10F,STD,8,2026-01-28T18:45:57.979744,03 00 03 00 52 02 5B 3D,03000300,0.000000
9189,0,0x110,STD,8,2026-01-28T18:45:58.003749,03 00 03 00 D7 57 F7 47,03000300,0.000000
9190,0,0x10F,STD,8,2026-01-28T18:45:58.060762,03 00 03 00 56 6D 99 3D,03000300,0.000000
9191,0,0x110,STD,8,2026-01-28T18:45:58.085768,03 00 03 00 F3 C7 51 47,03000300,0.000000
9192,0,0x10F,STD,8,2026-01-28T18:45:58.142781,03 00 03 00 D4 19 85 3D,03000300,0.000000
9193,0,0x110,STD,8,2026-01-28T18:45:58.166786,03 00 03 00 BB 15 09 48,03000300,0.000000
9194,0,0x10F,STD,8,2026-01-28T18:45:58.212796,03 00 03 00 EA B0 68 3D,03000300,0.000000
9195,0,0x110,STD,8,2026-01-28T18:45:58.236802,03 00 03 00 1D 72 1C 48,03000300,0.000000
9196,0,0x10F,STD,8,2026-01-28T18:45:58.293815,03 00 03 00 05 DC 78 3D,03000300,0.000000
9197,0,0x110,STD,8,2026-01-28T18:45:58.317820,03 00 03 00 AD 0D 2D 48,03000300,0.000000
9198,0,0x10F,STD,8,2026-01-28T18:45:58.382338,03 00 03 00 B2 FC 38 3D,03000300,0.000000
9199,0,0x110,STD,8,2026-01-28T18:45:58.395340,03 00 03 00 AE 86 DE 47,03000300,0.000000
9200,0,0x10F,STD,8,2026-01-28T18:45:58.451537,03 00 03 00 F3 22 83 3D,03000300,0.000000
9201,0,0x110,STD,8,2026-01-28T18:45:58.475542,03 00 03 00 ED C2 A8 48,03000300,0.000000
9202,0,0x10F,STD,8,2026-01-28T18:45:58.532100,03 00 03 00 FB 95 35 3D,03000300,0.000000
9203,0,0x110,STD,8,2026-01-28T18:45:58.556106,03 00 03 00 F3 81 C4 48,03000300,0.000000
9204,0,0x10F,STD,8,2026-01-28T18:45:58.613120,03 00 03 00 B4 6E 76 3D,03000300,0.000000
9205,0,0x110,STD,8,2026-01-28T18:45:58.637124,03 00 03 00 27 21 22 48,03000300,0.000000
9206,0,0x10F,STD,8,2026-01-28T18:45:58.694137,03 00 03 00 DA 76 87 3D,03000300,0.000000
9207,0,0x110,STD,8,2026-01-28T18:45:58.717510,03 00 03 00 9D B5 62 48,03000300,0.000000
9208,0,0x110,STD,8,2026-01-28T18:45:58.763522,03 00 02 00 DE 05 3E 41,03000200,0.000000
9209,0,0x10F,STD,8,2026-01-28T18:45:58.763522,03 00 01 00 00 00 00 00,03000100,0.000000
9210,0,0x10F,STD,8,2026-01-28T18:45:58.763522,03 00 02 00 F3 AC 49 41,03000200,0.000000
9211,0,0x110,STD,8,2026-01-28T18:45:58.763522,03 00 01 00 00 00 00 00,03000100,0.000000
9212,0,0x10F,STD,8,2026-01-28T18:45:58.776524,03 00 03 00 79 0F 71 3D,03000300,0.000000
9213,0,0x110,STD,8,2026-01-28T18:45:58.799900,03 00 03 00 C3 04 8A 48,03000300,0.000000
9214,0,0x10F,STD,8,2026-01-28T18:45:58.856912,03 00 03 00 AF 0C 95 3D,03000300,0.000000
9215,0,0x110,STD,8,2026-01-28T18:45:58.880918,03 00 03 00 C9 52 6A 48,03000300,0.000000
9216,0,0x10F,STD,8,2026-01-28T18:45:58.937471,03 00 03 00 BD F7 60 3D,03000300,0.000000
9217,0,0x110,STD,8,2026-01-28T18:45:58.961477,03 00 03 00 57 5D 7C 48,03000300,0.000000
9218,0,0x10F,STD,8,2026-01-28T18:45:59.018489,03 00 03 00 14 57 8F 3D,03000300,0.000000
9219,0,0x110,STD,8,2026-01-28T18:45:59.042495,03 00 03 00 31 90 E1 48,03000300,0.000000
9220,0,0x10F,STD,8,2026-01-28T18:45:59.088457,03 00 03 00 63 2F 3D 3D,03000300,0.000000
9221,0,0x110,STD,8,2026-01-28T18:45:59.112463,03 00 03 00 2C 62 10 49,03000300,0.000000
9222,0,0x10F,STD,8,2026-01-28T18:45:59.169475,03 00 03 00 A3 81 5A 3D,03000300,0.000000
9223,0,0x110,STD,8,2026-01-28T18:45:59.193481,03 00 03 00 4B DC F5 48,03000300,0.000000
9224,0,0x10F,STD,8,2026-01-28T18:45:59.250493,03 00 03 00 57 B6 53 3D,03000300,0.000000
9225,0,0x110,STD,8,2026-01-28T18:45:59.274499,03 00 03 00 B1 04 EE 48,03000300,0.000000
9226,0,0x10F,STD,8,2026-01-28T18:45:59.331512,03 00 03 00 42 0D 2F 3D,03000300,0.000000
9227,0,0x110,STD,8,2026-01-28T18:45:59.355518,03 00 03 00 94 9D 12 49,03000300,0.000000
9228,0,0x10F,STD,8,2026-01-28T18:45:59.412149,03 00 03 00 93 24 8D 3D,03000300,0.000000
9229,0,0x110,STD,8,2026-01-28T18:45:59.435440,03 00 03 00 DA B4 1D 49,03000300,0.000000
9230,0,0x10F,STD,8,2026-01-28T18:45:59.492454,03 00 03 00 F1 5D 52 3D,03000300,0.000000
9231,0,0x110,STD,8,2026-01-28T18:45:59.516459,03 00 03 00 25 CA D2 48,03000300,0.000000
9232,0,0x10F,STD,8,2026-01-28T18:45:59.572975,03 00 03 00 71 1E 86 3D,03000300,0.000000
9233,0,0x110,STD,8,2026-01-28T18:45:59.596980,03 00 03 00 91 6B E3 48,03000300,0.000000
9234,0,0x10F,STD,8,2026-01-28T18:45:59.653993,03 00 03 00 9A 42 7E 3D,03000300,0.000000
9235,0,0x110,STD,8,2026-01-28T18:45:59.677999,03 00 03 00 4A B3 FD 48,03000300,0.000000
9236,0,0x10F,STD,8,2026-01-28T18:45:59.734860,03 00 03 00 00 4F 7E 3D,03000300,0.000000
9237,0,0x110,STD,8,2026-01-28T18:45:59.758866,03 00 03 00 6F C6 82 48,03000300,0.000000
9238,0,0x10F,STD,8,2026-01-28T18:45:59.815879,03 00 03 00 90 52 78 3D,03000300,0.000000
9239,0,0x110,STD,8,2026-01-28T18:45:59.815879,03 00 02 00 F3 AC 49 41,03000200,0.000000
9240,0,0x10F,STD,8,2026-01-28T18:45:59.815879,03 00 02 00 65 2F 33 41,03000200,0.000000
9241,0,0x110,STD,8,2026-01-28T18:45:59.815879,03 00 01 00 00 00 00 00,03000100,0.000000
9242,0,0x110,STD,8,2026-01-28T18:45:59.815879,03 00 02 00 65 2F 33 41,03000200,0.000000
9243,0,0x110,STD,8,2026-01-28T18:45:59.839884,03 00 03 00 ED 0E 9E 48,03000300,0.000000
9244,0,0x10F,STD,8,2026-01-28T18:45:59.885894,03 00 03 00 6B 4C 55 3D,03000300,0.000000
9245,0,0x110,STD,8,2026-01-28T18:45:59.909900,03 00 03 00 8C C3 5A 48,03000300,0.000000
9246,0,0x10F,STD,8,2026-01-28T18:45:59.966913,03 00 03 00 0E 6C 97 3D,03000300,0.000000
9247,0,0x110,STD,8,2026-01-28T18:45:59.990918,03 00 03 00 9B 26 65 48,03000300,0.000000
9248,0,0x10F,STD,8,2026-01-28T18:46:00.047930,03 00 03 00 A3 0F 55 3D,03000300,0.000000
9249,0,0x110,STD,8,2026-01-28T18:46:00.071936,03 00 03 00 90 8E AE 48,03000300,0.000000
9250,0,0x10F,STD,8,2026-01-28T18:46:00.128949,03 00 03 00 B8 B2 61 3D,03000300,0.000000
9251,0,0x110,STD,8,2026-01-28T18:46:00.152954,03 00 03 00 90 EF AD 48,03000300,0.000000
9252,0,0x10F,STD,8,2026-01-28T18:46:00.209967,03 00 03 00 32 EF 3B 3D,03000300,0.000000
9253,0,0x110,STD,8,2026-01-28T18:46:00.233973,03 00 03 00 47 F7 69 48,03000300,0.000000
9254,0,0x10F,STD,8,2026-01-28T18:46:00.290985,03 00 03 00 FC 32 21 3D,03000300,0.000000
9255,0,0x110,STD,8,2026-01-28T18:46:00.314991,03 00 03 00 93 38 68 48,03000300,0.000000
9256,0,0x10F,STD,8,2026-01-28T18:46:00.374004,03 00 03 00 C7 82 08 3D,03000300,0.000000
9257,0,0x110,STD,8,2026-01-28T18:46:00.397542,03 00 03 00 77 7F 5A 48,03000300,0.000000
9258,0,0x10F,STD,8,2026-01-28T18:46:00.443557,03 00 03 00 F5 2B 0B 3D,03000300,0.000000
9259,0,0x110,STD,8,2026-01-28T18:46:00.467563,03 00 03 00 3A BF 8B 48,03000300,0.000000
9260,0,0x10F,STD,8,2026-01-28T18:46:00.524576,03 00 03 00 4B D0 28 3D,03000300,0.000000
9261,0,0x110,STD,8,2026-01-28T18:46:00.548581,03 00 03 00 4E AE 8F 48,03000300,0.000000
9262,0,0x10F,STD,8,2026-01-28T18:46:00.605594,03 00 03 00 23 98 01 3D,03000300,0.000000
9263,0,0x110,STD,8,2026-01-28T18:46:00.629599,03 00 03 00 C7 7E 5D 48,03000300,0.000000
9264,0,0x10F,STD,8,2026-01-28T18:46:00.686612,03 00 03 00 22 E0 4B 3D,03000300,0.000000
9265,0,0x110,STD,8,2026-01-28T18:46:00.710618,03 00 03 00 01 A4 8F 48,03000300,0.000000
9266,0,0x10F,STD,8,2026-01-28T18:46:00.767630,03 00 03 00 2A 14 CD 3C,03000300,0.000000
9267,0,0x110,STD,8,2026-01-28T18:46:00.791636,03 00 03 00 88 BB 21 48,03000300,0.000000
9268,0,0x10F,STD,8,2026-01-28T18:46:00.848649,03 00 03 00 F9 26 05 3D,03000300,0.000000
9269,0,0x110,STD,8,2026-01-28T18:46:00.872654,03 00 03 00 0A 92 5D 48,03000300,0.000000
9270,0,0x10F,STD,8,2026-01-28T18:46:00.872654,03 00 01 00 00 00 00 00,03000100,0.000000
9271,0,0x110,STD,8,2026-01-28T18:46:00.872654,03 00 02 00 65 2F 33 41,03000200,0.000000
9272,0,0x10F,STD,8,2026-01-28T18:46:00.872654,03 00 01 00 00 00 00 00,03000100,0.000000
9273,0,0x110,STD,8,2026-01-28T18:46:00.872654,03 00 01 00 00 00 00 00,03000100,0.000000
9274,0,0x10F,STD,8,2026-01-28T18:46:00.929667,03 00 03 00 64 EF 11 3D,03000300,0.000000
9275,0,0x110,STD,8,2026-01-28T18:46:00.953672,03 00 03 00 CD C9 B1 48,03000300,0.000000
9276,0,0x10F,STD,8,2026-01-28T18:46:01.010685,03 00 03 00 5A EE 9A 3C,03000300,0.000000
9277,0,0x110,STD,8,2026-01-28T18:46:01.034690,03 00 03 00 79 57 33 48,03000300,0.000000
9278,0,0x10F,STD,8,2026-01-28T18:46:01.083701,03 00 03 00 F0 05 43 3D,03000300,0.000000
9279,0,0x110,STD,8,2026-01-28T18:46:01.107707,03 00 03 00 99 45 CC 48,03000300,0.000000
9280,0,0x10F,STD,8,2026-01-28T18:46:01.164250,03 00 03 00 F4 77 0C 3D,03000300,0.000000
9281,0,0x110,STD,8,2026-01-28T18:46:01.188256,03 00 03 00 6D 41 5A 48,03000300,0.000000
9282,0,0x10F,STD,8,2026-01-28T18:46:01.244365,03 00 03 00 BE 34 53 3D,03000300,0.000000
9283,0,0x110,STD,8,2026-01-28T18:46:01.268371,03 00 03 00 28 67 60 48,03000300,0.000000
9284,0,0x10F,STD,8,2026-01-28T18:46:01.325391,03 00 03 00 78 F3 5C 3D,03000300,0.000000
9285,0,0x110,STD,8,2026-01-28T18:46:01.349396,03 00 03 00 82 74 09 49,03000300,0.000000
9286,0,0x10F,STD,8,2026-01-28T18:46:01.406410,03 00 03 00 B4 B4 39 3D,03000300,0.000000
9287,0,0x110,STD,8,2026-01-28T18:46:01.429782,03 00 03 00 00 AA C2 48,03000300,0.000000
9288,0,0x10F,STD,8,2026-01-28T18:46:01.486795,03 00 03 00 33 D1 7F 3D,03000300,0.000000
9289,0,0x110,STD,8,2026-01-28T18:46:01.510801,03 00 03 00 FD D1 E3 48,03000300,0.000000
9290,0,0x10F,STD,8,2026-01-28T18:46:01.567813,03 00 03 00 86 E3 40 3D,03000300,0.000000
9291,0,0x110,STD,8,2026-01-28T18:46:01.591322,03 00 03 00 BF E3 D4 48,03000300,0.000000
9292,0,0x10F,STD,8,2026-01-28T18:46:01.647896,03 00 03 00 42 04 88 3D,03000300,0.000000
9293,0,0x110,STD,8,2026-01-28T18:46:01.671902,03 00 03 00 28 31 28 48,03000300,0.000000
9294,0,0x10F,STD,8,2026-01-28T18:46:01.728485,03 00 03 00 90 50 5A 3D,03000300,0.000000
9295,0,0x110,STD,8,2026-01-28T18:46:01.752491,03 00 03 00 18 A6 CD 48,03000300,0.000000
9296,0,0x10F,STD,8,2026-01-28T18:46:01.798501,03 00 03 00 6B B5 65 3D,03000300,0.000000
9297,0,0x110,STD,8,2026-01-28T18:46:01.822506,03 00 03 00 E4 3D AE 48,03000300,0.000000
9298,0,0x10F,STD,8,2026-01-28T18:46:01.879066,03 00 03 00 25 A7 5E 3D,03000300,0.000000
9299,0,0x110,STD,8,2026-01-28T18:46:01.903071,03 00 03 00 31 65 3D 48,03000300,0.000000
9300,0,0x10F,STD,8,2026-01-28T18:46:01.926717,03 00 02 00 65 2F 33 41,03000200,0.000000
9301,0,0x110,STD,8,2026-01-28T18:46:01.926717,03 00 01 00 00 00 00 00,03000100,0.000000
9302,0,0x10F,STD,8,2026-01-28T18:46:01.926717,03 00 02 00 7D 1F 3F 41,03000200,0.000000
9303,0,0x110,STD,8,2026-01-28T18:46:01.926717,03 00 02 00 7D 1F 3F 41,03000200,0.000000
9304,0,0x10F,STD,8,2026-01-28T18:46:01.961725,03 00 03 00 57 FB 31 3D,03000300,0.000000
9305,0,0x110,STD,8,2026-01-28T18:46:01.985731,03 00 03 00 BA F5 BF 48,03000300,0.000000
9306,0,0x10F,STD,8,2026-01-28T18:46:02.042743,03 00 03 00 AB 40 81 3D,03000300,0.000000
9307,0,0x110,STD,8,2026-01-28T18:46:02.066749,03 00 03 00 94 DE B5 48,03000300,0.000000
9308,0,0x10F,STD,8,2026-01-28T18:46:02.123762,03 00 03 00 B2 E6 09 3D,03000300,0.000000
9309,0,0x110,STD,8,2026-01-28T18:46:02.147767,03 00 03 00 21 E6 57 48,03000300,0.000000
9310,0,0x10F,STD,8,2026-01-28T18:46:02.204780,03 00 03 00 A2 35 2D 3D,03000300,0.000000
9311,0,0x110,STD,8,2026-01-28T18:46:02.228785,03 00 03 00 6E 20 AA 48,03000300,0.000000
9312,0,0x10F,STD,8,2026-01-28T18:46:02.285798,03 00 03 00 B9 B6 0E 3D,03000300,0.000000
9313,0,0x110,STD,8,2026-01-28T18:46:02.309803,03 00 03 00 FA 8C 00 48,03000300,0.000000
9314,0,0x10F,STD,8,2026-01-28T18:46:02.361815,03 00 03 00 DE 48 1B 3D,03000300,0.000000
9315,0,0x110,STD,8,2026-01-28T18:46:02.386821,03 00 03 00 13 E7 8A 48,03000300,0.000000
9316,0,0x10F,STD,8,2026-01-28T18:46:02.443834,03 00 03 00 83 D7 52 3D,03000300,0.000000
9317,0,0x110,STD,8,2026-01-28T18:46:02.467839,03 00 03 00 1A B2 54 48,03000300,0.000000
9318,0,0x10F,STD,8,2026-01-28T18:46:02.524852,03 00 03 00 19 07 F0 3C,03000300,0.000000
9319,0,0x110,STD,8,2026-01-28T18:46:02.548857,03 00 03 00 B6 DE ED 47,03000300,0.000000
9320,0,0x10F,STD,8,2026-01-28T18:46:02.605871,03 00 03 00 F3 5B 17 3D,03000300,0.000000
9321,0,0x110,STD,8,2026-01-28T18:46:02.629877,03 00 03 00 96 45 3D 48,03000300,0.000000
9322,0,0x10F,STD,8,2026-01-28T18:46:02.675887,03 00 03 00 5B 33 EF 3C,03000300,0.000000
9323,0,0x110,STD,8,2026-01-28T18:46:02.699893,03 00 03 00 21 4C B0 47,03000300,0.000000
9324,0,0x10F,STD,8,2026-01-28T18:46:02.756906,03 00 03 00 50 17 43 3D,03000300,0.000000
9325,0,0x110,STD,8,2026-01-28T18:46:02.780911,03 00 03 00 8A 62 03 48,03000300,0.000000
9326,0,0x10F,STD,8,2026-01-28T18:46:02.837924,03 00 03 00 62 79 00 3D,03000300,0.000000
9327,0,0x110,STD,8,2026-01-28T18:46:02.861929,03 00 03 00 DF FC 9C 47,03000300,0.000000
9328,0,0x10F,STD,8,2026-01-28T18:46:02.918942,03 00 03 00 BE 00 3D 3D,03000300,0.000000
9329,0,0x110,STD,8,2026-01-28T18:46:02.942947,03 00 03 00 D5 EF 39 48,03000300,0.000000
9330,0,0x10F,STD,8,2026-01-28T18:46:02.955950,03 00 01 00 00 00 00 00,03000100,0.000000
9331,0,0x10F,STD,8,2026-01-28T18:46:02.955950,03 00 02 00 D7 E3 43 41,03000200,0.000000
9332,0,0x10F,STD,8,2026-01-28T18:46:02.957951,03 00 01 00 00 00 00 00,03000100,0.000000
9333,0,0x110,STD,8,2026-01-28T18:46:02.957951,03 00 02 00 D7 E3 43 41,03000200,0.000000
9334,0,0x10F,STD,8,2026-01-28T18:46:03.003961,03 00 03 00 6F 1E 73 3D,03000300,0.000000
9335,0,0x110,STD,8,2026-01-28T18:46:03.027257,03 00 03 00 D5 F9 88 47,03000300,0.000000
9336,0,0x10F,STD,8,2026-01-28T18:46:03.087271,03 00 03 00 EA F3 FE 3C,03000300,0.000000
9337,0,0x110,STD,8,2026-01-28T18:46:03.101273,03 00 03 00 83 38 01 48,03000300,0.000000
9338,0,0x10F,STD,8,2026-01-28T18:46:03.158287,03 00 03 00 F0 24 42 3D,03000300,0.000000
9339,0,0x110,STD,8,2026-01-28T18:46:03.181810,03 00 03 00 C0 35 29 48,03000300,0.000000
9340,0,0x10F,STD,8,2026-01-28T18:46:03.238823,03 00 03 00 45 98 D8 3C,03000300,0.000000
9341,0,0x110,STD,8,2026-01-28T18:46:03.262829,03 00 03 00 EB 0C AB 47,03000300,0.000000
9342,0,0x10F,STD,8,2026-01-28T18:46:03.319841,03 00 03 00 7D 2D FA 3C,03000300,0.000000
9343,0,0x110,STD,8,2026-01-28T18:46:03.343360,03 00 03 00 B7 63 1F 48,03000300,0.000000
9344,0,0x10F,STD,8,2026-01-28T18:46:03.400372,03 00 03 00 E1 1E 04 3D,03000300,0.000000
9345,0,0x110,STD,8,2026-01-28T18:46:03.423357,03 00 03 00 1F E4 A3 48,03000300,0.000000
9346,0,0x10F,STD,8,2026-01-28T18:46:03.479376,03 00 03 00 07 BE 1D 3D,03000300,0.000000
9347,0,0x110,STD,8,2026-01-28T18:46:03.503381,03 00 03 00 E3 1D E5 48,03000300,0.000000
9348,0,0x10F,STD,8,2026-01-28T18:46:03.559740,03 00 03 00 74 CE 82 3D,03000300,0.000000
9349,0,0x110,STD,8,2026-01-28T18:46:03.583250,03 00 03 00 11 1B C3 48,03000300,0.000000
9350,0,0x10F,STD,8,2026-01-28T18:46:03.640262,03 00 03 00 3A FB 4F 3D,03000300,0.000000
9351,0,0x110,STD,8,2026-01-28T18:46:03.663771,03 00 03 00 5E FA D6 48,03000300,0.000000
9352,0,0x10F,STD,8,2026-01-28T18:46:03.720288,03 00 03 00 F0 ED 84 3D,03000300,0.000000
9353,0,0x110,STD,8,2026-01-28T18:46:03.744292,03 00 03 00 CA EA AA 48,03000300,0.000000
9354,0,0x10F,STD,8,2026-01-28T18:46:03.800809,03 00 03 00 53 BF 43 3D,03000300,0.000000
9355,0,0x110,STD,8,2026-01-28T18:46:03.824815,03 00 03 00 E9 19 7E 48,03000300,0.000000
9356,0,0x10F,STD,8,2026-01-28T18:46:03.881332,03 00 03 00 72 A7 4F 3D,03000300,0.000000
9357,0,0x110,STD,8,2026-01-28T18:46:03.904842,03 00 03 00 4D F7 83 48,03000300,0.000000
9358,0,0x10F,STD,8,2026-01-28T18:46:03.961211,03 00 03 00 52 A2 64 3D,03000300,0.000000
9359,0,0x110,STD,8,2026-01-28T18:46:03.978214,03 00 03 00 59 CE F5 47,03000300,0.000000
9360,0,0x110,STD,8,2026-01-28T18:46:04.013222,03 00 01 00 00 00 00 00,03000100,0.000000
9361,0,0x10F,STD,8,2026-01-28T18:46:04.013222,03 00 02 00 71 1E 47 41,03000200,0.000000
9362,0,0x110,STD,8,2026-01-28T18:46:04.013222,03 00 02 00 71 1E 47 41,03000200,0.000000
9363,0,0x10F,STD,8,2026-01-28T18:46:04.013222,03 00 01 00 00 00 00 00,03000100,0.000000
9364,0,0x10F,STD,8,2026-01-28T18:46:04.037227,03 00 03 00 79 59 4C 3D,03000300,0.000000
9365,0,0x110,STD,8,2026-01-28T18:46:04.061321,03 00 03 00 1A FA 2A 48,03000300,0.000000
9366,0,0x10F,STD,8,2026-01-28T18:46:04.117839,03 00 03 00 BE 6B 79 3D,03000300,0.000000
9367,0,0x110,STD,8,2026-01-28T18:46:04.141845,03 00 03 00 DE 5E 93 48,03000300,0.000000
9368,0,0x10F,STD,8,2026-01-28T18:46:04.198857,03 00 03 00 5D 1D 2B 3D,03000300,0.000000
9369,0,0x110,STD,8,2026-01-28T18:46:04.222863,03 00 03 00 C8 61 0C 48,03000300,0.000000
9370,0,0x10F,STD,8,2026-01-28T18:46:04.268873,03 00 03 00 4C D5 5E 3D,03000300,0.000000
9371,0,0x110,STD,8,2026-01-28T18:46:04.292878,03 00 03 00 6A 6D A9 48,03000300,0.000000
9372,0,0x10F,STD,8,2026-01-28T18:46:04.349394,03 00 03 00 A2 5D 2D 3D,03000300,0.000000
9373,0,0x110,STD,8,2026-01-28T18:46:04.375400,03 00 03 00 B7 36 5F 48,03000300,0.000000
9374,0,0x10F,STD,8,2026-01-28T18:46:04.432413,03 00 03 00 6B 13 0E 3D,03000300,0.000000
9375,0,0x110,STD,8,2026-01-28T18:46:04.456419,03 00 03 00 5F A9 84 48,03000300,0.000000
9376,0,0x10F,STD,8,2026-01-28T18:46:04.513431,03 00 03 00 8C B2 44 3D,03000300,0.000000
9377,0,0x110,STD,8,2026-01-28T18:46:04.536939,03 00 03 00 8A AC 91 48,03000300,0.000000
9378,0,0x10F,STD,8,2026-01-28T18:46:04.593953,03 00 03 00 C6 50 35 3D,03000300,0.000000
9379,0,0x110,STD,8,2026-01-28T18:46:04.618958,03 00 03 00 23 7C 81 48,03000300,0.000000
9380,0,0x10F,STD,8,2026-01-28T18:46:04.675971,03 00 03 00 09 2C 82 3D,03000300,0.000000
9381,0,0x110,STD,8,2026-01-28T18:46:04.699705,03 00 03 00 25 0B D0 48,03000300,0.000000
9382,0,0x10F,STD,8,2026-01-28T18:46:04.756718,03 00 03 00 66 1B 45 3D,03000300,0.000000
9383,0,0x110,STD,8,2026-01-28T18:46:04.780228,03 00 03 00 88 41 CE 48,03000300,0.000000
9384,0,0x10F,STD,8,2026-01-28T18:46:04.837241,03 00 03 00 1F 60 74 3D,03000300,0.000000
9385,0,0x110,STD,8,2026-01-28T18:46:04.861247,03 00 03 00 EA 43 03 49,03000300,0.000000
9386,0,0x10F,STD,8,2026-01-28T18:46:04.907257,03 00 03 00 3D 4A 6D 3D,03000300,0.000000
9387,0,0x110,STD,8,2026-01-28T18:46:04.942265,03 00 03 00 B4 C1 08 49,03000300,0.000000
9388,0,0x10F,STD,8,2026-01-28T18:46:04.988275,03 00 03 00 6A 81 4D 3D,03000300,0.000000
9389,0,0x110,STD,8,2026-01-28T18:46:05.012281,03 00 03 00 37 C4 E0 48,03000300,0.000000
9390,0,0x110,STD,8,2026-01-28T18:46:05.058291,03 00 01 00 00 00 00 00,03000100,0.000000
9391,0,0x10F,STD,8,2026-01-28T18:46:05.058291,03 00 01 00 00 00 00 00,03000100,0.000000
9392,0,0x110,STD,8,2026-01-28T18:46:05.058291,03 00 01 00 00 00 00 00,03000100,0.000000
9393,0,0x10F,STD,8,2026-01-28T18:46:05.058291,03 00 02 00 66 8D 2D 41,03000200,0.000000
9394,0,0x10F,STD,8,2026-01-28T18:46:05.071294,03 00 03 00 55 4A 99 3D,03000300,0.000000
9395,0,0x110,STD,8,2026-01-28T18:46:05.095299,03 00 03 00 23 27 B8 48,03000300,0.000000
9396,0,0x10F,STD,8,2026-01-28T18:46:05.152312,03 00 03 00 95 A5 47 3D,03000300,0.000000
9397,0,0x110,STD,8,2026-01-28T18:46:05.176318,03 00 03 00 46 03 A0 48,03000300,0.000000
9398,0,0x10F,STD,8,2026-01-28T18:46:05.233330,03 00 03 00 FC A3 8B 3D,03000300,0.000000
9399,0,0x110,STD,8,2026-01-28T18:46:05.257336,03 00 03 00 F4 84 98 48,03000300,0.000000
9400,0,0x10F,STD,8,2026-01-28T18:46:05.314349,03 00 03 00 8A 60 4D 3D,03000300,0.000000
9401,0,0x110,STD,8,2026-01-28T18:46:05.338354,03 00 03 00 25 9E AF 48,03000300,0.000000
9402,0,0x10F,STD,8,2026-01-28T18:46:05.395367,03 00 03 00 FC 4F 87 3D,03000300,0.000000
9403,0,0x110,STD,8,2026-01-28T18:46:05.419372,03 00 03 00 75 4A 3C 48,03000300,0.000000
9404,0,0x10F,STD,8,2026-01-28T18:46:05.476385,03 00 03 00 51 0B 94 3D,03000300,0.000000
9405,0,0x110,STD,8,2026-01-28T18:46:05.489388,03 00 03 00 5F 0D 72 48,03000300,0.000000
9406,0,0x10F,STD,8,2026-01-28T18:46:05.546401,03 00 03 00 A1 F5 02 3D,03000300,0.000000
9407,0,0x110,STD,8,2026-01-28T18:46:05.570406,03 00 03 00 7B C4 CE 47,03000300,0.000000
9408,0,0x10F,STD,8,2026-01-28T18:46:05.626922,03 00 03 00 2D 0A 45 3D,03000300,0.000000
9409,0,0x110,STD,8,2026-01-28T18:46:05.650928,03 00 03 00 AA 28 A7 48,03000300,0.000000
9410,0,0x10F,STD,8,2026-01-28T18:46:05.707941,03 00 03 00 85 BE 29 3D,03000300,0.000000
9411,0,0x110,STD,8,2026-01-28T18:46:05.731946,03 00 03 00 9B FC 67 48,03000300,0.000000
9412,0,0x10F,STD,8,2026-01-28T18:46:05.788264,03 00 03 00 C3 08 45 3D,03000300,0.000000
9413,0,0x110,STD,8,2026-01-28T18:46:05.812270,03 00 03 00 72 C7 84 48,03000300,0.000000
9414,0,0x10F,STD,8,2026-01-28T18:46:05.869283,03 00 03 00 AC 02 81 3D,03000300,0.000000
9415,0,0x110,STD,8,2026-01-28T18:46:05.893288,03 00 03 00 0B ED 95 48,03000300,0.000000
9416,0,0x10F,STD,8,2026-01-28T18:46:05.950301,03 00 03 00 6A 8E 4F 3D,03000300,0.000000
9417,0,0x110,STD,8,2026-01-28T18:46:05.974307,03 00 03 00 EA 56 AE 48,03000300,0.000000
9418,0,0x10F,STD,8,2026-01-28T18:46:06.031319,03 00 03 00 8D 53 7F 3D,03000300,0.000000
9419,0,0x110,STD,8,2026-01-28T18:46:06.055325,03 00 03 00 EF FF DB 48,03000300,0.000000
9420,0,0x110,STD,8,2026-01-28T18:46:06.101335,03 00 02 00 66 8D 2D 41,03000200,0.000000
9421,0,0x10F,STD,8,2026-01-28T18:46:06.103336,03 00 03 00 45 19 35 3D,03000300,0.000000
9422,0,0x110,STD,8,2026-01-28T18:46:06.105336,03 00 01 00 00 00 00 00,03000100,0.000000
9423,0,0x10F,STD,8,2026-01-28T18:46:06.105336,03 00 02 00 66 8D 2D 41,03000200,0.000000
9424,0,0x110,STD,8,2026-01-28T18:46:06.105336,03 00 02 00 66 8D 2D 41,03000200,0.000000
9425,0,0x110,STD,8,2026-01-28T18:46:06.129341,03 00 03 00 42 25 80 48,03000300,0.000000
9426,0,0x10F,STD,8,2026-01-28T18:46:06.186354,03 00 03 00 11 60 42 3D,03000300,0.000000
9427,0,0x110,STD,8,2026-01-28T18:46:06.210360,03 00 03 00 BF 87 23 48,03000300,0.000000
9428,0,0x10F,STD,8,2026-01-28T18:46:06.267373,03 00 03 00 E7 D2 1E 3D,03000300,0.000000
9429,0,0x110,STD,8,2026-01-28T18:46:06.291377,03 00 03 00 A8 19 82 48,03000300,0.000000
9430,0,0x10F,STD,8,2026-01-28T18:46:06.355998,03 00 03 00 30 F9 3E 3D,03000300,0.000000
9431,0,0x110,STD,8,2026-01-28T18:46:06.369000,03 00 03 00 D9 8D D6 48,03000300,0.000000
9432,0,0x10F,STD,8,2026-01-28T18:46:06.426013,03 00 03 00 7C 23 36 3D,03000300,0.000000
9433,0,0x110,STD,8,2026-01-28T18:46:06.449522,03 00 03 00 CA 3B AA 48,03000300,0.000000
9434,0,0x10F,STD,8,2026-01-28T18:46:06.506535,03 00 03 00 82 B0 2F 3D,03000300,0.000000
9435,0,0x110,STD,8,2026-01-28T18:46:06.530044,03 00 03 00 48 15 AA 48,03000300,0.000000
9436,0,0x10F,STD,8,2026-01-28T18:46:06.586229,03 00 03 00 2A 41 61 3D,03000300,0.000000
9437,0,0x110,STD,8,2026-01-28T18:46:06.610235,03 00 03 00 E4 C0 38 49,03000300,0.000000
9438,0,0x10F,STD,8,2026-01-28T18:46:06.667248,03 00 03 00 6F F5 2A 3D,03000300,0.000000
9439,0,0x110,STD,8,2026-01-28T18:46:06.691253,03 00 03 00 99 0D A3 48,03000300,0.000000
9440,0,0x10F,STD,8,2026-01-28T18:46:06.748266,03 00 03 00 63 0F 71 3D,03000300,0.000000
9441,0,0x110,STD,8,2026-01-28T18:46:06.772272,03 00 03 00 0C E2 93 48,03000300,0.000000
9442,0,0x10F,STD,8,2026-01-28T18:46:06.828739,03 00 03 00 38 D8 44 3D,03000300,0.000000
9443,0,0x110,STD,8,2026-01-28T18:46:06.852295,03 00 03 00 78 A0 49 48,03000300,0.000000
9444,0,0x10F,STD,8,2026-01-28T18:46:06.909308,03 00 03 00 62 DF 4D 3D,03000300,0.000000
9445,0,0x110,STD,8,2026-01-28T18:46:06.932817,03 00 03 00 36 4F AA 48,03000300,0.000000
9446,0,0x10F,STD,8,2026-01-28T18:46:06.989196,03 00 03 00 72 E9 83 3D,03000300,0.000000
9447,0,0x110,STD,8,2026-01-28T18:46:07.012963,03 00 03 00 9A 22 B8 48,03000300,0.000000
9448,0,0x10F,STD,8,2026-01-28T18:46:07.069579,03 00 03 00 66 49 7B 3D,03000300,0.000000
9449,0,0x110,STD,8,2026-01-28T18:46:07.093086,03 00 03 00 B2 CE 3A 48,03000300,0.000000
9450,0,0x10F,STD,8,2026-01-28T18:46:07.149318,03 00 03 00 6A 1A 86 3D,03000300,0.000000
9451,0,0x10F,STD,8,2026-01-28T18:46:07.149318,03 00 01 00 00 00 00 00,03000100,0.000000
9452,0,0x10F,STD,8,2026-01-28T18:46:07.149318,03 00 02 00 74 06 37 41,03000200,0.000000
9453,0,0x110,STD,8,2026-01-28T18:46:07.149318,03 00 02 00 74 06 37 41,03000200,0.000000
9454,0,0x10F,STD,8,2026-01-28T18:46:07.149318,03 00 01 00 00 00 00 00,03000100,0.000000
9455,0,0x110,STD,8,2026-01-28T18:46:07.173324,03 00 03 00 11 D0 73 48,03000300,0.000000
9456,0,0x10F,STD,8,2026-01-28T18:46:07.218808,03 00 03 00 9F 5D 64 3D,03000300,0.000000
9457,0,0x110,STD,8,2026-01-28T18:46:07.253036,03 00 03 00 33 D2 55 48,03000300,0.000000
9458,0,0x10F,STD,8,2026-01-28T18:46:07.299047,03 00 03 00 B2 F0 86 3D,03000300,0.000000
9459,0,0x110,STD,8,2026-01-28T18:46:07.323052,03 00 03 00 29 2A A0 48,03000300,0.000000
9460,0,0x10F,STD,8,2026-01-28T18:46:07.380065,03 00 03 00 3F 56 1C 3D,03000300,0.000000
9461,0,0x110,STD,8,2026-01-28T18:46:07.404071,03 00 03 00 B3 E8 C3 48,03000300,0.000000
9462,0,0x10F,STD,8,2026-01-28T18:46:07.461083,03 00 03 00 91 05 88 3D,03000300,0.000000
9463,0,0x110,STD,8,2026-01-28T18:46:07.485089,03 00 03 00 4B BA 96 48,03000300,0.000000
9464,0,0x10F,STD,8,2026-01-28T18:46:07.542102,03 00 03 00 97 AC 50 3D,03000300,0.000000
9465,0,0x110,STD,8,2026-01-28T18:46:07.566107,03 00 03 00 68 DB 89 48,03000300,0.000000
9466,0,0x10F,STD,8,2026-01-28T18:46:07.623120,03 00 03 00 8C D4 9A 3D,03000300,0.000000
9467,0,0x110,STD,8,2026-01-28T18:46:07.647125,03 00 03 00 AC F9 79 48,03000300,0.000000
9468,0,0x10F,STD,8,2026-01-28T18:46:07.704138,03 00 03 00 10 F7 8B 3D,03000300,0.000000
9469,0,0x110,STD,8,2026-01-28T18:46:07.728143,03 00 03 00 AF C6 84 48,03000300,0.000000
9470,0,0x10F,STD,8,2026-01-28T18:46:07.785157,03 00 03 00 90 2B 73 3D,03000300,0.000000
9471,0,0x110,STD,8,2026-01-28T18:46:07.809161,03 00 03 00 D5 2B 99 48,03000300,0.000000
9472,0,0x10F,STD,8,2026-01-28T18:46:07.865676,03 00 03 00 F3 66 A8 3D,03000300,0.000000
9473,0,0x110,STD,8,2026-01-28T18:46:07.889682,03 00 03 00 D8 86 AE 48,03000300,0.000000
9474,0,0x10F,STD,8,2026-01-28T18:46:07.946695,03 00 03 00 D8 F4 44 3D,03000300,0.000000
9475,0,0x110,STD,8,2026-01-28T18:46:07.970701,03 00 03 00 74 87 C7 48,03000300,0.000000
9476,0,0x10F,STD,8,2026-01-28T18:46:08.027714,03 00 03 00 CF 9B C8 3D,03000300,0.000000
9477,0,0x110,STD,8,2026-01-28T18:46:08.040717,03 00 03 00 A8 07 84 48,03000300,0.000000
9478,0,0x10F,STD,8,2026-01-28T18:46:08.097729,03 00 03 00 0C AE 82 3D,03000300,0.000000
9479,0,0x110,STD,8,2026-01-28T18:46:08.121734,03 00 03 00 76 81 72 48,03000300,0.000000
9480,0,0x10F,STD,8,2026-01-28T18:46:08.178193,03 00 03 00 C2 2B 89 3D,03000300,0.000000
9481,0,0x110,STD,8,2026-01-28T18:46:08.202199,03 00 01 00 00 00 00 00,03000100,0.000000
9482,0,0x10F,STD,8,2026-01-28T18:46:08.202199,03 00 01 00 00 00 00 00,03000100,0.000000
9483,0,0x110,STD,8,2026-01-28T18:46:08.202199,03 00 03 00 9B E7 7A 48,03000300,0.000000
9484,0,0x10F,STD,8,2026-01-28T18:46:08.202199,03 00 02 00 B5 EC 3B 41,03000200,0.000000
9485,0,0x110,STD,8,2026-01-28T18:46:08.202199,03 00 01 00 00 00 00 00,03000100,0.000000
9486,0,0x10F,STD,8,2026-01-28T18:46:08.259212,03 00 03 00 DD 61 99 3D,03000300,0.000000
9487,0,0x110,STD,8,2026-01-28T18:46:08.283217,03 00 03 00 9C 2B F6 47,03000300,0.000000
9488,0,0x10F,STD,8,2026-01-28T18:46:08.340004,03 00 03 00 3A 6C 10 3D,03000300,0.000000
9489,0,0x110,STD,8,2026-01-28T18:46:08.369011,03 00 03 00 8B 22 3A 48,03000300,0.000000
9490,0,0x10F,STD,8,2026-01-28T18:46:08.415177,03 00 03 00 B9 A9 98 3D,03000300,0.000000
9491,0,0x110,STD,8,2026-01-28T18:46:08.439183,03 00 03 00 96 61 F1 47,03000300,0.000000
9492,0,0x10F,STD,8,2026-01-28T18:46:08.495592,03 00 03 00 F4 08 1F 3D,03000300,0.000000
9493,0,0x110,STD,8,2026-01-28T18:46:08.519161,03 00 03 00 D1 6F 45 48,03000300,0.000000
9494,0,0x10F,STD,8,2026-01-28T18:46:08.576173,03 00 03 00 99 93 99 3D,03000300,0.000000
9495,0,0x110,STD,8,2026-01-28T18:46:08.600179,03 00 03 00 55 6E 6C 48,03000300,0.000000
9496,0,0x10F,STD,8,2026-01-28T18:46:08.656806,03 00 03 00 59 A0 53 3D,03000300,0.000000
9497,0,0x110,STD,8,2026-01-28T18:46:08.680588,03 00 03 00 38 18 86 48,03000300,0.000000
9498,0,0x10F,STD,8,2026-01-28T18:46:08.737172,03 00 03 00 80 8B 66 3D,03000300,0.000000
9499,0,0x110,STD,8,2026-01-28T18:46:08.761178,03 00 03 00 EF 88 E2 48,03000300,0.000000
9500,0,0x10F,STD,8,2026-01-28T18:46:08.817773,03 00 03 00 C4 C6 7F 3D,03000300,0.000000
9501,0,0x110,STD,8,2026-01-28T18:46:08.841778,03 00 03 00 4C 0C 0C 49,03000300,0.000000
9502,0,0x10F,STD,8,2026-01-28T18:46:08.898791,03 00 03 00 3D FB 2A 3D,03000300,0.000000
9503,0,0x110,STD,8,2026-01-28T18:46:08.922299,03 00 03 00 BA 39 9A 48,03000300,0.000000
9504,0,0x10F,STD,8,2026-01-28T18:46:08.979312,03 00 03 00 9C 79 88 3D,03000300,0.000000
9505,0,0x110,STD,8,2026-01-28T18:46:09.002890,03 00 03 00 59 13 ED 48,03000300,0.000000
9506,0,0x10F,STD,8,2026-01-28T18:46:09.059903,03 00 03 00 C0 80 0E 3D,03000300,0.000000
9507,0,0x110,STD,8,2026-01-28T18:46:09.083908,03 00 03 00 9F 58 E0 48,03000300,0.000000
9508,0,0x10F,STD,8,2026-01-28T18:46:09.140921,03 00 03 00 52 BF 82 3D,03000300,0.000000
9509,0,0x110,STD,8,2026-01-28T18:46:09.165927,03 00 03 00 9A 92 F5 48,03000300,0.000000
9510,0,0x10F,STD,8,2026-01-28T18:46:09.211937,03 00 03 00 A4 18 04 3D,03000300,0.000000
9511,0,0x110,STD,8,2026-01-28T18:46:09.235943,03 00 03 00 93 E4 01 49,03000300,0.000000
9512,0,0x110,STD,8,2026-01-28T18:46:09.248946,03 00 02 00 B5 EC 3B 41,03000200,0.000000
9513,0,0x10F,STD,8,2026-01-28T18:46:09.248946,03 00 02 00 C4 6B 49 41,03000200,0.000000
9514,0,0x110,STD,8,2026-01-28T18:46:09.248946,03 00 02 00 C4 6B 49 41,03000200,0.000000
9515,0,0x10F,STD,8,2026-01-28T18:46:09.248946,03 00 01 00 00 00 00 00,03000100,0.000000
9516,0,0x10F,STD,8,2026-01-28T18:46:09.294956,03 00 03 00 4A EF 41 3D,03000300,0.000000
9517,0,0x110,STD,8,2026-01-28T18:46:09.318214,03 00 03 00 0E D0 EC 48,03000300,0.000000
9518,0,0x10F,STD,8,2026-01-28T18:46:09.375227,03 00 03 00 1A E8 4D 3D,03000300,0.000000
9519,0,0x110,STD,8,2026-01-28T18:46:09.399232,03 00 03 00 D9 24 C3 48,03000300,0.000000
9520,0,0x10F,STD,8,2026-01-28T18:46:09.456245,03 00 03 00 B8 54 51 3D,03000300,0.000000
9521,0,0x110,STD,8,2026-01-28T18:46:09.480251,03 00 03 00 43 BA E4 48,03000300,0.000000
9522,0,0x10F,STD,8,2026-01-28T18:46:09.537263,03 00 03 00 FE 10 85 3D,03000300,0.000000
9523,0,0x110,STD,8,2026-01-28T18:46:09.561269,03 00 03 00 C3 02 C0 48,03000300,0.000000
9524,0,0x10F,STD,8,2026-01-28T18:46:09.618282,03 00 03 00 26 58 31 3D,03000300,0.000000
9525,0,0x110,STD,8,2026-01-28T18:46:09.642287,03 00 03 00 66 0E 0C 48,03000300,0.000000
9526,0,0x10F,STD,8,2026-01-28T18:46:09.699300,03 00 03 00 6C 59 6D 3D,03000300,0.000000
9527,0,0x110,STD,8,2026-01-28T18:46:09.723306,03 00 03 00 96 8F 30 48,03000300,0.000000
9528,0,0x10F,STD,8,2026-01-28T18:46:09.780318,03 00 03 00 86 73 42 3D,03000300,0.000000
9529,0,0x110,STD,8,2026-01-28T18:46:09.804324,03 00 03 00 C6 42 28 48,03000300,0.000000
9530,0,0x10F,STD,8,2026-01-28T18:46:09.850334,03 00 03 00 18 F7 44 3D,03000300,0.000000
9531,0,0x110,STD,8,2026-01-28T18:46:09.873843,03 00 03 00 7C 74 09 48,03000300,0.000000
9532,0,0x10F,STD,8,2026-01-28T18:46:09.930857,03 00 03 00 58 F6 61 3D,03000300,0.000000
9533,0,0x110,STD,8,2026-01-28T18:46:09.954862,03 00 03 00 FE 98 9C 47,03000300,0.000000
9534,0,0x10F,STD,8,2026-01-28T18:46:10.011875,03 00 03 00 B5 2D 57 3D,03000300,0.000000
9535,0,0x110,STD,8,2026-01-28T18:46:10.035880,03 00 03 00 79 9B 85 47,03000300,0.000000
9536,0,0x10F,STD,8,2026-01-28T18:46:10.092133,03 00 03 00 8C 87 41 3D,03000300,0.000000
9537,0,0x110,STD,8,2026-01-28T18:46:10.116139,03 00 03 00 B7 DF 03 48,03000300,0.000000
9538,0,0x10F,STD,8,2026-01-28T18:46:10.173152,03 00 03 00 BA 3A 32 3D,03000300,0.000000
9539,0,0x110,STD,8,2026-01-28T18:46:10.197157,03 00 03 00 6A 9F 76 48,03000300,0.000000
9540,0,0x10F,STD,8,2026-01-28T18:46:10.254170,03 00 03 00 B1 88 63 3D,03000300,0.000000
9541,0,0x110,STD,8,2026-01-28T18:46:10.278175,03 00 03 00 0B 1F 50 48,03000300,0.000000
9542,0,0x110,STD,8,2026-01-28T18:46:10.291179,03 00 01 00 00 00 00 00,03000100,0.000000
9543,0,0x10F,STD,8,2026-01-28T18:46:10.291179,03 00 02 00 22 67 42 41,03000200,0.000000
9544,0,0x110,STD,8,2026-01-28T18:46:10.291179,03 00 02 00 22 67 42 41,03000200,0.000000
9545,0,0x10F,STD,8,2026-01-28T18:46:10.291179,03 00 01 00 00 00 00 00,03000100,0.000000
9546,0,0x10F,STD,8,2026-01-28T18:46:10.337189,03 00 03 00 C2 64 18 3D,03000300,0.000000
9547,0,0x110,STD,8,2026-01-28T18:46:10.372701,03 00 03 00 5B 5D 59 48,03000300,0.000000
9548,0,0x10F,STD,8,2026-01-28T18:46:10.408709,03 00 03 00 AB 9F 6D 3D,03000300,0.000000
9549,0,0x110,STD,8,2026-01-28T18:46:10.432537,03 00 03 00 47 61 43 48,03000300,0.000000
9550,0,0x10F,STD,8,2026-01-28T18:46:10.489549,03 00 03 00 30 CD 8C 3D,03000300,0.000000
9551,0,0x110,STD,8,2026-01-28T18:46:10.513555,03 00 03 00 84 8D 0E 48,03000300,0.000000
9552,0,0x10F,STD,8,2026-01-28T18:46:10.570568,03 00 03 00 9F A0 48 3D,03000300,0.000000
9553,0,0x110,STD,8,2026-01-28T18:46:10.594573,03 00 03 00 AE 35 93 48,03000300,0.000000
9554,0,0x10F,STD,8,2026-01-28T18:46:10.651586,03 00 03 00 E3 C8 A6 3D,03000300,0.000000
9555,0,0x110,STD,8,2026-01-28T18:46:10.675591,03 00 03 00 FF E3 7D 48,03000300,0.000000
9556,0,0x10F,STD,8,2026-01-28T18:46:10.732603,03 00 03 00 C5 9E 5B 3D,03000300,0.000000
9557,0,0x110,STD,8,2026-01-28T18:46:10.756610,03 00 03 00 AD B8 39 48,03000300,0.000000
9558,0,0x10F,STD,8,2026-01-28T18:46:10.813622,03 00 03 00 EF CC 51 3D,03000300,0.000000
9559,0,0x110,STD,8,2026-01-28T18:46:10.837628,03 00 03 00 36 5E CC 48,03000300,0.000000
9560,0,0x10F,STD,8,2026-01-28T18:46:10.894641,03 00 03 00 0A E6 4A 3D,03000300,0.000000
9561,0,0x110,STD,8,2026-01-28T18:46:10.918646,03 00 03 00 37 FB 5C 48,03000300,0.000000
9562,0,0x10F,STD,8,2026-01-28T18:46:10.975163,03 00 03 00 B7 54 38 3D,03000300,0.000000
9563,0,0x110,STD,8,2026-01-28T18:46:10.999168,03 00 03 00 2B 2E 81 47,03000300,0.000000
9564,0,0x10F,STD,8,2026-01-28T18:46:11.045179,03 00 03 00 81 83 90 3D,03000300,0.000000
9565,0,0x110,STD,8,2026-01-28T18:46:11.071184,03 00 03 00 B0 C1 20 48,03000300,0.000000
9566,0,0x10F,STD,8,2026-01-28T18:46:11.128197,03 00 03 00 50 5D 68 3D,03000300,0.000000
9567,0,0x110,STD,8,2026-01-28T18:46:11.152092,03 00 03 00 D5 0C C9 47,03000300,0.000000
9568,0,0x10F,STD,8,2026-01-28T18:46:11.209091,03 00 03 00 C4 D0 8E 3D,03000300,0.000000
9569,0,0x110,STD,8,2026-01-28T18:46:11.233097,03 00 03 00 DB BE 20 48,03000300,0.000000
9570,0,0x10F,STD,8,2026-01-28T18:46:11.289763,03 00 03 00 61 05 65 3D,03000300,0.000000
9571,0,0x110,STD,8,2026-01-28T18:46:11.313360,03 00 03 00 C6 3F 46 48,03000300,0.000000
9572,0,0x110,STD,8,2026-01-28T18:46:11.348369,03 00 01 00 00 00 00 00,03000100,0.000000
9573,0,0x110,STD,8,2026-01-28T18:46:11.348369,03 00 01 00 00 00 00 00,03000100,0.000000
9574,0,0x10F,STD,8,2026-01-28T18:46:11.348369,03 00 02 00 FF 72 28 41,03000200,0.000000
9575,0,0x110,STD,8,2026-01-28T18:46:11.348369,03 00 02 00 FF 72 28 41,03000200,0.000000
9576,0,0x10F,STD,8,2026-01-28T18:46:11.372211,03 00 03 00 3B 2B 7A 3D,03000300,0.000000
9577,0,0x110,STD,8,2026-01-28T18:46:11.396217,03 00 03 00 38 D1 0A 48,03000300,0.000000
9578,0,0x10F,STD,8,2026-01-28T18:46:11.453230,03 00 03 00 A7 0D 46 3D,03000300,0.000000
9579,0,0x110,STD,8,2026-01-28T18:46:11.477235,03 00 03 00 16 74 62 48,03000300,0.000000
9580,0,0x10F,STD,8,2026-01-28T18:46:11.534088,03 00 03 00 C0 EC 5D 3D,03000300,0.000000
9581,0,0x110,STD,8,2026-01-28T18:46:11.547091,03 00 03 00 36 CB BE 47,03000300,0.000000
9582,0,0x10F,STD,8,2026-01-28T18:46:11.604103,03 00 03 00 7F 58 7D 3D,03000300,0.000000
9583,0,0x110,STD,8,2026-01-28T18:46:11.628109,03 00 03 00 80 D0 17 48,03000300,0.000000
9584,0,0x10F,STD,8,2026-01-28T18:46:11.685122,03 00 03 00 AD 65 0F 3D,03000300,0.000000
9585,0,0x110,STD,8,2026-01-28T18:46:11.709127,03 00 03 00 E5 20 48 47,03000300,0.000000
9586,0,0x10F,STD,8,2026-01-28T18:46:11.766140,03 00 03 00 2C A7 59 3D,03000300,0.000000
9587,0,0x110,STD,8,2026-01-28T18:46:11.789669,03 00 03 00 2B E0 4A 48,03000300,0.000000
9588,0,0x10F,STD,8,2026-01-28T18:46:11.846182,03 00 03 00 B4 A7 04 3D,03000300,0.000000
9589,0,0x110,STD,8,2026-01-28T18:46:11.870188,03 00 03 00 43 34 38 48,03000300,0.000000
9590,0,0x10F,STD,8,2026-01-28T18:46:11.927112,03 00 03 00 66 39 34 3D,03000300,0.000000
9591,0,0x110,STD,8,2026-01-28T18:46:11.951117,03 00 03 00 6C 0E 36 48,03000300,0.000000
9592,0,0x10F,STD,8,2026-01-28T18:46:12.008130,03 00 03 00 2B 1D 39 3D,03000300,0.000000
9593,0,0x110,STD,8,2026-01-28T18:46:12.032135,03 00 03 00 9E 52 76 48,03000300,0.000000
9594,0,0x10F,STD,8,2026-01-28T18:46:12.089070,03 00 03 00 D7 3C 35 3D,03000300,0.000000
9595,0,0x110,STD,8,2026-01-28T18:46:12.113074,03 00 03 00 F9 B9 45 48,03000300,0.000000
9596,0,0x10F,STD,8,2026-01-28T18:46:12.169591,03 00 03 00 81 9B 90 3D,03000300,0.000000
9597,0,0x110,STD,8,2026-01-28T18:46:12.193596,03 00 03 00 AF 31 45 48,03000300,0.000000
9598,0,0x10F,STD,8,2026-01-28T18:46:12.250609,03 00 03 00 5D 71 71 3D,03000300,0.000000
9599,0,0x110,STD,8,2026-01-28T18:46:12.274614,03 00 03 00 48 40 CE 47,03000300,0.000000
9600,0,0x10F,STD,8,2026-01-28T18:46:12.320625,03 00 03 00 B6 13 93 3D,03000300,0.000000
9601,0,0x110,STD,8,2026-01-28T18:46:12.344630,03 00 03 00 D5 23 1C 48,03000300,0.000000
9602,0,0x10F,STD,8,2026-01-28T18:46:12.394641,03 00 01 00 00 00 00 00,03000100,0.000000
9603,0,0x110,STD,8,2026-01-28T18:46:12.394641,03 00 01 00 00 00 00 00,03000100,0.000000
9604,0,0x10F,STD,8,2026-01-28T18:46:12.394641,03 00 02 00 55 BF 43 41,03000200,0.000000
9605,0,0x110,STD,8,2026-01-28T18:46:12.394641,03 00 02 00 55 BF 43 41,03000200,0.000000
9606,0,0x10F,STD,8,2026-01-28T18:46:12.407644,03 00 03 00 EA B7 7D 3D,03000300,0.000000
9607,0,0x110,STD,8,2026-01-28T18:46:12.431650,03 00 03 00 97 7D 6C 48,03000300,0.000000
9608,0,0x10F,STD,8,2026-01-28T18:46:12.488662,03 00 03 00 54 14 59 3D,03000300,0.000000
9609,0,0x110,STD,8,2026-01-28T18:46:12.512668,03 00 03 00 C1 73 99 48,03000300,0.000000
9610,0,0x10F,STD,8,2026-01-28T18:46:12.569681,03 00 03 00 09 B3 44 3D,03000300,0.000000
9611,0,0x110,STD,8,2026-01-28T18:46:12.593686,03 00 03 00 31 5D 09 49,03000300,0.000000
9612,0,0x10F,STD,8,2026-01-28T18:46:12.639696,03 00 03 00 1B 24 0B 3D,03000300,0.000000
9613,0,0x110,STD,8,2026-01-28T18:46:12.674704,03 00 03 00 07 A2 B9 48,03000300,0.000000
9614,0,0x10F,STD,8,2026-01-28T18:46:12.720715,03 00 03 00 24 6C 5C 3D,03000300,0.000000
9615,0,0x110,STD,8,2026-01-28T18:46:12.744720,03 00 03 00 F8 05 B8 48,03000300,0.000000
9616,0,0x10F,STD,8,2026-01-28T18:46:12.801054,03 00 03 00 E5 30 16 3D,03000300,0.000000
9617,0,0x110,STD,8,2026-01-28T18:46:12.825059,03 00 03 00 C1 EA B1 48,03000300,0.000000
9618,0,0x10F,STD,8,2026-01-28T18:46:12.882072,03 00 03 00 FD 5A 19 3D,03000300,0.000000
9619,0,0x110,STD,8,2026-01-28T18:46:12.906077,03 00 03 00 54 25 B6 47,03000300,0.000000
9620,0,0x10F,STD,8,2026-01-28T18:46:12.963090,03 00 03 00 B5 68 28 3D,03000300,0.000000
9621,0,0x110,STD,8,2026-01-28T18:46:12.987095,03 00 03 00 96 BF E0 47,03000300,0.000000
9622,0,0x10F,STD,8,2026-01-28T18:46:13.044108,03 00 03 00 0D 07 FD 3C,03000300,0.000000
9623,0,0x110,STD,8,2026-01-28T18:46:13.068114,03 00 03 00 12 12 1C 48,03000300,0.000000
9624,0,0x10F,STD,8,2026-01-28T18:46:13.125126,03 00 03 00 CE 87 E9 3C,03000300,0.000000
9625,0,0x110,STD,8,2026-01-28T18:46:13.149132,03 00 03 00 D7 57 69 48,03000300,0.000000
9626,0,0x10F,STD,8,2026-01-28T18:46:13.206037,03 00 03 00 21 A4 04 3D,03000300,0.000000
9627,0,0x110,STD,8,2026-01-28T18:46:13.230517,03 00 03 00 75 98 15 48,03000300,0.000000
9628,0,0x10F,STD,8,2026-01-28T18:46:13.287531,03 00 03 00 66 25 60 3D,03000300,0.000000
9629,0,0x110,STD,8,2026-01-28T18:46:13.311538,03 00 03 00 FB 8B D4 47,03000300,0.000000
9630,0,0x10F,STD,8,2026-01-28T18:46:13.357546,03 00 03 00 52 7F F4 3C,03000300,0.000000
9631,0,0x110,STD,8,2026-01-28T18:46:13.381552,03 00 03 00 0D 17 2A 48,03000300,0.000000
9632,0,0x10F,STD,8,2026-01-28T18:46:13.438567,03 00 03 00 71 AE 3C 3D,03000300,0.000000
9633,0,0x10F,STD,8,2026-01-28T18:46:13.451073,03 00 01 00 00 00 00 00,03000100,0.000000
9634,0,0x10F,STD,8,2026-01-28T18:46:13.451073,03 00 02 00 A2 C9 49 41,03000200,0.000000
9635,0,0x110,STD,8,2026-01-28T18:46:13.451073,03 00 02 00 A2 C9 49 41,03000200,0.000000
9636,0,0x10F,STD,8,2026-01-28T18:46:13.451073,03 00 01 00 00 00 00 00,03000100,0.000000
9637,0,0x110,STD,8,2026-01-28T18:46:13.464076,03 00 03 00 40 B2 07 48,03000300,0.000000
9638,0,0x10F,STD,8,2026-01-28T18:46:13.521089,03 00 03 00 5D 79 51 3D,03000300,0.000000
9639,0,0x110,STD,8,2026-01-28T18:46:13.545094,03 00 03 00 26 54 22 48,03000300,0.000000
9640,0,0x10F,STD,8,2026-01-28T18:46:13.602020,03 00 03 00 FB 12 F8 3C,03000300,0.000000
9641,0,0x110,STD,8,2026-01-28T18:46:13.626025,03 00 03 00 04 47 6E 47,03000300,0.000000
9642,0,0x10F,STD,8,2026-01-28T18:46:13.682631,03 00 03 00 AB 4F 5D 3D,03000300,0.000000
9643,0,0x110,STD,8,2026-01-28T18:46:13.706296,03 00 03 00 D3 AD 32 48,03000300,0.000000
9644,0,0x10F,STD,8,2026-01-28T18:46:13.763309,03 00 03 00 12 43 F4 3C,03000300,0.000000
9645,0,0x110,STD,8,2026-01-28T18:46:13.787315,03 00 03 00 4D 67 A6 47,03000300,0.000000
9646,0,0x10F,STD,8,2026-01-28T18:46:13.844014,03 00 03 00 CB 03 51 3D,03000300,0.000000
9647,0,0x110,STD,8,2026-01-28T18:46:13.868020,03 00 03 00 FD 4D 0C 48,03000300,0.000000
9648,0,0x10F,STD,8,2026-01-28T18:46:13.924134,03 00 03 00 A2 E3 52 3D,03000300,0.000000
9649,0,0x110,STD,8,2026-01-28T18:46:13.947588,03 00 03 00 8B C4 21 48,03000300,0.000000
9650,0,0x10F,STD,8,2026-01-28T18:46:14.004602,03 00 03 00 71 32 28 3D,03000300,0.000000
9651,0,0x110,STD,8,2026-01-28T18:46:14.028607,03 00 03 00 27 3B 7C 48,03000300,0.000000
9652,0,0x10F,STD,8,2026-01-28T18:46:14.085620,03 00 03 00 22 F0 92 3D,03000300,0.000000
9653,0,0x110,STD,8,2026-01-28T18:46:14.098623,03 00 03 00 C9 D4 E6 48,03000300,0.000000
9654,0,0x10F,STD,8,2026-01-28T18:46:14.155636,03 00 03 00 18 F5 5A 3D,03000300,0.000000
9655,0,0x110,STD,8,2026-01-28T18:46:14.179641,03 00 03 00 60 8E E1 48,03000300,0.000000
9656,0,0x10F,STD,8,2026-01-28T18:46:14.236654,03 00 03 00 0F 43 A9 3D,03000300,0.000000
9657,0,0x110,STD,8,2026-01-28T18:46:14.260659,03 00 03 00 CC CD A9 48,03000300,0.000000
9658,0,0x10F,STD,8,2026-01-28T18:46:14.317672,03 00 03 00 29 B4 7C 3D,03000300,0.000000
9659,0,0x110,STD,8,2026-01-28T18:46:14.341678,03 00 03 00 14 23 70 48,03000300,0.000000
9660,0,0x10F,STD,8,2026-01-28T18:46:14.393689,03 00 03 00 5E 28 9F 3D,03000300,0.000000
9661,0,0x110,STD,8,2026-01-28T18:46:14.428418,03 00 03 00 FE 45 3A 48,03000300,0.000000
9662,0,0x10F,STD,8,2026-01-28T18:46:14.474428,03 00 03 00 53 2E 8D 3D,03000300,0.000000
9663,0,0x110,STD,8,2026-01-28T18:46:14.487431,03 00 01 00 00 00 00 00,03000100,0.000000
9664,0,0x110,STD,8,2026-01-28T18:46:14.489431,03 00 01 00 00 00 00 00,03000100,0.000000
9665,0,0x10F,STD,8,2026-01-28T18:46:14.489431,03 00 02 00 5C 48 2A 41,03000200,0.000000
9666,0,0x110,STD,8,2026-01-28T18:46:14.489431,03 00 02 00 5C 48 2A 41,03000200,0.000000
9667,0,0x110,STD,8,2026-01-28T18:46:14.502434,03 00 03 00 A8 53 98 48,03000300,0.000000
9668,0,0x10F,STD,8,2026-01-28T18:46:14.559447,03 00 03 00 26 4A 38 3D,03000300,0.000000
9669,0,0x110,STD,8,2026-01-28T18:46:14.583452,03 00 03 00 32 FF 8B 48,03000300,0.000000
9670,0,0x10F,STD,8,2026-01-28T18:46:14.640465,03 00 03 00 82 2E 4C 3D,03000300,0.000000
9671,0,0x110,STD,8,2026-01-28T18:46:14.664471,03 00 03 00 B5 34 C0 48,03000300,0.000000
9672,0,0x10F,STD,8,2026-01-28T18:46:14.721484,03 00 03 00 B0 A8 24 3D,03000300,0.000000
9673,0,0x110,STD,8,2026-01-28T18:46:14.745489,03 00 03 00 93 72 70 48,03000300,0.000000
9674,0,0x10F,STD,8,2026-01-28T18:46:14.802502,03 00 03 00 53 2B 57 3D,03000300,0.000000
9675,0,0x110,STD,8,2026-01-28T18:46:14.815505,03 00 03 00 7B F5 7F 48,03000300,0.000000
9676,0,0x10F,STD,8,2026-01-28T18:46:14.872518,03 00 03 00 06 0D 25 3D,03000300,0.000000
9677,0,0x110,STD,8,2026-01-28T18:46:14.896523,03 00 03 00 E2 F4 87 48,03000300,0.000000
9678,0,0x10F,STD,8,2026-01-28T18:46:14.953041,03 00 03 00 2B EA 51 3D,03000300,0.000000
9679,0,0x110,STD,8,2026-01-28T18:46:14.977047,03 00 03 00 99 6A 52 48,03000300,0.000000
9680,0,0x10F,STD,8,2026-01-28T18:46:15.034060,03 00 03 00 91 06 58 3D,03000300,0.000000
9681,0,0x110,STD,8,2026-01-28T18:46:15.058065,03 00 03 00 E8 50 32 48,03000300,0.000000
9682,0,0x10F,STD,8,2026-01-28T18:46:15.115077,03 00 03 00 46 C1 5C 3D,03000300,0.000000
9683,0,0x110,STD,8,2026-01-28T18:46:15.138585,03 00 03 00 EF DB 27 48,03000300,0.000000
9684,0,0x10F,STD,8,2026-01-28T18:46:15.195598,03 00 03 00 D9 64 72 3D,03000300,0.000000
9685,0,0x110,STD,8,2026-01-28T18:46:15.219603,03 00 03 00 5B 67 2D 48,03000300,0.000000
9686,0,0x10F,STD,8,2026-01-28T18:46:15.276616,03 00 03 00 5A 8B 12 3D,03000300,0.000000
9687,0,0x110,STD,8,2026-01-28T18:46:15.300622,03 00 03 00 BE FA 94 48,03000300,0.000000
9688,0,0x10F,STD,8,2026-01-28T18:46:15.357635,03 00 03 00 FE 63 1A 3D,03000300,0.000000
9689,0,0x110,STD,8,2026-01-28T18:46:15.381640,03 00 03 00 83 1D 9F 48,03000300,0.000000
9690,0,0x10F,STD,8,2026-01-28T18:46:15.438653,03 00 03 00 FB 44 8B 3C,03000300,0.000000
9691,0,0x110,STD,8,2026-01-28T18:46:15.462658,03 00 03 00 10 54 97 48,03000300,0.000000
9692,0,0x10F,STD,8,2026-01-28T18:46:15.519671,03 00 03 00 EB EF EA 3C,03000300,0.000000
9693,0,0x110,STD,8,2026-01-28T18:46:15.543676,03 00 03 00 3F B2 38 48,03000300,0.000000
9694,0,0x10F,STD,8,2026-01-28T18:46:15.556679,03 00 01 00 00 00 00 00,03000100,0.000000
9695,0,0x10F,STD,8,2026-01-28T18:46:15.556679,03 00 01 00 00 00 00 00,03000100,0.000000
9696,0,0x110,STD,8,2026-01-28T18:46:15.556679,03 00 02 00 D7 DD 3F 41,03000200,0.000000
9697,0,0x110,STD,8,2026-01-28T18:46:15.556679,03 00 01 00 00 00 00 00,03000100,0.000000
9698,0,0x10F,STD,8,2026-01-28T18:46:15.591687,03 00 03 00 7D 3D A2 3C,03000300,0.000000
9699,0,0x110,STD,8,2026-01-28T18:46:15.615693,03 00 03 00 9C 5C 4C 48,03000300,0.000000
9700,0,0x10F,STD,8,2026-01-28T18:46:15.671952,03 00 03 00 79 CB D1 3C,03000300,0.000000
9701,0,0x110,STD,8,2026-01-28T18:46:15.695958,03 00 03 00 E2 B8 CC 47,03000300,0.000000
9702,0,0x10F,STD,8,2026-01-28T18:46:15.752971,03 00 03 00 EC FB 25 3D,03000300,0.000000
9703,0,0x110,STD,8,2026-01-28T18:46:15.776975,03 00 03 00 4F C6 0C 48,03000300,0.000000
9704,0,0x10F,STD,8,2026-01-28T18:46:15.833989,03 00 03 00 1C FF AF 3C,03000300,0.000000
9705,0,0x110,STD,8,2026-01-28T18:46:15.857994,03 00 03 00 C2 DB 22 48,03000300,0.000000
9706,0,0x10F,STD,8,2026-01-28T18:46:15.915007,03 00 03 00 8D DF 3D 3D,03000300,0.000000
9707,0,0x110,STD,8,2026-01-28T18:46:15.939013,03 00 03 00 61 2C 9A 47,03000300,0.000000
9708,0,0x10F,STD,8,2026-01-28T18:46:15.997025,03 00 03 00 2F 3B 10 3D,03000300,0.000000
9709,0,0x110,STD,8,2026-01-28T18:46:16.021030,03 00 03 00 2C 3F E0 47,03000300,0.000000
9710,0,0x10F,STD,8,2026-01-28T18:46:16.069042,03 00 03 00 8E DC 18 3D,03000300,0.000000
9711,0,0x110,STD,8,2026-01-28T18:46:16.093047,03 00 03 00 94 E6 96 48,03000300,0.000000
9712,0,0x10F,STD,8,2026-01-28T18:46:16.150060,03 00 03 00 03 2E 27 3D,03000300,0.000000
9713,0,0x110,STD,8,2026-01-28T18:46:16.174066,03 00 03 00 D1 B0 65 48,03000300,0.000000
9714,0,0x10F,STD,8,2026-01-28T18:46:16.231078,03 00 03 00 9C 60 47 3D,03000300,0.000000
9715,0,0x110,STD,8,2026-01-28T18:46:16.255084,03 00 03 00 CD C8 26 48,03000300,0.000000
9716,0,0x10F,STD,8,2026-01-28T18:46:16.311982,03 00 03 00 CB 62 86 3D,03000300,0.000000
9717,0,0x110,STD,8,2026-01-28T18:46:16.335988,03 00 03 00 D9 36 7C 48,03000300,0.000000
9718,0,0x10F,STD,8,2026-01-28T18:46:16.394001,03 00 03 00 07 1D 4D 3D,03000300,0.000000
9719,0,0x110,STD,8,2026-01-28T18:46:16.418006,03 00 03 00 29 66 BB 48,03000300,0.000000
9720,0,0x10F,STD,8,2026-01-28T18:46:16.474977,03 00 03 00 89 AA 83 3D,03000300,0.000000
9721,0,0x110,STD,8,2026-01-28T18:46:16.498487,03 00 03 00 E4 38 85 48,03000300,0.000000
9722,0,0x10F,STD,8,2026-01-28T18:46:16.554927,03 00 03 00 5C A6 37 3D,03000300,0.000000
9723,0,0x110,STD,8,2026-01-28T18:46:16.578932,03 00 03 00 A7 36 AD 48,03000300,0.000000
9724,0,0x10F,STD,8,2026-01-28T18:46:16.613940,03 00 02 00 D7 DD 3F 41,03000200,0.000000
9725,0,0x10F,STD,8,2026-01-28T18:46:16.613940,03 00 01 00 00 00 00 00,03000100,0.000000
9726,0,0x110,STD,8,2026-01-28T18:46:16.614455,03 00 02 00 3D 33 36 41,03000200,0.000000
9727,0,0x110,STD,8,2026-01-28T18:46:16.614455,03 00 01 00 00 00 00 00,03000100,0.000000
9728,0,0x10F,STD,8,2026-01-28T18:46:16.627924,03 00 03 00 75 36 66 3D,03000300,0.000000
9729,0,0x110,STD,8,2026-01-28T18:46:16.651929,03 00 03 00 D5 C0 96 48,03000300,0.000000
9730,0,0x10F,STD,8,2026-01-28T18:46:16.708943,03 00 03 00 3E DE 8F 3D,03000300,0.000000
9731,0,0x110,STD,8,2026-01-28T18:46:16.732920,03 00 03 00 E2 C9 22 48,03000300,0.000000
9732,0,0x10F,STD,8,2026-01-28T18:46:16.789933,03 00 03 00 51 B8 51 3D,03000300,0.000000
9733,0,0x110,STD,8,2026-01-28T18:46:16.813940,03 00 03 00 75 85 87 48,03000300,0.000000
9734,0,0x10F,STD,8,2026-01-28T18:46:16.870952,03 00 03 00 FE 82 82 3D,03000300,0.000000
9735,0,0x110,STD,8,2026-01-28T18:46:16.894958,03 00 03 00 52 0C 36 48,03000300,0.000000
9736,0,0x10F,STD,8,2026-01-28T18:46:16.951970,03 00 03 00 C6 E3 4E 3D,03000300,0.000000
9737,0,0x110,STD,8,2026-01-28T18:46:16.975976,03 00 03 00 C4 4E 8C 48,03000300,0.000000
9738,0,0x10F,STD,8,2026-01-28T18:46:17.032920,03 00 03 00 BF 6E 71 3D,03000300,0.000000
9739,0,0x110,STD,8,2026-01-28T18:46:17.056925,03 00 03 00 C3 86 9E 48,03000300,0.000000
9740,0,0x10F,STD,8,2026-01-28T18:46:17.102913,03 00 03 00 C1 AE 68 3D,03000300,0.000000
9741,0,0x110,STD,8,2026-01-28T18:46:17.126918,03 00 03 00 77 DB F4 48,03000300,0.000000
9742,0,0x10F,STD,8,2026-01-28T18:46:17.183407,03 00 03 00 E6 FA 0A 3D,03000300,0.000000
9743,0,0x110,STD,8,2026-01-28T18:46:17.218416,03 00 03 00 D4 7A 79 48,03000300,0.000000
9744,0,0x10F,STD,8,2026-01-28T18:46:17.264426,03 00 03 00 53 DC 27 3D,03000300,0.000000
9745,0,0x110,STD,8,2026-01-28T18:46:17.288431,03 00 03 00 7C D1 DE 48,03000300,0.000000
9746,0,0x10F,STD,8,2026-01-28T18:46:17.345445,03 00 03 00 1D 61 DE 3C,03000300,0.000000
9747,0,0x110,STD,8,2026-01-28T18:46:17.369449,03 00 03 00 27 FC 57 48,03000300,0.000000
9748,0,0x10F,STD,8,2026-01-28T18:46:17.426463,03 00 03 00 00 7E 17 3D,03000300,0.000000
9749,0,0x110,STD,8,2026-01-28T18:46:17.450468,03 00 03 00 12 37 18 49,03000300,0.000000
9750,0,0x10F,STD,8,2026-01-28T18:46:17.507481,03 00 03 00 62 C0 0C 3D,03000300,0.000000
9751,0,0x110,STD,8,2026-01-28T18:46:17.531486,03 00 03 00 1D 82 E4 48,03000300,0.000000
9752,0,0x10F,STD,8,2026-01-28T18:46:17.588002,03 00 03 00 D6 99 1B 3D,03000300,0.000000
9753,0,0x110,STD,8,2026-01-28T18:46:17.612007,03 00 03 00 83 88 72 48,03000300,0.000000
9754,0,0x10F,STD,8,2026-01-28T18:46:17.669020,03 00 03 00 7C 5C 3C 3D,03000300,0.000000
9755,0,0x10F,STD,8,2026-01-28T18:46:17.669020,03 00 02 00 3D 33 36 41,03000200,0.000000
9756,0,0x10F,STD,8,2026-01-28T18:46:17.669020,03 00 02 00 36 49 3F 41,03000200,0.000000
9757,0,0x10F,STD,8,2026-01-28T18:46:17.669020,03 00 01 00 00 00 00 00,03000100,0.000000
9758,0,0x110,STD,8,2026-01-28T18:46:17.669020,03 00 02 00 36 49 3F 41,03000200,0.000000
9759,0,0x110,STD,8,2026-01-28T18:46:17.693025,03 00 03 00 14 6A 05 49,03000300,0.000000
9760,0,0x10F,STD,8,2026-01-28T18:46:17.750038,03 00 03 00 78 EA 11 3D,03000300,0.000000
9761,0,0x110,STD,8,2026-01-28T18:46:17.774044,03 00 03 00 39 7D 8D 48,03000300,0.000000
9762,0,0x10F,STD,8,2026-01-28T18:46:17.831056,03 00 03 00 96 6A 4E 3D,03000300,0.000000
9763,0,0x110,STD,8,2026-01-28T18:46:17.844059,03 00 03 00 26 CB 08 48,03000300,0.000000
9764,0,0x10F,STD,8,2026-01-28T18:46:17.901072,03 00 03 00 3D 47 1A 3D,03000300,0.000000
9765,0,0x110,STD,8,2026-01-28T18:46:17.925078,03 00 03 00 B7 87 03 48,03000300,0.000000
9766,0,0x10F,STD,8,2026-01-28T18:46:17.982091,03 00 03 00 96 D5 96 3D,03000300,0.000000
9767,0,0x110,STD,8,2026-01-28T18:46:18.006096,03 00 03 00 8C E6 36 48,03000300,0.000000
9768,0,0x10F,STD,8,2026-01-28T18:46:18.063109,03 00 03 00 D4 67 48 3D,03000300,0.000000
9769,0,0x110,STD,8,2026-01-28T18:46:18.087114,03 00 03 00 E9 0B 90 48,03000300,0.000000
9770,0,0x10F,STD,8,2026-01-28T18:46:18.144127,03 00 03 00 88 5C 85 3D,03000300,0.000000
9771,0,0x110,STD,8,2026-01-28T18:46:18.168132,03 00 03 00 41 7A 51 48,03000300,0.000000
9772,0,0x10F,STD,8,2026-01-28T18:46:18.225145,03 00 03 00 03 7F AE 3D,03000300,0.000000
9773,0,0x110,STD,8,2026-01-28T18:46:18.249151,03 00 03 00 21 AE B3 48,03000300,0.000000
9774,0,0x10F,STD,8,2026-01-28T18:46:18.306164,03 00 03 00 6D 14 39 3D,03000300,0.000000
9775,0,0x110,STD,8,2026-01-28T18:46:18.330169,03 00 03 00 9D 0B 75 48,03000300,0.000000
9776,0,0x10F,STD,8,2026-01-28T18:46:18.382686,03 00 03 00 99 9D 8A 3D,03000300,0.000000
9777,0,0x110,STD,8,2026-01-28T18:46:18.406691,03 00 03 00 29 A0 4C 48,03000300,0.000000
9778,0,0x10F,STD,8,2026-01-28T18:46:18.463704,03 00 03 00 AE 97 26 3D,03000300,0.000000
9779,0,0x110,STD,8,2026-01-28T18:46:18.487318,03 00 03 00 FA 22 A1 48,03000300,0.000000
9780,0,0x10F,STD,8,2026-01-28T18:46:18.544313,03 00 03 00 83 61 22 3D,03000300,0.000000
9781,0,0x110,STD,8,2026-01-28T18:46:18.568318,03 00 03 00 6C 53 99 48,03000300,0.000000
9782,0,0x10F,STD,8,2026-01-28T18:46:18.625331,03 00 03 00 00 EB 32 3D,03000300,0.000000
9783,0,0x110,STD,8,2026-01-28T18:46:18.649336,03 00 03 00 6D F9 A1 48,03000300,0.000000
9784,0,0x10F,STD,8,2026-01-28T18:46:18.705996,03 00 03 00 68 EA 00 3D,03000300,0.000000
9785,0,0x110,STD,8,2026-01-28T18:46:18.705996,03 00 01 00 00 00 00 00,03000100,0.000000
9786,0,0x10F,STD,8,2026-01-28T18:46:18.705996,03 00 01 00 00 00 00 00,03000100,0.000000
9787,0,0x10F,STD,8,2026-01-28T18:46:18.707996,03 00 02 00 18 F0 3F 41,03000200,0.000000
9788,0,0x110,STD,8,2026-01-28T18:46:18.707996,03 00 01 00 00 00 00 00,03000100,0.000000
9789,0,0x110,STD,8,2026-01-28T18:46:18.721285,03 00 03 00 A4 4A A2 48,03000300,0.000000
9790,0,0x10F,STD,8,2026-01-28T18:46:18.788872,03 00 03 00 CB 7C 63 3D,03000300,0.000000
9791,0,0x110,STD,8,2026-01-28T18:46:18.801875,03 00 03 00 5E F0 8F 48,03000300,0.000000
9792,0,0x10F,STD,8,2026-01-28T18:46:18.858887,03 00 03 00 AF F7 39 3D,03000300,0.000000
9793,0,0x110,STD,8,2026-01-28T18:46:18.882893,03 00 03 00 43 8A 64 48,03000300,0.000000
9794,0,0x10F,STD,8,2026-01-28T18:46:18.939906,03 00 03 00 23 23 76 3D,03000300,0.000000
9795,0,0x110,STD,8,2026-01-28T18:46:18.963415,03 00 03 00 5B 41 26 48,03000300,0.000000
9796,0,0x10F,STD,8,2026-01-28T18:46:19.020428,03 00 03 00 AF B0 3B 3D,03000300,0.000000
9797,0,0x110,STD,8,2026-01-28T18:46:19.044433,03 00 03 00 64 60 22 48,03000300,0.000000
9798,0,0x10F,STD,8,2026-01-28T18:46:19.101446,03 00 03 00 49 DF 48 3D,03000300,0.000000
9799,0,0x110,STD,8,2026-01-28T18:46:19.125452,03 00 03 00 75 CB C0 47,03000300,0.000000
9800,0,0x10F,STD,8,2026-01-28T18:46:19.182273,03 00 03 00 52 C6 37 3D,03000300,0.000000
9801,0,0x110,STD,8,2026-01-28T18:46:19.206279,03 00 03 00 19 64 98 48,03000300,0.000000
9802,0,0x10F,STD,8,2026-01-28T18:46:19.263292,03 00 03 00 9E 2E 37 3D,03000300,0.000000
9803,0,0x110,STD,8,2026-01-28T18:46:19.287297,03 00 03 00 6C B1 0A 48,03000300,0.000000
9804,0,0x10F,STD,8,2026-01-28T18:46:19.344310,03 00 03 00 ED 40 87 3D,03000300,0.000000
9805,0,0x110,STD,8,2026-01-28T18:46:19.368315,03 00 03 00 98 1B 61 48,03000300,0.000000
9806,0,0x10F,STD,8,2026-01-28T18:46:19.425328,03 00 03 00 BC 11 3C 3D,03000300,0.000000
9807,0,0x110,STD,8,2026-01-28T18:46:19.449333,03 00 03 00 C9 7B 90 48,03000300,0.000000
9808,0,0x10F,STD,8,2026-01-28T18:46:19.495344,03 00 03 00 22 D2 83 3D,03000300,0.000000
9809,0,0x110,STD,8,2026-01-28T18:46:19.519349,03 00 03 00 8F 16 25 48,03000300,0.000000
9810,0,0x10F,STD,8,2026-01-28T18:46:19.576361,03 00 03 00 BB DF 5E 3D,03000300,0.000000
9811,0,0x110,STD,8,2026-01-28T18:46:19.600367,03 00 03 00 CD 83 C6 48,03000300,0.000000
9812,0,0x10F,STD,8,2026-01-28T18:46:19.657380,03 00 03 00 76 BC 51 3D,03000300,0.000000
9813,0,0x110,STD,8,2026-01-28T18:46:19.681386,03 00 03 00 D3 00 F9 48,03000300,0.000000
9814,0,0x10F,STD,8,2026-01-28T18:46:19.738399,03 00 03 00 C6 1B 61 3D,03000300,0.000000
9815,0,0x110,STD,8,2026-01-28T18:46:19.751402,03 00 02 00 18 F0 3F 41,03000200,0.000000
9816,0,0x10F,STD,8,2026-01-28T18:46:19.751402,03 00 02 00 5F 68 45 41,03000200,0.000000
9817,0,0x110,STD,8,2026-01-28T18:46:19.751402,03 00 01 00 00 00 00 00,03000100,0.000000
9818,0,0x110,STD,8,2026-01-28T18:46:19.751402,03 00 02 00 5F 68 45 41,03000200,0.000000
9819,0,0x110,STD,8,2026-01-28T18:46:19.764404,03 00 03 00 AF EC 94 48,03000300,0.000000
9820,0,0x10F,STD,8,2026-01-28T18:46:19.821417,03 00 03 00 1D 87 3C 3D,03000300,0.000000
9821,0,0x110,STD,8,2026-01-28T18:46:19.845423,03 00 03 00 BC 38 86 48,03000300,0.000000
9822,0,0x10F,STD,8,2026-01-28T18:46:19.902436,03 00 03 00 B4 D8 7A 3D,03000300,0.000000
9823,0,0x110,STD,8,2026-01-28T18:46:19.926441,03 00 03 00 34 68 18 48,03000300,0.000000
9824,0,0x10F,STD,8,2026-01-28T18:46:19.983454,03 00 03 00 28 D5 51 3D,03000300,0.000000
9825,0,0x110,STD,8,2026-01-28T18:46:20.007459,03 00 03 00 50 57 FA 47,03000300,0.000000
9826,0,0x10F,STD,8,2026-01-28T18:46:20.053470,03 00 03 00 66 6D 73 3D,03000300,0.000000
9827,0,0x110,STD,8,2026-01-28T18:46:20.077475,03 00 03 00 69 95 7B 48,03000300,0.000000
9828,0,0x10F,STD,8,2026-01-28T18:46:20.134488,03 00 03 00 99 D3 36 3D,03000300,0.000000
9829,0,0x110,STD,8,2026-01-28T18:46:20.158493,03 00 03 00 BF 29 63 48,03000300,0.000000
9830,0,0x10F,STD,8,2026-01-28T18:46:20.215506,03 00 03 00 1E F9 59 3D,03000300,0.000000
9831,0,0x110,STD,8,2026-01-28T18:46:20.239511,03 00 03 00 DE A7 BE 48,03000300,0.000000
9832,0,0x10F,STD,8,2026-01-28T18:46:20.296524,03 00 03 00 DF B6 73 3D,03000300,0.000000
9833,0,0x110,STD,8,2026-01-28T18:46:20.320530,03 00 03 00 00 B9 96 48,03000300,0.000000
9834,0,0x10F,STD,8,2026-01-28T18:46:20.381543,03 00 03 00 9F F3 39 3D,03000300,0.000000
9835,0,0x110,STD,8,2026-01-28T18:46:20.405549,03 00 03 00 A7 C9 56 48,03000300,0.000000
9836,0,0x10F,STD,8,2026-01-28T18:46:20.451559,03 00 03 00 B1 9F 84 3D,03000300,0.000000
9837,0,0x110,STD,8,2026-01-28T18:46:20.475565,03 00 03 00 61 0A 90 48,03000300,0.000000
9838,0,0x10F,STD,8,2026-01-28T18:46:20.532577,03 00 03 00 8F BA 45 3D,03000300,0.000000
9839,0,0x110,STD,8,2026-01-28T18:46:20.556583,03 00 03 00 8E 2A 84 48,03000300,0.000000
9840,0,0x10F,STD,8,2026-01-28T18:46:20.612818,03 00 03 00 03 40 89 3D,03000300,0.000000
9841,0,0x110,STD,8,2026-01-28T18:46:20.636823,03 00 03 00 D7 DA 58 48,03000300,0.000000
9842,0,0x10F,STD,8,2026-01-28T18:46:20.693836,03 00 03 00 EF 3A 73 3D,03000300,0.000000
9843,0,0x110,STD,8,2026-01-28T18:46:20.717842,03 00 03 00 B9 B4 81 48,03000300,0.000000
9844,0,0x10F,STD,8,2026-01-28T18:46:20.774855,03 00 03 00 32 8D 45 3D,03000300,0.000000
9845,0,0x10F,STD,8,2026-01-28T18:46:20.787857,03 00 01 00 00 00 00 00,03000100,0.000000
9846,0,0x10F,STD,8,2026-01-28T18:46:20.787857,03 00 02 00 4F 2D 43 41,03000200,0.000000
9847,0,0x110,STD,8,2026-01-28T18:46:20.787857,03 00 02 00 4F 2D 43 41,03000200,0.000000
9848,0,0x10F,STD,8,2026-01-28T18:46:20.787857,03 00 01 00 00 00 00 00,03000100,0.000000
9849,0,0x110,STD,8,2026-01-28T18:46:20.800860,03 00 03 00 D6 FA C7 48,03000300,0.000000
9850,0,0x10F,STD,8,2026-01-28T18:46:20.857873,03 00 03 00 29 88 6C 3D,03000300,0.000000
9851,0,0x110,STD,8,2026-01-28T18:46:20.881879,03 00 03 00 DE BE B3 48,03000300,0.000000
9852,0,0x10F,STD,8,2026-01-28T18:46:20.938891,03 00 03 00 10 B0 D1 3C,03000300,0.000000
9853,0,0x110,STD,8,2026-01-28T18:46:20.962897,03 00 03 00 20 A7 2E 48,03000300,0.000000
9854,0,0x10F,STD,8,2026-01-28T18:46:21.008907,03 00 03 00 6C 26 5B 3D,03000300,0.000000
9855,0,0x110,STD,8,2026-01-28T18:46:21.032912,03 00 03 00 2B CA 2A 48,03000300,0.000000
9856,0,0x10F,STD,8,2026-01-28T18:46:21.089925,03 00 03 00 C0 04 D4 3C,03000300,0.000000
9857,0,0x110,STD,8,2026-01-28T18:46:21.113930,03 00 03 00 05 89 38 48,03000300,0.000000
9858,0,0x10F,STD,8,2026-01-28T18:46:21.170447,03 00 03 00 AC 94 34 3D,03000300,0.000000
9859,0,0x110,STD,8,2026-01-28T18:46:21.194452,03 00 03 00 A0 0A A3 47,03000300,0.000000
9860,0,0x10F,STD,8,2026-01-28T18:46:21.251465,03 00 03 00 EB 8A 2D 3D,03000300,0.000000
9861,0,0x110,STD,8,2026-01-28T18:46:21.275471,03 00 03 00 2E 3B CF 47,03000300,0.000000
9862,0,0x10F,STD,8,2026-01-28T18:46:21.331380,03 00 03 00 F4 ED D8 3C,03000300,0.000000
9863,0,0x110,STD,8,2026-01-28T18:46:21.355034,03 00 03 00 EB 4E 88 47,03000300,0.000000
9864,0,0x10F,STD,8,2026-01-28T18:46:21.411114,03 00 03 00 0D 5F 71 3D,03000300,0.000000
9865,0,0x110,STD,8,2026-01-28T18:46:21.434624,03 00 03 00 D5 D2 CC 47,03000300,0.000000
9866,0,0x10F,STD,8,2026-01-28T18:46:21.490854,03 00 03 00 19 72 1D 3D,03000300,0.000000
9867,0,0x110,STD,8,2026-01-28T18:46:21.514859,03 00 03 00 B9 09 A8 47,03000300,0.000000
9868,0,0x10F,STD,8,2026-01-28T18:46:21.571872,03 00 03 00 A3 60 37 3D,03000300,0.000000
9869,0,0x110,STD,8,2026-01-28T18:46:21.595877,03 00 03 00 58 36 EE 47,03000300,0.000000
9870,0,0x10F,STD,8,2026-01-28T18:46:21.652890,03 00 03 00 EC AF 7A 3D,03000300,0.000000
9871,0,0x110,STD,8,2026-01-28T18:46:21.676896,03 00 03 00 CF B0 83 48,03000300,0.000000
9872,0,0x10F,STD,8,2026-01-28T18:46:21.733908,03 00 03 00 9E 1D FA 3C,03000300,0.000000
9873,0,0x110,STD,8,2026-01-28T18:46:21.757913,03 00 03 00 9A 14 23 48,03000300,0.000000
9874,0,0x10F,STD,8,2026-01-28T18:46:21.814429,03 00 03 00 E7 FA 39 3D,03000300,0.000000
9875,0,0x110,STD,8,2026-01-28T18:46:21.838435,03 00 03 00 78 A8 00 49,03000300,0.000000
9876,0,0x110,STD,8,2026-01-28T18:46:21.838435,03 00 01 00 00 00 00 00,03000100,0.000000
9877,0,0x10F,STD,8,2026-01-28T18:46:21.838435,03 00 02 00 41 18 38 41,03000200,0.000000
9878,0,0x110,STD,8,2026-01-28T18:46:21.840435,03 00 02 00 41 18 38 41,03000200,0.000000
9879,0,0x10F,STD,8,2026-01-28T18:46:21.840435,03 00 01 00 00 00 00 00,03000100,0.000000
9880,0,0x10F,STD,8,2026-01-28T18:46:21.897119,03 00 03 00 B7 5B 51 3D,03000300,0.000000
9881,0,0x110,STD,8,2026-01-28T18:46:21.920763,03 00 03 00 17 F2 BA 48,03000300,0.000000
9882,0,0x10F,STD,8,2026-01-28T18:46:21.971776,03 00 03 00 4A 73 3D 3D,03000300,0.000000
9883,0,0x110,STD,8,2026-01-28T18:46:21.995781,03 00 03 00 C5 36 86 48,03000300,0.000000
9884,0,0x10F,STD,8,2026-01-28T18:46:22.052794,03 00 03 00 EE D0 84 3D,03000300,0.000000
9885,0,0x110,STD,8,2026-01-28T18:46:22.076799,03 00 03 00 43 8F 4F 48,03000300,0.000000
9886,0,0x10F,STD,8,2026-01-28T18:46:22.133812,03 00 03 00 5C D9 92 3D,03000300,0.000000
9887,0,0x110,STD,8,2026-01-28T18:46:22.157096,03 00 03 00 60 3C 89 47,03000300,0.000000
9888,0,0x10F,STD,8,2026-01-28T18:46:22.214109,03 00 03 00 5D E7 4A 3D,03000300,0.000000
9889,0,0x110,STD,8,2026-01-28T18:46:22.238115,03 00 03 00 C9 7C 2B 48,03000300,0.000000
9890,0,0x10F,STD,8,2026-01-28T18:46:22.295127,03 00 03 00 1C 02 83 3D,03000300,0.000000
9891,0,0x110,STD,8,2026-01-28T18:46:22.319133,03 00 03 00 B8 4F 96 48,03000300,0.000000
9892,0,0x10F,STD,8,2026-01-28T18:46:22.368144,03 00 03 00 2E 40 6C 3D,03000300,0.000000
9893,0,0x110,STD,8,2026-01-28T18:46:22.392149,03 00 03 00 FD A3 22 48,03000300,0.000000
9894,0,0x10F,STD,8,2026-01-28T18:46:22.449162,03 00 03 00 AC 10 4E 3D,03000300,0.000000
9895,0,0x110,STD,8,2026-01-28T18:46:22.473168,03 00 03 00 77 49 71 48,03000300,0.000000
9896,0,0x10F,STD,8,2026-01-28T18:46:22.530180,03 00 03 00 F9 A5 7F 3D,03000300,0.000000
9897,0,0x110,STD,8,2026-01-28T18:46:22.554186,03 00 03 00 6A 33 48 48,03000300,0.000000
9898,0,0x10F,STD,8,2026-01-28T18:46:22.611199,03 00 03 00 C5 8A 2F 3D,03000300,0.000000
9899,0,0x110,STD,8,2026-01-28T18:46:22.635204,03 00 03 00 D0 96 6F 47,03000300,0.000000
9900,0,0x10F,STD,8,2026-01-28T18:46:22.692217,03 00 03 00 D0 42 82 3D,03000300,0.000000
9901,0,0x110,STD,8,2026-01-28T18:46:22.716222,03 00 03 00 B1 93 0D 48,03000300,0.000000
9902,0,0x10F,STD,8,2026-01-28T18:46:22.773235,03 00 03 00 DE BC 39 3D,03000300,0.000000
9903,0,0x110,STD,8,2026-01-28T18:46:22.797241,03 00 03 00 42 A2 96 48,03000300,0.000000
9904,0,0x10F,STD,8,2026-01-28T18:46:22.843251,03 00 03 00 49 56 5C 3D,03000300,0.000000
9905,0,0x110,STD,8,2026-01-28T18:46:22.866760,03 00 03 00 5F 05 58 48,03000300,0.000000
9906,0,0x110,STD,8,2026-01-28T18:46:22.879763,03 00 01 00 00 00 00 00,03000100,0.000000
9907,0,0x10F,STD,8,2026-01-28T18:46:22.879763,03 00 01 00 00 00 00 00,03000100,0.000000
9908,0,0x110,STD,8,2026-01-28T18:46:22.879763,03 00 01 00 00 00 00 00,03000100,0.000000
9909,0,0x10F,STD,8,2026-01-28T18:46:22.879763,03 00 02 00 0A 3F 33 41,03000200,0.000000
9910,0,0x10F,STD,8,2026-01-28T18:46:22.925773,03 00 03 00 73 AE 56 3D,03000300,0.000000
9911,0,0x110,STD,8,2026-01-28T18:46:22.949778,03 00 03 00 3C 59 AA 48,03000300,0.000000
9912,0,0x10F,STD,8,2026-01-28T18:46:23.006792,03 00 03 00 0A C4 E9 3C,03000300,0.000000
9913,0,0x110,STD,8,2026-01-28T18:46:23.030798,03 00 03 00 D5 ED 85 48,03000300,0.000000
9914,0,0x10F,STD,8,2026-01-28T18:46:23.087810,03 00 03 00 DE 50 3E 3D,03000300,0.000000
9915,0,0x110,STD,8,2026-01-28T18:46:23.111815,03 00 03 00 9B 0A 95 48,03000300,0.000000
9916,0,0x10F,STD,8,2026-01-28T18:46:23.167837,03 00 03 00 A5 6E 1C 3D,03000300,0.000000
9917,0,0x110,STD,8,2026-01-28T18:46:23.191842,03 00 03 00 86 05 99 48,03000300,0.000000
9918,0,0x10F,STD,8,2026-01-28T18:46:23.248855,03 00 03 00 21 81 08 3D,03000300,0.000000
9919,0,0x110,STD,8,2026-01-28T18:46:23.272860,03 00 03 00 B9 50 04 48,03000300,0.000000
9920,0,0x10F,STD,8,2026-01-28T18:46:23.329721,03 00 03 00 5B 50 6F 3D,03000300,0.000000
9921,0,0x110,STD,8,2026-01-28T18:46:23.353727,03 00 03 00 90 10 8E 48,03000300,0.000000
9922,0,0x10F,STD,8,2026-01-28T18:46:23.409294,03 00 03 00 50 4F 3F 3D,03000300,0.000000
9923,0,0x110,STD,8,2026-01-28T18:46:23.432138,03 00 03 00 39 E4 4D 48,03000300,0.000000
9924,0,0x10F,STD,8,2026-01-28T18:46:23.489151,03 00 03 00 D8 C2 70 3D,03000300,0.000000
9925,0,0x110,STD,8,2026-01-28T18:46:23.513156,03 00 03 00 59 CD C3 48,03000300,0.000000
9926,0,0x10F,STD,8,2026-01-28T18:46:23.570169,03 00 03 00 12 D5 47 3D,03000300,0.000000
9927,0,0x110,STD,8,2026-01-28T18:46:23.594175,03 00 03 00 C2 59 90 48,03000300,0.000000
9928,0,0x10F,STD,8,2026-01-28T18:46:23.640185,03 00 03 00 6D AD 21 3D,03000300,0.000000
9929,0,0x110,STD,8,2026-01-28T18:46:23.664190,03 00 03 00 BC B0 AA 48,03000300,0.000000
9930,0,0x10F,STD,8,2026-01-28T18:46:23.721203,03 00 03 00 B0 03 F6 3C,03000300,0.000000
9931,0,0x110,STD,8,2026-01-28T18:46:23.745208,03 00 03 00 13 42 A7 48,03000300,0.000000
9932,0,0x10F,STD,8,2026-01-28T18:46:23.802221,03 00 03 00 2C 89 1F 3D,03000300,0.000000
9933,0,0x110,STD,8,2026-01-28T18:46:23.826227,03 00 03 00 F1 74 45 48,03000300,0.000000
9934,0,0x10F,STD,8,2026-01-28T18:46:23.883239,03 00 03 00 56 8B 36 3D,03000300,0.000000
9935,0,0x110,STD,8,2026-01-28T18:46:23.907245,03 00 03 00 03 F8 01 48,03000300,0.000000
9936,0,0x110,STD,8,2026-01-28T18:46:23.920248,03 00 02 00 0A 3F 33 41,03000200,0.000000
9937,0,0x10F,STD,8,2026-01-28T18:46:23.920248,03 00 02 00 1D 39 40 41,03000200,0.000000
9938,0,0x110,STD,8,2026-01-28T18:46:23.920248,03 00 02 00 1D 39 40 41,03000200,0.000000
9939,0,0x10F,STD,8,2026-01-28T18:46:23.920248,03 00 01 00 00 00 00 00,03000100,0.000000
9940,0,0x10F,STD,8,2026-01-28T18:46:23.965831,03 00 03 00 0E A9 0F 3D,03000300,0.000000
9941,0,0x110,STD,8,2026-01-28T18:46:23.989117,03 00 03 00 1A 71 2C 48,03000300,0.000000
9942,0,0x10F,STD,8,2026-01-28T18:46:24.046131,03 00 03 00 6E 0B 60 3D,03000300,0.000000
9943,0,0x110,STD,8,2026-01-28T18:46:24.070136,03 00 03 00 BA 11 02 48,03000300,0.000000
9944,0,0x10F,STD,8,2026-01-28T18:46:24.126712,03 00 03 00 39 42 1B 3D,03000300,0.000000
9945,0,0x110,STD,8,2026-01-28T18:46:24.150717,03 00 03 00 49 3E BB 47,03000300,0.000000
9946,0,0x10F,STD,8,2026-01-28T18:46:24.207705,03 00 03 00 17 5A 46 3D,03000300,0.000000
9947,0,0x110,STD,8,2026-01-28T18:46:24.231710,03 00 03 00 12 3A 78 48,03000300,0.000000
9948,0,0x10F,STD,8,2026-01-28T18:46:24.277721,03 00 03 00 7D D9 4B 3D,03000300,0.000000
9949,0,0x110,STD,8,2026-01-28T18:46:24.301726,03 00 03 00 6A 3E 7F 48,03000300,0.000000
9950,0,0x10F,STD,8,2026-01-28T18:46:24.358242,03 00 03 00 F4 CB 5D 3D,03000300,0.000000
9951,0,0x110,STD,8,2026-01-28T18:46:24.391249,03 00 03 00 F1 C1 A5 48,03000300,0.000000
9952,0,0x10F,STD,8,2026-01-28T18:46:24.437259,03 00 03 00 27 7C 80 3D,03000300,0.000000
9953,0,0x110,STD,8,2026-01-28T18:46:24.472267,03 00 03 00 65 DB A8 48,03000300,0.000000
9954,0,0x10F,STD,8,2026-01-28T18:46:24.518277,03 00 03 00 6F 20 4F 3D,03000300,0.000000
9955,0,0x110,STD,8,2026-01-28T18:46:24.542283,03 00 03 00 AC AD 1E 48,03000300,0.000000
9956,0,0x10F,STD,8,2026-01-28T18:46:24.599296,03 00 03 00 78 7D 8E 3D,03000300,0.000000
9957,0,0x110,STD,8,2026-01-28T18:46:24.623301,03 00 03 00 3A E2 3B 48,03000300,0.000000
9958,0,0x10F,STD,8,2026-01-28T18:46:24.680314,03 00 03 00 16 C4 38 3D,03000300,0.000000
9959,0,0x110,STD,8,2026-01-28T18:46:24.704319,03 00 03 00 92 A5 4B 48,03000300,0.000000
9960,0,0x10F,STD,8,2026-01-28T18:46:24.760834,03 00 03 00 79 8F 7D 3D,03000300,0.000000
9961,0,0x110,STD,8,2026-01-28T18:46:24.784840,03 00 03 00 88 DD 2A 48,03000300,0.000000
9962,0,0x10F,STD,8,2026-01-28T18:46:24.841852,03 00 03 00 79 B0 64 3D,03000300,0.000000
9963,0,0x110,STD,8,2026-01-28T18:46:24.865857,03 00 03 00 93 22 06 48,03000300,0.000000
9964,0,0x10F,STD,8,2026-01-28T18:46:24.922870,03 00 03 00 DC 72 3F 3D,03000300,0.000000
9965,0,0x110,STD,8,2026-01-28T18:46:24.946876,03 00 03 00 6F 9D 3F 48,03000300,0.000000
9966,0,0x110,STD,8,2026-01-28T18:46:24.981884,03 00 01 00 00 00 00 00,03000100,0.000000
9967,0,0x10F,STD,8,2026-01-28T18:46:24.981884,03 00 02 00 D3 9D 31 41,03000200,0.000000
9968,0,0x110,STD,8,2026-01-28T18:46:24.981884,03 00 02 00 D3 9D 31 41,03000200,0.000000
9969,0,0x10F,STD,8,2026-01-28T18:46:24.981884,03 00 01 00 00 00 00 00,03000100,0.000000
9970,0,0x10F,STD,8,2026-01-28T18:46:24.994887,03 00 03 00 EC 17 72 3D,03000300,0.000000
9971,0,0x110,STD,8,2026-01-28T18:46:25.029895,03 00 03 00 BA 05 F7 47,03000300,0.000000
9972,0,0x10F,STD,8,2026-01-28T18:46:25.075905,03 00 03 00 15 90 21 3D,03000300,0.000000
9973,0,0x110,STD,8,2026-01-28T18:46:25.099910,03 00 03 00 22 65 3C 48,03000300,0.000000
9974,0,0x10F,STD,8,2026-01-28T18:46:25.156923,03 00 03 00 DD 76 86 3D,03000300,0.000000
9975,0,0x110,STD,8,2026-01-28T18:46:25.180929,03 00 03 00 D6 84 C7 47,03000300,0.000000
9976,0,0x10F,STD,8,2026-01-28T18:46:25.237942,03 00 03 00 5C A7 19 3D,03000300,0.000000
9977,0,0x110,STD,8,2026-01-28T18:46:25.261947,03 00 03 00 0E 1A 37 48,03000300,0.000000
9978,0,0x10F,STD,8,2026-01-28T18:46:25.318960,03 00 03 00 7C E7 60 3D,03000300,0.000000
9979,0,0x110,STD,8,2026-01-28T18:46:25.342965,03 00 03 00 84 34 30 48,03000300,0.000000
9980,0,0x10F,STD,8,2026-01-28T18:46:25.399978,03 00 03 00 DB 8C 70 3D,03000300,0.000000
9981,0,0x110,STD,8,2026-01-28T18:46:25.423983,03 00 03 00 71 46 0A 48,03000300,0.000000
9982,0,0x10F,STD,8,2026-01-28T18:46:25.480996,03 00 03 00 B7 64 21 3D,03000300,0.000000
9983,0,0x110,STD,8,2026-01-28T18:46:25.504507,03 00 03 00 43 1D D5 47,03000300,0.000000
9984,0,0x10F,STD,8,2026-01-28T18:46:25.561519,03 00 03 00 8F FA 6E 3D,03000300,0.000000
9985,0,0x110,STD,8,2026-01-28T18:46:25.585525,03 00 03 00 FC 9C 64 48,03000300,0.000000
9986,0,0x10F,STD,8,2026-01-28T18:46:25.642071,03 00 03 00 F1 0A 2B 3D,03000300,0.000000
9987,0,0x110,STD,8,2026-01-28T18:46:25.666077,03 00 03 00 9C B5 1F 48,03000300,0.000000
9988,0,0x10F,STD,8,2026-01-28T18:46:25.712087,03 00 03 00 4E DA 7C 3D,03000300,0.000000
9989,0,0x110,STD,8,2026-01-28T18:46:25.736093,03 00 03 00 20 D2 37 48,03000300,0.000000
9990,0,0x10F,STD,8,2026-01-28T18:46:25.793105,03 00 03 00 51 12 40 3D,03000300,0.000000
9991,0,0x110,STD,8,2026-01-28T18:46:25.817111,03 00 03 00 5E 6B DA 47,03000300,0.000000
9992,0,0x10F,STD,8,2026-01-28T18:46:25.874123,03 00 03 00 81 CB 8A 3D,03000300,0.000000
9993,0,0x110,STD,8,2026-01-28T18:46:25.898129,03 00 03 00 36 7E 42 48,03000300,0.000000
9994,0,0x10F,STD,8,2026-01-28T18:46:25.954683,03 00 03 00 A0 6B 97 3D,03000300,0.000000
9995,0,0x110,STD,8,2026-01-28T18:46:25.978689,03 00 03 00 1A 0F 86 48,03000300,0.000000
9996,0,0x110,STD,8,2026-01-28T18:46:26.035701,03 00 01 00 00 00 00 00,03000100,0.000000
9997,0,0x10F,STD,8,2026-01-28T18:46:26.035701,03 00 03 00 97 FD 81 3D,03000300,0.000000
9998,0,0x110,STD,8,2026-01-28T18:46:26.035701,03 00 01 00 00 00 00 00,03000100,0.000000
9999,0,0x10F,STD,8,2026-01-28T18:46:26.035701,03 00 02 00 A4 E6 26 41,03000200,0.000000
10000,0,0x110,STD,8,2026-01-28T18:46:26.035701,03 00 02 00 A4 E6 26 41,03000200,0.000000
