Record_Number,Channel,CAN_ID_Hex,Frame_Type,Length,Timestamp,Data_Hex,First_4_Bytes,Float_Value
1,0,0x10F,STD,8,2026-01-28T18:46:26.035701,03 00 02 00 A4 E6 26 41,03000200,0.000000
2,0,0x110,STD,8,2026-01-28T18:46:26.035701,03 00 02 00 A4 E6 26 41,03000200,0.000000
3,0,0x110,STD,8,2026-01-28T18:46:26.091714,03 00 03 00 65 C7 87 48,03000300,0.000000
4,0,0x10F,STD,8,2026-01-28T18:46:26.117720,03 00 03 00 B0 6F A9 3D,03000300,0.000000
5,0,0x110,STD,8,2026-01-28T18:46:26.141725,03 00 03 00 87 36 DF 48,03000300,0.000000
6,0,0x10F,STD,8,2026-01-28T18:46:26.199738,03 00 03 00 2E 26 74 3D,03000300,0.000000
7,0,0x110,STD,8,2026-01-28T18:46:26.213742,03 00 03 00 D0 87 1D 48,03000300,0.000000
8,0,0x10F,STD,8,2026-01-28T18:46:26.270490,03 00 03 00 58 A0 87 3D,03000300,0.000000
9,0,0x110,STD,8,2026-01-28T18:46:26.294496,03 00 03 00 CA E4 F3 47,03000300,0.000000
10,0,0x10F,STD,8,2026-01-28T18:46:26.352054,03 00 03 00 BB 33 66 3D,03000300,0.000000
11,0,0x110,STD,8,2026-01-28T18:46:26.378060,03 00 03 00 64 58 EE 47,03000300,0.000000
12,0,0x10F,STD,8,2026-01-28T18:46:26.435624,03 00 03 00 ED 23 1D 3D,03000300,0.000000
13,0,0x110,STD,8,2026-01-28T18:46:26.462631,03 00 03 00 53 C9 1E 48,03000300,0.000000
14,0,0x10F,STD,8,2026-01-28T18:46:26.519643,03 00 03 00 30 CB 3F 3D,03000300,0.000000
15,0,0x110,STD,8,2026-01-28T18:46:26.536647,03 00 03 00 24 2A 58 48,03000300,0.000000
16,0,0x10F,STD,8,2026-01-28T18:46:26.593163,03 00 03 00 50 AA 0E 3D,03000300,0.000000
17,0,0x110,STD,8,2026-01-28T18:46:26.615738,03 00 03 00 06 9C 56 48,03000300,0.000000
18,0,0x10F,STD,8,2026-01-28T18:46:26.672276,03 00 03 00 78 7A 45 3D,03000300,0.000000
19,0,0x110,STD,8,2026-01-28T18:46:26.696281,03 00 03 00 3A 11 8F 48,03000300,0.000000
20,0,0x10F,STD,8,2026-01-28T18:46:26.753294,03 00 03 00 0F 4D FA 3C,03000300,0.000000
21,0,0x110,STD,8,2026-01-28T18:46:26.778300,03 00 03 00 29 D4 B0 48,03000300,0.000000
22,0,0x10F,STD,8,2026-01-28T18:46:26.835312,03 00 03 00 83 76 51 3D,03000300,0.000000
23,0,0x110,STD,8,2026-01-28T18:46:26.859318,03 00 03 00 AB 82 A6 48,03000300,0.000000
24,0,0x10F,STD,8,2026-01-28T18:46:26.916034,03 00 03 00 8D FF 38 3D,03000300,0.000000
25,0,0x110,STD,8,2026-01-28T18:46:26.940039,03 00 03 00 D8 59 AE 48,03000300,0.000000
26,0,0x10F,STD,8,2026-01-28T18:46:26.996625,03 00 03 00 45 3C 21 3D,03000300,0.000000
27,0,0x110,STD,8,2026-01-28T18:46:27.020134,03 00 03 00 EA F0 00 48,03000300,0.000000
28,0,0x10F,STD,8,2026-01-28T18:46:27.077146,03 00 03 00 0E F9 4B 3D,03000300,0.000000
29,0,0x10F,STD,8,2026-01-28T18:46:27.077146,03 00 01 00 00 00 00 00,03000100,0.000000
30,0,0x110,STD,8,2026-01-28T18:46:27.077146,03 00 02 00 ED 1D 37 41,03000200,0.000000
31,0,0x10F,STD,8,2026-01-28T18:46:27.077146,03 00 01 00 00 00 00 00,03000100,0.000000
32,0,0x110,STD,8,2026-01-28T18:46:27.077146,03 00 01 00 00 00 00 00,03000100,0.000000
33,0,0x110,STD,8,2026-01-28T18:46:27.101152,03 00 03 00 ED 91 78 48,03000300,0.000000
34,0,0x10F,STD,8,2026-01-28T18:46:27.157802,03 00 03 00 F0 3F 13 3D,03000300,0.000000
35,0,0x110,STD,8,2026-01-28T18:46:27.181809,03 00 03 00 30 0E 42 48,03000300,0.000000
36,0,0x10F,STD,8,2026-01-28T18:46:27.227607,03 00 03 00 D1 89 67 3D,03000300,0.000000
37,0,0x110,STD,8,2026-01-28T18:46:27.251613,03 00 03 00 90 13 C0 47,03000300,0.000000
38,0,0x10F,STD,8,2026-01-28T18:46:27.308625,03 00 03 00 E1 35 51 3D,03000300,0.000000
39,0,0x110,STD,8,2026-01-28T18:46:27.332631,03 00 03 00 F8 99 B2 48,03000300,0.000000
40,0,0x10F,STD,8,2026-01-28T18:46:27.389644,03 00 03 00 84 F7 80 3D,03000300,0.000000
41,0,0x110,STD,8,2026-01-28T18:46:27.413649,03 00 03 00 22 67 AD 48,03000300,0.000000
42,0,0x10F,STD,8,2026-01-28T18:46:27.470662,03 00 03 00 E7 3B 84 3D,03000300,0.000000
43,0,0x110,STD,8,2026-01-28T18:46:27.494667,03 00 03 00 9A C8 33 48,03000300,0.000000
44,0,0x10F,STD,8,2026-01-28T18:46:27.551680,03 00 03 00 CC AC 6A 3D,03000300,0.000000
45,0,0x110,STD,8,2026-01-28T18:46:27.575685,03 00 03 00 E2 49 A2 48,03000300,0.000000
46,0,0x10F,STD,8,2026-01-28T18:46:27.632698,03 00 03 00 1D 70 7C 3D,03000300,0.000000
47,0,0x110,STD,8,2026-01-28T18:46:27.656704,03 00 03 00 1B 4B B6 48,03000300,0.000000
48,0,0x10F,STD,8,2026-01-28T18:46:27.713717,03 00 03 00 7D 6C 46 3D,03000300,0.000000
49,0,0x110,STD,8,2026-01-28T18:46:27.737723,03 00 03 00 71 15 1A 48,03000300,0.000000
50,0,0x10F,STD,8,2026-01-28T18:46:27.794735,03 00 03 00 80 55 63 3D,03000300,0.000000
51,0,0x110,STD,8,2026-01-28T18:46:27.818740,03 00 03 00 43 95 F2 47,03000300,0.000000
52,0,0x10F,STD,8,2026-01-28T18:46:27.864751,03 00 03 00 F9 73 3A 3D,03000300,0.000000
53,0,0x110,STD,8,2026-01-28T18:46:27.888756,03 00 03 00 23 6F 7C 48,03000300,0.000000
54,0,0x10F,STD,8,2026-01-28T18:46:27.945769,03 00 03 00 4F 6A 7A 3D,03000300,0.000000
55,0,0x110,STD,8,2026-01-28T18:46:27.969774,03 00 03 00 A3 A8 D7 48,03000300,0.000000
56,0,0x10F,STD,8,2026-01-28T18:46:28.026787,03 00 03 00 96 8E 3B 3D,03000300,0.000000
57,0,0x110,STD,8,2026-01-28T18:46:28.050793,03 00 03 00 1B 6C 04 49,03000300,0.000000
58,0,0x10F,STD,8,2026-01-28T18:46:28.107805,03 00 03 00 A0 90 1F 3D,03000300,0.000000
59,0,0x10F,STD,8,2026-01-28T18:46:28.131811,03 00 02 00 ED 1D 37 41,03000200,0.000000
60,0,0x10F,STD,8,2026-01-28T18:46:28.131811,03 00 02 00 EA 90 2B 41,03000200,0.000000
61,0,0x110,STD,8,2026-01-28T18:46:28.131811,03 00 02 00 EA 90 2B 41,03000200,0.000000
62,0,0x10F,STD,8,2026-01-28T18:46:28.131811,03 00 01 00 00 00 00 00,03000100,0.000000
63,0,0x10F,STD,8,2026-01-28T18:46:28.131811,03 00 01 00 00 00 00 00,03000100,0.000000
64,0,0x10F,STD,8,2026-01-28T18:46:28.188824,03 00 03 00 74 AB 5C 3D,03000300,0.000000
65,0,0x110,STD,8,2026-01-28T18:46:28.212829,03 00 03 00 D2 2A 1A 48,03000300,0.000000
66,0,0x10F,STD,8,2026-01-28T18:46:28.269573,03 00 03 00 72 77 F7 3C,03000300,0.000000
67,0,0x110,STD,8,2026-01-28T18:46:28.293579,03 00 03 00 2F 98 52 48,03000300,0.000000
68,0,0x10F,STD,8,2026-01-28T18:46:28.350591,03 00 03 00 AC C2 5E 3D,03000300,0.000000
69,0,0x110,STD,8,2026-01-28T18:46:28.371596,03 00 03 00 8D FD 83 48,03000300,0.000000
70,0,0x10F,STD,8,2026-01-28T18:46:28.427659,03 00 03 00 7E 94 FB 3C,03000300,0.000000
71,0,0x110,STD,8,2026-01-28T18:46:28.450937,03 00 03 00 CC 63 68 48,03000300,0.000000
72,0,0x10F,STD,8,2026-01-28T18:46:28.506699,03 00 03 00 60 52 D8 3C,03000300,0.000000
73,0,0x110,STD,8,2026-01-28T18:46:28.530704,03 00 03 00 B8 4B 96 48,03000300,0.000000
74,0,0x10F,STD,8,2026-01-28T18:46:28.587717,03 00 03 00 BF E3 F0 3C,03000300,0.000000
75,0,0x110,STD,8,2026-01-28T18:46:28.611722,03 00 03 00 01 32 0B 48,03000300,0.000000
76,0,0x10F,STD,8,2026-01-28T18:46:28.668735,03 00 03 00 D7 9B E3 3C,03000300,0.000000
77,0,0x110,STD,8,2026-01-28T18:46:28.692741,03 00 03 00 B0 12 1F 48,03000300,0.000000
78,0,0x10F,STD,8,2026-01-28T18:46:28.749754,03 00 03 00 81 FC 5B 3D,03000300,0.000000
79,0,0x110,STD,8,2026-01-28T18:46:28.773759,03 00 03 00 6B 76 09 48,03000300,0.000000
80,0,0x10F,STD,8,2026-01-28T18:46:28.830771,03 00 03 00 A8 A2 28 3D,03000300,0.000000
81,0,0x110,STD,8,2026-01-28T18:46:28.854777,03 00 03 00 CF 73 86 48,03000300,0.000000
82,0,0x10F,STD,8,2026-01-28T18:46:28.900788,03 00 03 00 EE BE 8A 3D,03000300,0.000000
83,0,0x110,STD,8,2026-01-28T18:46:28.924794,03 00 03 00 10 D6 43 48,03000300,0.000000
84,0,0x10F,STD,8,2026-01-28T18:46:28.981806,03 00 03 00 C2 98 55 3D,03000300,0.000000
85,0,0x110,STD,8,2026-01-28T18:46:29.005811,03 00 03 00 6F 4A 63 48,03000300,0.000000
86,0,0x10F,STD,8,2026-01-28T18:46:29.062328,03 00 03 00 C2 63 81 3D,03000300,0.000000
87,0,0x110,STD,8,2026-01-28T18:46:29.085684,03 00 03 00 7A 75 25 48,03000300,0.000000
88,0,0x10F,STD,8,2026-01-28T18:46:29.142697,03 00 03 00 F0 91 80 3D,03000300,0.000000
89,0,0x110,STD,8,2026-01-28T18:46:29.166703,03 00 03 00 9F F6 46 48,03000300,0.000000
90,0,0x110,STD,8,2026-01-28T18:46:29.166703,03 00 01 00 00 00 00 00,03000100,0.000000
91,0,0x110,STD,8,2026-01-28T18:46:29.166703,03 00 02 00 EA 90 2B 41,03000200,0.000000
92,0,0x10F,STD,8,2026-01-28T18:46:29.166703,03 00 01 00 00 00 00 00,03000100,0.000000
93,0,0x110,STD,8,2026-01-28T18:46:29.166703,03 00 01 00 00 00 00 00,03000100,0.000000
94,0,0x10F,STD,8,2026-01-28T18:46:29.223715,03 00 03 00 BA 10 6E 3D,03000300,0.000000
95,0,0x110,STD,8,2026-01-28T18:46:29.247720,03 00 03 00 86 14 7F 48,03000300,0.000000
96,0,0x10F,STD,8,2026-01-28T18:46:29.304734,03 00 03 00 C8 53 B0 3D,03000300,0.000000
97,0,0x110,STD,8,2026-01-28T18:46:29.328738,03 00 03 00 6A 08 E7 47,03000300,0.000000
98,0,0x10F,STD,8,2026-01-28T18:46:29.385751,03 00 03 00 66 26 50 3D,03000300,0.000000
99,0,0x110,STD,8,2026-01-28T18:46:29.409260,03 00 03 00 2D 8A E6 46,03000300,0.000000
100,0,0x10F,STD,8,2026-01-28T18:46:29.466273,03 00 03 00 14 C5 8E 3D,03000300,0.000000
101,0,0x110,STD,8,2026-01-28T18:46:29.490278,03 00 03 00 0C 51 89 47,03000300,0.000000
102,0,0x10F,STD,8,2026-01-28T18:46:29.547291,03 00 03 00 13 CF 6A 3D,03000300,0.000000
103,0,0x110,STD,8,2026-01-28T18:46:29.571296,03 00 03 00 E1 1F 71 48,03000300,0.000000
104,0,0x10F,STD,8,2026-01-28T18:46:29.628309,03 00 03 00 70 C1 8C 3D,03000300,0.000000
105,0,0x110,STD,8,2026-01-28T18:46:29.652315,03 00 03 00 80 F3 93 48,03000300,0.000000
106,0,0x10F,STD,8,2026-01-28T18:46:29.698325,03 00 03 00 9E 9B A1 3D,03000300,0.000000
107,0,0x110,STD,8,2026-01-28T18:46:29.722330,03 00 03 00 AF 62 AC 48,03000300,0.000000
108,0,0x10F,STD,8,2026-01-28T18:46:29.779343,03 00 03 00 3D F2 4E 3D,03000300,0.000000
109,0,0x110,STD,8,2026-01-28T18:46:29.803349,03 00 03 00 0E 13 DC 48,03000300,0.000000
110,0,0x10F,STD,8,2026-01-28T18:46:29.860362,03 00 03 00 F3 40 C0 3D,03000300,0.000000
111,0,0x110,STD,8,2026-01-28T18:46:29.884367,03 00 03 00 52 7B AD 48,03000300,0.000000
112,0,0x10F,STD,8,2026-01-28T18:46:29.941380,03 00 03 00 30 DA 6D 3D,03000300,0.000000
113,0,0x110,STD,8,2026-01-28T18:46:29.965385,03 00 03 00 A6 5A 99 48,03000300,0.000000
114,0,0x10F,STD,8,2026-01-28T18:46:30.022398,03 00 03 00 23 AE B1 3D,03000300,0.000000
115,0,0x110,STD,8,2026-01-28T18:46:30.046404,03 00 03 00 B3 8C 9E 48,03000300,0.000000
116,0,0x10F,STD,8,2026-01-28T18:46:30.103416,03 00 03 00 B1 02 85 3D,03000300,0.000000
117,0,0x110,STD,8,2026-01-28T18:46:30.127422,03 00 03 00 D2 C9 A6 48,03000300,0.000000
118,0,0x10F,STD,8,2026-01-28T18:46:30.184434,03 00 03 00 BC FF 55 3D,03000300,0.000000
119,0,0x110,STD,8,2026-01-28T18:46:30.208440,03 00 03 00 BD AF 45 48,03000300,0.000000
120,0,0x10F,STD,8,2026-01-28T18:46:30.221442,03 00 02 00 EA 90 2B 41,03000200,0.000000
121,0,0x10F,STD,8,2026-01-28T18:46:30.221442,03 00 02 00 EA C5 2C 41,03000200,0.000000
122,0,0x110,STD,8,2026-01-28T18:46:30.221442,03 00 02 00 EA C5 2C 41,03000200,0.000000
123,0,0x10F,STD,8,2026-01-28T18:46:30.221442,03 00 01 00 00 00 00 00,03000100,0.000000
124,0,0x10F,STD,8,2026-01-28T18:46:30.255954,03 00 03 00 CB CC 90 3D,03000300,0.000000
125,0,0x110,STD,8,2026-01-28T18:46:30.290466,03 00 03 00 57 80 9C 48,03000300,0.000000
126,0,0x10F,STD,8,2026-01-28T18:46:30.338476,03 00 03 00 A7 55 34 3D,03000300,0.000000
127,0,0x110,STD,8,2026-01-28T18:46:30.361987,03 00 03 00 31 A6 C0 48,03000300,0.000000
128,0,0x10F,STD,8,2026-01-28T18:46:30.426002,03 00 03 00 A0 4F AF 3D,03000300,0.000000
129,0,0x110,STD,8,2026-01-28T18:46:30.449511,03 00 03 00 59 6B 73 48,03000300,0.000000
130,0,0x10F,STD,8,2026-01-28T18:46:30.496522,03 00 03 00 3C 8E 3F 3D,03000300,0.000000
131,0,0x110,STD,8,2026-01-28T18:46:30.520527,03 00 03 00 3F 99 85 48,03000300,0.000000
132,0,0x10F,STD,8,2026-01-28T18:46:30.577540,03 00 03 00 83 11 A3 3D,03000300,0.000000
133,0,0x110,STD,8,2026-01-28T18:46:30.601545,03 00 03 00 49 13 9A 48,03000300,0.000000
134,0,0x10F,STD,8,2026-01-28T18:46:30.658558,03 00 03 00 94 26 79 3D,03000300,0.000000
135,0,0x110,STD,8,2026-01-28T18:46:30.682563,03 00 03 00 0D 7B 95 48,03000300,0.000000
136,0,0x10F,STD,8,2026-01-28T18:46:30.739576,03 00 03 00 ED D4 73 3D,03000300,0.000000
137,0,0x110,STD,8,2026-01-28T18:46:30.763582,03 00 03 00 41 79 F4 48,03000300,0.000000
138,0,0x10F,STD,8,2026-01-28T18:46:30.820595,03 00 03 00 60 4A 79 3D,03000300,0.000000
139,0,0x110,STD,8,2026-01-28T18:46:30.844600,03 00 03 00 15 FC 12 49,03000300,0.000000
140,0,0x10F,STD,8,2026-01-28T18:46:30.901613,03 00 03 00 2C 65 16 3D,03000300,0.000000
141,0,0x110,STD,8,2026-01-28T18:46:30.925618,03 00 03 00 D2 F3 20 48,03000300,0.000000
142,0,0x10F,STD,8,2026-01-28T18:46:30.983631,03 00 03 00 24 91 50 3D,03000300,0.000000
143,0,0x110,STD,8,2026-01-28T18:46:31.007637,03 00 03 00 A5 E8 62 48,03000300,0.000000
144,0,0x10F,STD,8,2026-01-28T18:46:31.053647,03 00 03 00 18 07 1E 3D,03000300,0.000000
145,0,0x110,STD,8,2026-01-28T18:46:31.077652,03 00 03 00 E5 A7 29 48,03000300,0.000000
146,0,0x10F,STD,8,2026-01-28T18:46:31.134492,03 00 03 00 2E DA 19 3D,03000300,0.000000
147,0,0x110,STD,8,2026-01-28T18:46:31.158497,03 00 03 00 1F CD 0D 48,03000300,0.000000
148,0,0x10F,STD,8,2026-01-28T18:46:31.215505,03 00 03 00 4E 58 11 3D,03000300,0.000000
149,0,0x110,STD,8,2026-01-28T18:46:31.239510,03 00 03 00 98 A9 60 48,03000300,0.000000
150,0,0x110,STD,8,2026-01-28T18:46:31.263515,03 00 01 00 00 00 00 00,03000100,0.000000
151,0,0x10F,STD,8,2026-01-28T18:46:31.263515,03 00 02 00 82 F5 22 41,03000200,0.000000
152,0,0x10F,STD,8,2026-01-28T18:46:31.263515,03 00 01 00 00 00 00 00,03000100,0.000000
153,0,0x110,STD,8,2026-01-28T18:46:31.263515,03 00 02 00 82 F5 22 41,03000200,0.000000
154,0,0x10F,STD,8,2026-01-28T18:46:31.298523,03 00 03 00 00 3E 21 3D,03000300,0.000000
155,0,0x110,STD,8,2026-01-28T18:46:31.322528,03 00 03 00 EF B5 58 48,03000300,0.000000
156,0,0x10F,STD,8,2026-01-28T18:46:31.378630,03 00 03 00 6D 4B 35 3D,03000300,0.000000
157,0,0x110,STD,8,2026-01-28T18:46:31.402636,03 00 03 00 78 E0 89 48,03000300,0.000000
158,0,0x10F,STD,8,2026-01-28T18:46:31.459649,03 00 03 00 95 DE 6C 3D,03000300,0.000000
159,0,0x110,STD,8,2026-01-28T18:46:31.483654,03 00 03 00 E8 A2 3E 48,03000300,0.000000
160,0,0x10F,STD,8,2026-01-28T18:46:31.540667,03 00 03 00 4B E7 60 3D,03000300,0.000000
161,0,0x110,STD,8,2026-01-28T18:46:31.564672,03 00 03 00 BA 30 84 48,03000300,0.000000
162,0,0x10F,STD,8,2026-01-28T18:46:31.621685,03 00 03 00 F3 8C FA 3C,03000300,0.000000
163,0,0x110,STD,8,2026-01-28T18:46:31.645691,03 00 03 00 28 B4 F6 48,03000300,0.000000
164,0,0x10F,STD,8,2026-01-28T18:46:31.691701,03 00 03 00 E3 D4 44 3D,03000300,0.000000
165,0,0x110,STD,8,2026-01-28T18:46:31.715706,03 00 03 00 0F 3F B8 48,03000300,0.000000
166,0,0x10F,STD,8,2026-01-28T18:46:31.772476,03 00 03 00 5F 68 0A 3D,03000300,0.000000
167,0,0x110,STD,8,2026-01-28T18:46:31.795995,03 00 03 00 32 40 E3 48,03000300,0.000000
168,0,0x10F,STD,8,2026-01-28T18:46:31.853009,03 00 03 00 A1 06 12 3D,03000300,0.000000
169,0,0x110,STD,8,2026-01-28T18:46:31.877015,03 00 03 00 05 65 F6 48,03000300,0.000000
170,0,0x10F,STD,8,2026-01-28T18:46:31.934028,03 00 03 00 99 51 09 3D,03000300,0.000000
171,0,0x110,STD,8,2026-01-28T18:46:31.958032,03 00 03 00 FC 99 B0 48,03000300,0.000000
172,0,0x10F,STD,8,2026-01-28T18:46:32.014506,03 00 03 00 19 1F 12 3D,03000300,0.000000
173,0,0x110,STD,8,2026-01-28T18:46:32.038512,03 00 03 00 EA D3 98 48,03000300,0.000000
174,0,0x10F,STD,8,2026-01-28T18:46:32.095525,03 00 03 00 20 CB 53 3D,03000300,0.000000
175,0,0x110,STD,8,2026-01-28T18:46:32.119530,03 00 03 00 C8 9A D1 48,03000300,0.000000
176,0,0x10F,STD,8,2026-01-28T18:46:32.176543,03 00 03 00 79 3D 2B 3D,03000300,0.000000
177,0,0x110,STD,8,2026-01-28T18:46:32.200548,03 00 03 00 FE 7D A2 48,03000300,0.000000
178,0,0x10F,STD,8,2026-01-28T18:46:32.257561,03 00 03 00 24 36 70 3D,03000300,0.000000
179,0,0x110,STD,8,2026-01-28T18:46:32.281566,03 00 03 00 1B F2 61 48,03000300,0.000000
180,0,0x110,STD,8,2026-01-28T18:46:32.316574,03 00 01 00 00 00 00 00,03000100,0.000000
181,0,0x110,STD,8,2026-01-28T18:46:32.316574,03 00 02 00 0E 82 2F 41,03000200,0.000000
182,0,0x10F,STD,8,2026-01-28T18:46:32.317575,03 00 01 00 00 00 00 00,03000100,0.000000
183,0,0x110,STD,8,2026-01-28T18:46:32.320575,03 00 01 00 00 00 00 00,03000100,0.000000
184,0,0x10F,STD,8,2026-01-28T18:46:32.334578,03 00 03 00 0F 76 3D 3D,03000300,0.000000
185,0,0x110,STD,8,2026-01-28T18:46:32.358584,03 00 03 00 2F 33 83 48,03000300,0.000000
186,0,0x10F,STD,8,2026-01-28T18:46:32.408595,03 00 03 00 CF BE 57 3D,03000300,0.000000
187,0,0x110,STD,8,2026-01-28T18:46:32.434601,03 00 03 00 A0 82 A6 48,03000300,0.000000
188,0,0x10F,STD,8,2026-01-28T18:46:32.491614,03 00 03 00 5E CC 61 3D,03000300,0.000000
189,0,0x110,STD,8,2026-01-28T18:46:32.515620,03 00 03 00 84 EC C4 48,03000300,0.000000
190,0,0x10F,STD,8,2026-01-28T18:46:32.572632,03 00 03 00 CA 65 5E 3D,03000300,0.000000
191,0,0x110,STD,8,2026-01-28T18:46:32.597637,03 00 03 00 9A 1F 7A 48,03000300,0.000000
192,0,0x10F,STD,8,2026-01-28T18:46:32.654650,03 00 03 00 4A 3E 86 3D,03000300,0.000000
193,0,0x110,STD,8,2026-01-28T18:46:32.678656,03 00 03 00 D3 38 10 48,03000300,0.000000
194,0,0x10F,STD,8,2026-01-28T18:46:32.735669,03 00 03 00 15 B0 51 3D,03000300,0.000000
195,0,0x110,STD,8,2026-01-28T18:46:32.752673,03 00 03 00 4C D9 69 48,03000300,0.000000
196,0,0x10F,STD,8,2026-01-28T18:46:32.811686,03 00 03 00 AE 7F 9A 3D,03000300,0.000000
197,0,0x110,STD,8,2026-01-28T18:46:32.835195,03 00 03 00 12 66 67 48,03000300,0.000000
198,0,0x10F,STD,8,2026-01-28T18:46:32.892208,03 00 03 00 DD A4 9C 3D,03000300,0.000000
199,0,0x110,STD,8,2026-01-28T18:46:32.916213,03 00 03 00 A7 8D 3C 48,03000300,0.000000
200,0,0x10F,STD,8,2026-01-28T18:46:32.973226,03 00 03 00 95 76 7C 3D,03000300,0.000000
201,0,0x110,STD,8,2026-01-28T18:46:32.997231,03 00 03 00 33 70 6C 48,03000300,0.000000
202,0,0x10F,STD,8,2026-01-28T18:46:33.053748,03 00 03 00 10 1C 9C 3D,03000300,0.000000
203,0,0x110,STD,8,2026-01-28T18:46:33.077754,03 00 03 00 E6 32 36 48,03000300,0.000000
204,0,0x10F,STD,8,2026-01-28T18:46:33.134767,03 00 03 00 0E 95 6D 3D,03000300,0.000000
205,0,0x110,STD,8,2026-01-28T18:46:33.158772,03 00 03 00 12 99 58 48,03000300,0.000000
206,0,0x10F,STD,8,2026-01-28T18:46:33.215785,03 00 03 00 B3 48 8B 3D,03000300,0.000000
207,0,0x110,STD,8,2026-01-28T18:46:33.239294,03 00 03 00 E2 4A 92 48,03000300,0.000000
208,0,0x10F,STD,8,2026-01-28T18:46:33.284807,03 00 03 00 7D BB 43 3D,03000300,0.000000
209,0,0x110,STD,8,2026-01-28T18:46:33.308812,03 00 03 00 27 62 19 48,03000300,0.000000
210,0,0x10F,STD,8,2026-01-28T18:46:33.354822,03 00 02 00 0E 82 2F 41,03000200,0.000000
211,0,0x110,STD,8,2026-01-28T18:46:33.356325,03 00 01 00 00 00 00 00,03000100,0.000000
212,0,0x10F,STD,8,2026-01-28T18:46:33.358327,03 00 02 00 3E 01 37 41,03000200,0.000000
213,0,0x110,STD,8,2026-01-28T18:46:33.358327,03 00 02 00 3E 01 37 41,03000200,0.000000
214,0,0x10F,STD,8,2026-01-28T18:46:33.371330,03 00 03 00 D8 7C 22 3D,03000300,0.000000
215,0,0x110,STD,8,2026-01-28T18:46:33.394841,03 00 03 00 E1 8E 43 48,03000300,0.000000
216,0,0x10F,STD,8,2026-01-28T18:46:33.451853,03 00 03 00 8A 8F 03 3D,03000300,0.000000
217,0,0x110,STD,8,2026-01-28T18:46:33.475363,03 00 03 00 42 BA 2A 48,03000300,0.000000
218,0,0x10F,STD,8,2026-01-28T18:46:33.524374,03 00 03 00 27 54 CB 3C,03000300,0.000000
219,0,0x110,STD,8,2026-01-28T18:46:33.559382,03 00 03 00 1B 36 3B 48,03000300,0.000000
220,0,0x10F,STD,8,2026-01-28T18:46:33.605392,03 00 03 00 86 FE 06 3D,03000300,0.000000
221,0,0x110,STD,8,2026-01-28T18:46:33.629397,03 00 03 00 B0 62 7C 48,03000300,0.000000
222,0,0x10F,STD,8,2026-01-28T18:46:33.686410,03 00 03 00 32 6B C3 3C,03000300,0.000000
223,0,0x110,STD,8,2026-01-28T18:46:33.710416,03 00 03 00 2A 4A 9E 47,03000300,0.000000
224,0,0x10F,STD,8,2026-01-28T18:46:33.767429,03 00 03 00 7B 9E 15 3D,03000300,0.000000
225,0,0x110,STD,8,2026-01-28T18:46:33.791434,03 00 03 00 2A F3 D9 47,03000300,0.000000
226,0,0x10F,STD,8,2026-01-28T18:46:33.848447,03 00 03 00 EC 99 C6 3C,03000300,0.000000
227,0,0x110,STD,8,2026-01-28T18:46:33.872452,03 00 03 00 2A 19 59 48,03000300,0.000000
228,0,0x10F,STD,8,2026-01-28T18:46:33.929386,03 00 03 00 07 60 45 3D,03000300,0.000000
229,0,0x110,STD,8,2026-01-28T18:46:33.952895,03 00 03 00 B1 0E EF 47,03000300,0.000000
230,0,0x10F,STD,8,2026-01-28T18:46:34.002410,03 00 03 00 4D 33 32 3D,03000300,0.000000
231,0,0x110,STD,8,2026-01-28T18:46:34.037418,03 00 03 00 F6 38 8F 48,03000300,0.000000
232,0,0x10F,STD,8,2026-01-28T18:46:34.083429,03 00 03 00 C8 11 38 3D,03000300,0.000000
233,0,0x110,STD,8,2026-01-28T18:46:34.117940,03 00 03 00 73 CE 25 48,03000300,0.000000
234,0,0x10F,STD,8,2026-01-28T18:46:34.163456,03 00 03 00 E8 50 57 3D,03000300,0.000000
235,0,0x110,STD,8,2026-01-28T18:46:34.187461,03 00 03 00 B7 24 46 48,03000300,0.000000
236,0,0x10F,STD,8,2026-01-28T18:46:34.244474,03 00 03 00 E4 06 07 3D,03000300,0.000000
237,0,0x110,STD,8,2026-01-28T18:46:34.268479,03 00 03 00 E9 E7 19 48,03000300,0.000000
238,0,0x10F,STD,8,2026-01-28T18:46:34.325492,03 00 03 00 F8 CC 4E 3D,03000300,0.000000
239,0,0x110,STD,8,2026-01-28T18:46:34.349498,03 00 03 00 C5 E5 02 48,03000300,0.000000
240,0,0x10F,STD,8,2026-01-28T18:46:34.406539,03 00 03 00 6B E6 23 3D,03000300,0.000000
241,0,0x10F,STD,8,2026-01-28T18:46:34.419542,03 00 01 00 00 00 00 00,03000100,0.000000
242,0,0x110,STD,8,2026-01-28T18:46:34.419542,03 00 01 00 00 00 00 00,03000100,0.000000
243,0,0x10F,STD,8,2026-01-28T18:46:34.419542,03 00 02 00 39 C4 3E 41,03000200,0.000000
244,0,0x110,STD,8,2026-01-28T18:46:34.419542,03 00 02 00 39 C4 3E 41,03000200,0.000000
245,0,0x110,STD,8,2026-01-28T18:46:34.432545,03 00 03 00 47 2C 8C 48,03000300,0.000000
246,0,0x10F,STD,8,2026-01-28T18:46:34.489557,03 00 03 00 5A 56 3E 3D,03000300,0.000000
247,0,0x110,STD,8,2026-01-28T18:46:34.513563,03 00 03 00 41 E3 1D 48,03000300,0.000000
248,0,0x10F,STD,8,2026-01-28T18:46:34.570576,03 00 03 00 72 A8 FD 3C,03000300,0.000000
249,0,0x110,STD,8,2026-01-28T18:46:34.594581,03 00 03 00 01 65 FA 47,03000300,0.000000
250,0,0x10F,STD,8,2026-01-28T18:46:34.651594,03 00 03 00 3A D3 B1 3C,03000300,0.000000
251,0,0x110,STD,8,2026-01-28T18:46:34.664597,03 00 03 00 4C 40 4A 47,03000300,0.000000
252,0,0x10F,STD,8,2026-01-28T18:46:34.721610,03 00 03 00 30 4B BB 3C,03000300,0.000000
253,0,0x110,STD,8,2026-01-28T18:46:34.745615,03 00 03 00 64 41 0D 48,03000300,0.000000
254,0,0x10F,STD,8,2026-01-28T18:46:34.802628,03 00 03 00 50 2B 99 3C,03000300,0.000000
255,0,0x110,STD,8,2026-01-28T18:46:34.826634,03 00 03 00 6C AC C8 47,03000300,0.000000
256,0,0x10F,STD,8,2026-01-28T18:46:34.883646,03 00 03 00 0A 18 1D 3D,03000300,0.000000
257,0,0x110,STD,8,2026-01-28T18:46:34.907651,03 00 03 00 AF BF 60 48,03000300,0.000000
258,0,0x10F,STD,8,2026-01-28T18:46:34.964664,03 00 03 00 50 A5 2E 3D,03000300,0.000000
259,0,0x110,STD,8,2026-01-28T18:46:34.988670,03 00 03 00 9F 16 A1 48,03000300,0.000000
260,0,0x10F,STD,8,2026-01-28T18:46:35.045683,03 00 03 00 CC 09 28 3D,03000300,0.000000
261,0,0x110,STD,8,2026-01-28T18:46:35.069688,03 00 03 00 EC E0 47 48,03000300,0.000000
262,0,0x10F,STD,8,2026-01-28T18:46:35.126701,03 00 03 00 9C 6A 61 3D,03000300,0.000000
263,0,0x110,STD,8,2026-01-28T18:46:35.150706,03 00 03 00 0F 64 40 48,03000300,0.000000
264,0,0x10F,STD,8,2026-01-28T18:46:35.207719,03 00 03 00 CB F2 FE 3C,03000300,0.000000
265,0,0x110,STD,8,2026-01-28T18:46:35.231725,03 00 03 00 AF A8 89 48,03000300,0.000000
266,0,0x10F,STD,8,2026-01-28T18:46:35.277735,03 00 03 00 DF 7C 1D 3D,03000300,0.000000
267,0,0x110,STD,8,2026-01-28T18:46:35.301740,03 00 03 00 DA 9F B4 47,03000300,0.000000
268,0,0x10F,STD,8,2026-01-28T18:46:35.358754,03 00 03 00 D4 BA 1B 3D,03000300,0.000000
269,0,0x110,STD,8,2026-01-28T18:46:35.382355,03 00 03 00 AD DA E2 47,03000300,0.000000
270,0,0x10F,STD,8,2026-01-28T18:46:35.439370,03 00 03 00 18 5B 20 3D,03000300,0.000000
271,0,0x110,STD,8,2026-01-28T18:46:35.463375,03 00 03 00 A8 BB 38 48,03000300,0.000000
272,0,0x10F,STD,8,2026-01-28T18:46:35.465376,03 00 01 00 00 00 00 00,03000100,0.000000
273,0,0x10F,STD,8,2026-01-28T18:46:35.465376,03 00 01 00 00 00 00 00,03000100,0.000000
274,0,0x110,STD,8,2026-01-28T18:46:35.465376,03 00 02 00 39 C4 3E 41,03000200,0.000000
275,0,0x110,STD,8,2026-01-28T18:46:35.467375,03 00 01 00 00 00 00 00,03000100,0.000000
276,0,0x10F,STD,8,2026-01-28T18:46:35.524389,03 00 03 00 D7 AE 30 3D,03000300,0.000000
277,0,0x110,STD,8,2026-01-28T18:46:35.548394,03 00 03 00 D6 84 6A 48,03000300,0.000000
278,0,0x10F,STD,8,2026-01-28T18:46:35.605407,03 00 03 00 0C 14 31 3D,03000300,0.000000
279,0,0x110,STD,8,2026-01-28T18:46:35.629413,03 00 03 00 15 AF 3F 48,03000300,0.000000
280,0,0x10F,STD,8,2026-01-28T18:46:35.686425,03 00 03 00 5F FF 5C 3D,03000300,0.000000
281,0,0x110,STD,8,2026-01-28T18:46:35.709777,03 00 03 00 AA B8 9A 48,03000300,0.000000
282,0,0x10F,STD,8,2026-01-28T18:46:35.755787,03 00 03 00 06 10 34 3D,03000300,0.000000
283,0,0x110,STD,8,2026-01-28T18:46:35.779793,03 00 03 00 0A 5A EC 48,03000300,0.000000
284,0,0x10F,STD,8,2026-01-28T18:46:35.836805,03 00 03 00 9C 12 64 3D,03000300,0.000000
285,0,0x110,STD,8,2026-01-28T18:46:35.860811,03 00 03 00 CE DC 99 48,03000300,0.000000
286,0,0x10F,STD,8,2026-01-28T18:46:35.917824,03 00 03 00 5A FC 46 3D,03000300,0.000000
287,0,0x110,STD,8,2026-01-28T18:46:35.941829,03 00 03 00 5D A9 4F 48,03000300,0.000000
288,0,0x10F,STD,8,2026-01-28T18:46:35.998841,03 00 03 00 9C 16 70 3D,03000300,0.000000
289,0,0x110,STD,8,2026-01-28T18:46:36.022847,03 00 03 00 99 A1 B1 48,03000300,0.000000
290,0,0x10F,STD,8,2026-01-28T18:46:36.079860,03 00 03 00 7F C9 37 3D,03000300,0.000000
291,0,0x110,STD,8,2026-01-28T18:46:36.103866,03 00 03 00 DD 7C 88 48,03000300,0.000000
292,0,0x10F,STD,8,2026-01-28T18:46:36.160879,03 00 03 00 34 F3 2D 3D,03000300,0.000000
293,0,0x110,STD,8,2026-01-28T18:46:36.184884,03 00 03 00 C5 BC E1 48,03000300,0.000000
294,0,0x10F,STD,8,2026-01-28T18:46:36.241466,03 00 03 00 5B 31 38 3D,03000300,0.000000
295,0,0x110,STD,8,2026-01-28T18:46:36.265472,03 00 03 00 89 27 E7 48,03000300,0.000000
296,0,0x10F,STD,8,2026-01-28T18:46:36.321993,03 00 03 00 8E CA FB 3C,03000300,0.000000
297,0,0x110,STD,8,2026-01-28T18:46:36.345998,03 00 03 00 25 D0 C1 48,03000300,0.000000
298,0,0x10F,STD,8,2026-01-28T18:46:36.395010,03 00 03 00 C4 D4 52 3D,03000300,0.000000
299,0,0x110,STD,8,2026-01-28T18:46:36.418596,03 00 03 00 48 75 A5 48,03000300,0.000000
300,0,0x10F,STD,8,2026-01-28T18:46:36.474371,03 00 03 00 B9 FE C0 3C,03000300,0.000000
301,0,0x110,STD,8,2026-01-28T18:46:36.498377,03 00 03 00 23 46 73 48,03000300,0.000000
302,0,0x10F,STD,8,2026-01-28T18:46:36.500040,03 00 02 00 39 C4 3E 41,03000200,0.000000
303,0,0x110,STD,8,2026-01-28T18:46:36.500040,03 00 02 00 47 B0 3C 41,03000200,0.000000
304,0,0x10F,STD,8,2026-01-28T18:46:36.502040,03 00 01 00 00 00 00 00,03000100,0.000000
305,0,0x110,STD,8,2026-01-28T18:46:36.502040,03 00 01 00 00 00 00 00,03000100,0.000000
306,0,0x10F,STD,8,2026-01-28T18:46:36.558462,03 00 03 00 B7 EE 11 3D,03000300,0.000000
307,0,0x110,STD,8,2026-01-28T18:46:36.581877,03 00 03 00 EC 68 D5 47,03000300,0.000000
308,0,0x10F,STD,8,2026-01-28T18:46:36.638890,03 00 03 00 37 90 25 3D,03000300,0.000000
309,0,0x110,STD,8,2026-01-28T18:46:36.662894,03 00 03 00 F6 A2 CC 47,03000300,0.000000
310,0,0x10F,STD,8,2026-01-28T18:46:36.719223,03 00 03 00 D5 87 D2 3C,03000300,0.000000
311,0,0x110,STD,8,2026-01-28T18:46:36.743229,03 00 03 00 B8 DB 25 48,03000300,0.000000
312,0,0x10F,STD,8,2026-01-28T18:46:36.799835,03 00 03 00 3F F1 46 3D,03000300,0.000000
313,0,0x110,STD,8,2026-01-28T18:46:36.823842,03 00 03 00 64 F6 3E 48,03000300,0.000000
314,0,0x10F,STD,8,2026-01-28T18:46:36.880855,03 00 03 00 25 FC 21 3D,03000300,0.000000
315,0,0x110,STD,8,2026-01-28T18:46:36.904444,03 00 03 00 EF 31 E7 47,03000300,0.000000
316,0,0x10F,STD,8,2026-01-28T18:46:36.967459,03 00 03 00 B6 0C 37 3D,03000300,0.000000
317,0,0x110,STD,8,2026-01-28T18:46:36.980461,03 00 03 00 D4 62 AF 48,03000300,0.000000
318,0,0x10F,STD,8,2026-01-28T18:46:37.037474,03 00 03 00 FD 06 08 3D,03000300,0.000000
319,0,0x110,STD,8,2026-01-28T18:46:37.061479,03 00 03 00 5D 59 DF 48,03000300,0.000000
320,0,0x10F,STD,8,2026-01-28T18:46:37.118492,03 00 03 00 07 79 0A 3D,03000300,0.000000
321,0,0x110,STD,8,2026-01-28T18:46:37.142498,03 00 03 00 5E 02 A8 48,03000300,0.000000
322,0,0x10F,STD,8,2026-01-28T18:46:37.198594,03 00 03 00 C7 2A 41 3D,03000300,0.000000
323,0,0x110,STD,8,2026-01-28T18:46:37.222601,03 00 03 00 23 D4 0F 49,03000300,0.000000
324,0,0x10F,STD,8,2026-01-28T18:46:37.279614,03 00 03 00 50 CF 1A 3D,03000300,0.000000
325,0,0x110,STD,8,2026-01-28T18:46:37.303619,03 00 03 00 5E 9F CB 48,03000300,0.000000
326,0,0x10F,STD,8,2026-01-28T18:46:37.360632,03 00 03 00 F8 F4 75 3D,03000300,0.000000
327,0,0x110,STD,8,2026-01-28T18:46:37.384637,03 00 03 00 61 5B 0A 49,03000300,0.000000
328,0,0x10F,STD,8,2026-01-28T18:46:37.430648,03 00 03 00 5A 51 2A 3D,03000300,0.000000
329,0,0x110,STD,8,2026-01-28T18:46:37.465655,03 00 03 00 7C 37 0D 49,03000300,0.000000
330,0,0x10F,STD,8,2026-01-28T18:46:37.511666,03 00 03 00 E3 92 74 3D,03000300,0.000000
331,0,0x110,STD,8,2026-01-28T18:46:37.535671,03 00 03 00 2F AD D2 48,03000300,0.000000
332,0,0x10F,STD,8,2026-01-28T18:46:37.548674,03 00 02 00 47 B0 3C 41,03000200,0.000000
333,0,0x10F,STD,8,2026-01-28T18:46:37.548674,03 00 02 00 36 11 3C 41,03000200,0.000000
334,0,0x110,STD,8,2026-01-28T18:46:37.548674,03 00 02 00 36 11 3C 41,03000200,0.000000
335,0,0x10F,STD,8,2026-01-28T18:46:37.550675,03 00 01 00 00 00 00 00,03000100,0.000000
336,0,0x10F,STD,8,2026-01-28T18:46:37.596685,03 00 03 00 05 EA 6F 3D,03000300,0.000000
337,0,0x110,STD,8,2026-01-28T18:46:37.620690,03 00 03 00 81 A6 C1 48,03000300,0.000000
338,0,0x10F,STD,8,2026-01-28T18:46:37.677703,03 00 03 00 6F 69 48 3D,03000300,0.000000
339,0,0x110,STD,8,2026-01-28T18:46:37.701709,03 00 03 00 22 F4 55 48,03000300,0.000000
340,0,0x10F,STD,8,2026-01-28T18:46:37.758721,03 00 03 00 C8 F6 87 3D,03000300,0.000000
341,0,0x110,STD,8,2026-01-28T18:46:37.782727,03 00 03 00 38 09 A0 48,03000300,0.000000
342,0,0x10F,STD,8,2026-01-28T18:46:37.828737,03 00 03 00 3A 2A 29 3D,03000300,0.000000
343,0,0x110,STD,8,2026-01-28T18:46:37.852743,03 00 03 00 30 E3 4F 48,03000300,0.000000
344,0,0x10F,STD,8,2026-01-28T18:46:37.909756,03 00 03 00 EA BC 79 3D,03000300,0.000000
345,0,0x110,STD,8,2026-01-28T18:46:37.933761,03 00 03 00 FB 97 87 48,03000300,0.000000
346,0,0x10F,STD,8,2026-01-28T18:46:37.990774,03 00 03 00 78 82 68 3D,03000300,0.000000
347,0,0x110,STD,8,2026-01-28T18:46:38.014133,03 00 03 00 67 17 A1 48,03000300,0.000000
348,0,0x10F,STD,8,2026-01-28T18:46:38.071146,03 00 03 00 21 AC 5C 3D,03000300,0.000000
349,0,0x110,STD,8,2026-01-28T18:46:38.095152,03 00 03 00 53 B7 12 48,03000300,0.000000
350,0,0x10F,STD,8,2026-01-28T18:46:38.152165,03 00 03 00 77 34 9B 3D,03000300,0.000000
351,0,0x110,STD,8,2026-01-28T18:46:38.176170,03 00 03 00 6B 84 14 48,03000300,0.000000
352,0,0x10F,STD,8,2026-01-28T18:46:38.232730,03 00 03 00 34 38 3B 3D,03000300,0.000000
353,0,0x110,STD,8,2026-01-28T18:46:38.256737,03 00 03 00 88 2D D2 47,03000300,0.000000
354,0,0x10F,STD,8,2026-01-28T18:46:38.313750,03 00 03 00 BD BB 76 3D,03000300,0.000000
355,0,0x110,STD,8,2026-01-28T18:46:38.337755,03 00 03 00 BD DB 59 48,03000300,0.000000
356,0,0x10F,STD,8,2026-01-28T18:46:38.395272,03 00 03 00 BB 4D 39 3D,03000300,0.000000
357,0,0x110,STD,8,2026-01-28T18:46:38.418807,03 00 03 00 27 BF 9A 48,03000300,0.000000
358,0,0x10F,STD,8,2026-01-28T18:46:38.474716,03 00 03 00 26 9A 2F 3D,03000300,0.000000
359,0,0x110,STD,8,2026-01-28T18:46:38.498721,03 00 03 00 C4 0F 03 48,03000300,0.000000
360,0,0x10F,STD,8,2026-01-28T18:46:38.555734,03 00 03 00 87 47 12 3D,03000300,0.000000
361,0,0x110,STD,8,2026-01-28T18:46:38.579739,03 00 03 00 B3 8D A5 48,03000300,0.000000
362,0,0x110,STD,8,2026-01-28T18:46:38.603041,03 00 01 00 00 00 00 00,03000100,0.000000
363,0,0x110,STD,8,2026-01-28T18:46:38.603041,03 00 01 00 00 00 00 00,03000100,0.000000
364,0,0x10F,STD,8,2026-01-28T18:46:38.603041,03 00 02 00 12 99 30 41,03000200,0.000000
365,0,0x110,STD,8,2026-01-28T18:46:38.603041,03 00 02 00 12 99 30 41,03000200,0.000000
366,0,0x10F,STD,8,2026-01-28T18:46:38.627046,03 00 03 00 8B FA 0F 3D,03000300,0.000000
367,0,0x110,STD,8,2026-01-28T18:46:38.650556,03 00 03 00 5B 08 08 48,03000300,0.000000
368,0,0x10F,STD,8,2026-01-28T18:46:38.707568,03 00 03 00 D3 E9 05 3D,03000300,0.000000
369,0,0x110,STD,8,2026-01-28T18:46:38.731574,03 00 03 00 38 F2 A7 48,03000300,0.000000
370,0,0x10F,STD,8,2026-01-28T18:46:38.788587,03 00 03 00 11 0D 2D 3D,03000300,0.000000
371,0,0x110,STD,8,2026-01-28T18:46:38.812444,03 00 03 00 AA 70 43 48,03000300,0.000000
372,0,0x10F,STD,8,2026-01-28T18:46:38.869456,03 00 03 00 3A 1E 59 3D,03000300,0.000000
373,0,0x110,STD,8,2026-01-28T18:46:38.893462,03 00 03 00 76 E1 B0 48,03000300,0.000000
374,0,0x10F,STD,8,2026-01-28T18:46:38.950474,03 00 03 00 0C E4 31 3D,03000300,0.000000
375,0,0x110,STD,8,2026-01-28T18:46:38.974027,03 00 03 00 12 37 A8 48,03000300,0.000000
376,0,0x10F,STD,8,2026-01-28T18:46:39.031040,03 00 03 00 BA A3 7F 3D,03000300,0.000000
377,0,0x110,STD,8,2026-01-28T18:46:39.055045,03 00 03 00 D1 5A 3C 48,03000300,0.000000
378,0,0x10F,STD,8,2026-01-28T18:46:39.111668,03 00 03 00 CE 43 37 3D,03000300,0.000000
379,0,0x110,STD,8,2026-01-28T18:46:39.135674,03 00 03 00 30 56 AE 48,03000300,0.000000
380,0,0x10F,STD,8,2026-01-28T18:46:39.192261,03 00 03 00 7B B6 57 3D,03000300,0.000000
381,0,0x110,STD,8,2026-01-28T18:46:39.216266,03 00 03 00 34 0C 95 48,03000300,0.000000
382,0,0x10F,STD,8,2026-01-28T18:46:39.273279,03 00 03 00 5E B5 84 3D,03000300,0.000000
383,0,0x110,STD,8,2026-01-28T18:46:39.297285,03 00 03 00 E8 C8 CC 48,03000300,0.000000
384,0,0x10F,STD,8,2026-01-28T18:46:39.354297,03 00 03 00 D6 4A 2D 3D,03000300,0.000000
385,0,0x110,STD,8,2026-01-28T18:46:39.378303,03 00 03 00 3F C4 C7 48,03000300,0.000000
386,0,0x10F,STD,8,2026-01-28T18:46:39.424313,03 00 03 00 84 6F 8C 3D,03000300,0.000000
387,0,0x110,STD,8,2026-01-28T18:46:39.448318,03 00 03 00 52 8A 55 48,03000300,0.000000
388,0,0x10F,STD,8,2026-01-28T18:46:39.505331,03 00 03 00 23 5B 63 3D,03000300,0.000000
389,0,0x110,STD,8,2026-01-28T18:46:39.529337,03 00 03 00 16 49 11 48,03000300,0.000000
390,0,0x10F,STD,8,2026-01-28T18:46:39.586350,03 00 03 00 46 85 5B 3D,03000300,0.000000
391,0,0x110,STD,8,2026-01-28T18:46:39.610355,03 00 03 00 28 34 65 48,03000300,0.000000
392,0,0x10F,STD,8,2026-01-28T18:46:39.656365,03 00 01 00 00 00 00 00,03000100,0.000000
393,0,0x10F,STD,8,2026-01-28T18:46:39.656365,03 00 02 00 C0 BB 34 41,03000200,0.000000
394,0,0x110,STD,8,2026-01-28T18:46:39.656365,03 00 02 00 C0 BB 34 41,03000200,0.000000
395,0,0x10F,STD,8,2026-01-28T18:46:39.656365,03 00 01 00 00 00 00 00,03000100,0.000000
396,0,0x10F,STD,8,2026-01-28T18:46:39.669368,03 00 03 00 E4 2A 58 3D,03000300,0.000000
397,0,0x110,STD,8,2026-01-28T18:46:39.693374,03 00 03 00 AE 5D D9 48,03000300,0.000000
398,0,0x10F,STD,8,2026-01-28T18:46:39.750386,03 00 03 00 8F 42 05 3D,03000300,0.000000
399,0,0x110,STD,8,2026-01-28T18:46:39.774392,03 00 03 00 D5 8A 87 48,03000300,0.000000
400,0,0x10F,STD,8,2026-01-28T18:46:39.831406,03 00 03 00 01 02 56 3D,03000300,0.000000
401,0,0x110,STD,8,2026-01-28T18:46:39.855410,03 00 03 00 F3 AF 86 48,03000300,0.000000
402,0,0x10F,STD,8,2026-01-28T18:46:39.912423,03 00 03 00 E1 34 14 3D,03000300,0.000000
403,0,0x110,STD,8,2026-01-28T18:46:39.925426,03 00 03 00 EE 67 D1 48,03000300,0.000000
404,0,0x10F,STD,8,2026-01-28T18:46:39.982439,03 00 03 00 0D F7 3E 3D,03000300,0.000000
405,0,0x110,STD,8,2026-01-28T18:46:40.006444,03 00 03 00 5E 17 A4 48,03000300,0.000000
406,0,0x10F,STD,8,2026-01-28T18:46:40.063457,03 00 03 00 1F 91 49 3D,03000300,0.000000
407,0,0x110,STD,8,2026-01-28T18:46:40.087462,03 00 03 00 08 8F 35 48,03000300,0.000000
408,0,0x10F,STD,8,2026-01-28T18:46:40.144475,03 00 03 00 45 5A 38 3D,03000300,0.000000
409,0,0x110,STD,8,2026-01-28T18:46:40.168480,03 00 03 00 04 7D 3E 48,03000300,0.000000
410,0,0x10F,STD,8,2026-01-28T18:46:40.225494,03 00 03 00 BF 38 59 3D,03000300,0.000000
411,0,0x110,STD,8,2026-01-28T18:46:40.249498,03 00 03 00 A2 72 8E 48,03000300,0.000000
412,0,0x10F,STD,8,2026-01-28T18:46:40.306512,03 00 03 00 A8 7E 42 3D,03000300,0.000000
413,0,0x110,STD,8,2026-01-28T18:46:40.330517,03 00 03 00 C5 D2 42 48,03000300,0.000000
414,0,0x10F,STD,8,2026-01-28T18:46:40.389202,03 00 03 00 7C C9 8B 3D,03000300,0.000000
415,0,0x110,STD,8,2026-01-28T18:46:40.413208,03 00 03 00 D4 1A F1 47,03000300,0.000000
416,0,0x10F,STD,8,2026-01-28T18:46:40.470220,03 00 03 00 6A 1D 42 3D,03000300,0.000000
417,0,0x110,STD,8,2026-01-28T18:46:40.483223,03 00 03 00 87 03 9B 48,03000300,0.000000
418,0,0x10F,STD,8,2026-01-28T18:46:40.540237,03 00 03 00 02 34 8C 3D,03000300,0.000000
419,0,0x110,STD,8,2026-01-28T18:46:40.564242,03 00 03 00 4F CC E9 48,03000300,0.000000
420,0,0x10F,STD,8,2026-01-28T18:46:40.621254,03 00 03 00 CC 97 85 3D,03000300,0.000000
421,0,0x110,STD,8,2026-01-28T18:46:40.645260,03 00 03 00 FF C9 85 48,03000300,0.000000
422,0,0x10F,STD,8,2026-01-28T18:46:40.701525,03 00 03 00 24 FD 83 3D,03000300,0.000000
423,0,0x110,STD,8,2026-01-28T18:46:40.714528,03 00 01 00 00 00 00 00,03000100,0.000000
424,0,0x10F,STD,8,2026-01-28T18:46:40.714528,03 00 01 00 00 00 00 00,03000100,0.000000
425,0,0x10F,STD,8,2026-01-28T18:46:40.714528,03 00 02 00 0C 01 2C 41,03000200,0.000000
426,0,0x110,STD,8,2026-01-28T18:46:40.714528,03 00 01 00 00 00 00 00,03000100,0.000000
427,0,0x110,STD,8,2026-01-28T18:46:40.727531,03 00 03 00 D3 10 01 49,03000300,0.000000
428,0,0x10F,STD,8,2026-01-28T18:46:40.784027,03 00 03 00 13 AA 94 3D,03000300,0.000000
429,0,0x110,STD,8,2026-01-28T18:46:40.807195,03 00 03 00 43 51 95 48,03000300,0.000000
430,0,0x10F,STD,8,2026-01-28T18:46:40.864207,03 00 03 00 77 DD 2F 3D,03000300,0.000000
431,0,0x110,STD,8,2026-01-28T18:46:40.888213,03 00 03 00 AE 7F 45 48,03000300,0.000000
432,0,0x10F,STD,8,2026-01-28T18:46:40.945225,03 00 03 00 D2 45 62 3D,03000300,0.000000
433,0,0x110,STD,8,2026-01-28T18:46:40.969231,03 00 03 00 75 72 A6 48,03000300,0.000000
434,0,0x10F,STD,8,2026-01-28T18:46:41.026244,03 00 03 00 B6 74 48 3D,03000300,0.000000
435,0,0x110,STD,8,2026-01-28T18:46:41.050249,03 00 03 00 7E 19 82 48,03000300,0.000000
436,0,0x10F,STD,8,2026-01-28T18:46:41.096260,03 00 03 00 B2 6D 3B 3D,03000300,0.000000
437,0,0x110,STD,8,2026-01-28T18:46:41.120265,03 00 03 00 0D 04 BE 48,03000300,0.000000
438,0,0x10F,STD,8,2026-01-28T18:46:41.177278,03 00 03 00 75 7F 72 3D,03000300,0.000000
439,0,0x110,STD,8,2026-01-28T18:46:41.201283,03 00 03 00 41 7A C2 48,03000300,0.000000
440,0,0x10F,STD,8,2026-01-28T18:46:41.257309,03 00 03 00 A8 19 46 3D,03000300,0.000000
441,0,0x110,STD,8,2026-01-28T18:46:41.280932,03 00 03 00 D0 A3 AE 48,03000300,0.000000
442,0,0x10F,STD,8,2026-01-28T18:46:41.337945,03 00 03 00 4C DD 62 3D,03000300,0.000000
443,0,0x110,STD,8,2026-01-28T18:46:41.361530,03 00 03 00 E0 E3 52 48,03000300,0.000000
444,0,0x10F,STD,8,2026-01-28T18:46:41.418083,03 00 03 00 8B D4 28 3D,03000300,0.000000
445,0,0x110,STD,8,2026-01-28T18:46:41.441661,03 00 03 00 CC F3 B4 48,03000300,0.000000
446,0,0x10F,STD,8,2026-01-28T18:46:41.498673,03 00 03 00 9D 66 72 3D,03000300,0.000000
447,0,0x110,STD,8,2026-01-28T18:46:41.521717,03 00 03 00 E6 D7 98 48,03000300,0.000000
448,0,0x10F,STD,8,2026-01-28T18:46:41.578731,03 00 03 00 54 96 27 3D,03000300,0.000000
449,0,0x110,STD,8,2026-01-28T18:46:41.606737,03 00 03 00 FB C7 95 48,03000300,0.000000
450,0,0x10F,STD,8,2026-01-28T18:46:41.658749,03 00 03 00 55 EB 2F 3D,03000300,0.000000
451,0,0x110,STD,8,2026-01-28T18:46:41.682754,03 00 03 00 CD 61 30 48,03000300,0.000000
452,0,0x10F,STD,8,2026-01-28T18:46:41.739767,03 00 03 00 30 B2 38 3D,03000300,0.000000
453,0,0x110,STD,8,2026-01-28T18:46:41.763773,03 00 03 00 D3 3E A3 48,03000300,0.000000
454,0,0x110,STD,8,2026-01-28T18:46:41.763773,03 00 02 00 0C 01 2C 41,03000200,0.000000
455,0,0x10F,STD,8,2026-01-28T18:46:41.763773,03 00 02 00 0C 01 2C 41,03000200,0.000000
456,0,0x10F,STD,8,2026-01-28T18:46:41.763773,03 00 01 00 00 00 00 00,03000100,0.000000
457,0,0x110,STD,8,2026-01-28T18:46:41.763773,03 00 02 00 0C 01 2C 41,03000200,0.000000
458,0,0x10F,STD,8,2026-01-28T18:46:41.820785,03 00 03 00 6B 89 3B 3D,03000300,0.000000
459,0,0x110,STD,8,2026-01-28T18:46:41.844023,03 00 03 00 AA 30 B5 48,03000300,0.000000
460,0,0x10F,STD,8,2026-01-28T18:46:41.900684,03 00 03 00 32 8B 69 3D,03000300,0.000000
461,0,0x110,STD,8,2026-01-28T18:46:41.924689,03 00 03 00 E1 32 1C 48,03000300,0.000000
462,0,0x10F,STD,8,2026-01-28T18:46:41.981702,03 00 03 00 D3 35 01 3D,03000300,0.000000
463,0,0x110,STD,8,2026-01-28T18:46:42.005707,03 00 03 00 D5 00 85 48,03000300,0.000000
464,0,0x10F,STD,8,2026-01-28T18:46:42.062720,03 00 03 00 1C 81 7D 3D,03000300,0.000000
465,0,0x110,STD,8,2026-01-28T18:46:42.086227,03 00 03 00 CD F3 96 48,03000300,0.000000
466,0,0x10F,STD,8,2026-01-28T18:46:42.143241,03 00 03 00 D1 37 34 3D,03000300,0.000000
467,0,0x110,STD,8,2026-01-28T18:46:42.167246,03 00 03 00 2E AE 71 48,03000300,0.000000
468,0,0x10F,STD,8,2026-01-28T18:46:42.212760,03 00 03 00 32 B5 41 3D,03000300,0.000000
469,0,0x110,STD,8,2026-01-28T18:46:42.236766,03 00 03 00 87 E9 2F 48,03000300,0.000000
470,0,0x10F,STD,8,2026-01-28T18:46:42.293778,03 00 03 00 39 BD 71 3D,03000300,0.000000
471,0,0x110,STD,8,2026-01-28T18:46:42.317785,03 00 03 00 B5 4E 87 48,03000300,0.000000
472,0,0x10F,STD,8,2026-01-28T18:46:42.378798,03 00 03 00 AF 95 3A 3D,03000300,0.000000
473,0,0x110,STD,8,2026-01-28T18:46:42.402803,03 00 03 00 37 15 5B 48,03000300,0.000000
474,0,0x10F,STD,8,2026-01-28T18:46:42.459196,03 00 03 00 D6 4A 55 3D,03000300,0.000000
475,0,0x110,STD,8,2026-01-28T18:46:42.483202,03 00 03 00 E1 E5 27 48,03000300,0.000000
476,0,0x10F,STD,8,2026-01-28T18:46:42.540214,03 00 03 00 9E A8 1C 3D,03000300,0.000000
477,0,0x110,STD,8,2026-01-28T18:46:42.564221,03 00 03 00 78 30 C6 48,03000300,0.000000
478,0,0x10F,STD,8,2026-01-28T18:46:42.621233,03 00 03 00 DB 91 48 3D,03000300,0.000000
479,0,0x110,STD,8,2026-01-28T18:46:42.645238,03 00 03 00 62 68 85 48,03000300,0.000000
480,0,0x10F,STD,8,2026-01-28T18:46:42.702252,03 00 03 00 0B 2C 1A 3D,03000300,0.000000
481,0,0x110,STD,8,2026-01-28T18:46:42.726257,03 00 03 00 04 D0 E7 47,03000300,0.000000
482,0,0x10F,STD,8,2026-01-28T18:46:42.772268,03 00 03 00 92 90 4C 3D,03000300,0.000000
483,0,0x110,STD,8,2026-01-28T18:46:42.796272,03 00 03 00 60 C1 F8 47,03000300,0.000000
484,0,0x110,STD,8,2026-01-28T18:46:42.820278,03 00 01 00 00 00 00 00,03000100,0.000000
485,0,0x10F,STD,8,2026-01-28T18:46:42.820278,03 00 02 00 83 4A 2B 41,03000200,0.000000
486,0,0x110,STD,8,2026-01-28T18:46:42.820278,03 00 02 00 83 4A 2B 41,03000200,0.000000
487,0,0x10F,STD,8,2026-01-28T18:46:42.820278,03 00 01 00 00 00 00 00,03000100,0.000000
488,0,0x10F,STD,8,2026-01-28T18:46:42.855286,03 00 03 00 05 04 5F 3D,03000300,0.000000
489,0,0x110,STD,8,2026-01-28T18:46:42.879292,03 00 03 00 AB F2 C8 47,03000300,0.000000
490,0,0x10F,STD,8,2026-01-28T18:46:42.936304,03 00 03 00 6A 23 1C 3D,03000300,0.000000
491,0,0x110,STD,8,2026-01-28T18:46:42.967180,03 00 03 00 27 0E 1C 48,03000300,0.000000
492,0,0x10F,STD,8,2026-01-28T18:46:43.013190,03 00 03 00 2E 35 6D 3D,03000300,0.000000
493,0,0x110,STD,8,2026-01-28T18:46:43.037196,03 00 03 00 92 53 76 48,03000300,0.000000
494,0,0x10F,STD,8,2026-01-28T18:46:43.094209,03 00 03 00 92 37 57 3D,03000300,0.000000
495,0,0x110,STD,8,2026-01-28T18:46:43.119214,03 00 03 00 03 B3 75 48,03000300,0.000000
496,0,0x10F,STD,8,2026-01-28T18:46:43.176227,03 00 03 00 4F D8 89 3D,03000300,0.000000
497,0,0x110,STD,8,2026-01-28T18:46:43.200233,03 00 03 00 4E BC C2 47,03000300,0.000000
498,0,0x10F,STD,8,2026-01-28T18:46:43.257246,03 00 03 00 F5 9D 80 3D,03000300,0.000000
499,0,0x110,STD,8,2026-01-28T18:46:43.281251,03 00 03 00 D2 C3 AD 48,03000300,0.000000
500,0,0x10F,STD,8,2026-01-28T18:46:43.338264,03 00 03 00 9F DD 4B 3D,03000300,0.000000
501,0,0x110,STD,8,2026-01-28T18:46:43.362269,03 00 03 00 F8 92 8D 48,03000300,0.000000
502,0,0x10F,STD,8,2026-01-28T18:46:43.408280,03 00 03 00 47 96 7B 3D,03000300,0.000000
503,0,0x110,STD,8,2026-01-28T18:46:43.443288,03 00 03 00 43 2D 31 48,03000300,0.000000
504,0,0x10F,STD,8,2026-01-28T18:46:43.488335,03 00 03 00 2E 45 12 3D,03000300,0.000000
505,0,0x110,STD,8,2026-01-28T18:46:43.512341,03 00 03 00 C1 5B 24 48,03000300,0.000000
506,0,0x10F,STD,8,2026-01-28T18:46:43.569354,03 00 03 00 43 3D 15 3D,03000300,0.000000
507,0,0x110,STD,8,2026-01-28T18:46:43.593359,03 00 03 00 6D 01 3D 48,03000300,0.000000
508,0,0x10F,STD,8,2026-01-28T18:46:43.650372,03 00 03 00 43 4D 04 3D,03000300,0.000000
509,0,0x110,STD,8,2026-01-28T18:46:43.674377,03 00 03 00 A6 D6 F7 48,03000300,0.000000
510,0,0x10F,STD,8,2026-01-28T18:46:43.731390,03 00 03 00 97 07 19 3D,03000300,0.000000
511,0,0x110,STD,8,2026-01-28T18:46:43.754524,03 00 03 00 7A 68 C2 48,03000300,0.000000
512,0,0x10F,STD,8,2026-01-28T18:46:43.811538,03 00 03 00 05 EF 71 3D,03000300,0.000000
513,0,0x110,STD,8,2026-01-28T18:46:43.835543,03 00 03 00 74 04 00 49,03000300,0.000000
514,0,0x110,STD,8,2026-01-28T18:46:43.870551,03 00 01 00 00 00 00 00,03000100,0.000000
515,0,0x10F,STD,8,2026-01-28T18:46:43.870551,03 00 02 00 4C 16 42 41,03000200,0.000000
516,0,0x110,STD,8,2026-01-28T18:46:43.871372,03 00 02 00 4C 16 42 41,03000200,0.000000
517,0,0x10F,STD,8,2026-01-28T18:46:43.871372,03 00 01 00 00 00 00 00,03000100,0.000000
518,0,0x10F,STD,8,2026-01-28T18:46:43.895145,03 00 03 00 30 17 3F 3D,03000300,0.000000
519,0,0x110,STD,8,2026-01-28T18:46:43.919149,03 00 03 00 F4 FE 0A 49,03000300,0.000000
520,0,0x10F,STD,8,2026-01-28T18:46:43.975162,03 00 03 00 B5 00 6C 3D,03000300,0.000000
521,0,0x110,STD,8,2026-01-28T18:46:43.999167,03 00 03 00 22 1E 88 48,03000300,0.000000
522,0,0x10F,STD,8,2026-01-28T18:46:44.056180,03 00 03 00 44 1C 5A 3D,03000300,0.000000
523,0,0x110,STD,8,2026-01-28T18:46:44.079690,03 00 03 00 87 75 AD 48,03000300,0.000000
524,0,0x10F,STD,8,2026-01-28T18:46:44.136517,03 00 03 00 5C D1 72 3D,03000300,0.000000
525,0,0x110,STD,8,2026-01-28T18:46:44.160027,03 00 03 00 CB D8 6B 48,03000300,0.000000
526,0,0x10F,STD,8,2026-01-28T18:46:44.206038,03 00 03 00 6A 03 5F 3D,03000300,0.000000
527,0,0x110,STD,8,2026-01-28T18:46:44.229549,03 00 03 00 92 B8 16 48,03000300,0.000000
528,0,0x10F,STD,8,2026-01-28T18:46:44.286561,03 00 03 00 85 21 65 3D,03000300,0.000000
529,0,0x110,STD,8,2026-01-28T18:46:44.310566,03 00 03 00 7C 40 3D 48,03000300,0.000000
530,0,0x10F,STD,8,2026-01-28T18:46:44.369098,03 00 03 00 6E AE 41 3D,03000300,0.000000
531,0,0x110,STD,8,2026-01-28T18:46:44.393103,03 00 03 00 CC 9F 11 48,03000300,0.000000
532,0,0x10F,STD,8,2026-01-28T18:46:44.449620,03 00 03 00 C8 C2 1C 3D,03000300,0.000000
533,0,0x110,STD,8,2026-01-28T18:46:44.473625,03 00 03 00 7A 36 3C 48,03000300,0.000000
534,0,0x10F,STD,8,2026-01-28T18:46:44.530638,03 00 03 00 32 FB 64 3D,03000300,0.000000
535,0,0x110,STD,8,2026-01-28T18:46:44.554643,03 00 03 00 8B A6 27 48,03000300,0.000000
536,0,0x10F,STD,8,2026-01-28T18:46:44.611656,03 00 03 00 92 2C 0E 3D,03000300,0.000000
537,0,0x110,STD,8,2026-01-28T18:46:44.635661,03 00 03 00 F9 D0 25 47,03000300,0.000000
538,0,0x10F,STD,8,2026-01-28T18:46:44.692675,03 00 03 00 9A 59 40 3D,03000300,0.000000
539,0,0x110,STD,8,2026-01-28T18:46:44.716680,03 00 03 00 0F EE B5 47,03000300,0.000000
540,0,0x10F,STD,8,2026-01-28T18:46:44.762690,03 00 03 00 CD 4E 38 3D,03000300,0.000000
541,0,0x110,STD,8,2026-01-28T18:46:44.797698,03 00 03 00 7D 41 86 48,03000300,0.000000
542,0,0x10F,STD,8,2026-01-28T18:46:44.843709,03 00 03 00 CC A7 2D 3D,03000300,0.000000
543,0,0x110,STD,8,2026-01-28T18:46:44.867714,03 00 03 00 78 D7 49 48,03000300,0.000000
544,0,0x110,STD,8,2026-01-28T18:46:44.913724,03 00 01 00 00 00 00 00,03000100,0.000000
545,0,0x110,STD,8,2026-01-28T18:46:44.913724,03 00 02 00 27 69 49 41,03000200,0.000000
546,0,0x10F,STD,8,2026-01-28T18:46:44.913724,03 00 01 00 00 00 00 00,03000100,0.000000
547,0,0x110,STD,8,2026-01-28T18:46:44.913724,03 00 01 00 00 00 00 00,03000100,0.000000
548,0,0x10F,STD,8,2026-01-28T18:46:44.926727,03 00 03 00 A8 38 47 3D,03000300,0.000000
549,0,0x110,STD,8,2026-01-28T18:46:44.950733,03 00 03 00 94 99 B6 47,03000300,0.000000
550,0,0x10F,STD,8,2026-01-28T18:46:45.007745,03 00 03 00 6D 15 23 3D,03000300,0.000000
551,0,0x110,STD,8,2026-01-28T18:46:45.031751,03 00 03 00 5B F3 D8 47,03000300,0.000000
552,0,0x10F,STD,8,2026-01-28T18:46:45.088368,03 00 03 00 2A 76 82 3D,03000300,0.000000
553,0,0x110,STD,8,2026-01-28T18:46:45.111877,03 00 03 00 A0 0C 08 48,03000300,0.000000
554,0,0x10F,STD,8,2026-01-28T18:46:45.168891,03 00 03 00 1B FD 3B 3D,03000300,0.000000
555,0,0x110,STD,8,2026-01-28T18:46:45.192896,03 00 03 00 F7 EB 18 48,03000300,0.000000
556,0,0x10F,STD,8,2026-01-28T18:46:45.249909,03 00 03 00 86 03 7E 3D,03000300,0.000000
557,0,0x110,STD,8,2026-01-28T18:46:45.273914,03 00 03 00 7A C5 AC 48,03000300,0.000000
558,0,0x10F,STD,8,2026-01-28T18:46:45.330927,03 00 03 00 96 EF 70 3D,03000300,0.000000
559,0,0x110,STD,8,2026-01-28T18:46:45.354933,03 00 03 00 FC F4 61 48,03000300,0.000000
560,0,0x10F,STD,8,2026-01-28T18:46:45.411945,03 00 03 00 BC 05 58 3D,03000300,0.000000
561,0,0x110,STD,8,2026-01-28T18:46:45.424948,03 00 03 00 22 52 A1 47,03000300,0.000000
562,0,0x10F,STD,8,2026-01-28T18:46:45.481961,03 00 03 00 A0 81 80 3D,03000300,0.000000
563,0,0x110,STD,8,2026-01-28T18:46:45.505469,03 00 03 00 AD A3 11 48,03000300,0.000000
564,0,0x10F,STD,8,2026-01-28T18:46:45.562483,03 00 03 00 53 28 45 3D,03000300,0.000000
565,0,0x110,STD,8,2026-01-28T18:46:45.586487,03 00 03 00 2E 5C 85 48,03000300,0.000000
566,0,0x10F,STD,8,2026-01-28T18:46:45.643501,03 00 03 00 E0 9E 89 3D,03000300,0.000000
567,0,0x110,STD,8,2026-01-28T18:46:45.667011,03 00 03 00 9D A9 A9 48,03000300,0.000000
568,0,0x10F,STD,8,2026-01-28T18:46:45.724231,03 00 03 00 F2 89 51 3D,03000300,0.000000
569,0,0x110,STD,8,2026-01-28T18:46:45.748237,03 00 03 00 B7 5C B7 48,03000300,0.000000
570,0,0x10F,STD,8,2026-01-28T18:46:45.805250,03 00 03 00 93 59 7D 3D,03000300,0.000000
571,0,0x110,STD,8,2026-01-28T18:46:45.829256,03 00 03 00 28 75 1E 49,03000300,0.000000
572,0,0x10F,STD,8,2026-01-28T18:46:45.886269,03 00 03 00 47 C7 52 3D,03000300,0.000000
573,0,0x110,STD,8,2026-01-28T18:46:45.910273,03 00 03 00 07 FA FD 48,03000300,0.000000
574,0,0x10F,STD,8,2026-01-28T18:46:45.956284,03 00 02 00 27 69 49 41,03000200,0.000000
575,0,0x10F,STD,8,2026-01-28T18:46:45.956284,03 00 02 00 66 26 41 41,03000200,0.000000
576,0,0x110,STD,8,2026-01-28T18:46:45.956284,03 00 02 00 66 26 41 41,03000200,0.000000
577,0,0x10F,STD,8,2026-01-28T18:46:45.956284,03 00 01 00 00 00 00 00,03000100,0.000000
578,0,0x10F,STD,8,2026-01-28T18:46:45.969287,03 00 03 00 6B 1F 37 3D,03000300,0.000000
579,0,0x110,STD,8,2026-01-28T18:46:45.993293,03 00 03 00 43 9F F0 48,03000300,0.000000
580,0,0x10F,STD,8,2026-01-28T18:46:46.039303,03 00 03 00 E4 74 51 3D,03000300,0.000000
581,0,0x110,STD,8,2026-01-28T18:46:46.063308,03 00 03 00 36 47 27 49,03000300,0.000000
582,0,0x10F,STD,8,2026-01-28T18:46:46.120321,03 00 03 00 FE 40 19 3D,03000300,0.000000
583,0,0x110,STD,8,2026-01-28T18:46:46.143833,03 00 03 00 BE 10 BA 48,03000300,0.000000
584,0,0x10F,STD,8,2026-01-28T18:46:46.200845,03 00 03 00 E2 86 80 3D,03000300,0.000000
585,0,0x110,STD,8,2026-01-28T18:46:46.224851,03 00 03 00 55 40 75 48,03000300,0.000000
586,0,0x10F,STD,8,2026-01-28T18:46:46.281863,03 00 03 00 16 36 1B 3D,03000300,0.000000
587,0,0x110,STD,8,2026-01-28T18:46:46.305984,03 00 03 00 0E AF C6 48,03000300,0.000000
588,0,0x10F,STD,8,2026-01-28T18:46:46.372884,03 00 03 00 91 EE 5A 3D,03000300,0.000000
589,0,0x110,STD,8,2026-01-28T18:46:46.386887,03 00 03 00 F5 8C 7E 48,03000300,0.000000
590,0,0x10F,STD,8,2026-01-28T18:46:46.443900,03 00 03 00 25 79 6B 3D,03000300,0.000000
591,0,0x110,STD,8,2026-01-28T18:46:46.467905,03 00 03 00 F4 BD 90 48,03000300,0.000000
592,0,0x10F,STD,8,2026-01-28T18:46:46.524421,03 00 03 00 57 4A 1D 3D,03000300,0.000000
593,0,0x110,STD,8,2026-01-28T18:46:46.548427,03 00 03 00 15 7A 04 49,03000300,0.000000
594,0,0x10F,STD,8,2026-01-28T18:46:46.605440,03 00 03 00 7A 8D 86 3D,03000300,0.000000
595,0,0x110,STD,8,2026-01-28T18:46:46.629445,03 00 03 00 4D 6D D4 48,03000300,0.000000
596,0,0x10F,STD,8,2026-01-28T18:46:46.686458,03 00 03 00 C2 C2 2D 3D,03000300,0.000000
597,0,0x110,STD,8,2026-01-28T18:46:46.710464,03 00 03 00 12 68 D3 48,03000300,0.000000
598,0,0x10F,STD,8,2026-01-28T18:46:46.756474,03 00 03 00 AB 7B 67 3D,03000300,0.000000
599,0,0x110,STD,8,2026-01-28T18:46:46.780480,03 00 03 00 F1 75 9B 48,03000300,0.000000
600,0,0x10F,STD,8,2026-01-28T18:46:46.837492,03 00 03 00 AC D0 54 3D,03000300,0.000000
601,0,0x110,STD,8,2026-01-28T18:46:46.861432,03 00 03 00 DD 9B 89 48,03000300,0.000000
602,0,0x10F,STD,8,2026-01-28T18:46:46.918019,03 00 03 00 2C D5 54 3D,03000300,0.000000
603,0,0x110,STD,8,2026-01-28T18:46:46.942025,03 00 03 00 97 F4 C8 47,03000300,0.000000
604,0,0x10F,STD,8,2026-01-28T18:46:46.999037,03 00 03 00 D1 6A 8C 3D,03000300,0.000000
605,0,0x110,STD,8,2026-01-28T18:46:46.999037,03 00 01 00 00 00 00 00,03000100,0.000000
606,0,0x10F,STD,8,2026-01-28T18:46:46.999037,03 00 02 00 F1 57 41 41,03000200,0.000000
607,0,0x110,STD,8,2026-01-28T18:46:46.999037,03 00 02 00 F1 57 41 41,03000200,0.000000
608,0,0x10F,STD,8,2026-01-28T18:46:46.999037,03 00 01 00 00 00 00 00,03000100,0.000000
609,0,0x110,STD,8,2026-01-28T18:46:47.023043,03 00 03 00 3A C2 37 48,03000300,0.000000
610,0,0x10F,STD,8,2026-01-28T18:46:47.079585,03 00 03 00 9E 92 45 3D,03000300,0.000000
611,0,0x110,STD,8,2026-01-28T18:46:47.103590,03 00 03 00 88 79 4E 48,03000300,0.000000
612,0,0x10F,STD,8,2026-01-28T18:46:47.160108,03 00 03 00 C1 65 71 3D,03000300,0.000000
613,0,0x110,STD,8,2026-01-28T18:46:47.184113,03 00 03 00 09 F5 F2 48,03000300,0.000000
614,0,0x10F,STD,8,2026-01-28T18:46:47.241126,03 00 03 00 26 BB 48 3D,03000300,0.000000
615,0,0x110,STD,8,2026-01-28T18:46:47.265131,03 00 03 00 F2 15 93 48,03000300,0.000000
616,0,0x10F,STD,8,2026-01-28T18:46:47.321648,03 00 03 00 9D 1E 44 3D,03000300,0.000000
617,0,0x110,STD,8,2026-01-28T18:46:47.345157,03 00 03 00 20 9C 7D 48,03000300,0.000000
618,0,0x10F,STD,8,2026-01-28T18:46:47.401474,03 00 03 00 54 58 87 3D,03000300,0.000000
619,0,0x110,STD,8,2026-01-28T18:46:47.424820,03 00 03 00 98 61 9C 48,03000300,0.000000
620,0,0x10F,STD,8,2026-01-28T18:46:47.481835,03 00 03 00 F5 68 81 3D,03000300,0.000000
621,0,0x110,STD,8,2026-01-28T18:46:47.505840,03 00 03 00 FF D1 94 48,03000300,0.000000
622,0,0x10F,STD,8,2026-01-28T18:46:47.562853,03 00 03 00 FC 24 8B 3D,03000300,0.000000
623,0,0x110,STD,8,2026-01-28T18:46:47.586858,03 00 03 00 C8 D1 DF 48,03000300,0.000000
624,0,0x10F,STD,8,2026-01-28T18:46:47.632868,03 00 03 00 C1 82 82 3D,03000300,0.000000
625,0,0x110,STD,8,2026-01-28T18:46:47.656874,03 00 03 00 3D 87 4B 48,03000300,0.000000
626,0,0x10F,STD,8,2026-01-28T18:46:47.713887,03 00 03 00 AF 5C 79 3D,03000300,0.000000
627,0,0x110,STD,8,2026-01-28T18:46:47.737892,03 00 03 00 C1 65 4F 48,03000300,0.000000
628,0,0x10F,STD,8,2026-01-28T18:46:47.794905,03 00 03 00 73 B4 4B 3D,03000300,0.000000
629,0,0x110,STD,8,2026-01-28T18:46:47.818910,03 00 03 00 BE FC 1D 48,03000300,0.000000
630,0,0x10F,STD,8,2026-01-28T18:46:47.875923,03 00 03 00 68 D7 51 3D,03000300,0.000000
631,0,0x110,STD,8,2026-01-28T18:46:47.899929,03 00 03 00 D6 77 A0 48,03000300,0.000000
632,0,0x10F,STD,8,2026-01-28T18:46:47.956942,03 00 03 00 7B 65 1B 3D,03000300,0.000000
633,0,0x110,STD,8,2026-01-28T18:46:47.980947,03 00 03 00 1E 70 97 48,03000300,0.000000
634,0,0x10F,STD,8,2026-01-28T18:46:48.037959,03 00 03 00 78 D0 23 3D,03000300,0.000000
635,0,0x110,STD,8,2026-01-28T18:46:48.061965,03 00 03 00 52 F7 DF 48,03000300,0.000000
636,0,0x110,STD,8,2026-01-28T18:46:48.061965,03 00 01 00 00 00 00 00,03000100,0.000000
637,0,0x10F,STD,8,2026-01-28T18:46:48.061965,03 00 02 00 17 FC 47 41,03000200,0.000000
638,0,0x10F,STD,8,2026-01-28T18:46:48.061965,03 00 01 00 00 00 00 00,03000100,0.000000
639,0,0x110,STD,8,2026-01-28T18:46:48.061965,03 00 02 00 17 FC 47 41,03000200,0.000000
640,0,0x10F,STD,8,2026-01-28T18:46:48.110976,03 00 03 00 08 1F 52 3D,03000300,0.000000
641,0,0x110,STD,8,2026-01-28T18:46:48.134982,03 00 03 00 EF 54 80 48,03000300,0.000000
642,0,0x10F,STD,8,2026-01-28T18:46:48.191994,03 00 03 00 6E 6E 1A 3D,03000300,0.000000
643,0,0x110,STD,8,2026-01-28T18:46:48.216000,03 00 03 00 CC EC 11 48,03000300,0.000000
644,0,0x10F,STD,8,2026-01-28T18:46:48.273013,03 00 03 00 2E 6B 57 3D,03000300,0.000000
645,0,0x110,STD,8,2026-01-28T18:46:48.296393,03 00 03 00 AD 3A 02 48,03000300,0.000000
646,0,0x10F,STD,8,2026-01-28T18:46:48.353406,03 00 03 00 C5 0D 46 3D,03000300,0.000000
647,0,0x110,STD,8,2026-01-28T18:46:48.380413,03 00 03 00 B6 2D D2 48,03000300,0.000000
648,0,0x10F,STD,8,2026-01-28T18:46:48.437425,03 00 03 00 9E 47 35 3D,03000300,0.000000
649,0,0x110,STD,8,2026-01-28T18:46:48.461431,03 00 03 00 32 48 84 48,03000300,0.000000
650,0,0x10F,STD,8,2026-01-28T18:46:48.518444,03 00 03 00 58 0A 47 3D,03000300,0.000000
651,0,0x110,STD,8,2026-01-28T18:46:48.543449,03 00 03 00 89 51 F9 47,03000300,0.000000
652,0,0x10F,STD,8,2026-01-28T18:46:48.589459,03 00 03 00 91 C1 EB 3C,03000300,0.000000
653,0,0x110,STD,8,2026-01-28T18:46:48.613466,03 00 03 00 28 D0 D2 48,03000300,0.000000
654,0,0x10F,STD,8,2026-01-28T18:46:48.670479,03 00 03 00 4E 7F 62 3D,03000300,0.000000
655,0,0x110,STD,8,2026-01-28T18:46:48.694485,03 00 03 00 97 19 99 48,03000300,0.000000
656,0,0x10F,STD,8,2026-01-28T18:46:48.751464,03 00 03 00 E8 D5 F8 3C,03000300,0.000000
657,0,0x110,STD,8,2026-01-28T18:46:48.775469,03 00 03 00 C7 49 E0 48,03000300,0.000000
658,0,0x10F,STD,8,2026-01-28T18:46:48.831778,03 00 03 00 8D 1F 4B 3D,03000300,0.000000
659,0,0x110,STD,8,2026-01-28T18:46:48.855783,03 00 03 00 E8 E1 DE 48,03000300,0.000000
660,0,0x10F,STD,8,2026-01-28T18:46:48.912796,03 00 03 00 50 47 45 3D,03000300,0.000000
661,0,0x110,STD,8,2026-01-28T18:46:48.936469,03 00 03 00 A5 FB 3D 48,03000300,0.000000
662,0,0x10F,STD,8,2026-01-28T18:46:48.998772,03 00 03 00 E7 D7 B6 3C,03000300,0.000000
663,0,0x110,STD,8,2026-01-28T18:46:49.011774,03 00 03 00 47 93 00 48,03000300,0.000000
664,0,0x10F,STD,8,2026-01-28T18:46:49.068787,03 00 03 00 76 B6 49 3D,03000300,0.000000
665,0,0x110,STD,8,2026-01-28T18:46:49.091979,03 00 03 00 A9 6C 2A 48,03000300,0.000000
666,0,0x110,STD,8,2026-01-28T18:46:49.115987,03 00 01 00 00 00 00 00,03000100,0.000000
667,0,0x110,STD,8,2026-01-28T18:46:49.115987,03 00 02 00 AD 02 45 41,03000200,0.000000
668,0,0x10F,STD,8,2026-01-28T18:46:49.115987,03 00 01 00 00 00 00 00,03000100,0.000000
669,0,0x110,STD,8,2026-01-28T18:46:49.115987,03 00 01 00 00 00 00 00,03000100,0.000000
670,0,0x10F,STD,8,2026-01-28T18:46:49.150994,03 00 03 00 37 3F 23 3D,03000300,0.000000
671,0,0x110,STD,8,2026-01-28T18:46:49.175000,03 00 03 00 40 F6 C4 48,03000300,0.000000
672,0,0x10F,STD,8,2026-01-28T18:46:49.232013,03 00 03 00 BF 52 44 3D,03000300,0.000000
673,0,0x110,STD,8,2026-01-28T18:46:49.256018,03 00 03 00 7D 4F B0 48,03000300,0.000000
674,0,0x10F,STD,8,2026-01-28T18:46:49.313031,03 00 03 00 48 F9 20 3D,03000300,0.000000
675,0,0x110,STD,8,2026-01-28T18:46:49.337036,03 00 03 00 4E F6 AA 48,03000300,0.000000
676,0,0x10F,STD,8,2026-01-28T18:46:49.394049,03 00 03 00 2F 12 39 3D,03000300,0.000000
677,0,0x110,STD,8,2026-01-28T18:46:49.418054,03 00 03 00 AA 60 D1 48,03000300,0.000000
678,0,0x10F,STD,8,2026-01-28T18:46:49.475067,03 00 03 00 13 D9 70 3D,03000300,0.000000
679,0,0x110,STD,8,2026-01-28T18:46:49.499072,03 00 03 00 4C EB 45 48,03000300,0.000000
680,0,0x10F,STD,8,2026-01-28T18:46:49.547301,03 00 03 00 5B 7F 5B 3D,03000300,0.000000
681,0,0x110,STD,8,2026-01-28T18:46:49.571306,03 00 03 00 D0 C7 36 48,03000300,0.000000
682,0,0x10F,STD,8,2026-01-28T18:46:49.627432,03 00 03 00 16 2A 8D 3D,03000300,0.000000
683,0,0x110,STD,8,2026-01-28T18:46:49.651438,03 00 03 00 39 03 20 48,03000300,0.000000
684,0,0x10F,STD,8,2026-01-28T18:46:49.708450,03 00 03 00 A1 C1 55 3D,03000300,0.000000
685,0,0x110,STD,8,2026-01-28T18:46:49.732116,03 00 03 00 7C EC 71 48,03000300,0.000000
686,0,0x10F,STD,8,2026-01-28T18:46:49.789129,03 00 03 00 73 0C 87 3D,03000300,0.000000
687,0,0x110,STD,8,2026-01-28T18:46:49.813134,03 00 03 00 5E 03 AA 48,03000300,0.000000
688,0,0x10F,STD,8,2026-01-28T18:46:49.869667,03 00 03 00 19 7B 58 3D,03000300,0.000000
689,0,0x110,STD,8,2026-01-28T18:46:49.893672,03 00 03 00 D1 DB AA 48,03000300,0.000000
690,0,0x10F,STD,8,2026-01-28T18:46:49.950685,03 00 03 00 54 55 4F 3D,03000300,0.000000
691,0,0x110,STD,8,2026-01-28T18:46:49.974691,03 00 03 00 4A A8 E5 48,03000300,0.000000
692,0,0x10F,STD,8,2026-01-28T18:46:50.031704,03 00 03 00 D8 18 4C 3D,03000300,0.000000
693,0,0x110,STD,8,2026-01-28T18:46:50.055708,03 00 03 00 EC 48 97 48,03000300,0.000000
694,0,0x10F,STD,8,2026-01-28T18:46:50.112722,03 00 03 00 6A 71 00 3D,03000300,0.000000
695,0,0x110,STD,8,2026-01-28T18:46:50.136727,03 00 03 00 38 3F C0 48,03000300,0.000000
696,0,0x10F,STD,8,2026-01-28T18:46:50.171735,03 00 02 00 AD 02 45 41,03000200,0.000000
697,0,0x10F,STD,8,2026-01-28T18:46:50.171735,03 00 01 00 00 00 00 00,03000100,0.000000
698,0,0x10F,STD,8,2026-01-28T18:46:50.171735,03 00 02 00 48 D0 2F 41,03000200,0.000000
699,0,0x110,STD,8,2026-01-28T18:46:50.171735,03 00 01 00 00 00 00 00,03000100,0.000000
700,0,0x10F,STD,8,2026-01-28T18:46:50.184738,03 00 03 00 8B 13 5A 3D,03000300,0.000000
701,0,0x110,STD,8,2026-01-28T18:46:50.208744,03 00 03 00 32 19 EB 48,03000300,0.000000
702,0,0x10F,STD,8,2026-01-28T18:46:50.265756,03 00 03 00 C4 C2 24 3D,03000300,0.000000
703,0,0x110,STD,8,2026-01-28T18:46:50.289761,03 00 03 00 67 1A 25 48,03000300,0.000000
704,0,0x10F,STD,8,2026-01-28T18:46:50.346775,03 00 03 00 C8 BA 80 3D,03000300,0.000000
705,0,0x110,STD,8,2026-01-28T18:46:50.368328,03 00 03 00 AE F6 6C 48,03000300,0.000000
706,0,0x10F,STD,8,2026-01-28T18:46:50.425659,03 00 03 00 69 07 60 3D,03000300,0.000000
707,0,0x110,STD,8,2026-01-28T18:46:50.449664,03 00 03 00 8E 7E 73 48,03000300,0.000000
708,0,0x10F,STD,8,2026-01-28T18:46:50.506677,03 00 03 00 1A 8C 9A 3D,03000300,0.000000
709,0,0x110,STD,8,2026-01-28T18:46:50.530683,03 00 03 00 A8 E6 D0 47,03000300,0.000000
710,0,0x10F,STD,8,2026-01-28T18:46:50.587696,03 00 03 00 98 68 66 3D,03000300,0.000000
711,0,0x110,STD,8,2026-01-28T18:46:50.611701,03 00 03 00 A4 8B 11 48,03000300,0.000000
712,0,0x10F,STD,8,2026-01-28T18:46:50.668714,03 00 03 00 80 62 9E 3D,03000300,0.000000
713,0,0x110,STD,8,2026-01-28T18:46:50.692719,03 00 03 00 46 67 34 48,03000300,0.000000
714,0,0x10F,STD,8,2026-01-28T18:46:50.749732,03 00 03 00 CA 25 9A 3D,03000300,0.000000
715,0,0x110,STD,8,2026-01-28T18:46:50.773738,03 00 03 00 28 99 88 48,03000300,0.000000
716,0,0x10F,STD,8,2026-01-28T18:46:50.830750,03 00 03 00 73 72 54 3D,03000300,0.000000
717,0,0x110,STD,8,2026-01-28T18:46:50.854756,03 00 03 00 5F 92 64 48,03000300,0.000000
718,0,0x10F,STD,8,2026-01-28T18:46:50.911768,03 00 03 00 F5 7D BA 3D,03000300,0.000000
719,0,0x110,STD,8,2026-01-28T18:46:50.935336,03 00 03 00 10 16 94 48,03000300,0.000000
720,0,0x10F,STD,8,2026-01-28T18:46:50.991893,03 00 03 00 BA 0A 49 3D,03000300,0.000000
721,0,0x110,STD,8,2026-01-28T18:46:51.004895,03 00 03 00 70 E1 B1 48,03000300,0.000000
722,0,0x10F,STD,8,2026-01-28T18:46:51.061887,03 00 03 00 3D FA 95 3D,03000300,0.000000
723,0,0x110,STD,8,2026-01-28T18:46:51.085887,03 00 03 00 B0 CE 84 48,03000300,0.000000
724,0,0x10F,STD,8,2026-01-28T18:46:51.142900,03 00 03 00 6B 6A 81 3D,03000300,0.000000
725,0,0x110,STD,8,2026-01-28T18:46:51.166705,03 00 03 00 A0 66 9E 47,03000300,0.000000
726,0,0x110,STD,8,2026-01-28T18:46:51.223718,03 00 02 00 48 D0 2F 41,03000200,0.000000
727,0,0x10F,STD,8,2026-01-28T18:46:51.223718,03 00 02 00 48 D0 2F 41,03000200,0.000000
728,0,0x10F,STD,8,2026-01-28T18:46:51.223718,03 00 02 00 48 D0 2F 41,03000200,0.000000
729,0,0x110,STD,8,2026-01-28T18:46:51.224718,03 00 02 00 48 D0 2F 41,03000200,0.000000
730,0,0x10F,STD,8,2026-01-28T18:46:51.224718,03 00 01 00 00 00 00 00,03000100,0.000000
731,0,0x110,STD,8,2026-01-28T18:46:51.248329,03 00 03 00 C1 D9 C5 47,03000300,0.000000
732,0,0x10F,STD,8,2026-01-28T18:46:51.305342,03 00 03 00 27 3A BD 3D,03000300,0.000000
733,0,0x110,STD,8,2026-01-28T18:46:51.328872,03 00 03 00 A0 31 C0 47,03000300,0.000000
734,0,0x10F,STD,8,2026-01-28T18:46:51.385683,03 00 03 00 A2 AD 50 3D,03000300,0.000000
735,0,0x110,STD,8,2026-01-28T18:46:51.409689,03 00 03 00 86 60 22 48,03000300,0.000000
736,0,0x10F,STD,8,2026-01-28T18:46:51.466268,03 00 03 00 1A 44 C4 3D,03000300,0.000000
737,0,0x110,STD,8,2026-01-28T18:46:51.490273,03 00 03 00 47 E2 54 48,03000300,0.000000
738,0,0x10F,STD,8,2026-01-28T18:46:51.546015,03 00 03 00 25 19 8F 3D,03000300,0.000000
739,0,0x110,STD,8,2026-01-28T18:46:51.570021,03 00 03 00 7F F3 C2 48,03000300,0.000000
740,0,0x10F,STD,8,2026-01-28T18:46:51.627034,03 00 03 00 A7 6C 95 3D,03000300,0.000000
741,0,0x110,STD,8,2026-01-28T18:46:51.651040,03 00 03 00 AB C7 CA 48,03000300,0.000000
742,0,0x10F,STD,8,2026-01-28T18:46:51.708052,03 00 03 00 DC 81 97 3D,03000300,0.000000
743,0,0x110,STD,8,2026-01-28T18:46:51.732058,03 00 03 00 41 47 2D 48,03000300,0.000000
744,0,0x10F,STD,8,2026-01-28T18:46:51.788698,03 00 03 00 18 CA 23 3D,03000300,0.000000
745,0,0x110,STD,8,2026-01-28T18:46:51.801701,03 00 03 00 19 99 A8 48,03000300,0.000000
746,0,0x10F,STD,8,2026-01-28T18:46:51.858714,03 00 03 00 40 51 91 3D,03000300,0.000000
747,0,0x110,STD,8,2026-01-28T18:46:51.882719,03 00 03 00 54 5D 4C 48,03000300,0.000000
748,0,0x10F,STD,8,2026-01-28T18:46:51.939237,03 00 03 00 12 4E 21 3D,03000300,0.000000
749,0,0x110,STD,8,2026-01-28T18:46:51.967917,03 00 03 00 1E 10 77 48,03000300,0.000000
750,0,0x10F,STD,8,2026-01-28T18:46:52.025930,03 00 03 00 69 F0 97 3D,03000300,0.000000
751,0,0x110,STD,8,2026-01-28T18:46:52.049935,03 00 03 00 C3 B7 1B 48,03000300,0.000000
752,0,0x10F,STD,8,2026-01-28T18:46:52.106778,03 00 03 00 7A 0B 52 3D,03000300,0.000000
753,0,0x110,STD,8,2026-01-28T18:46:52.130784,03 00 03 00 B5 C6 85 48,03000300,0.000000
754,0,0x10F,STD,8,2026-01-28T18:46:52.175857,03 00 03 00 E3 18 68 3D,03000300,0.000000
755,0,0x110,STD,8,2026-01-28T18:46:52.199863,03 00 03 00 97 F0 E0 47,03000300,0.000000
756,0,0x10F,STD,8,2026-01-28T18:46:52.256876,03 00 03 00 F5 F4 6A 3D,03000300,0.000000
757,0,0x110,STD,8,2026-01-28T18:46:52.258876,03 00 01 00 00 00 00 00,03000100,0.000000
758,0,0x110,STD,8,2026-01-28T18:46:52.260877,03 00 02 00 60 97 2E 41,03000200,0.000000
759,0,0x10F,STD,8,2026-01-28T18:46:52.260877,03 00 01 00 00 00 00 00,03000100,0.000000
760,0,0x110,STD,8,2026-01-28T18:46:52.260877,03 00 01 00 00 00 00 00,03000100,0.000000
761,0,0x110,STD,8,2026-01-28T18:46:52.284882,03 00 03 00 63 A1 D9 47,03000300,0.000000
762,0,0x10F,STD,8,2026-01-28T18:46:52.341895,03 00 03 00 F2 6C 1E 3D,03000300,0.000000
763,0,0x110,STD,8,2026-01-28T18:46:52.362899,03 00 03 00 DE E6 5C 48,03000300,0.000000
764,0,0x10F,STD,8,2026-01-28T18:46:52.419912,03 00 03 00 73 8E 64 3D,03000300,0.000000
765,0,0x110,STD,8,2026-01-28T18:46:52.443918,03 00 03 00 25 80 48 48,03000300,0.000000
766,0,0x10F,STD,8,2026-01-28T18:46:52.500931,03 00 03 00 73 CB 4E 3D,03000300,0.000000
767,0,0x110,STD,8,2026-01-28T18:46:52.524147,03 00 03 00 E6 5D B1 47,03000300,0.000000
768,0,0x10F,STD,8,2026-01-28T18:46:52.581160,03 00 03 00 E5 66 56 3D,03000300,0.000000
769,0,0x110,STD,8,2026-01-28T18:46:52.605166,03 00 03 00 AF A2 45 48,03000300,0.000000
770,0,0x10F,STD,8,2026-01-28T18:46:52.662178,03 00 03 00 8D 83 55 3D,03000300,0.000000
771,0,0x110,STD,8,2026-01-28T18:46:52.686184,03 00 03 00 38 1A C1 48,03000300,0.000000
772,0,0x10F,STD,8,2026-01-28T18:46:52.743197,03 00 03 00 F8 67 93 3D,03000300,0.000000
773,0,0x110,STD,8,2026-01-28T18:46:52.767202,03 00 03 00 40 7B C9 48,03000300,0.000000
774,0,0x10F,STD,8,2026-01-28T18:46:52.824215,03 00 03 00 52 33 90 3D,03000300,0.000000
775,0,0x110,STD,8,2026-01-28T18:46:52.848220,03 00 03 00 A8 54 EA 48,03000300,0.000000
776,0,0x10F,STD,8,2026-01-28T18:46:52.894231,03 00 03 00 8E 48 84 3D,03000300,0.000000
777,0,0x110,STD,8,2026-01-28T18:46:52.929239,03 00 03 00 8F 56 B6 48,03000300,0.000000
778,0,0x10F,STD,8,2026-01-28T18:46:52.975249,03 00 03 00 92 C5 85 3D,03000300,0.000000
779,0,0x110,STD,8,2026-01-28T18:46:52.999254,03 00 03 00 64 45 A7 48,03000300,0.000000
780,0,0x10F,STD,8,2026-01-28T18:46:53.056267,03 00 03 00 AC 4D 17 3D,03000300,0.000000
781,0,0x110,STD,8,2026-01-28T18:46:53.080273,03 00 03 00 5A 2C A3 48,03000300,0.000000
782,0,0x10F,STD,8,2026-01-28T18:46:53.137285,03 00 03 00 0C 0C 88 3D,03000300,0.000000
783,0,0x110,STD,8,2026-01-28T18:46:53.160794,03 00 03 00 D3 55 20 48,03000300,0.000000
784,0,0x10F,STD,8,2026-01-28T18:46:53.217807,03 00 03 00 2D 44 5A 3D,03000300,0.000000
785,0,0x110,STD,8,2026-01-28T18:46:53.241812,03 00 03 00 9C C4 7A 48,03000300,0.000000
786,0,0x10F,STD,8,2026-01-28T18:46:53.298825,03 00 03 00 59 CD 87 3D,03000300,0.000000
787,0,0x110,STD,8,2026-01-28T18:46:53.322831,03 00 03 00 91 74 54 48,03000300,0.000000
788,0,0x10F,STD,8,2026-01-28T18:46:53.322831,03 00 02 00 60 97 2E 41,03000200,0.000000
789,0,0x10F,STD,8,2026-01-28T18:46:53.322831,03 00 02 00 60 97 2E 41,03000200,0.000000
790,0,0x110,STD,8,2026-01-28T18:46:53.322831,03 00 02 00 60 97 2E 41,03000200,0.000000
791,0,0x10F,STD,8,2026-01-28T18:46:53.322831,03 00 01 00 00 00 00 00,03000100,0.000000
792,0,0x10F,STD,8,2026-01-28T18:46:53.379843,03 00 03 00 82 14 7F 3D,03000300,0.000000
793,0,0x110,STD,8,2026-01-28T18:46:53.403849,03 00 03 00 95 96 15 48,03000300,0.000000
794,0,0x10F,STD,8,2026-01-28T18:46:53.460862,03 00 03 00 0B 00 5E 3D,03000300,0.000000
795,0,0x110,STD,8,2026-01-28T18:46:53.484867,03 00 03 00 55 09 3E 48,03000300,0.000000
796,0,0x10F,STD,8,2026-01-28T18:46:53.530878,03 00 03 00 7A C8 48 3D,03000300,0.000000
797,0,0x110,STD,8,2026-01-28T18:46:53.554883,03 00 03 00 FD 22 5F 48,03000300,0.000000
798,0,0x10F,STD,8,2026-01-28T18:46:53.622898,03 00 03 00 22 5E 37 3D,03000300,0.000000
799,0,0x110,STD,8,2026-01-28T18:46:53.635901,03 00 03 00 3A 0D 8E 48,03000300,0.000000
800,0,0x10F,STD,8,2026-01-28T18:46:53.692914,03 00 03 00 AE 76 5E 3D,03000300,0.000000
801,0,0x110,STD,8,2026-01-28T18:46:53.716920,03 00 03 00 53 57 7F 48,03000300,0.000000
802,0,0x10F,STD,8,2026-01-28T18:46:53.773932,03 00 03 00 80 83 36 3D,03000300,0.000000
803,0,0x110,STD,8,2026-01-28T18:46:53.797938,03 00 03 00 95 22 27 48,03000300,0.000000
804,0,0x10F,STD,8,2026-01-28T18:46:53.854810,03 00 03 00 4E 55 46 3D,03000300,0.000000
805,0,0x110,STD,8,2026-01-28T18:46:53.878815,03 00 03 00 43 9B 88 48,03000300,0.000000
806,0,0x10F,STD,8,2026-01-28T18:46:53.935828,03 00 03 00 0F 09 70 3D,03000300,0.000000
807,0,0x110,STD,8,2026-01-28T18:46:53.959833,03 00 03 00 70 A7 86 48,03000300,0.000000
808,0,0x10F,STD,8,2026-01-28T18:46:54.016846,03 00 03 00 0B D6 4C 3D,03000300,0.000000
809,0,0x110,STD,8,2026-01-28T18:46:54.040851,03 00 03 00 B0 06 6A 48,03000300,0.000000
810,0,0x10F,STD,8,2026-01-28T18:46:54.097864,03 00 03 00 3D D8 62 3D,03000300,0.000000
811,0,0x110,STD,8,2026-01-28T18:46:54.121870,03 00 03 00 A4 BE EE 48,03000300,0.000000
812,0,0x10F,STD,8,2026-01-28T18:46:54.178882,03 00 03 00 31 EF 19 3D,03000300,0.000000
813,0,0x110,STD,8,2026-01-28T18:46:54.202888,03 00 03 00 EF BA B1 48,03000300,0.000000
814,0,0x10F,STD,8,2026-01-28T18:46:54.259901,03 00 03 00 DF 28 49 3D,03000300,0.000000
815,0,0x110,STD,8,2026-01-28T18:46:54.272903,03 00 03 00 74 63 AD 48,03000300,0.000000
816,0,0x10F,STD,8,2026-01-28T18:46:54.329917,03 00 03 00 E7 B3 1B 3D,03000300,0.000000
817,0,0x110,STD,8,2026-01-28T18:46:54.353922,03 00 03 00 0D 71 88 48,03000300,0.000000
818,0,0x110,STD,8,2026-01-28T18:46:54.365925,03 00 01 00 00 00 00 00,03000100,0.000000
819,0,0x10F,STD,8,2026-01-28T18:46:54.365925,03 00 01 00 00 00 00 00,03000100,0.000000
820,0,0x110,STD,8,2026-01-28T18:46:54.365925,03 00 01 00 00 00 00 00,03000100,0.000000
821,0,0x10F,STD,8,2026-01-28T18:46:54.365925,03 00 02 00 ED B3 34 41,03000200,0.000000
822,0,0x10F,STD,8,2026-01-28T18:46:54.412935,03 00 03 00 FA 58 05 3D,03000300,0.000000
823,0,0x110,STD,8,2026-01-28T18:46:54.436940,03 00 03 00 67 EA BC 47,03000300,0.000000
824,0,0x10F,STD,8,2026-01-28T18:46:54.493953,03 00 03 00 3F 35 19 3D,03000300,0.000000
825,0,0x110,STD,8,2026-01-28T18:46:54.517959,03 00 03 00 76 B3 35 48,03000300,0.000000
826,0,0x10F,STD,8,2026-01-28T18:46:54.574972,03 00 03 00 F9 89 BD 3C,03000300,0.000000
827,0,0x110,STD,8,2026-01-28T18:46:54.598977,03 00 03 00 1F 6F 32 48,03000300,0.000000
828,0,0x10F,STD,8,2026-01-28T18:46:54.655990,03 00 03 00 37 25 34 3D,03000300,0.000000
829,0,0x110,STD,8,2026-01-28T18:46:54.679995,03 00 03 00 6C 30 AE 48,03000300,0.000000
830,0,0x10F,STD,8,2026-01-28T18:46:54.737008,03 00 03 00 9C 8E 03 3D,03000300,0.000000
831,0,0x110,STD,8,2026-01-28T18:46:54.761014,03 00 03 00 1F F1 BB 48,03000300,0.000000
832,0,0x10F,STD,8,2026-01-28T18:46:54.818026,03 00 03 00 C6 8E 12 3D,03000300,0.000000
833,0,0x110,STD,8,2026-01-28T18:46:54.831029,03 00 03 00 D1 BF FA 48,03000300,0.000000
834,0,0x10F,STD,8,2026-01-28T18:46:54.888042,03 00 03 00 68 74 37 3D,03000300,0.000000
835,0,0x110,STD,8,2026-01-28T18:46:54.912047,03 00 03 00 72 87 10 49,03000300,0.000000
836,0,0x10F,STD,8,2026-01-28T18:46:54.969061,03 00 03 00 C4 E6 1F 3D,03000300,0.000000
837,0,0x110,STD,8,2026-01-28T18:46:54.993065,03 00 03 00 81 88 C9 48,03000300,0.000000
838,0,0x10F,STD,8,2026-01-28T18:46:55.050079,03 00 03 00 A0 44 3C 3D,03000300,0.000000
839,0,0x110,STD,8,2026-01-28T18:46:55.074084,03 00 03 00 48 44 09 49,03000300,0.000000
840,0,0x10F,STD,8,2026-01-28T18:46:55.131097,03 00 03 00 B8 25 F6 3C,03000300,0.000000
841,0,0x110,STD,8,2026-01-28T18:46:55.155102,03 00 03 00 09 A2 1A 49,03000300,0.000000
842,0,0x10F,STD,8,2026-01-28T18:46:55.212115,03 00 03 00 2B 1F 29 3D,03000300,0.000000
843,0,0x110,STD,8,2026-01-28T18:46:55.236121,03 00 03 00 C7 EF 9D 48,03000300,0.000000
844,0,0x10F,STD,8,2026-01-28T18:46:55.293133,03 00 03 00 65 3C F5 3C,03000300,0.000000
845,0,0x110,STD,8,2026-01-28T18:46:55.317139,03 00 03 00 4F C6 05 49,03000300,0.000000
846,0,0x10F,STD,8,2026-01-28T18:46:55.374152,03 00 03 00 58 AA 05 3D,03000300,0.000000
847,0,0x110,STD,8,2026-01-28T18:46:55.398157,03 00 03 00 79 5C A4 48,03000300,0.000000
848,0,0x110,STD,8,2026-01-28T18:46:55.411160,03 00 02 00 ED B3 34 41,03000200,0.000000
849,0,0x10F,STD,8,2026-01-28T18:46:55.411160,03 00 02 00 F1 25 42 41,03000200,0.000000
850,0,0x110,STD,8,2026-01-28T18:46:55.411160,03 00 02 00 F1 25 42 41,03000200,0.000000
851,0,0x10F,STD,8,2026-01-28T18:46:55.411160,03 00 01 00 00 00 00 00,03000100,0.000000
852,0,0x10F,STD,8,2026-01-28T18:46:55.446168,03 00 03 00 6F A0 2F 3D,03000300,0.000000
853,0,0x110,STD,8,2026-01-28T18:46:55.470173,03 00 03 00 6C 41 7F 48,03000300,0.000000
854,0,0x10F,STD,8,2026-01-28T18:46:55.527186,03 00 03 00 70 CB 51 3D,03000300,0.000000
855,0,0x110,STD,8,2026-01-28T18:46:55.551192,03 00 03 00 65 BA AF 48,03000300,0.000000
856,0,0x10F,STD,8,2026-01-28T18:46:55.608204,03 00 03 00 16 8E 89 3D,03000300,0.000000
857,0,0x110,STD,8,2026-01-28T18:46:55.632210,03 00 03 00 01 0E 3D 48,03000300,0.000000
858,0,0x10F,STD,8,2026-01-28T18:46:55.688287,03 00 03 00 0A B3 58 3D,03000300,0.000000
859,0,0x110,STD,8,2026-01-28T18:46:55.712294,03 00 03 00 1F 1B 51 48,03000300,0.000000
860,0,0x10F,STD,8,2026-01-28T18:46:55.769307,03 00 03 00 0D 85 98 3D,03000300,0.000000
861,0,0x110,STD,8,2026-01-28T18:46:55.793312,03 00 03 00 58 52 74 47,03000300,0.000000
862,0,0x10F,STD,8,2026-01-28T18:46:55.850325,03 00 03 00 71 BE 8D 3D,03000300,0.000000
863,0,0x110,STD,8,2026-01-28T18:46:55.874330,03 00 03 00 F9 DF 09 48,03000300,0.000000
864,0,0x10F,STD,8,2026-01-28T18:46:55.931342,03 00 03 00 18 FF 82 3D,03000300,0.000000
865,0,0x110,STD,8,2026-01-28T18:46:55.955349,03 00 03 00 14 59 B4 47,03000300,0.000000
866,0,0x10F,STD,8,2026-01-28T18:46:56.012361,03 00 03 00 CA 9A 82 3D,03000300,0.000000
867,0,0x110,STD,8,2026-01-28T18:46:56.036367,03 00 03 00 36 BD E1 48,03000300,0.000000
868,0,0x10F,STD,8,2026-01-28T18:46:56.084378,03 00 03 00 1A CC 71 3D,03000300,0.000000
869,0,0x110,STD,8,2026-01-28T18:46:56.108383,03 00 03 00 0D D2 9D 48,03000300,0.000000
870,0,0x10F,STD,8,2026-01-28T18:46:56.165158,03 00 03 00 58 D3 97 3D,03000300,0.000000
871,0,0x110,STD,8,2026-01-28T18:46:56.189163,03 00 03 00 EF 88 E4 48,03000300,0.000000
872,0,0x10F,STD,8,2026-01-28T18:46:56.245276,03 00 03 00 7B D5 73 3D,03000300,0.000000
873,0,0x110,STD,8,2026-01-28T18:46:56.269280,03 00 03 00 40 D4 8D 48,03000300,0.000000
874,0,0x10F,STD,8,2026-01-28T18:46:56.326294,03 00 03 00 17 A3 A1 3D,03000300,0.000000
875,0,0x110,STD,8,2026-01-28T18:46:56.357301,03 00 03 00 96 1C 49 48,03000300,0.000000
876,0,0x10F,STD,8,2026-01-28T18:46:56.403311,03 00 03 00 BF 63 85 3D,03000300,0.000000
877,0,0x110,STD,8,2026-01-28T18:46:56.426852,03 00 03 00 D8 C4 A6 48,03000300,0.000000
878,0,0x110,STD,8,2026-01-28T18:46:56.472862,03 00 01 00 00 00 00 00,03000100,0.000000
879,0,0x10F,STD,8,2026-01-28T18:46:56.472862,03 00 02 00 19 80 39 41,03000200,0.000000
880,0,0x110,STD,8,2026-01-28T18:46:56.473863,03 00 02 00 19 80 39 41,03000200,0.000000
881,0,0x10F,STD,8,2026-01-28T18:46:56.473863,03 00 01 00 00 00 00 00,03000100,0.000000
882,0,0x10F,STD,8,2026-01-28T18:46:56.486866,03 00 03 00 28 91 92 3D,03000300,0.000000
883,0,0x110,STD,8,2026-01-28T18:46:56.510871,03 00 03 00 42 26 6D 48,03000300,0.000000
884,0,0x10F,STD,8,2026-01-28T18:46:56.567884,03 00 03 00 68 80 A3 3D,03000300,0.000000
885,0,0x110,STD,8,2026-01-28T18:46:56.590738,03 00 03 00 5C 0E 5E 48,03000300,0.000000
886,0,0x10F,STD,8,2026-01-28T18:46:56.647724,03 00 03 00 1B ED 81 3D,03000300,0.000000
887,0,0x110,STD,8,2026-01-28T18:46:56.671729,03 00 03 00 2D A3 2E 48,03000300,0.000000
888,0,0x10F,STD,8,2026-01-28T18:46:56.728742,03 00 03 00 81 A0 90 3D,03000300,0.000000
889,0,0x110,STD,8,2026-01-28T18:46:56.752748,03 00 03 00 91 A6 75 48,03000300,0.000000
890,0,0x10F,STD,8,2026-01-28T18:46:56.809760,03 00 03 00 41 07 28 3D,03000300,0.000000
891,0,0x110,STD,8,2026-01-28T18:46:56.833766,03 00 03 00 D9 C2 A4 48,03000300,0.000000
892,0,0x10F,STD,8,2026-01-28T18:46:56.879776,03 00 03 00 04 62 5F 3D,03000300,0.000000
893,0,0x110,STD,8,2026-01-28T18:46:56.903781,03 00 03 00 34 25 84 48,03000300,0.000000
894,0,0x10F,STD,8,2026-01-28T18:46:56.960331,03 00 03 00 25 C7 1E 3D,03000300,0.000000
895,0,0x110,STD,8,2026-01-28T18:46:56.984337,03 00 03 00 FE 40 02 49,03000300,0.000000
896,0,0x10F,STD,8,2026-01-28T18:46:57.041350,03 00 03 00 01 1A 00 3D,03000300,0.000000
897,0,0x110,STD,8,2026-01-28T18:46:57.065355,03 00 03 00 D9 C2 D8 48,03000300,0.000000
898,0,0x10F,STD,8,2026-01-28T18:46:57.121540,03 00 03 00 D4 B2 42 3D,03000300,0.000000
899,0,0x110,STD,8,2026-01-28T18:46:57.145546,03 00 03 00 A6 0B 8F 48,03000300,0.000000
900,0,0x10F,STD,8,2026-01-28T18:46:57.202559,03 00 03 00 E7 DF FF 3C,03000300,0.000000
901,0,0x110,STD,8,2026-01-28T18:46:57.226564,03 00 03 00 15 63 C8 48,03000300,0.000000
902,0,0x10F,STD,8,2026-01-28T18:46:57.283577,03 00 03 00 37 CE 5D 3D,03000300,0.000000
903,0,0x110,STD,8,2026-01-28T18:46:57.307086,03 00 03 00 EF 30 9E 48,03000300,0.000000
904,0,0x10F,STD,8,2026-01-28T18:46:57.364099,03 00 03 00 89 56 11 3D,03000300,0.000000
905,0,0x110,STD,8,2026-01-28T18:46:57.387607,03 00 03 00 C1 64 D5 48,03000300,0.000000
906,0,0x10F,STD,8,2026-01-28T18:46:57.444620,03 00 03 00 36 8E 80 3D,03000300,0.000000
907,0,0x110,STD,8,2026-01-28T18:46:57.468625,03 00 03 00 03 1F 02 49,03000300,0.000000
908,0,0x110,STD,8,2026-01-28T18:46:57.514636,03 00 01 00 00 00 00 00,03000100,0.000000
909,0,0x110,STD,8,2026-01-28T18:46:57.514636,03 00 01 00 00 00 00 00,03000100,0.000000
910,0,0x10F,STD,8,2026-01-28T18:46:57.514636,03 00 02 00 EA 67 46 41,03000200,0.000000
911,0,0x110,STD,8,2026-01-28T18:46:57.514636,03 00 02 00 EA 67 46 41,03000200,0.000000
912,0,0x10F,STD,8,2026-01-28T18:46:57.527638,03 00 03 00 E6 85 53 3D,03000300,0.000000
913,0,0x110,STD,8,2026-01-28T18:46:57.540641,03 00 03 00 11 F9 91 48,03000300,0.000000
914,0,0x10F,STD,8,2026-01-28T18:46:57.597654,03 00 03 00 CC 36 37 3D,03000300,0.000000
915,0,0x110,STD,8,2026-01-28T18:46:57.621660,03 00 03 00 9F 2D 8F 48,03000300,0.000000
916,0,0x10F,STD,8,2026-01-28T18:46:57.678673,03 00 03 00 84 81 82 3D,03000300,0.000000
917,0,0x110,STD,8,2026-01-28T18:46:57.702683,03 00 03 00 6E 4E 73 48,03000300,0.000000
918,0,0x10F,STD,8,2026-01-28T18:46:57.759695,03 00 03 00 CC 32 0E 3D,03000300,0.000000
919,0,0x110,STD,8,2026-01-28T18:46:57.783204,03 00 03 00 51 44 25 48,03000300,0.000000
920,0,0x10F,STD,8,2026-01-28T18:46:57.840217,03 00 03 00 C3 0B 5C 3D,03000300,0.000000
921,0,0x110,STD,8,2026-01-28T18:46:57.864223,03 00 03 00 1A 0C 4B 47,03000300,0.000000
922,0,0x10F,STD,8,2026-01-28T18:46:57.921236,03 00 03 00 B0 74 3A 3D,03000300,0.000000
923,0,0x110,STD,8,2026-01-28T18:46:57.945241,03 00 03 00 5E 13 9C 47,03000300,0.000000
924,0,0x10F,STD,8,2026-01-28T18:46:58.002253,03 00 03 00 03 74 3E 3D,03000300,0.000000
925,0,0x110,STD,8,2026-01-28T18:46:58.026259,03 00 03 00 4B B3 CD 48,03000300,0.000000
926,0,0x10F,STD,8,2026-01-28T18:46:58.083272,03 00 03 00 D4 ED 69 3D,03000300,0.000000
927,0,0x110,STD,8,2026-01-28T18:46:58.107277,03 00 03 00 18 3A D1 48,03000300,0.000000
928,0,0x10F,STD,8,2026-01-28T18:46:58.164290,03 00 03 00 61 BC 54 3D,03000300,0.000000
929,0,0x110,STD,8,2026-01-28T18:46:58.188295,03 00 03 00 98 45 C5 48,03000300,0.000000
930,0,0x10F,STD,8,2026-01-28T18:46:58.244811,03 00 03 00 BC 4A 85 3D,03000300,0.000000
931,0,0x110,STD,8,2026-01-28T18:46:58.268817,03 00 03 00 25 B1 B2 48,03000300,0.000000
932,0,0x10F,STD,8,2026-01-28T18:46:58.314673,03 00 03 00 7C 74 60 3D,03000300,0.000000
933,0,0x110,STD,8,2026-01-28T18:46:58.338678,03 00 03 00 99 6B 51 48,03000300,0.000000
934,0,0x10F,STD,8,2026-01-28T18:46:58.404214,03 00 03 00 85 12 72 3D,03000300,0.000000
935,0,0x110,STD,8,2026-01-28T18:46:58.427723,03 00 03 00 AB 27 CD 48,03000300,0.000000
936,0,0x10F,STD,8,2026-01-28T18:46:58.473733,03 00 03 00 6B 22 5F 3D,03000300,0.000000
937,0,0x110,STD,8,2026-01-28T18:46:58.497739,03 00 03 00 22 09 95 48,03000300,0.000000
938,0,0x10F,STD,8,2026-01-28T18:46:58.554752,03 00 03 00 43 99 68 3D,03000300,0.000000
939,0,0x10F,STD,8,2026-01-28T18:46:58.567754,03 00 01 00 00 00 00 00,03000100,0.000000
940,0,0x110,STD,8,2026-01-28T18:46:58.567754,03 00 01 00 00 00 00 00,03000100,0.000000
941,0,0x10F,STD,8,2026-01-28T18:46:58.567754,03 00 02 00 46 78 39 41,03000200,0.000000
942,0,0x110,STD,8,2026-01-28T18:46:58.567754,03 00 02 00 46 78 39 41,03000200,0.000000
943,0,0x110,STD,8,2026-01-28T18:46:58.580757,03 00 03 00 22 0D 19 48,03000300,0.000000
944,0,0x10F,STD,8,2026-01-28T18:46:58.637659,03 00 03 00 04 4B 86 3D,03000300,0.000000
945,0,0x110,STD,8,2026-01-28T18:46:58.661227,03 00 03 00 D2 94 A8 48,03000300,0.000000
946,0,0x10F,STD,8,2026-01-28T18:46:58.718239,03 00 03 00 A3 14 48 3D,03000300,0.000000
947,0,0x110,STD,8,2026-01-28T18:46:58.742245,03 00 03 00 8B A3 84 48,03000300,0.000000
948,0,0x10F,STD,8,2026-01-28T18:46:58.799264,03 00 03 00 C8 4B 78 3D,03000300,0.000000
949,0,0x110,STD,8,2026-01-28T18:46:58.823263,03 00 03 00 AD 13 AE 47,03000300,0.000000
950,0,0x10F,STD,8,2026-01-28T18:46:58.880275,03 00 03 00 87 E0 5A 3D,03000300,0.000000
951,0,0x110,STD,8,2026-01-28T18:46:58.903866,03 00 03 00 5A 88 9C 48,03000300,0.000000
952,0,0x10F,STD,8,2026-01-28T18:46:58.960879,03 00 03 00 1E 01 66 3D,03000300,0.000000
953,0,0x110,STD,8,2026-01-28T18:46:58.984885,03 00 03 00 BB FF D7 48,03000300,0.000000
954,0,0x10F,STD,8,2026-01-28T18:46:59.041897,03 00 03 00 D7 9F 7D 3D,03000300,0.000000
955,0,0x110,STD,8,2026-01-28T18:46:59.065903,03 00 03 00 50 CB AC 48,03000300,0.000000
956,0,0x10F,STD,8,2026-01-28T18:46:59.111196,03 00 03 00 98 04 3A 3D,03000300,0.000000
957,0,0x110,STD,8,2026-01-28T18:46:59.135201,03 00 03 00 1F 56 D9 48,03000300,0.000000
958,0,0x10F,STD,8,2026-01-28T18:46:59.192214,03 00 03 00 F6 48 5B 3D,03000300,0.000000
959,0,0x110,STD,8,2026-01-28T18:46:59.216220,03 00 03 00 BB 83 88 48,03000300,0.000000
960,0,0x10F,STD,8,2026-01-28T18:46:59.273233,03 00 03 00 9B E5 20 3D,03000300,0.000000
961,0,0x110,STD,8,2026-01-28T18:46:59.297237,03 00 03 00 DA 67 51 48,03000300,0.000000
962,0,0x10F,STD,8,2026-01-28T18:46:59.354251,03 00 03 00 01 AB 3C 3D,03000300,0.000000
963,0,0x110,STD,8,2026-01-28T18:46:59.378256,03 00 03 00 41 89 7E 48,03000300,0.000000
964,0,0x10F,STD,8,2026-01-28T18:46:59.435269,03 00 03 00 66 AC E0 3C,03000300,0.000000
965,0,0x110,STD,8,2026-01-28T18:46:59.459274,03 00 03 00 84 C5 4B 48,03000300,0.000000
966,0,0x10F,STD,8,2026-01-28T18:46:59.516287,03 00 03 00 55 82 5A 3D,03000300,0.000000
967,0,0x110,STD,8,2026-01-28T18:46:59.540293,03 00 03 00 48 3C 87 47,03000300,0.000000
968,0,0x10F,STD,8,2026-01-28T18:46:59.597306,03 00 03 00 CF 8A 30 3D,03000300,0.000000
969,0,0x10F,STD,8,2026-01-28T18:46:59.621310,03 00 01 00 00 00 00 00,03000100,0.000000
970,0,0x110,STD,8,2026-01-28T18:46:59.621310,03 00 03 00 14 1A B7 47,03000300,0.000000
971,0,0x10F,STD,8,2026-01-28T18:46:59.621310,03 00 01 00 00 00 00 00,03000100,0.000000
972,0,0x110,STD,8,2026-01-28T18:46:59.621310,03 00 01 00 00 00 00 00,03000100,0.000000
973,0,0x10F,STD,8,2026-01-28T18:46:59.621310,03 00 02 00 46 78 39 41,03000200,0.000000
974,0,0x10F,STD,8,2026-01-28T18:46:59.678324,03 00 03 00 3A 28 2D 3D,03000300,0.000000
975,0,0x110,STD,8,2026-01-28T18:46:59.702329,03 00 03 00 9B 10 AD 48,03000300,0.000000
976,0,0x10F,STD,8,2026-01-28T18:46:59.759342,03 00 03 00 DD E4 4F 3D,03000300,0.000000
977,0,0x110,STD,8,2026-01-28T18:46:59.783347,03 00 03 00 88 5E 13 49,03000300,0.000000
978,0,0x10F,STD,8,2026-01-28T18:46:59.840041,03 00 03 00 37 E2 20 3D,03000300,0.000000
979,0,0x110,STD,8,2026-01-28T18:46:59.853044,03 00 03 00 1E 9A 96 48,03000300,0.000000
980,0,0x10F,STD,8,2026-01-28T18:46:59.910056,03 00 03 00 CB 69 43 3D,03000300,0.000000
981,0,0x110,STD,8,2026-01-28T18:46:59.934062,03 00 03 00 3E BA BA 48,03000300,0.000000
982,0,0x10F,STD,8,2026-01-28T18:46:59.991075,03 00 03 00 AD BD 08 3D,03000300,0.000000
983,0,0x110,STD,8,2026-01-28T18:47:00.015080,03 00 03 00 64 E2 B4 48,03000300,0.000000
984,0,0x10F,STD,8,2026-01-28T18:47:00.071596,03 00 03 00 A6 95 2F 3D,03000300,0.000000
985,0,0x110,STD,8,2026-01-28T18:47:00.095601,03 00 03 00 37 41 4C 48,03000300,0.000000
986,0,0x10F,STD,8,2026-01-28T18:47:00.152614,03 00 03 00 70 88 2F 3D,03000300,0.000000
987,0,0x110,STD,8,2026-01-28T18:47:00.176619,03 00 03 00 7D 09 F3 48,03000300,0.000000
988,0,0x10F,STD,8,2026-01-28T18:47:00.233136,03 00 03 00 CF 91 35 3D,03000300,0.000000
989,0,0x110,STD,8,2026-01-28T18:47:00.257141,03 00 03 00 3F A0 B7 48,03000300,0.000000
990,0,0x10F,STD,8,2026-01-28T18:47:00.314154,03 00 03 00 B0 ED 94 3D,03000300,0.000000
991,0,0x110,STD,8,2026-01-28T18:47:00.338159,03 00 03 00 8D 4C AE 48,03000300,0.000000
992,0,0x10F,STD,8,2026-01-28T18:47:00.391171,03 00 03 00 59 D7 1D 3D,03000300,0.000000
993,0,0x110,STD,8,2026-01-28T18:47:00.415176,03 00 03 00 E9 E1 CA 48,03000300,0.000000
994,0,0x10F,STD,8,2026-01-28T18:47:00.472189,03 00 03 00 A0 18 54 3D,03000300,0.000000
995,0,0x110,STD,8,2026-01-28T18:47:00.496195,03 00 03 00 0C 3D E5 48,03000300,0.000000
996,0,0x10F,STD,8,2026-01-28T18:47:00.553207,03 00 03 00 2B 38 53 3D,03000300,0.000000
997,0,0x110,STD,8,2026-01-28T18:47:00.576716,03 00 03 00 7B CC 14 49,03000300,0.000000
998,0,0x10F,STD,8,2026-01-28T18:47:00.633729,03 00 03 00 8C 81 B0 3C,03000300,0.000000
999,0,0x110,STD,8,2026-01-28T18:47:00.657734,03 00 03 00 1F 5B F7 48,03000300,0.000000
1000,0,0x110,STD,8,2026-01-28T18:47:00.670737,03 00 02 00 46 78 39 41,03000200,0.000000
1001,0,0x10F,STD,8,2026-01-28T18:47:00.670737,03 00 02 00 8D 89 2A 41,03000200,0.000000
1002,0,0x110,STD,8,2026-01-28T18:47:00.670737,03 00 02 00 8D 89 2A 41,03000200,0.000000
1003,0,0x10F,STD,8,2026-01-28T18:47:00.670737,03 00 01 00 00 00 00 00,03000100,0.000000
1004,0,0x10F,STD,8,2026-01-28T18:47:00.716748,03 00 03 00 7C 78 12 3D,03000300,0.000000
1005,0,0x110,STD,8,2026-01-28T18:47:00.729751,03 00 03 00 12 0F AF 48,03000300,0.000000
1006,0,0x10F,STD,8,2026-01-28T18:47:00.786763,03 00 03 00 CC 59 CB 3C,03000300,0.000000
1007,0,0x110,STD,8,2026-01-28T18:47:00.810191,03 00 03 00 D9 EC DE 48,03000300,0.000000
1008,0,0x10F,STD,8,2026-01-28T18:47:00.867204,03 00 03 00 5D C3 5C 3D,03000300,0.000000
1009,0,0x110,STD,8,2026-01-28T18:47:00.891209,03 00 03 00 A7 C7 C2 48,03000300,0.000000
1010,0,0x10F,STD,8,2026-01-28T18:47:00.947725,03 00 03 00 F8 C8 55 3D,03000300,0.000000
1011,0,0x110,STD,8,2026-01-28T18:47:00.972731,03 00 03 00 C3 2C 4D 48,03000300,0.000000
1012,0,0x10F,STD,8,2026-01-28T18:47:01.029743,03 00 03 00 09 B5 4A 3D,03000300,0.000000
1013,0,0x110,STD,8,2026-01-28T18:47:01.053749,03 00 03 00 77 0B 27 48,03000300,0.000000
1014,0,0x10F,STD,8,2026-01-28T18:47:01.110762,03 00 03 00 53 18 5A 3D,03000300,0.000000
1015,0,0x110,STD,8,2026-01-28T18:47:01.134767,03 00 03 00 0F 10 50 48,03000300,0.000000
1016,0,0x10F,STD,8,2026-01-28T18:47:01.191583,03 00 03 00 02 E5 26 3D,03000300,0.000000
1017,0,0x110,STD,8,2026-01-28T18:47:01.215588,03 00 03 00 DC D6 90 47,03000300,0.000000
1018,0,0x10F,STD,8,2026-01-28T18:47:01.272601,03 00 03 00 1B CB 52 3D,03000300,0.000000
1019,0,0x110,STD,8,2026-01-28T18:47:01.296606,03 00 03 00 47 C5 E6 47,03000300,0.000000
1020,0,0x10F,STD,8,2026-01-28T18:47:01.353620,03 00 03 00 13 51 0F 3D,03000300,0.000000
1021,0,0x110,STD,8,2026-01-28T18:47:01.377282,03 00 03 00 71 50 8F 47,03000300,0.000000
1022,0,0x10F,STD,8,2026-01-28T18:47:01.423577,03 00 03 00 2B 14 83 3D,03000300,0.000000
1023,0,0x110,STD,8,2026-01-28T18:47:01.447582,03 00 03 00 DB FF A7 47,03000300,0.000000
1024,0,0x10F,STD,8,2026-01-28T18:47:01.504595,03 00 03 00 F4 1E 2B 3D,03000300,0.000000
1025,0,0x110,STD,8,2026-01-28T18:47:01.527173,03 00 03 00 8C EC 40 48,03000300,0.000000
1026,0,0x10F,STD,8,2026-01-28T18:47:01.584186,03 00 03 00 5F 1D 38 3D,03000300,0.000000
1027,0,0x110,STD,8,2026-01-28T18:47:01.607705,03 00 03 00 8C D2 86 48,03000300,0.000000
1028,0,0x10F,STD,8,2026-01-28T18:47:01.664718,03 00 03 00 AC BC 57 3D,03000300,0.000000
1029,0,0x110,STD,8,2026-01-28T18:47:01.688723,03 00 03 00 5F 4B 10 48,03000300,0.000000
1030,0,0x110,STD,8,2026-01-28T18:47:01.712565,03 00 01 00 00 00 00 00,03000100,0.000000
1031,0,0x10F,STD,8,2026-01-28T18:47:01.712565,03 00 02 00 5E 6B 33 41,03000200,0.000000
1032,0,0x110,STD,8,2026-01-28T18:47:01.712565,03 00 02 00 5E 6B 33 41,03000200,0.000000
1033,0,0x10F,STD,8,2026-01-28T18:47:01.712565,03 00 01 00 00 00 00 00,03000100,0.000000
1034,0,0x10F,STD,8,2026-01-28T18:47:01.747573,03 00 03 00 CE D8 1F 3D,03000300,0.000000
1035,0,0x110,STD,8,2026-01-28T18:47:01.771579,03 00 03 00 BE 9C 82 48,03000300,0.000000
1036,0,0x10F,STD,8,2026-01-28T18:47:01.828592,03 00 03 00 9C D9 56 3D,03000300,0.000000
1037,0,0x110,STD,8,2026-01-28T18:47:01.852597,03 00 03 00 96 73 18 48,03000300,0.000000
1038,0,0x10F,STD,8,2026-01-28T18:47:01.909077,03 00 03 00 1E 08 CB 3C,03000300,0.000000
1039,0,0x110,STD,8,2026-01-28T18:47:01.933082,03 00 03 00 36 D8 87 48,03000300,0.000000
1040,0,0x10F,STD,8,2026-01-28T18:47:01.990095,03 00 03 00 AA 38 1D 3D,03000300,0.000000
1041,0,0x110,STD,8,2026-01-28T18:47:02.014101,03 00 03 00 F7 95 19 48,03000300,0.000000
1042,0,0x10F,STD,8,2026-01-28T18:47:02.071113,03 00 03 00 6C 90 BF 3C,03000300,0.000000
1043,0,0x110,STD,8,2026-01-28T18:47:02.095119,03 00 03 00 15 1D 4E 47,03000300,0.000000
1044,0,0x10F,STD,8,2026-01-28T18:47:02.141129,03 00 03 00 F1 08 13 3D,03000300,0.000000
1045,0,0x110,STD,8,2026-01-28T18:47:02.165135,03 00 03 00 FA 91 04 48,03000300,0.000000
1046,0,0x10F,STD,8,2026-01-28T18:47:02.222148,03 00 03 00 3C 19 36 3D,03000300,0.000000
1047,0,0x110,STD,8,2026-01-28T18:47:02.246153,03 00 03 00 44 D1 12 48,03000300,0.000000
1048,0,0x10F,STD,8,2026-01-28T18:47:02.303165,03 00 03 00 06 0B 1E 3D,03000300,0.000000
1049,0,0x110,STD,8,2026-01-28T18:47:02.327171,03 00 03 00 F8 2D 7C 48,03000300,0.000000
1050,0,0x10F,STD,8,2026-01-28T18:47:02.383184,03 00 03 00 CE 43 63 3D,03000300,0.000000
1051,0,0x110,STD,8,2026-01-28T18:47:02.406548,03 00 03 00 AA DB D9 48,03000300,0.000000
1052,0,0x10F,STD,8,2026-01-28T18:47:02.463561,03 00 03 00 18 75 1C 3D,03000300,0.000000
1053,0,0x110,STD,8,2026-01-28T18:47:02.487566,03 00 03 00 51 ED 99 48,03000300,0.000000
1054,0,0x10F,STD,8,2026-01-28T18:47:02.544579,03 00 03 00 41 69 78 3D,03000300,0.000000
1055,0,0x110,STD,8,2026-01-28T18:47:02.568584,03 00 03 00 C6 47 B1 48,03000300,0.000000
1056,0,0x10F,STD,8,2026-01-28T18:47:02.625597,03 00 03 00 23 00 1E 3D,03000300,0.000000
1057,0,0x110,STD,8,2026-01-28T18:47:02.649603,03 00 03 00 D2 B8 CD 48,03000300,0.000000
1058,0,0x10F,STD,8,2026-01-28T18:47:02.706537,03 00 03 00 54 9A 66 3D,03000300,0.000000
1059,0,0x110,STD,8,2026-01-28T18:47:02.730543,03 00 03 00 75 9E 99 48,03000300,0.000000
1060,0,0x110,STD,8,2026-01-28T18:47:02.765550,03 00 01 00 00 00 00 00,03000100,0.000000
1061,0,0x110,STD,8,2026-01-28T18:47:02.765550,03 00 02 00 A1 A0 3C 41,03000200,0.000000
1062,0,0x10F,STD,8,2026-01-28T18:47:02.765550,03 00 01 00 00 00 00 00,03000100,0.000000
1063,0,0x110,STD,8,2026-01-28T18:47:02.765550,03 00 01 00 00 00 00 00,03000100,0.000000
1064,0,0x10F,STD,8,2026-01-28T18:47:02.778553,03 00 03 00 C4 8E 8D 3D,03000300,0.000000
1065,0,0x110,STD,8,2026-01-28T18:47:02.813561,03 00 03 00 C1 BD 69 48,03000300,0.000000
1066,0,0x10F,STD,8,2026-01-28T18:47:02.859571,03 00 03 00 07 7D 37 3D,03000300,0.000000
1067,0,0x110,STD,8,2026-01-28T18:47:02.883577,03 00 03 00 CA 04 AB 48,03000300,0.000000
1068,0,0x10F,STD,8,2026-01-28T18:47:02.940589,03 00 03 00 D6 B3 7F 3D,03000300,0.000000
1069,0,0x110,STD,8,2026-01-28T18:47:02.964595,03 00 03 00 FA 16 EC 48,03000300,0.000000
1070,0,0x10F,STD,8,2026-01-28T18:47:03.021608,03 00 03 00 19 81 52 3D,03000300,0.000000
1071,0,0x110,STD,8,2026-01-28T18:47:03.045613,03 00 03 00 B2 3D B1 48,03000300,0.000000
1072,0,0x10F,STD,8,2026-01-28T18:47:03.102626,03 00 03 00 74 17 54 3D,03000300,0.000000
1073,0,0x110,STD,8,2026-01-28T18:47:03.126631,03 00 03 00 08 6E AD 48,03000300,0.000000
1074,0,0x10F,STD,8,2026-01-28T18:47:03.183644,03 00 03 00 AA 8D 55 3D,03000300,0.000000
1075,0,0x110,STD,8,2026-01-28T18:47:03.207522,03 00 03 00 8C 17 8A 48,03000300,0.000000
1076,0,0x10F,STD,8,2026-01-28T18:47:03.264536,03 00 03 00 01 6B 5C 3D,03000300,0.000000
1077,0,0x110,STD,8,2026-01-28T18:47:03.288541,03 00 03 00 F5 9C A6 48,03000300,0.000000
1078,0,0x10F,STD,8,2026-01-28T18:47:03.345554,03 00 03 00 36 23 6A 3D,03000300,0.000000
1079,0,0x110,STD,8,2026-01-28T18:47:03.369559,03 00 03 00 6E 6E 8E 48,03000300,0.000000
1080,0,0x10F,STD,8,2026-01-28T18:47:03.425644,03 00 03 00 20 92 20 3D,03000300,0.000000
1081,0,0x110,STD,8,2026-01-28T18:47:03.449650,03 00 03 00 6A 37 8B 48,03000300,0.000000
1082,0,0x10F,STD,8,2026-01-28T18:47:03.506662,03 00 03 00 97 07 4B 3D,03000300,0.000000
1083,0,0x110,STD,8,2026-01-28T18:47:03.530668,03 00 03 00 05 F8 12 48,03000300,0.000000
1084,0,0x10F,STD,8,2026-01-28T18:47:03.576180,03 00 03 00 0F 85 33 3D,03000300,0.000000
1085,0,0x110,STD,8,2026-01-28T18:47:03.600186,03 00 03 00 3E A9 81 48,03000300,0.000000
1086,0,0x10F,STD,8,2026-01-28T18:47:03.657200,03 00 03 00 36 FF 3B 3D,03000300,0.000000
1087,0,0x110,STD,8,2026-01-28T18:47:03.680578,03 00 03 00 69 67 4E 48,03000300,0.000000
1088,0,0x10F,STD,8,2026-01-28T18:47:03.737500,03 00 03 00 E5 34 48 3D,03000300,0.000000
1089,0,0x110,STD,8,2026-01-28T18:47:03.761506,03 00 03 00 25 80 32 48,03000300,0.000000
1090,0,0x10F,STD,8,2026-01-28T18:47:03.818519,03 00 03 00 84 98 29 3D,03000300,0.000000
1091,0,0x10F,STD,8,2026-01-28T18:47:03.818519,03 00 02 00 A1 A0 3C 41,03000200,0.000000
1092,0,0x10F,STD,8,2026-01-28T18:47:03.818519,03 00 02 00 A1 A0 3C 41,03000200,0.000000
1093,0,0x110,STD,8,2026-01-28T18:47:03.818519,03 00 02 00 A1 A0 3C 41,03000200,0.000000
1094,0,0x10F,STD,8,2026-01-28T18:47:03.818519,03 00 01 00 00 00 00 00,03000100,0.000000
1095,0,0x110,STD,8,2026-01-28T18:47:03.843525,03 00 03 00 67 07 C2 48,03000300,0.000000
1096,0,0x10F,STD,8,2026-01-28T18:47:03.900538,03 00 03 00 5D 3A 6E 3D,03000300,0.000000
1097,0,0x110,STD,8,2026-01-28T18:47:03.924188,03 00 03 00 4C 26 D1 48,03000300,0.000000
1098,0,0x10F,STD,8,2026-01-28T18:47:03.983201,03 00 03 00 E9 E5 23 3D,03000300,0.000000
1099,0,0x110,STD,8,2026-01-28T18:47:04.007207,03 00 03 00 29 8C 84 48,03000300,0.000000
1100,0,0x10F,STD,8,2026-01-28T18:47:04.064220,03 00 03 00 C7 5A 75 3D,03000300,0.000000
1101,0,0x110,STD,8,2026-01-28T18:47:04.088225,03 00 03 00 DC 05 85 48,03000300,0.000000
1102,0,0x10F,STD,8,2026-01-28T18:47:04.134235,03 00 03 00 60 34 5F 3D,03000300,0.000000
1103,0,0x110,STD,8,2026-01-28T18:47:04.157806,03 00 03 00 C7 85 D2 47,03000300,0.000000
1104,0,0x10F,STD,8,2026-01-28T18:47:04.214819,03 00 03 00 54 DD 62 3D,03000300,0.000000
1105,0,0x110,STD,8,2026-01-28T18:47:04.238825,03 00 03 00 33 FE 84 48,03000300,0.000000
1106,0,0x10F,STD,8,2026-01-28T18:47:04.295837,03 00 03 00 0A E4 93 3D,03000300,0.000000
1107,0,0x110,STD,8,2026-01-28T18:47:04.319843,03 00 03 00 C1 ED 66 48,03000300,0.000000
1108,0,0x10F,STD,8,2026-01-28T18:47:04.378856,03 00 03 00 CF 7B 34 3D,03000300,0.000000
1109,0,0x110,STD,8,2026-01-28T18:47:04.402861,03 00 03 00 3F 9A 19 48,03000300,0.000000
1110,0,0x10F,STD,8,2026-01-28T18:47:04.459874,03 00 03 00 32 A6 4A 3D,03000300,0.000000
1111,0,0x110,STD,8,2026-01-28T18:47:04.483880,03 00 03 00 EC E6 7B 47,03000300,0.000000
1112,0,0x10F,STD,8,2026-01-28T18:47:04.540893,03 00 03 00 83 B1 21 3D,03000300,0.000000
1113,0,0x110,STD,8,2026-01-28T18:47:04.564898,03 00 03 00 5B 86 3B 48,03000300,0.000000
1114,0,0x10F,STD,8,2026-01-28T18:47:04.621911,03 00 03 00 4E 19 53 3D,03000300,0.000000
1115,0,0x110,STD,8,2026-01-28T18:47:04.645916,03 00 03 00 FC 70 22 48,03000300,0.000000
1116,0,0x10F,STD,8,2026-01-28T18:47:04.691927,03 00 03 00 90 BD 3F 3D,03000300,0.000000
1117,0,0x110,STD,8,2026-01-28T18:47:04.715932,03 00 03 00 2F 7D 12 48,03000300,0.000000
1118,0,0x10F,STD,8,2026-01-28T18:47:04.772945,03 00 03 00 AC 58 36 3D,03000300,0.000000
1119,0,0x110,STD,8,2026-01-28T18:47:04.796950,03 00 03 00 51 B7 79 48,03000300,0.000000
1120,0,0x10F,STD,8,2026-01-28T18:47:04.853963,03 00 03 00 FD C4 31 3D,03000300,0.000000
1121,0,0x110,STD,8,2026-01-28T18:47:04.853963,03 00 01 00 00 00 00 00,03000100,0.000000
1122,0,0x10F,STD,8,2026-01-28T18:47:04.855963,03 00 02 00 DC AD 47 41,03000200,0.000000
1123,0,0x110,STD,8,2026-01-28T18:47:04.855963,03 00 02 00 DC AD 47 41,03000200,0.000000
1124,0,0x10F,STD,8,2026-01-28T18:47:04.857963,03 00 01 00 00 00 00 00,03000100,0.000000
1125,0,0x110,STD,8,2026-01-28T18:47:04.881969,03 00 03 00 BE 69 77 48,03000300,0.000000
1126,0,0x10F,STD,8,2026-01-28T18:47:04.938982,03 00 03 00 49 64 24 3D,03000300,0.000000
1127,0,0x110,STD,8,2026-01-28T18:47:04.962987,03 00 03 00 C6 EE E5 48,03000300,0.000000
1128,0,0x10F,STD,8,2026-01-28T18:47:05.019504,03 00 03 00 3E DD 3C 3D,03000300,0.000000
1129,0,0x110,STD,8,2026-01-28T18:47:05.043509,03 00 03 00 6D 25 C1 48,03000300,0.000000
1130,0,0x10F,STD,8,2026-01-28T18:47:05.100522,03 00 03 00 D0 32 12 3D,03000300,0.000000
1131,0,0x110,STD,8,2026-01-28T18:47:05.124528,03 00 03 00 CB 56 1F 48,03000300,0.000000
1132,0,0x10F,STD,8,2026-01-28T18:47:05.170538,03 00 03 00 6A 1D 6E 3D,03000300,0.000000
1133,0,0x110,STD,8,2026-01-28T18:47:05.194543,03 00 03 00 6C 94 D0 47,03000300,0.000000
1134,0,0x10F,STD,8,2026-01-28T18:47:05.251556,03 00 03 00 B1 C0 20 3D,03000300,0.000000
1135,0,0x110,STD,8,2026-01-28T18:47:05.275562,03 00 03 00 DE 01 09 48,03000300,0.000000
1136,0,0x10F,STD,8,2026-01-28T18:47:05.332574,03 00 03 00 96 2D 6E 3D,03000300,0.000000
1137,0,0x110,STD,8,2026-01-28T18:47:05.356580,03 00 03 00 D2 DC F6 47,03000300,0.000000
1138,0,0x10F,STD,8,2026-01-28T18:47:05.413593,03 00 03 00 A1 1C 87 3D,03000300,0.000000
1139,0,0x110,STD,8,2026-01-28T18:47:05.437598,03 00 03 00 EB F7 5E 48,03000300,0.000000
1140,0,0x10F,STD,8,2026-01-28T18:47:05.494611,03 00 03 00 BA 40 14 3D,03000300,0.000000
1141,0,0x110,STD,8,2026-01-28T18:47:05.518616,03 00 03 00 AF 81 65 48,03000300,0.000000
1142,0,0x10F,STD,8,2026-01-28T18:47:05.575629,03 00 03 00 AE CA 94 3D,03000300,0.000000
1143,0,0x110,STD,8,2026-01-28T18:47:05.599635,03 00 03 00 C7 8B 8A 48,03000300,0.000000
1144,0,0x10F,STD,8,2026-01-28T18:47:05.656086,03 00 03 00 E0 2D 48 3D,03000300,0.000000
1145,0,0x110,STD,8,2026-01-28T18:47:05.680091,03 00 03 00 03 F1 B7 48,03000300,0.000000
1146,0,0x10F,STD,8,2026-01-28T18:47:05.737104,03 00 03 00 81 B2 77 3D,03000300,0.000000
1147,0,0x110,STD,8,2026-01-28T18:47:05.761109,03 00 03 00 2B 7B FF 48,03000300,0.000000
1148,0,0x10F,STD,8,2026-01-28T18:47:05.807120,03 00 03 00 23 54 8F 3D,03000300,0.000000
1149,0,0x110,STD,8,2026-01-28T18:47:05.841629,03 00 03 00 78 CA F0 48,03000300,0.000000
1150,0,0x10F,STD,8,2026-01-28T18:47:05.898642,03 00 03 00 0D B6 14 3D,03000300,0.000000
1151,0,0x110,STD,8,2026-01-28T18:47:05.922648,03 00 03 00 DC 21 01 49,03000300,0.000000
1152,0,0x110,STD,8,2026-01-28T18:47:05.922648,03 00 01 00 00 00 00 00,03000100,0.000000
1153,0,0x10F,STD,8,2026-01-28T18:47:05.922648,03 00 02 00 DC AD 47 41,03000200,0.000000
1154,0,0x110,STD,8,2026-01-28T18:47:05.922648,03 00 02 00 DC AD 47 41,03000200,0.000000
1155,0,0x10F,STD,8,2026-01-28T18:47:05.922648,03 00 01 00 00 00 00 00,03000100,0.000000
1156,0,0x10F,STD,8,2026-01-28T18:47:05.968657,03 00 03 00 A0 EC 89 3D,03000300,0.000000
1157,0,0x110,STD,8,2026-01-28T18:47:05.992663,03 00 03 00 3F A4 BD 48,03000300,0.000000
1158,0,0x10F,STD,8,2026-01-28T18:47:06.049180,03 00 03 00 03 BB 1F 3D,03000300,0.000000
1159,0,0x110,STD,8,2026-01-28T18:47:06.076186,03 00 03 00 72 47 D0 48,03000300,0.000000
1160,0,0x10F,STD,8,2026-01-28T18:47:06.133427,03 00 03 00 18 80 38 3D,03000300,0.000000
1161,0,0x110,STD,8,2026-01-28T18:47:06.157433,03 00 03 00 10 2D 78 48,03000300,0.000000
1162,0,0x10F,STD,8,2026-01-28T18:47:06.214446,03 00 03 00 1E 56 3B 3D,03000300,0.000000
1163,0,0x110,STD,8,2026-01-28T18:47:06.238451,03 00 03 00 DB 96 38 48,03000300,0.000000
1164,0,0x10F,STD,8,2026-01-28T18:47:06.295464,03 00 03 00 5D DF 1D 3D,03000300,0.000000
1165,0,0x110,STD,8,2026-01-28T18:47:06.319469,03 00 03 00 84 FB 95 48,03000300,0.000000
1166,0,0x10F,STD,8,2026-01-28T18:47:06.371481,03 00 03 00 93 CA 65 3D,03000300,0.000000
1167,0,0x110,STD,8,2026-01-28T18:47:06.394425,03 00 03 00 98 24 4C 48,03000300,0.000000
1168,0,0x10F,STD,8,2026-01-28T18:47:06.450650,03 00 03 00 C0 1F 23 3D,03000300,0.000000
1169,0,0x110,STD,8,2026-01-28T18:47:06.474656,03 00 03 00 EC B2 07 48,03000300,0.000000
1170,0,0x10F,STD,8,2026-01-28T18:47:06.531668,03 00 03 00 BF 2C 80 3D,03000300,0.000000
1171,0,0x110,STD,8,2026-01-28T18:47:06.555674,03 00 03 00 F2 B3 5F 48,03000300,0.000000
1172,0,0x10F,STD,8,2026-01-28T18:47:06.611547,03 00 03 00 3A 42 2F 3D,03000300,0.000000
1173,0,0x110,STD,8,2026-01-28T18:47:06.635543,03 00 03 00 66 99 05 48,03000300,0.000000
1174,0,0x10F,STD,8,2026-01-28T18:47:06.691995,03 00 03 00 5E ED 50 3D,03000300,0.000000
1175,0,0x110,STD,8,2026-01-28T18:47:06.716002,03 00 03 00 22 DB 7E 47,03000300,0.000000
1176,0,0x10F,STD,8,2026-01-28T18:47:06.773014,03 00 03 00 9D 06 38 3D,03000300,0.000000
1177,0,0x110,STD,8,2026-01-28T18:47:06.797020,03 00 03 00 DE 51 E6 47,03000300,0.000000
1178,0,0x10F,STD,8,2026-01-28T18:47:06.843031,03 00 03 00 CB D9 4D 3D,03000300,0.000000
1179,0,0x110,STD,8,2026-01-28T18:47:06.867036,03 00 03 00 C9 84 A0 48,03000300,0.000000
1180,0,0x10F,STD,8,2026-01-28T18:47:06.923403,03 00 03 00 DE 25 66 3D,03000300,0.000000
1181,0,0x110,STD,8,2026-01-28T18:47:06.963413,03 00 03 00 13 45 31 48,03000300,0.000000
1182,0,0x110,STD,8,2026-01-28T18:47:06.964413,03 00 01 00 00 00 00 00,03000100,0.000000
1183,0,0x10F,STD,8,2026-01-28T18:47:06.964413,03 00 02 00 C8 9F 27 41,03000200,0.000000
1184,0,0x110,STD,8,2026-01-28T18:47:06.964413,03 00 02 00 C8 9F 27 41,03000200,0.000000
1185,0,0x10F,STD,8,2026-01-28T18:47:06.964413,03 00 01 00 00 00 00 00,03000100,0.000000
1186,0,0x10F,STD,8,2026-01-28T18:47:07.010423,03 00 03 00 42 2A 2F 3D,03000300,0.000000
1187,0,0x110,STD,8,2026-01-28T18:47:07.034429,03 00 03 00 D3 C7 3F 48,03000300,0.000000
1188,0,0x10F,STD,8,2026-01-28T18:47:07.090525,03 00 03 00 B6 7A 71 3D,03000300,0.000000
1189,0,0x110,STD,8,2026-01-28T18:47:07.114532,03 00 03 00 EC D8 DE 47,03000300,0.000000
1190,0,0x10F,STD,8,2026-01-28T18:47:07.171544,03 00 03 00 7E 4C 65 3D,03000300,0.000000
1191,0,0x110,STD,8,2026-01-28T18:47:07.195364,03 00 03 00 5A 06 23 48,03000300,0.000000
1192,0,0x10F,STD,8,2026-01-28T18:47:07.252377,03 00 03 00 97 53 75 3D,03000300,0.000000
1193,0,0x110,STD,8,2026-01-28T18:47:07.276383,03 00 03 00 E9 A6 5D 48,03000300,0.000000
1194,0,0x10F,STD,8,2026-01-28T18:47:07.322393,03 00 03 00 88 32 4F 3D,03000300,0.000000
1195,0,0x110,STD,8,2026-01-28T18:47:07.346399,03 00 03 00 61 C5 25 48,03000300,0.000000
1196,0,0x10F,STD,8,2026-01-28T18:47:07.403411,03 00 03 00 F4 1F 71 3D,03000300,0.000000
1197,0,0x110,STD,8,2026-01-28T18:47:07.426918,03 00 03 00 6E 3F 5A 48,03000300,0.000000
1198,0,0x10F,STD,8,2026-01-28T18:47:07.483932,03 00 03 00 5A A3 66 3D,03000300,0.000000
1199,0,0x110,STD,8,2026-01-28T18:47:07.507441,03 00 03 00 A4 99 68 48,03000300,0.000000
1200,0,0x10F,STD,8,2026-01-28T18:47:07.564454,03 00 03 00 37 48 3B 3D,03000300,0.000000
1201,0,0x110,STD,8,2026-01-28T18:47:07.588460,03 00 03 00 05 AE F8 47,03000300,0.000000
1202,0,0x10F,STD,8,2026-01-28T18:47:07.645473,03 00 03 00 EA 4D 7E 3D,03000300,0.000000
1203,0,0x110,STD,8,2026-01-28T18:47:07.669478,03 00 03 00 51 8C 70 48,03000300,0.000000
1204,0,0x10F,STD,8,2026-01-28T18:47:07.725993,03 00 03 00 50 50 10 3D,03000300,0.000000
1205,0,0x110,STD,8,2026-01-28T18:47:07.749999,03 00 03 00 3C DD 2A 48,03000300,0.000000
1206,0,0x10F,STD,8,2026-01-28T18:47:07.807011,03 00 03 00 6C 0A 35 3D,03000300,0.000000
1207,0,0x110,STD,8,2026-01-28T18:47:07.831017,03 00 03 00 3E F1 51 48,03000300,0.000000
1208,0,0x10F,STD,8,2026-01-28T18:47:07.888030,03 00 03 00 63 54 31 3D,03000300,0.000000
1209,0,0x110,STD,8,2026-01-28T18:47:07.912035,03 00 03 00 62 6F 14 48,03000300,0.000000
1210,0,0x10F,STD,8,2026-01-28T18:47:07.969048,03 00 03 00 C3 58 02 3D,03000300,0.000000
1211,0,0x110,STD,8,2026-01-28T18:47:07.993053,03 00 03 00 82 8A 4A 48,03000300,0.000000
1212,0,0x110,STD,8,2026-01-28T18:47:08.028061,03 00 01 00 00 00 00 00,03000100,0.000000
1213,0,0x10F,STD,8,2026-01-28T18:47:08.028061,03 00 02 00 9F 51 38 41,03000200,0.000000
1214,0,0x110,STD,8,2026-01-28T18:47:08.028061,03 00 02 00 9F 51 38 41,03000200,0.000000
1215,0,0x10F,STD,8,2026-01-28T18:47:08.028061,03 00 01 00 00 00 00 00,03000100,0.000000
1216,0,0x10F,STD,8,2026-01-28T18:47:08.041064,03 00 03 00 91 DE 26 3D,03000300,0.000000
1217,0,0x110,STD,8,2026-01-28T18:47:08.064310,03 00 03 00 65 0A E0 47,03000300,0.000000
1218,0,0x10F,STD,8,2026-01-28T18:47:08.124324,03 00 03 00 BF EC FC 3C,03000300,0.000000
1219,0,0x110,STD,8,2026-01-28T18:47:08.148329,03 00 03 00 C5 20 B6 48,03000300,0.000000
1220,0,0x10F,STD,8,2026-01-28T18:47:08.205342,03 00 03 00 A0 FA 60 3D,03000300,0.000000
1221,0,0x110,STD,8,2026-01-28T18:47:08.228372,03 00 03 00 C3 58 82 48,03000300,0.000000
1222,0,0x10F,STD,8,2026-01-28T18:47:08.284922,03 00 03 00 3A 35 2A 3D,03000300,0.000000
1223,0,0x110,STD,8,2026-01-28T18:47:08.308926,03 00 03 00 4F 0A 9C 48,03000300,0.000000
1224,0,0x10F,STD,8,2026-01-28T18:47:08.366443,03 00 03 00 2E 43 2D 3D,03000300,0.000000
1225,0,0x110,STD,8,2026-01-28T18:47:08.390449,03 00 03 00 C8 04 84 48,03000300,0.000000
1226,0,0x10F,STD,8,2026-01-28T18:47:08.446784,03 00 03 00 B1 A8 2D 3D,03000300,0.000000
1227,0,0x110,STD,8,2026-01-28T18:47:08.470790,03 00 03 00 B3 76 47 47,03000300,0.000000
1228,0,0x10F,STD,8,2026-01-28T18:47:08.516800,03 00 03 00 51 24 31 3D,03000300,0.000000
1229,0,0x110,STD,8,2026-01-28T18:47:08.540805,03 00 03 00 EA A8 9A 47,03000300,0.000000
1230,0,0x10F,STD,8,2026-01-28T18:47:08.597818,03 00 03 00 36 0B 62 3D,03000300,0.000000
1231,0,0x110,STD,8,2026-01-28T18:47:08.632826,03 00 03 00 AB 14 BB 47,03000300,0.000000
1232,0,0x10F,STD,8,2026-01-28T18:47:08.678478,03 00 03 00 EA D0 39 3D,03000300,0.000000
1233,0,0x110,STD,8,2026-01-28T18:47:08.702483,03 00 03 00 E8 27 02 48,03000300,0.000000
1234,0,0x10F,STD,8,2026-01-28T18:47:08.759496,03 00 03 00 4E 24 80 3D,03000300,0.000000
1235,0,0x110,STD,8,2026-01-28T18:47:08.783501,03 00 03 00 62 49 8B 47,03000300,0.000000
1236,0,0x10F,STD,8,2026-01-28T18:47:08.840514,03 00 03 00 0F BB 5C 3D,03000300,0.000000
1237,0,0x110,STD,8,2026-01-28T18:47:08.864262,03 00 03 00 29 35 07 48,03000300,0.000000
1238,0,0x10F,STD,8,2026-01-28T18:47:08.920778,03 00 03 00 46 18 5F 3D,03000300,0.000000
1239,0,0x110,STD,8,2026-01-28T18:47:08.944783,03 00 03 00 7E 0A B4 47,03000300,0.000000
1240,0,0x10F,STD,8,2026-01-28T18:47:09.001260,03 00 03 00 04 4A 90 3D,03000300,0.000000
1241,0,0x110,STD,8,2026-01-28T18:47:09.025265,03 00 03 00 61 C6 2C 48,03000300,0.000000
1242,0,0x110,STD,8,2026-01-28T18:47:09.082278,03 00 01 00 00 00 00 00,03000100,0.000000
1243,0,0x110,STD,8,2026-01-28T18:47:09.082278,03 00 01 00 00 00 00 00,03000100,0.000000
1244,0,0x10F,STD,8,2026-01-28T18:47:09.082278,03 00 02 00 9F 51 38 41,03000200,0.000000
1245,0,0x10F,STD,8,2026-01-28T18:47:09.082278,03 00 01 00 00 00 00 00,03000100,0.000000
1246,0,0x110,STD,8,2026-01-28T18:47:09.082278,03 00 02 00 9F 51 38 41,03000200,0.000000
1247,0,0x110,STD,8,2026-01-28T18:47:09.106283,03 00 03 00 DA BF B1 47,03000300,0.000000
1248,0,0x10F,STD,8,2026-01-28T18:47:09.163296,03 00 03 00 01 F5 99 3D,03000300,0.000000
1249,0,0x110,STD,8,2026-01-28T18:47:09.187301,03 00 03 00 A0 64 41 48,03000300,0.000000
1250,0,0x10F,STD,8,2026-01-28T18:47:09.244314,03 00 03 00 D9 9F 82 3D,03000300,0.000000
1251,0,0x110,STD,8,2026-01-28T18:47:09.268320,03 00 03 00 EB 2D 07 48,03000300,0.000000
1252,0,0x10F,STD,8,2026-01-28T18:47:09.314330,03 00 03 00 87 1F 87 3D,03000300,0.000000
1253,0,0x110,STD,8,2026-01-28T18:47:09.338336,03 00 03 00 1D 9E 54 48,03000300,0.000000
1254,0,0x10F,STD,8,2026-01-28T18:47:09.395348,03 00 03 00 DB BA 96 3D,03000300,0.000000
1255,0,0x110,STD,8,2026-01-28T18:47:09.419354,03 00 03 00 72 8C 69 47,03000300,0.000000
1256,0,0x10F,STD,8,2026-01-28T18:47:09.476367,03 00 03 00 61 CA 72 3D,03000300,0.000000
1257,0,0x110,STD,8,2026-01-28T18:47:09.500372,03 00 03 00 37 BA E9 47,03000300,0.000000
1258,0,0x10F,STD,8,2026-01-28T18:47:09.557385,03 00 03 00 1B AB 9B 3D,03000300,0.000000
1259,0,0x110,STD,8,2026-01-28T18:47:09.581390,03 00 03 00 37 78 75 48,03000300,0.000000
1260,0,0x10F,STD,8,2026-01-28T18:47:09.638403,03 00 03 00 B9 13 4A 3D,03000300,0.000000
1261,0,0x110,STD,8,2026-01-28T18:47:09.662408,03 00 03 00 61 77 88 48,03000300,0.000000
1262,0,0x10F,STD,8,2026-01-28T18:47:09.719421,03 00 03 00 5A 0B 4E 3D,03000300,0.000000
1263,0,0x110,STD,8,2026-01-28T18:47:09.743427,03 00 03 00 C8 6C 6D 48,03000300,0.000000
1264,0,0x10F,STD,8,2026-01-28T18:47:09.800440,03 00 03 00 77 3A 22 3D,03000300,0.000000
1265,0,0x110,STD,8,2026-01-28T18:47:09.824445,03 00 03 00 CB 72 82 48,03000300,0.000000
1266,0,0x10F,STD,8,2026-01-28T18:47:09.881458,03 00 03 00 93 7B FE 3C,03000300,0.000000
1267,0,0x110,STD,8,2026-01-28T18:47:09.905463,03 00 03 00 BA 5B CA 47,03000300,0.000000
1268,0,0x10F,STD,8,2026-01-28T18:47:09.965477,03 00 03 00 01 40 15 3D,03000300,0.000000
1269,0,0x110,STD,8,2026-01-28T18:47:09.979480,03 00 03 00 62 4C 8A 48,03000300,0.000000
1270,0,0x10F,STD,8,2026-01-28T18:47:10.036493,03 00 03 00 6C 84 FC 3C,03000300,0.000000
1271,0,0x110,STD,8,2026-01-28T18:47:10.060498,03 00 03 00 23 2D 52 48,03000300,0.000000
1272,0,0x10F,STD,8,2026-01-28T18:47:10.117511,03 00 03 00 32 E1 14 3D,03000300,0.000000
1273,0,0x110,STD,8,2026-01-28T18:47:10.130514,03 00 01 00 00 00 00 00,03000100,0.000000
1274,0,0x10F,STD,8,2026-01-28T18:47:10.130514,03 00 01 00 00 00 00 00,03000100,0.000000
1275,0,0x110,STD,8,2026-01-28T18:47:10.130514,03 00 01 00 00 00 00 00,03000100,0.000000
1276,0,0x10F,STD,8,2026-01-28T18:47:10.132514,03 00 02 00 E7 E6 42 41,03000200,0.000000
1277,0,0x110,STD,8,2026-01-28T18:47:10.145517,03 00 03 00 53 32 3D 48,03000300,0.000000
1278,0,0x10F,STD,8,2026-01-28T18:47:10.191528,03 00 03 00 1D E3 D5 3C,03000300,0.000000
1279,0,0x110,STD,8,2026-01-28T18:47:10.215533,03 00 03 00 F5 4E 4B 48,03000300,0.000000
1280,0,0x10F,STD,8,2026-01-28T18:47:10.272546,03 00 03 00 A0 4C 5F 3D,03000300,0.000000
1281,0,0x110,STD,8,2026-01-28T18:47:10.296551,03 00 03 00 C2 71 8F 48,03000300,0.000000
1282,0,0x10F,STD,8,2026-01-28T18:47:10.353564,03 00 03 00 83 22 5A 3D,03000300,0.000000
1283,0,0x110,STD,8,2026-01-28T18:47:10.391078,03 00 03 00 5E BA F4 48,03000300,0.000000
1284,0,0x10F,STD,8,2026-01-28T18:47:10.436594,03 00 03 00 75 F7 54 3D,03000300,0.000000
1285,0,0x110,STD,8,2026-01-28T18:47:10.460600,03 00 03 00 7D 75 C0 48,03000300,0.000000
1286,0,0x10F,STD,8,2026-01-28T18:47:10.517613,03 00 03 00 F8 0C A2 3D,03000300,0.000000
1287,0,0x110,STD,8,2026-01-28T18:47:10.541123,03 00 03 00 2A CF A4 48,03000300,0.000000
1288,0,0x10F,STD,8,2026-01-28T18:47:10.598136,03 00 03 00 28 A0 65 3D,03000300,0.000000
1289,0,0x110,STD,8,2026-01-28T18:47:10.622141,03 00 03 00 4D F3 AA 48,03000300,0.000000
1290,0,0x10F,STD,8,2026-01-28T18:47:10.679154,03 00 03 00 F6 4C 87 3D,03000300,0.000000
1291,0,0x110,STD,8,2026-01-28T18:47:10.703159,03 00 03 00 00 2C B2 48,03000300,0.000000
1292,0,0x10F,STD,8,2026-01-28T18:47:10.749170,03 00 03 00 06 F3 78 3D,03000300,0.000000
1293,0,0x110,STD,8,2026-01-28T18:47:10.773175,03 00 03 00 7B 33 85 48,03000300,0.000000
1294,0,0x10F,STD,8,2026-01-28T18:47:10.830188,03 00 03 00 B7 41 7D 3D,03000300,0.000000
1295,0,0x110,STD,8,2026-01-28T18:47:10.854193,03 00 03 00 86 71 8A 48,03000300,0.000000
1296,0,0x10F,STD,8,2026-01-28T18:47:10.911206,03 00 03 00 C0 28 73 3D,03000300,0.000000
1297,0,0x110,STD,8,2026-01-28T18:47:10.935211,03 00 03 00 20 2D 43 48,03000300,0.000000
1298,0,0x10F,STD,8,2026-01-28T18:47:10.992224,03 00 03 00 0C 97 69 3D,03000300,0.000000
1299,0,0x110,STD,8,2026-01-28T18:47:11.016230,03 00 03 00 E8 F4 BD 48,03000300,0.000000
1300,0,0x10F,STD,8,2026-01-28T18:47:11.073242,03 00 03 00 E9 8A 82 3D,03000300,0.000000
1301,0,0x110,STD,8,2026-01-28T18:47:11.096751,03 00 03 00 B4 53 84 48,03000300,0.000000
1302,0,0x10F,STD,8,2026-01-28T18:47:11.153133,03 00 03 00 07 32 2D 3D,03000300,0.000000
1303,0,0x110,STD,8,2026-01-28T18:47:11.177138,03 00 02 00 E7 E6 42 41,03000200,0.000000
1304,0,0x10F,STD,8,2026-01-28T18:47:11.177138,03 00 02 00 7D F3 43 41,03000200,0.000000
1305,0,0x10F,STD,8,2026-01-28T18:47:11.177138,03 00 01 00 00 00 00 00,03000100,0.000000
1306,0,0x110,STD,8,2026-01-28T18:47:11.177605,03 00 02 00 7D F3 43 41,03000200,0.000000
1307,0,0x10F,STD,8,2026-01-28T18:47:11.234151,03 00 03 00 A1 7F 88 3D,03000300,0.000000
1308,0,0x110,STD,8,2026-01-28T18:47:11.258157,03 00 03 00 24 ED F9 48,03000300,0.000000
1309,0,0x10F,STD,8,2026-01-28T18:47:11.315170,03 00 03 00 BF 05 36 3D,03000300,0.000000
1310,0,0x110,STD,8,2026-01-28T18:47:11.338817,03 00 03 00 D7 6B 2A 48,03000300,0.000000
1311,0,0x10F,STD,8,2026-01-28T18:47:11.394950,03 00 03 00 66 56 69 3D,03000300,0.000000
1312,0,0x110,STD,8,2026-01-28T18:47:11.418955,03 00 03 00 89 E1 1E 48,03000300,0.000000
1313,0,0x10F,STD,8,2026-01-28T18:47:11.474151,03 00 03 00 CE 77 4D 3D,03000300,0.000000
1314,0,0x110,STD,8,2026-01-28T18:47:11.497873,03 00 03 00 CB CD 57 48,03000300,0.000000
1315,0,0x10F,STD,8,2026-01-28T18:47:11.554886,03 00 03 00 98 10 0A 3D,03000300,0.000000
1316,0,0x110,STD,8,2026-01-28T18:47:11.579259,03 00 03 00 5F 0A 66 48,03000300,0.000000
1317,0,0x10F,STD,8,2026-01-28T18:47:11.636273,03 00 03 00 C1 E2 4E 3D,03000300,0.000000
1318,0,0x110,STD,8,2026-01-28T18:47:11.660279,03 00 03 00 7C D2 8D 48,03000300,0.000000
1319,0,0x10F,STD,8,2026-01-28T18:47:11.716778,03 00 03 00 DE EF 19 3D,03000300,0.000000
1320,0,0x110,STD,8,2026-01-28T18:47:11.729781,03 00 03 00 6E 2E 84 48,03000300,0.000000
1321,0,0x10F,STD,8,2026-01-28T18:47:11.786793,03 00 03 00 52 69 8F 3D,03000300,0.000000
1322,0,0x110,STD,8,2026-01-28T18:47:11.810799,03 00 03 00 43 17 83 48,03000300,0.000000
1323,0,0x10F,STD,8,2026-01-28T18:47:11.867812,03 00 03 00 45 48 46 3D,03000300,0.000000
1324,0,0x110,STD,8,2026-01-28T18:47:11.891817,03 00 03 00 E4 63 C9 48,03000300,0.000000
1325,0,0x10F,STD,8,2026-01-28T18:47:11.948830,03 00 03 00 D2 81 94 3D,03000300,0.000000
1326,0,0x110,STD,8,2026-01-28T18:47:11.972835,03 00 03 00 25 19 9C 48,03000300,0.000000
1327,0,0x10F,STD,8,2026-01-28T18:47:12.028600,03 00 03 00 57 B1 52 3D,03000300,0.000000
1328,0,0x110,STD,8,2026-01-28T18:47:12.052608,03 00 03 00 7F 70 8F 48,03000300,0.000000
1329,0,0x10F,STD,8,2026-01-28T18:47:12.109258,03 00 03 00 53 39 72 3D,03000300,0.000000
1330,0,0x110,STD,8,2026-01-28T18:47:12.133263,03 00 03 00 7D F1 A6 48,03000300,0.000000
1331,0,0x10F,STD,8,2026-01-28T18:47:12.190276,03 00 03 00 07 D7 9D 3D,03000300,0.000000
1332,0,0x110,STD,8,2026-01-28T18:47:12.214281,03 00 03 00 2C A8 90 48,03000300,0.000000
1333,0,0x110,STD,8,2026-01-28T18:47:12.214281,03 00 01 00 00 00 00 00,03000100,0.000000
1334,0,0x10F,STD,8,2026-01-28T18:47:12.214281,03 00 02 00 4B F9 3C 41,03000200,0.000000
1335,0,0x110,STD,8,2026-01-28T18:47:12.214281,03 00 02 00 4B F9 3C 41,03000200,0.000000
1336,0,0x10F,STD,8,2026-01-28T18:47:12.214281,03 00 01 00 00 00 00 00,03000100,0.000000
1337,0,0x10F,STD,8,2026-01-28T18:47:12.271294,03 00 03 00 EB DF 17 3D,03000300,0.000000
1338,0,0x110,STD,8,2026-01-28T18:47:12.295299,03 00 03 00 0B A7 A7 48,03000300,0.000000
1339,0,0x10F,STD,8,2026-01-28T18:47:12.352312,03 00 03 00 35 94 96 3D,03000300,0.000000
1340,0,0x110,STD,8,2026-01-28T18:47:12.370316,03 00 03 00 4E FB A8 48,03000300,0.000000
1341,0,0x10F,STD,8,2026-01-28T18:47:12.428329,03 00 03 00 8E 37 24 3D,03000300,0.000000
1342,0,0x110,STD,8,2026-01-28T18:47:12.452335,03 00 03 00 81 5E F8 48,03000300,0.000000
1343,0,0x10F,STD,8,2026-01-28T18:47:12.509348,03 00 03 00 92 33 82 3D,03000300,0.000000
1344,0,0x110,STD,8,2026-01-28T18:47:12.533353,03 00 03 00 10 C6 AC 48,03000300,0.000000
1345,0,0x10F,STD,8,2026-01-28T18:47:12.590366,03 00 03 00 AC C2 3C 3D,03000300,0.000000
1346,0,0x110,STD,8,2026-01-28T18:47:12.614371,03 00 03 00 12 82 74 48,03000300,0.000000
1347,0,0x10F,STD,8,2026-01-28T18:47:12.671384,03 00 03 00 41 46 47 3D,03000300,0.000000
1348,0,0x110,STD,8,2026-01-28T18:47:12.695390,03 00 03 00 C1 F5 AC 48,03000300,0.000000
1349,0,0x10F,STD,8,2026-01-28T18:47:12.752404,03 00 03 00 57 57 8B 3D,03000300,0.000000
1350,0,0x110,STD,8,2026-01-28T18:47:12.776409,03 00 03 00 0B B7 74 48,03000300,0.000000
1351,0,0x10F,STD,8,2026-01-28T18:47:12.822419,03 00 03 00 78 40 39 3D,03000300,0.000000
1352,0,0x110,STD,8,2026-01-28T18:47:12.857427,03 00 03 00 7A 4E 57 48,03000300,0.000000
1353,0,0x10F,STD,8,2026-01-28T18:47:12.903438,03 00 03 00 C7 F8 B6 3D,03000300,0.000000
1354,0,0x110,STD,8,2026-01-28T18:47:12.927443,03 00 03 00 31 7B 56 48,03000300,0.000000
1355,0,0x10F,STD,8,2026-01-28T18:47:12.984020,03 00 03 00 79 2B 4E 3D,03000300,0.000000
1356,0,0x110,STD,8,2026-01-28T18:47:13.008026,03 00 03 00 4F 36 06 48,03000300,0.000000
1357,0,0x10F,STD,8,2026-01-28T18:47:13.065039,03 00 03 00 EC 16 B4 3D,03000300,0.000000
1358,0,0x110,STD,8,2026-01-28T18:47:13.092045,03 00 03 00 04 77 AF 48,03000300,0.000000
1359,0,0x10F,STD,8,2026-01-28T18:47:13.149057,03 00 03 00 41 47 96 3D,03000300,0.000000
1360,0,0x110,STD,8,2026-01-28T18:47:13.172637,03 00 03 00 26 4B B6 48,03000300,0.000000
1361,0,0x10F,STD,8,2026-01-28T18:47:13.229650,03 00 03 00 D7 0F 56 3D,03000300,0.000000
1362,0,0x110,STD,8,2026-01-28T18:47:13.253655,03 00 03 00 56 57 8B 48,03000300,0.000000
1363,0,0x110,STD,8,2026-01-28T18:47:13.266658,03 00 01 00 00 00 00 00,03000100,0.000000
1364,0,0x10F,STD,8,2026-01-28T18:47:13.266658,03 00 01 00 00 00 00 00,03000100,0.000000
1365,0,0x110,STD,8,2026-01-28T18:47:13.266658,03 00 01 00 00 00 00 00,03000100,0.000000
1366,0,0x10F,STD,8,2026-01-28T18:47:13.266658,03 00 02 00 9C D3 22 41,03000200,0.000000
1367,0,0x10F,STD,8,2026-01-28T18:47:13.301666,03 00 03 00 DF CB 97 3D,03000300,0.000000
1368,0,0x110,STD,8,2026-01-28T18:47:13.325671,03 00 03 00 18 98 93 48,03000300,0.000000
1369,0,0x10F,STD,8,2026-01-28T18:47:13.382904,03 00 03 00 3E E6 21 3D,03000300,0.000000
1370,0,0x110,STD,8,2026-01-28T18:47:13.406475,03 00 03 00 AE 9A 44 48,03000300,0.000000
1371,0,0x10F,STD,8,2026-01-28T18:47:13.461297,03 00 03 00 A6 0C 88 3D,03000300,0.000000
1372,0,0x110,STD,8,2026-01-28T18:47:13.485008,03 00 03 00 52 22 D8 47,03000300,0.000000
1373,0,0x10F,STD,8,2026-01-28T18:47:13.542021,03 00 03 00 93 34 18 3D,03000300,0.000000
1374,0,0x110,STD,8,2026-01-28T18:47:13.566027,03 00 03 00 96 AD E4 47,03000300,0.000000
1375,0,0x10F,STD,8,2026-01-28T18:47:13.622750,03 00 03 00 4C F5 42 3D,03000300,0.000000
1376,0,0x110,STD,8,2026-01-28T18:47:13.646756,03 00 03 00 49 B9 C6 47,03000300,0.000000
1377,0,0x10F,STD,8,2026-01-28T18:47:13.703768,03 00 03 00 E3 CE 4B 3D,03000300,0.000000
1378,0,0x110,STD,8,2026-01-28T18:47:13.727773,03 00 03 00 13 1C E1 47,03000300,0.000000
1379,0,0x10F,STD,8,2026-01-28T18:47:13.784787,03 00 03 00 33 70 31 3D,03000300,0.000000
1380,0,0x110,STD,8,2026-01-28T18:47:13.808792,03 00 03 00 37 A0 10 48,03000300,0.000000
1381,0,0x10F,STD,8,2026-01-28T18:47:13.865805,03 00 03 00 4E E4 4A 3D,03000300,0.000000
1382,0,0x110,STD,8,2026-01-28T18:47:13.889810,03 00 03 00 F8 D1 01 48,03000300,0.000000
1383,0,0x10F,STD,8,2026-01-28T18:47:13.946621,03 00 03 00 D2 42 0C 3D,03000300,0.000000
1384,0,0x110,STD,8,2026-01-28T18:47:13.970627,03 00 03 00 7C 40 BB 47,03000300,0.000000
1385,0,0x10F,STD,8,2026-01-28T18:47:14.026959,03 00 03 00 10 06 2F 3D,03000300,0.000000
1386,0,0x110,STD,8,2026-01-28T18:47:14.050965,03 00 03 00 57 F9 0F 48,03000300,0.000000
1387,0,0x10F,STD,8,2026-01-28T18:47:14.107977,03 00 03 00 7E AE 0C 3D,03000300,0.000000
1388,0,0x110,STD,8,2026-01-28T18:47:14.120980,03 00 03 00 FE 09 E1 47,03000300,0.000000
1389,0,0x10F,STD,8,2026-01-28T18:47:14.188193,03 00 03 00 00 4C 11 3D,03000300,0.000000
1390,0,0x110,STD,8,2026-01-28T18:47:14.201196,03 00 03 00 89 14 D6 47,03000300,0.000000
1391,0,0x10F,STD,8,2026-01-28T18:47:14.258208,03 00 03 00 2F F4 C6 3C,03000300,0.000000
1392,0,0x110,STD,8,2026-01-28T18:47:14.282214,03 00 03 00 98 4A 16 48,03000300,0.000000
1393,0,0x110,STD,8,2026-01-28T18:47:14.317222,03 00 02 00 9C D3 22 41,03000200,0.000000
1394,0,0x10F,STD,8,2026-01-28T18:47:14.317222,03 00 02 00 82 59 49 41,03000200,0.000000
1395,0,0x110,STD,8,2026-01-28T18:47:14.317222,03 00 02 00 82 59 49 41,03000200,0.000000
1396,0,0x10F,STD,8,2026-01-28T18:47:14.317222,03 00 01 00 00 00 00 00,03000100,0.000000
1397,0,0x10F,STD,8,2026-01-28T18:47:14.342227,03 00 03 00 29 64 22 3D,03000300,0.000000
1398,0,0x110,STD,8,2026-01-28T18:47:14.370234,03 00 03 00 B6 FE 95 48,03000300,0.000000
1399,0,0x10F,STD,8,2026-01-28T18:47:14.416244,03 00 03 00 0C 9A 19 3D,03000300,0.000000
1400,0,0x110,STD,8,2026-01-28T18:47:14.440249,03 00 03 00 5E 5B 1D 48,03000300,0.000000
1401,0,0x10F,STD,8,2026-01-28T18:47:14.497262,03 00 03 00 75 5F 2A 3D,03000300,0.000000
1402,0,0x110,STD,8,2026-01-28T18:47:14.521268,03 00 03 00 C1 34 3A 48,03000300,0.000000
1403,0,0x10F,STD,8,2026-01-28T18:47:14.578281,03 00 03 00 E8 4D 5E 3D,03000300,0.000000
1404,0,0x110,STD,8,2026-01-28T18:47:14.602286,03 00 03 00 06 C1 82 48,03000300,0.000000
1405,0,0x10F,STD,8,2026-01-28T18:47:14.659299,03 00 03 00 07 42 3B 3D,03000300,0.000000
1406,0,0x110,STD,8,2026-01-28T18:47:14.683304,03 00 03 00 DE A1 88 48,03000300,0.000000
1407,0,0x10F,STD,8,2026-01-28T18:47:14.740317,03 00 03 00 96 FA 83 3D,03000300,0.000000
1408,0,0x110,STD,8,2026-01-28T18:47:14.764322,03 00 03 00 BF A3 9F 48,03000300,0.000000
1409,0,0x10F,STD,8,2026-01-28T18:47:14.821335,03 00 03 00 80 B6 34 3D,03000300,0.000000
1410,0,0x110,STD,8,2026-01-28T18:47:14.845341,03 00 03 00 C8 6F 02 49,03000300,0.000000
1411,0,0x10F,STD,8,2026-01-28T18:47:14.902353,03 00 03 00 C5 25 84 3D,03000300,0.000000
1412,0,0x110,STD,8,2026-01-28T18:47:14.926359,03 00 03 00 85 48 14 49,03000300,0.000000
1413,0,0x10F,STD,8,2026-01-28T18:47:14.983372,03 00 03 00 E9 DF 8D 3D,03000300,0.000000
1414,0,0x110,STD,8,2026-01-28T18:47:15.007377,03 00 03 00 82 A7 CC 48,03000300,0.000000
1415,0,0x10F,STD,8,2026-01-28T18:47:15.064390,03 00 03 00 2D 1A 57 3D,03000300,0.000000
1416,0,0x110,STD,8,2026-01-28T18:47:15.077393,03 00 03 00 65 AC AA 48,03000300,0.000000
1417,0,0x10F,STD,8,2026-01-28T18:47:15.133890,03 00 03 00 88 3B AC 3D,03000300,0.000000
1418,0,0x110,STD,8,2026-01-28T18:47:15.157896,03 00 03 00 C7 85 C2 48,03000300,0.000000
1419,0,0x10F,STD,8,2026-01-28T18:47:15.214909,03 00 03 00 29 46 80 3D,03000300,0.000000
1420,0,0x110,STD,8,2026-01-28T18:47:15.238914,03 00 03 00 5B B3 ED 48,03000300,0.000000
1421,0,0x10F,STD,8,2026-01-28T18:47:15.295927,03 00 03 00 F1 4C 88 3D,03000300,0.000000
1422,0,0x110,STD,8,2026-01-28T18:47:15.319933,03 00 03 00 EB ED CF 48,03000300,0.000000
1423,0,0x110,STD,8,2026-01-28T18:47:15.376945,03 00 01 00 00 00 00 00,03000100,0.000000
1424,0,0x10F,STD,8,2026-01-28T18:47:15.376945,03 00 03 00 D6 E5 4E 3D,03000300,0.000000
1425,0,0x10F,STD,8,2026-01-28T18:47:15.376945,03 00 01 00 00 00 00 00,03000100,0.000000
1426,0,0x110,STD,8,2026-01-28T18:47:15.376945,03 00 01 00 00 00 00 00,03000100,0.000000
1427,0,0x10F,STD,8,2026-01-28T18:47:15.376945,03 00 02 00 82 59 49 41,03000200,0.000000
1428,0,0x110,STD,8,2026-01-28T18:47:15.400951,03 00 03 00 CE BE FC 48,03000300,0.000000
1429,0,0x10F,STD,8,2026-01-28T18:47:15.457963,03 00 03 00 69 06 50 3D,03000300,0.000000
1430,0,0x110,STD,8,2026-01-28T18:47:15.481969,03 00 03 00 F9 1B E6 48,03000300,0.000000
1431,0,0x10F,STD,8,2026-01-28T18:47:15.538982,03 00 03 00 CD 6D 72 3D,03000300,0.000000
1432,0,0x110,STD,8,2026-01-28T18:47:15.562987,03 00 03 00 BD 50 CD 48,03000300,0.000000
1433,0,0x10F,STD,8,2026-01-28T18:47:15.620000,03 00 03 00 95 22 FF 3C,03000300,0.000000
1434,0,0x110,STD,8,2026-01-28T18:47:15.644005,03 00 03 00 C5 6B F4 48,03000300,0.000000
1435,0,0x10F,STD,8,2026-01-28T18:47:15.701018,03 00 03 00 90 8D 3B 3D,03000300,0.000000
1436,0,0x110,STD,8,2026-01-28T18:47:15.725024,03 00 03 00 CD A0 9F 48,03000300,0.000000
1437,0,0x10F,STD,8,2026-01-28T18:47:15.771034,03 00 03 00 78 A4 0C 3D,03000300,0.000000
1438,0,0x110,STD,8,2026-01-28T18:47:15.795039,03 00 03 00 7E 76 89 48,03000300,0.000000
1439,0,0x10F,STD,8,2026-01-28T18:47:15.852052,03 00 03 00 1C F0 20 3D,03000300,0.000000
1440,0,0x110,STD,8,2026-01-28T18:47:15.886666,03 00 03 00 5C F9 8B 48,03000300,0.000000
1441,0,0x10F,STD,8,2026-01-28T18:47:15.932676,03 00 03 00 DA FB 4B 3D,03000300,0.000000
1442,0,0x110,STD,8,2026-01-28T18:47:15.956681,03 00 03 00 5E 19 C5 48,03000300,0.000000
1443,0,0x10F,STD,8,2026-01-28T18:47:16.013694,03 00 03 00 F3 B4 39 3D,03000300,0.000000
1444,0,0x110,STD,8,2026-01-28T18:47:16.037700,03 00 03 00 BB FC 71 48,03000300,0.000000
1445,0,0x10F,STD,8,2026-01-28T18:47:16.096713,03 00 03 00 F2 E4 73 3D,03000300,0.000000
1446,0,0x110,STD,8,2026-01-28T18:47:16.120222,03 00 03 00 5B 93 29 48,03000300,0.000000
1447,0,0x10F,STD,8,2026-01-28T18:47:16.177132,03 00 03 00 6A D6 49 3D,03000300,0.000000
1448,0,0x110,STD,8,2026-01-28T18:47:16.201138,03 00 03 00 19 D7 96 48,03000300,0.000000
1449,0,0x10F,STD,8,2026-01-28T18:47:16.258151,03 00 03 00 3A E1 87 3D,03000300,0.000000
1450,0,0x110,STD,8,2026-01-28T18:47:16.282156,03 00 03 00 25 C3 34 48,03000300,0.000000
1451,0,0x10F,STD,8,2026-01-28T18:47:16.339169,03 00 03 00 4E 49 29 3D,03000300,0.000000
1452,0,0x110,STD,8,2026-01-28T18:47:16.361174,03 00 03 00 D8 18 04 48,03000300,0.000000
1453,0,0x10F,STD,8,2026-01-28T18:47:16.418194,03 00 03 00 4A CD 7D 3D,03000300,0.000000
1454,0,0x110,STD,8,2026-01-28T18:47:16.431193,03 00 02 00 82 59 49 41,03000200,0.000000
1455,0,0x10F,STD,8,2026-01-28T18:47:16.431193,03 00 02 00 55 20 2C 41,03000200,0.000000
1456,0,0x110,STD,8,2026-01-28T18:47:16.431193,03 00 02 00 55 20 2C 41,03000200,0.000000
1457,0,0x10F,STD,8,2026-01-28T18:47:16.431193,03 00 01 00 00 00 00 00,03000100,0.000000
1458,0,0x110,STD,8,2026-01-28T18:47:16.433193,03 00 03 00 4F 8C 67 48,03000300,0.000000
1459,0,0x10F,STD,8,2026-01-28T18:47:16.500554,03 00 03 00 AB FB 68 3D,03000300,0.000000
1460,0,0x110,STD,8,2026-01-28T18:47:16.513557,03 00 03 00 B2 7C C5 47,03000300,0.000000
1461,0,0x10F,STD,8,2026-01-28T18:47:16.570315,03 00 03 00 1A 55 79 3D,03000300,0.000000
1462,0,0x110,STD,8,2026-01-28T18:47:16.594538,03 00 03 00 3E 5B 2A 48,03000300,0.000000
1463,0,0x10F,STD,8,2026-01-28T18:47:16.651551,03 00 03 00 48 DC 8D 3D,03000300,0.000000
1464,0,0x110,STD,8,2026-01-28T18:47:16.675556,03 00 03 00 1F 0C A7 47,03000300,0.000000
1465,0,0x10F,STD,8,2026-01-28T18:47:16.731808,03 00 03 00 BE 9F 4D 3D,03000300,0.000000
1466,0,0x110,STD,8,2026-01-28T18:47:16.755814,03 00 03 00 0E 68 0E 48,03000300,0.000000
1467,0,0x10F,STD,8,2026-01-28T18:47:16.812121,03 00 03 00 E2 A8 91 3D,03000300,0.000000
1468,0,0x110,STD,8,2026-01-28T18:47:16.836126,03 00 03 00 B9 4C 34 48,03000300,0.000000
1469,0,0x10F,STD,8,2026-01-28T18:47:16.893139,03 00 03 00 56 B6 71 3D,03000300,0.000000
1470,0,0x110,STD,8,2026-01-28T18:47:16.916736,03 00 03 00 B3 48 BB 47,03000300,0.000000
1471,0,0x10F,STD,8,2026-01-28T18:47:16.973750,03 00 03 00 58 FD 5A 3D,03000300,0.000000
1472,0,0x110,STD,8,2026-01-28T18:47:16.997755,03 00 03 00 4E 5D 15 48,03000300,0.000000
1473,0,0x10F,STD,8,2026-01-28T18:47:17.054300,03 00 03 00 9A 2E 86 3D,03000300,0.000000
1474,0,0x110,STD,8,2026-01-28T18:47:17.078306,03 00 03 00 DA 77 80 47,03000300,0.000000
1475,0,0x10F,STD,8,2026-01-28T18:47:17.135319,03 00 03 00 C3 81 36 3D,03000300,0.000000
1476,0,0x110,STD,8,2026-01-28T18:47:17.159324,03 00 03 00 A5 BB 67 47,03000300,0.000000
1477,0,0x10F,STD,8,2026-01-28T18:47:17.216337,03 00 03 00 FA 6E 8A 3D,03000300,0.000000
1478,0,0x110,STD,8,2026-01-28T18:47:17.240342,03 00 03 00 DB A2 34 48,03000300,0.000000
1479,0,0x10F,STD,8,2026-01-28T18:47:17.297355,03 00 03 00 08 CF 56 3D,03000300,0.000000
1480,0,0x110,STD,8,2026-01-28T18:47:17.310358,03 00 03 00 98 5F 34 48,03000300,0.000000
1481,0,0x10F,STD,8,2026-01-28T18:47:17.367371,03 00 03 00 9A 9D 72 3D,03000300,0.000000
1482,0,0x110,STD,8,2026-01-28T18:47:17.391376,03 00 03 00 4B 17 37 48,03000300,0.000000
1483,0,0x10F,STD,8,2026-01-28T18:47:17.448389,03 00 03 00 D0 FD 61 3D,03000300,0.000000
1484,0,0x110,STD,8,2026-01-28T18:47:17.472394,03 00 03 00 FA A3 B0 47,03000300,0.000000
1485,0,0x110,STD,8,2026-01-28T18:47:17.485397,03 00 01 00 00 00 00 00,03000100,0.000000
1486,0,0x10F,STD,8,2026-01-28T18:47:17.485397,03 00 02 00 41 E9 26 41,03000200,0.000000
1487,0,0x110,STD,8,2026-01-28T18:47:17.485397,03 00 02 00 41 E9 26 41,03000200,0.000000
1488,0,0x10F,STD,8,2026-01-28T18:47:17.485397,03 00 01 00 00 00 00 00,03000100,0.000000
1489,0,0x10F,STD,8,2026-01-28T18:47:17.531408,03 00 03 00 75 73 6C 3D,03000300,0.000000
1490,0,0x110,STD,8,2026-01-28T18:47:17.555413,03 00 03 00 2F 58 AE 47,03000300,0.000000
1491,0,0x10F,STD,8,2026-01-28T18:47:17.612426,03 00 03 00 A9 66 8C 3D,03000300,0.000000
1492,0,0x110,STD,8,2026-01-28T18:47:17.636431,03 00 03 00 FA D9 00 48,03000300,0.000000
1493,0,0x10F,STD,8,2026-01-28T18:47:17.693444,03 00 03 00 DB 38 5A 3D,03000300,0.000000
1494,0,0x110,STD,8,2026-01-28T18:47:17.717450,03 00 03 00 8F F0 30 48,03000300,0.000000
1495,0,0x10F,STD,8,2026-01-28T18:47:17.774462,03 00 03 00 EE E8 8B 3D,03000300,0.000000
1496,0,0x110,STD,8,2026-01-28T18:47:17.798468,03 00 03 00 5E 4C A3 48,03000300,0.000000
1497,0,0x10F,STD,8,2026-01-28T18:47:17.844478,03 00 03 00 32 F5 53 3D,03000300,0.000000
1498,0,0x110,STD,8,2026-01-28T18:47:17.868484,03 00 03 00 90 FB C1 48,03000300,0.000000
1499,0,0x10F,STD,8,2026-01-28T18:47:17.925497,03 00 03 00 6E 88 84 3D,03000300,0.000000
1500,0,0x110,STD,8,2026-01-28T18:47:17.949502,03 00 03 00 E7 14 9B 48,03000300,0.000000
1501,0,0x10F,STD,8,2026-01-28T18:47:18.006515,03 00 03 00 FD F5 70 3D,03000300,0.000000
1502,0,0x110,STD,8,2026-01-28T18:47:18.030520,03 00 03 00 02 89 89 48,03000300,0.000000
1503,0,0x10F,STD,8,2026-01-28T18:47:18.087533,03 00 03 00 46 3A 47 3D,03000300,0.000000
1504,0,0x110,STD,8,2026-01-28T18:47:18.111539,03 00 03 00 97 83 9C 48,03000300,0.000000
1505,0,0x10F,STD,8,2026-01-28T18:47:18.168551,03 00 03 00 FE C9 73 3D,03000300,0.000000
1506,0,0x110,STD,8,2026-01-28T18:47:18.192557,03 00 03 00 F0 4B E6 47,03000300,0.000000
1507,0,0x10F,STD,8,2026-01-28T18:47:18.249570,03 00 03 00 4D F3 E3 3C,03000300,0.000000
1508,0,0x110,STD,8,2026-01-28T18:47:18.273575,03 00 03 00 25 3B E7 47,03000300,0.000000
1509,0,0x10F,STD,8,2026-01-28T18:47:18.330255,03 00 03 00 63 BD 60 3D,03000300,0.000000
1510,0,0x110,STD,8,2026-01-28T18:47:18.358067,03 00 03 00 1F E6 25 48,03000300,0.000000
1511,0,0x10F,STD,8,2026-01-28T18:47:18.405064,03 00 03 00 33 C0 3A 3D,03000300,0.000000
1512,0,0x110,STD,8,2026-01-28T18:47:18.428113,03 00 03 00 C9 26 D7 47,03000300,0.000000
1513,0,0x10F,STD,8,2026-01-28T18:47:18.485126,03 00 03 00 AD FA 14 3D,03000300,0.000000
1514,0,0x110,STD,8,2026-01-28T18:47:18.508673,03 00 03 00 A1 D1 A1 48,03000300,0.000000
1515,0,0x110,STD,8,2026-01-28T18:47:18.543680,03 00 01 00 00 00 00 00,03000100,0.000000
1516,0,0x110,STD,8,2026-01-28T18:47:18.543680,03 00 02 00 E9 3B 23 41,03000200,0.000000
1517,0,0x10F,STD,8,2026-01-28T18:47:18.543680,03 00 01 00 00 00 00 00,03000100,0.000000
1518,0,0x110,STD,8,2026-01-28T18:47:18.543680,03 00 01 00 00 00 00 00,03000100,0.000000
1519,0,0x10F,STD,8,2026-01-28T18:47:18.567686,03 00 03 00 97 53 5C 3D,03000300,0.000000
1520,0,0x110,STD,8,2026-01-28T18:47:18.591692,03 00 03 00 F3 15 78 48,03000300,0.000000
1521,0,0x10F,STD,8,2026-01-28T18:47:18.648239,03 00 03 00 A7 4A 03 3D,03000300,0.000000
1522,0,0x110,STD,8,2026-01-28T18:47:18.672053,03 00 03 00 85 79 DE 47,03000300,0.000000
1523,0,0x10F,STD,8,2026-01-28T18:47:18.729066,03 00 03 00 8B FA 3F 3D,03000300,0.000000
1524,0,0x110,STD,8,2026-01-28T18:47:18.753072,03 00 03 00 9F E8 BE 48,03000300,0.000000
1525,0,0x10F,STD,8,2026-01-28T18:47:18.810084,03 00 03 00 9F B2 19 3D,03000300,0.000000
1526,0,0x110,STD,8,2026-01-28T18:47:18.833649,03 00 03 00 F5 AF E2 48,03000300,0.000000
1527,0,0x10F,STD,8,2026-01-28T18:47:18.890663,03 00 03 00 3E 8F 18 3D,03000300,0.000000
1528,0,0x110,STD,8,2026-01-28T18:47:18.914172,03 00 03 00 DA FB 19 48,03000300,0.000000
1529,0,0x10F,STD,8,2026-01-28T18:47:18.960183,03 00 03 00 72 46 1A 3D,03000300,0.000000
1530,0,0x110,STD,8,2026-01-28T18:47:18.984039,03 00 03 00 6E 21 2A 48,03000300,0.000000
1531,0,0x10F,STD,8,2026-01-28T18:47:19.041053,03 00 03 00 02 84 07 3D,03000300,0.000000
1532,0,0x110,STD,8,2026-01-28T18:47:19.076041,03 00 03 00 C2 B5 32 48,03000300,0.000000
1533,0,0x10F,STD,8,2026-01-28T18:47:19.122051,03 00 03 00 D8 90 0B 3D,03000300,0.000000
1534,0,0x110,STD,8,2026-01-28T18:47:19.146056,03 00 03 00 AE 35 E4 48,03000300,0.000000
1535,0,0x10F,STD,8,2026-01-28T18:47:19.203069,03 00 03 00 6B DE 22 3D,03000300,0.000000
1536,0,0x110,STD,8,2026-01-28T18:47:19.227074,03 00 03 00 C2 D7 82 48,03000300,0.000000
1537,0,0x10F,STD,8,2026-01-28T18:47:19.284087,03 00 03 00 80 72 07 3D,03000300,0.000000
1538,0,0x110,STD,8,2026-01-28T18:47:19.308092,03 00 03 00 20 F4 D5 48,03000300,0.000000
1539,0,0x10F,STD,8,2026-01-28T18:47:19.365106,03 00 03 00 57 16 04 3D,03000300,0.000000
1540,0,0x110,STD,8,2026-01-28T18:47:19.389111,03 00 03 00 D5 77 09 49,03000300,0.000000
1541,0,0x10F,STD,8,2026-01-28T18:47:19.446124,03 00 03 00 E9 81 76 3D,03000300,0.000000
1542,0,0x110,STD,8,2026-01-28T18:47:19.470129,03 00 03 00 18 90 90 48,03000300,0.000000
1543,0,0x10F,STD,8,2026-01-28T18:47:19.527142,03 00 03 00 89 2F 31 3D,03000300,0.000000
1544,0,0x110,STD,8,2026-01-28T18:47:19.551147,03 00 03 00 44 B5 B7 48,03000300,0.000000
1545,0,0x10F,STD,8,2026-01-28T18:47:19.597158,03 00 02 00 E9 3B 23 41,03000200,0.000000
1546,0,0x10F,STD,8,2026-01-28T18:47:19.597158,03 00 01 00 00 00 00 00,03000100,0.000000
1547,0,0x110,STD,8,2026-01-28T18:47:19.597158,03 00 01 00 00 00 00 00,03000100,0.000000
1548,0,0x10F,STD,8,2026-01-28T18:47:19.597158,03 00 02 00 EE 75 2D 41,03000200,0.000000
1549,0,0x110,STD,8,2026-01-28T18:47:19.622163,03 00 03 00 24 33 D5 47,03000300,0.000000
1550,0,0x10F,STD,8,2026-01-28T18:47:19.679177,03 00 03 00 37 49 81 3D,03000300,0.000000
1551,0,0x110,STD,8,2026-01-28T18:47:19.703181,03 00 03 00 D9 58 A4 48,03000300,0.000000
1552,0,0x10F,STD,8,2026-01-28T18:47:19.760194,03 00 03 00 6A 9B 2F 3D,03000300,0.000000
1553,0,0x110,STD,8,2026-01-28T18:47:19.784200,03 00 03 00 C5 D7 28 48,03000300,0.000000
1554,0,0x10F,STD,8,2026-01-28T18:47:19.841213,03 00 03 00 15 75 8D 3D,03000300,0.000000
1555,0,0x110,STD,8,2026-01-28T18:47:19.865218,03 00 03 00 A4 F7 01 48,03000300,0.000000
1556,0,0x10F,STD,8,2026-01-28T18:47:19.922231,03 00 03 00 31 81 53 3D,03000300,0.000000
1557,0,0x110,STD,8,2026-01-28T18:47:19.946236,03 00 03 00 3E 76 71 48,03000300,0.000000
1558,0,0x10F,STD,8,2026-01-28T18:47:20.003249,03 00 03 00 B5 4B 4F 3D,03000300,0.000000
1559,0,0x110,STD,8,2026-01-28T18:47:20.027254,03 00 03 00 B2 F8 1B 48,03000300,0.000000
1560,0,0x10F,STD,8,2026-01-28T18:47:20.084267,03 00 03 00 4C 6F 5A 3D,03000300,0.000000
1561,0,0x110,STD,8,2026-01-28T18:47:20.108273,03 00 03 00 C1 7F D4 48,03000300,0.000000
1562,0,0x10F,STD,8,2026-01-28T18:47:20.165286,03 00 03 00 DA 30 2B 3D,03000300,0.000000
1563,0,0x110,STD,8,2026-01-28T18:47:20.189291,03 00 03 00 76 48 E5 48,03000300,0.000000
1564,0,0x10F,STD,8,2026-01-28T18:47:20.235301,03 00 03 00 80 71 64 3D,03000300,0.000000
1565,0,0x110,STD,8,2026-01-28T18:47:20.270309,03 00 03 00 4E 75 AB 48,03000300,0.000000
1566,0,0x10F,STD,8,2026-01-28T18:47:20.316320,03 00 03 00 38 29 04 3D,03000300,0.000000
1567,0,0x110,STD,8,2026-01-28T18:47:20.340325,03 00 03 00 D3 BB CF 48,03000300,0.000000
1568,0,0x10F,STD,8,2026-01-28T18:47:20.402841,03 00 03 00 45 BE 29 3D,03000300,0.000000
1569,0,0x110,STD,8,2026-01-28T18:47:20.426847,03 00 03 00 5E 10 0F 49,03000300,0.000000
1570,0,0x10F,STD,8,2026-01-28T18:47:20.483860,03 00 03 00 58 05 46 3D,03000300,0.000000
1571,0,0x110,STD,8,2026-01-28T18:47:20.507865,03 00 03 00 C0 6C 22 49,03000300,0.000000
1572,0,0x10F,STD,8,2026-01-28T18:47:20.553875,03 00 03 00 FF 50 5E 3D,03000300,0.000000
1573,0,0x110,STD,8,2026-01-28T18:47:20.577881,03 00 03 00 D0 68 D1 48,03000300,0.000000
1574,0,0x10F,STD,8,2026-01-28T18:47:20.634894,03 00 03 00 BF 97 80 3D,03000300,0.000000
1575,0,0x110,STD,8,2026-01-28T18:47:20.636894,03 00 02 00 EE 75 2D 41,03000200,0.000000
1576,0,0x10F,STD,8,2026-01-28T18:47:20.636894,03 00 02 00 F5 CF 2A 41,03000200,0.000000
1577,0,0x110,STD,8,2026-01-28T18:47:20.636894,03 00 02 00 F5 CF 2A 41,03000200,0.000000
1578,0,0x10F,STD,8,2026-01-28T18:47:20.636894,03 00 01 00 00 00 00 00,03000100,0.000000
1579,0,0x110,STD,8,2026-01-28T18:47:20.660900,03 00 03 00 F3 99 E9 48,03000300,0.000000
1580,0,0x10F,STD,8,2026-01-28T18:47:20.717912,03 00 03 00 CA EB 83 3D,03000300,0.000000
1581,0,0x110,STD,8,2026-01-28T18:47:20.741918,03 00 03 00 5D 36 49 48,03000300,0.000000
1582,0,0x10F,STD,8,2026-01-28T18:47:20.798930,03 00 03 00 0F 6D 8D 3D,03000300,0.000000
1583,0,0x110,STD,8,2026-01-28T18:47:20.822936,03 00 03 00 32 F2 02 48,03000300,0.000000
1584,0,0x10F,STD,8,2026-01-28T18:47:20.879949,03 00 03 00 BB 94 77 3D,03000300,0.000000
1585,0,0x110,STD,8,2026-01-28T18:47:20.903955,03 00 03 00 65 4D 41 48,03000300,0.000000
1586,0,0x10F,STD,8,2026-01-28T18:47:20.960967,03 00 03 00 46 E2 91 3D,03000300,0.000000
1587,0,0x110,STD,8,2026-01-28T18:47:20.984474,03 00 03 00 25 6C AB 48,03000300,0.000000
1588,0,0x10F,STD,8,2026-01-28T18:47:21.040990,03 00 03 00 0F 52 53 3D,03000300,0.000000
1589,0,0x110,STD,8,2026-01-28T18:47:21.064996,03 00 03 00 CA CD D9 48,03000300,0.000000
1590,0,0x10F,STD,8,2026-01-28T18:47:21.114006,03 00 03 00 1D E5 33 3D,03000300,0.000000
1591,0,0x110,STD,8,2026-01-28T18:47:21.138514,03 00 03 00 D5 BB 2D 48,03000300,0.000000
1592,0,0x10F,STD,8,2026-01-28T18:47:21.195528,03 00 03 00 46 3E 2A 3D,03000300,0.000000
1593,0,0x110,STD,8,2026-01-28T18:47:21.219534,03 00 03 00 2A F9 5D 48,03000300,0.000000
1594,0,0x10F,STD,8,2026-01-28T18:47:21.276546,03 00 03 00 AF BE 17 3D,03000300,0.000000
1595,0,0x110,STD,8,2026-01-28T18:47:21.300055,03 00 03 00 9F DB 86 48,03000300,0.000000
1596,0,0x10F,STD,8,2026-01-28T18:47:21.357068,03 00 03 00 15 AF 40 3D,03000300,0.000000
1597,0,0x110,STD,8,2026-01-28T18:47:21.380577,03 00 03 00 CE 29 B8 48,03000300,0.000000
1598,0,0x10F,STD,8,2026-01-28T18:47:21.436613,03 00 03 00 0B 04 06 3D,03000300,0.000000
1599,0,0x110,STD,8,2026-01-28T18:47:21.460619,03 00 03 00 31 BB 94 48,03000300,0.000000
1600,0,0x10F,STD,8,2026-01-28T18:47:21.517388,03 00 03 00 CD D9 5D 3D,03000300,0.000000
1601,0,0x110,STD,8,2026-01-28T18:47:21.541973,03 00 03 00 6E 38 9C 48,03000300,0.000000
1602,0,0x10F,STD,8,2026-01-28T18:47:21.598489,03 00 03 00 B2 20 21 3D,03000300,0.000000
1603,0,0x110,STD,8,2026-01-28T18:47:21.622495,03 00 03 00 67 D3 B3 48,03000300,0.000000
1604,0,0x10F,STD,8,2026-01-28T18:47:21.679508,03 00 03 00 53 A6 E4 3C,03000300,0.000000
1605,0,0x110,STD,8,2026-01-28T18:47:21.679508,03 00 01 00 00 00 00 00,03000100,0.000000
1606,0,0x110,STD,8,2026-01-28T18:47:21.679508,03 00 02 00 02 C5 42 41,03000200,0.000000
1607,0,0x10F,STD,8,2026-01-28T18:47:21.679508,03 00 01 00 00 00 00 00,03000100,0.000000
1608,0,0x110,STD,8,2026-01-28T18:47:21.679508,03 00 01 00 00 00 00 00,03000100,0.000000
1609,0,0x110,STD,8,2026-01-28T18:47:21.704513,03 00 03 00 FB FC 6E 48,03000300,0.000000
1610,0,0x10F,STD,8,2026-01-28T18:47:21.760537,03 00 03 00 C8 63 25 3D,03000300,0.000000
1611,0,0x110,STD,8,2026-01-28T18:47:21.784542,03 00 03 00 62 67 DF 47,03000300,0.000000
1612,0,0x10F,STD,8,2026-01-28T18:47:21.830099,03 00 03 00 83 C7 C5 3C,03000300,0.000000
1613,0,0x110,STD,8,2026-01-28T18:47:21.853608,03 00 03 00 D4 CC 92 47,03000300,0.000000
1614,0,0x10F,STD,8,2026-01-28T18:47:21.910621,03 00 03 00 A7 4A 24 3D,03000300,0.000000
1615,0,0x110,STD,8,2026-01-28T18:47:21.934626,03 00 03 00 64 03 3A 48,03000300,0.000000
1616,0,0x10F,STD,8,2026-01-28T18:47:21.996584,03 00 03 00 D1 61 21 3D,03000300,0.000000
1617,0,0x110,STD,8,2026-01-28T18:47:22.020119,03 00 03 00 8A 12 ED 48,03000300,0.000000
1618,0,0x10F,STD,8,2026-01-28T18:47:22.077132,03 00 03 00 DA 60 56 3D,03000300,0.000000
1619,0,0x110,STD,8,2026-01-28T18:47:22.101138,03 00 03 00 DC 3F 08 49,03000300,0.000000
1620,0,0x10F,STD,8,2026-01-28T18:47:22.158151,03 00 03 00 62 4C 78 3D,03000300,0.000000
1621,0,0x110,STD,8,2026-01-28T18:47:22.182156,03 00 03 00 27 52 41 48,03000300,0.000000
1622,0,0x10F,STD,8,2026-01-28T18:47:22.228166,03 00 03 00 26 D8 63 3D,03000300,0.000000
1623,0,0x110,STD,8,2026-01-28T18:47:22.262452,03 00 03 00 8D 2D 3F 48,03000300,0.000000
1624,0,0x10F,STD,8,2026-01-28T18:47:22.308463,03 00 03 00 4E 81 94 3D,03000300,0.000000
1625,0,0x110,STD,8,2026-01-28T18:47:22.332468,03 00 03 00 B7 10 CA 47,03000300,0.000000
1626,0,0x10F,STD,8,2026-01-28T18:47:22.395483,03 00 03 00 FE DA 45 3D,03000300,0.000000
1627,0,0x110,STD,8,2026-01-28T18:47:22.419488,03 00 03 00 90 9D 32 48,03000300,0.000000
1628,0,0x10F,STD,8,2026-01-28T18:47:22.476005,03 00 03 00 71 7D 85 3D,03000300,0.000000
1629,0,0x110,STD,8,2026-01-28T18:47:22.500010,03 00 03 00 04 8A 9E 47,03000300,0.000000
1630,0,0x10F,STD,8,2026-01-28T18:47:22.557023,03 00 03 00 DD DD 4E 3D,03000300,0.000000
1631,0,0x110,STD,8,2026-01-28T18:47:22.581028,03 00 03 00 97 23 81 48,03000300,0.000000
1632,0,0x10F,STD,8,2026-01-28T18:47:22.627039,03 00 03 00 30 0D 5C 3D,03000300,0.000000
1633,0,0x110,STD,8,2026-01-28T18:47:22.651044,03 00 03 00 DF CA 3C 48,03000300,0.000000
1634,0,0x10F,STD,8,2026-01-28T18:47:22.707449,03 00 03 00 C7 58 84 3D,03000300,0.000000
1635,0,0x10F,STD,8,2026-01-28T18:47:22.731454,03 00 02 00 02 C5 42 41,03000200,0.000000
1636,0,0x110,STD,8,2026-01-28T18:47:22.731454,03 00 03 00 96 58 A8 48,03000300,0.000000
1637,0,0x10F,STD,8,2026-01-28T18:47:22.731454,03 00 02 00 02 C5 42 41,03000200,0.000000
1638,0,0x110,STD,8,2026-01-28T18:47:22.731454,03 00 02 00 02 C5 42 41,03000200,0.000000
1639,0,0x10F,STD,8,2026-01-28T18:47:22.731454,03 00 01 00 00 00 00 00,03000100,0.000000
1640,0,0x10F,STD,8,2026-01-28T18:47:22.788467,03 00 03 00 9A 5C 71 3D,03000300,0.000000
1641,0,0x110,STD,8,2026-01-28T18:47:22.812473,03 00 03 00 E4 BC C7 48,03000300,0.000000
1642,0,0x10F,STD,8,2026-01-28T18:47:22.869485,03 00 03 00 E3 7C 8E 3D,03000300,0.000000
1643,0,0x110,STD,8,2026-01-28T18:47:22.893491,03 00 03 00 80 99 F0 47,03000300,0.000000
1644,0,0x10F,STD,8,2026-01-28T18:47:22.950504,03 00 03 00 CB 08 3E 3D,03000300,0.000000
1645,0,0x110,STD,8,2026-01-28T18:47:22.974509,03 00 03 00 82 EB 14 48,03000300,0.000000
1646,0,0x10F,STD,8,2026-01-28T18:47:23.031522,03 00 03 00 07 D8 89 3D,03000300,0.000000
1647,0,0x110,STD,8,2026-01-28T18:47:23.055527,03 00 03 00 50 7B CE 47,03000300,0.000000
1648,0,0x10F,STD,8,2026-01-28T18:47:23.112540,03 00 03 00 B1 37 50 3D,03000300,0.000000
1649,0,0x110,STD,8,2026-01-28T18:47:23.136545,03 00 03 00 86 11 31 48,03000300,0.000000
1650,0,0x10F,STD,8,2026-01-28T18:47:23.192920,03 00 03 00 67 14 8B 3D,03000300,0.000000
1651,0,0x110,STD,8,2026-01-28T18:47:23.216925,03 00 03 00 3A 69 78 48,03000300,0.000000
1652,0,0x10F,STD,8,2026-01-28T18:47:23.273913,03 00 03 00 C5 B8 71 3D,03000300,0.000000
1653,0,0x110,STD,8,2026-01-28T18:47:23.297919,03 00 03 00 B2 17 A8 48,03000300,0.000000
1654,0,0x10F,STD,8,2026-01-28T18:47:23.343929,03 00 03 00 DE CE 29 3D,03000300,0.000000
1655,0,0x110,STD,8,2026-01-28T18:47:23.367934,03 00 03 00 CB 16 34 48,03000300,0.000000
1656,0,0x10F,STD,8,2026-01-28T18:47:23.424948,03 00 03 00 25 07 6D 3D,03000300,0.000000
1657,0,0x110,STD,8,2026-01-28T18:47:23.448373,03 00 03 00 9D ED FE 46,03000300,0.000000
1658,0,0x10F,STD,8,2026-01-28T18:47:23.505386,03 00 03 00 5C 98 31 3D,03000300,0.000000
1659,0,0x110,STD,8,2026-01-28T18:47:23.529392,03 00 03 00 15 C6 94 47,03000300,0.000000
1660,0,0x10F,STD,8,2026-01-28T18:47:23.586404,03 00 03 00 98 80 6B 3D,03000300,0.000000
1661,0,0x110,STD,8,2026-01-28T18:47:23.610325,03 00 03 00 5C 60 DA 47,03000300,0.000000
1662,0,0x10F,STD,8,2026-01-28T18:47:23.667338,03 00 03 00 75 C5 36 3D,03000300,0.000000
1663,0,0x110,STD,8,2026-01-28T18:47:23.691196,03 00 03 00 90 79 04 48,03000300,0.000000
1664,0,0x10F,STD,8,2026-01-28T18:47:23.748209,03 00 03 00 82 3B 5C 3D,03000300,0.000000
1665,0,0x110,STD,8,2026-01-28T18:47:23.772214,03 00 03 00 83 22 04 48,03000300,0.000000
1666,0,0x110,STD,8,2026-01-28T18:47:23.785217,03 00 01 00 00 00 00 00,03000100,0.000000
1667,0,0x10F,STD,8,2026-01-28T18:47:23.785217,03 00 02 00 16 66 4A 41,03000200,0.000000
1668,0,0x110,STD,8,2026-01-28T18:47:23.787169,03 00 02 00 16 66 4A 41,03000200,0.000000
1669,0,0x10F,STD,8,2026-01-28T18:47:23.787169,03 00 01 00 00 00 00 00,03000100,0.000000
1670,0,0x10F,STD,8,2026-01-28T18:47:23.822177,03 00 03 00 28 42 8C 3D,03000300,0.000000
1671,0,0x110,STD,8,2026-01-28T18:47:23.845910,03 00 03 00 48 FA 7D 48,03000300,0.000000
1672,0,0x10F,STD,8,2026-01-28T18:47:23.902922,03 00 03 00 2A 40 24 3D,03000300,0.000000
1673,0,0x110,STD,8,2026-01-28T18:47:23.926929,03 00 03 00 3D 69 A4 48,03000300,0.000000
1674,0,0x10F,STD,8,2026-01-28T18:47:23.983941,03 00 03 00 68 4A 4C 3D,03000300,0.000000
1675,0,0x110,STD,8,2026-01-28T18:47:24.007946,03 00 03 00 41 8F 88 48,03000300,0.000000
1676,0,0x10F,STD,8,2026-01-28T18:47:24.064887,03 00 03 00 73 22 3D 3D,03000300,0.000000
1677,0,0x110,STD,8,2026-01-28T18:47:24.088892,03 00 03 00 C3 8D 89 48,03000300,0.000000
1678,0,0x10F,STD,8,2026-01-28T18:47:24.145905,03 00 03 00 75 5C 1F 3D,03000300,0.000000
1679,0,0x110,STD,8,2026-01-28T18:47:24.169911,03 00 03 00 DE CB 31 48,03000300,0.000000
1680,0,0x10F,STD,8,2026-01-28T18:47:24.226923,03 00 03 00 32 A3 1E 3D,03000300,0.000000
1681,0,0x110,STD,8,2026-01-28T18:47:24.250929,03 00 03 00 69 52 AE 48,03000300,0.000000
1682,0,0x10F,STD,8,2026-01-28T18:47:24.307942,03 00 03 00 BF 87 04 3D,03000300,0.000000
1683,0,0x110,STD,8,2026-01-28T18:47:24.331947,03 00 03 00 1A 3C 86 48,03000300,0.000000
1684,0,0x10F,STD,8,2026-01-28T18:47:24.383884,03 00 03 00 35 F6 81 3D,03000300,0.000000
1685,0,0x110,STD,8,2026-01-28T18:47:24.407889,03 00 03 00 CD 70 D2 47,03000300,0.000000
1686,0,0x10F,STD,8,2026-01-28T18:47:24.464325,03 00 03 00 B4 50 38 3D,03000300,0.000000
1687,0,0x110,STD,8,2026-01-28T18:47:24.488331,03 00 03 00 BF B3 75 48,03000300,0.000000
1688,0,0x10F,STD,8,2026-01-28T18:47:24.545343,03 00 03 00 78 BD 75 3D,03000300,0.000000
1689,0,0x110,STD,8,2026-01-28T18:47:24.569349,03 00 03 00 E8 6D 44 48,03000300,0.000000
1690,0,0x10F,STD,8,2026-01-28T18:47:24.626362,03 00 03 00 F1 C9 52 3D,03000300,0.000000
1691,0,0x110,STD,8,2026-01-28T18:47:24.650367,03 00 03 00 7F 35 B9 47,03000300,0.000000
1692,0,0x10F,STD,8,2026-01-28T18:47:24.707380,03 00 03 00 72 2D 65 3D,03000300,0.000000
1693,0,0x110,STD,8,2026-01-28T18:47:24.731385,03 00 03 00 15 2F 4A 48,03000300,0.000000
1694,0,0x10F,STD,8,2026-01-28T18:47:24.788399,03 00 03 00 CA EE 91 3D,03000300,0.000000
1695,0,0x110,STD,8,2026-01-28T18:47:24.812404,03 00 03 00 67 40 71 48,03000300,0.000000
1696,0,0x110,STD,8,2026-01-28T18:47:24.835912,03 00 01 00 00 00 00 00,03000100,0.000000
1697,0,0x10F,STD,8,2026-01-28T18:47:24.835912,03 00 02 00 79 A4 3F 41,03000200,0.000000
1698,0,0x110,STD,8,2026-01-28T18:47:24.835912,03 00 02 00 79 A4 3F 41,03000200,0.000000
1699,0,0x10F,STD,8,2026-01-28T18:47:24.835912,03 00 01 00 00 00 00 00,03000100,0.000000
1700,0,0x10F,STD,8,2026-01-28T18:47:24.859918,03 00 03 00 94 6F 2E 3D,03000300,0.000000
1701,0,0x110,STD,8,2026-01-28T18:47:24.883923,03 00 03 00 F4 C5 1F 48,03000300,0.000000
1702,0,0x10F,STD,8,2026-01-28T18:47:24.940936,03 00 03 00 40 5F 87 3D,03000300,0.000000
1703,0,0x110,STD,8,2026-01-28T18:47:24.971943,03 00 03 00 C1 50 B5 48,03000300,0.000000
1704,0,0x10F,STD,8,2026-01-28T18:47:25.017953,03 00 03 00 84 CD 54 3D,03000300,0.000000
1705,0,0x110,STD,8,2026-01-28T18:47:25.041959,03 00 03 00 94 87 1B 48,03000300,0.000000
1706,0,0x10F,STD,8,2026-01-28T18:47:25.098971,03 00 03 00 75 22 58 3D,03000300,0.000000
1707,0,0x110,STD,8,2026-01-28T18:47:25.122976,03 00 03 00 D3 B9 92 48,03000300,0.000000
1708,0,0x10F,STD,8,2026-01-28T18:47:25.179990,03 00 03 00 C8 F9 71 3D,03000300,0.000000
1709,0,0x110,STD,8,2026-01-28T18:47:25.203995,03 00 03 00 42 3D 40 48,03000300,0.000000
1710,0,0x10F,STD,8,2026-01-28T18:47:25.261008,03 00 03 00 40 66 3C 3D,03000300,0.000000
1711,0,0x110,STD,8,2026-01-28T18:47:25.285013,03 00 03 00 F8 03 48 48,03000300,0.000000
1712,0,0x10F,STD,8,2026-01-28T18:47:25.342026,03 00 03 00 E0 9B 89 3D,03000300,0.000000
1713,0,0x110,STD,8,2026-01-28T18:47:25.366032,03 00 03 00 16 15 D5 48,03000300,0.000000
1714,0,0x10F,STD,8,2026-01-28T18:47:25.422846,03 00 03 00 CA E9 71 3D,03000300,0.000000
1715,0,0x110,STD,8,2026-01-28T18:47:25.446852,03 00 03 00 E5 B4 48 48,03000300,0.000000
1716,0,0x10F,STD,8,2026-01-28T18:47:25.503865,03 00 03 00 79 69 93 3D,03000300,0.000000
1717,0,0x110,STD,8,2026-01-28T18:47:25.527871,03 00 03 00 A4 07 8C 48,03000300,0.000000
1718,0,0x10F,STD,8,2026-01-28T18:47:25.584883,03 00 03 00 A8 6B 5E 3D,03000300,0.000000
1719,0,0x110,STD,8,2026-01-28T18:47:25.608889,03 00 03 00 53 C7 A5 48,03000300,0.000000
1720,0,0x10F,STD,8,2026-01-28T18:47:25.665902,03 00 03 00 A5 C1 80 3D,03000300,0.000000
1721,0,0x110,STD,8,2026-01-28T18:47:25.678904,03 00 03 00 70 A7 B4 48,03000300,0.000000
1722,0,0x10F,STD,8,2026-01-28T18:47:25.735917,03 00 03 00 CC 3E 6F 3D,03000300,0.000000
1723,0,0x110,STD,8,2026-01-28T18:47:25.759923,03 00 03 00 67 4B D5 48,03000300,0.000000
1724,0,0x10F,STD,8,2026-01-28T18:47:25.816936,03 00 03 00 E5 FF 49 3D,03000300,0.000000
1725,0,0x110,STD,8,2026-01-28T18:47:25.840941,03 00 03 00 77 30 4D 48,03000300,0.000000
1726,0,0x110,STD,8,2026-01-28T18:47:25.875949,03 00 01 00 00 00 00 00,03000100,0.000000
1727,0,0x10F,STD,8,2026-01-28T18:47:25.875949,03 00 02 00 E7 EC 46 41,03000200,0.000000
1728,0,0x110,STD,8,2026-01-28T18:47:25.877949,03 00 01 00 00 00 00 00,03000100,0.000000
1729,0,0x110,STD,8,2026-01-28T18:47:25.877949,03 00 02 00 E7 EC 46 41,03000200,0.000000
1730,0,0x10F,STD,8,2026-01-28T18:47:25.901955,03 00 03 00 67 6C 6C 3D,03000300,0.000000
1731,0,0x110,STD,8,2026-01-28T18:47:25.925960,03 00 03 00 6C D7 13 48,03000300,0.000000
1732,0,0x10F,STD,8,2026-01-28T18:47:25.982973,03 00 03 00 50 3A 3D 3D,03000300,0.000000
1733,0,0x110,STD,8,2026-01-28T18:47:26.006978,03 00 03 00 C9 47 00 48,03000300,0.000000
1734,0,0x10F,STD,8,2026-01-28T18:47:26.066992,03 00 03 00 FA 9D 71 3D,03000300,0.000000
1735,0,0x110,STD,8,2026-01-28T18:47:26.079995,03 00 03 00 93 FD D0 47,03000300,0.000000
1736,0,0x10F,STD,8,2026-01-28T18:47:26.137008,03 00 03 00 21 05 68 3D,03000300,0.000000
1737,0,0x110,STD,8,2026-01-28T18:47:26.161013,03 00 03 00 42 2D 6F 48,03000300,0.000000
1738,0,0x10F,STD,8,2026-01-28T18:47:26.217371,03 00 03 00 B6 11 52 3D,03000300,0.000000
1739,0,0x110,STD,8,2026-01-28T18:47:26.241377,03 00 03 00 8D 9F 88 48,03000300,0.000000
1740,0,0x10F,STD,8,2026-01-28T18:47:26.298390,03 00 03 00 53 20 75 3D,03000300,0.000000
1741,0,0x110,STD,8,2026-01-28T18:47:26.322395,03 00 03 00 1E 25 3B 48,03000300,0.000000
1742,0,0x10F,STD,8,2026-01-28T18:47:26.374833,03 00 03 00 BE 66 19 3D,03000300,0.000000
1743,0,0x110,STD,8,2026-01-28T18:47:26.398193,03 00 03 00 2C F0 58 48,03000300,0.000000
1744,0,0x10F,STD,8,2026-01-28T18:47:26.454240,03 00 03 00 4D B8 1B 3D,03000300,0.000000
1745,0,0x110,STD,8,2026-01-28T18:47:26.478245,03 00 03 00 D7 6F 17 48,03000300,0.000000
1746,0,0x10F,STD,8,2026-01-28T18:47:26.535258,03 00 03 00 BB E8 C8 3C,03000300,0.000000
1747,0,0x110,STD,8,2026-01-28T18:47:26.559264,03 00 03 00 57 1E 94 48,03000300,0.000000
1748,0,0x10F,STD,8,2026-01-28T18:47:26.615821,03 00 03 00 D9 46 F4 3C,03000300,0.000000
1749,0,0x110,STD,8,2026-01-28T18:47:26.639827,03 00 03 00 5D 5A 73 48,03000300,0.000000
1750,0,0x10F,STD,8,2026-01-28T18:47:26.696840,03 00 03 00 07 95 06 3D,03000300,0.000000
1751,0,0x110,STD,8,2026-01-28T18:47:26.720845,03 00 03 00 CC A2 19 48,03000300,0.000000
1752,0,0x10F,STD,8,2026-01-28T18:47:26.777811,03 00 03 00 9F A4 04 3D,03000300,0.000000
1753,0,0x110,STD,8,2026-01-28T18:47:26.801816,03 00 03 00 1B 84 1C 48,03000300,0.000000
1754,0,0x10F,STD,8,2026-01-28T18:47:26.858829,03 00 03 00 5C B0 39 3D,03000300,0.000000
1755,0,0x110,STD,8,2026-01-28T18:47:26.882171,03 00 03 00 89 7C 23 48,03000300,0.000000
1756,0,0x10F,STD,8,2026-01-28T18:47:26.939184,03 00 01 00 00 00 00 00,03000100,0.000000
1757,0,0x10F,STD,8,2026-01-28T18:47:26.939184,03 00 03 00 63 2F FA 3C,03000300,0.000000
1758,0,0x110,STD,8,2026-01-28T18:47:26.939797,03 00 02 00 E7 EC 46 41,03000200,0.000000
1759,0,0x10F,STD,8,2026-01-28T18:47:26.939797,03 00 01 00 00 00 00 00,03000100,0.000000
1760,0,0x110,STD,8,2026-01-28T18:47:26.939797,03 00 01 00 00 00 00 00,03000100,0.000000
1761,0,0x110,STD,8,2026-01-28T18:47:26.963804,03 00 03 00 72 9E 0F 48,03000300,0.000000
1762,0,0x10F,STD,8,2026-01-28T18:47:27.009814,03 00 03 00 DA C1 41 3D,03000300,0.000000
1763,0,0x110,STD,8,2026-01-28T18:47:27.044326,03 00 03 00 8C A1 18 48,03000300,0.000000
1764,0,0x10F,STD,8,2026-01-28T18:47:27.089975,03 00 03 00 EE D7 0F 3D,03000300,0.000000
1765,0,0x110,STD,8,2026-01-28T18:47:27.113980,03 00 03 00 A2 E2 1A 48,03000300,0.000000
1766,0,0x10F,STD,8,2026-01-28T18:47:27.170494,03 00 03 00 EE 8A 52 3D,03000300,0.000000
1767,0,0x110,STD,8,2026-01-28T18:47:27.194500,03 00 03 00 BB 03 9E 47,03000300,0.000000
1768,0,0x10F,STD,8,2026-01-28T18:47:27.251512,03 00 03 00 68 E6 3E 3D,03000300,0.000000
1769,0,0x110,STD,8,2026-01-28T18:47:27.275517,03 00 03 00 73 C6 64 48,03000300,0.000000
1770,0,0x10F,STD,8,2026-01-28T18:47:27.332033,03 00 03 00 59 AC DA 3C,03000300,0.000000
1771,0,0x110,STD,8,2026-01-28T18:47:27.356039,03 00 03 00 38 EC 8E 48,03000300,0.000000
1772,0,0x10F,STD,8,2026-01-28T18:47:27.413051,03 00 03 00 2C 20 58 3D,03000300,0.000000
1773,0,0x110,STD,8,2026-01-28T18:47:27.437057,03 00 03 00 7B 3C 32 48,03000300,0.000000
1774,0,0x10F,STD,8,2026-01-28T18:47:27.494070,03 00 03 00 3A 6F D0 3C,03000300,0.000000
1775,0,0x110,STD,8,2026-01-28T18:47:27.518075,03 00 03 00 37 14 CE 48,03000300,0.000000
1776,0,0x10F,STD,8,2026-01-28T18:47:27.575088,03 00 03 00 03 13 70 3D,03000300,0.000000
1777,0,0x110,STD,8,2026-01-28T18:47:27.599093,03 00 03 00 72 2B 77 48,03000300,0.000000
1778,0,0x10F,STD,8,2026-01-28T18:47:27.656105,03 00 03 00 1F 49 59 3D,03000300,0.000000
1779,0,0x110,STD,8,2026-01-28T18:47:27.680111,03 00 03 00 E5 43 09 48,03000300,0.000000
1780,0,0x10F,STD,8,2026-01-28T18:47:27.737125,03 00 03 00 A7 68 53 3D,03000300,0.000000
1781,0,0x110,STD,8,2026-01-28T18:47:27.761130,03 00 03 00 27 D9 3D 48,03000300,0.000000
1782,0,0x10F,STD,8,2026-01-28T18:47:27.818143,03 00 03 00 BF 2C 58 3D,03000300,0.000000
1783,0,0x110,STD,8,2026-01-28T18:47:27.842148,03 00 03 00 24 EA A0 48,03000300,0.000000
1784,0,0x10F,STD,8,2026-01-28T18:47:27.888159,03 00 03 00 86 87 22 3D,03000300,0.000000
1785,0,0x110,STD,8,2026-01-28T18:47:27.912164,03 00 03 00 53 78 83 48,03000300,0.000000
1786,0,0x10F,STD,8,2026-01-28T18:47:27.975178,03 00 03 00 66 77 44 3D,03000300,0.000000
1787,0,0x10F,STD,8,2026-01-28T18:47:27.975178,03 00 02 00 E7 EC 46 41,03000200,0.000000
1788,0,0x10F,STD,8,2026-01-28T18:47:27.975178,03 00 02 00 6B 2B 36 41,03000200,0.000000
1789,0,0x110,STD,8,2026-01-28T18:47:27.975178,03 00 02 00 6B 2B 36 41,03000200,0.000000
1790,0,0x10F,STD,8,2026-01-28T18:47:27.975178,03 00 01 00 00 00 00 00,03000100,0.000000
1791,0,0x110,STD,8,2026-01-28T18:47:28.000184,03 00 03 00 37 F4 DB 47,03000300,0.000000
1792,0,0x10F,STD,8,2026-01-28T18:47:28.057196,03 00 03 00 D9 B6 0B 3D,03000300,0.000000
1793,0,0x110,STD,8,2026-01-28T18:47:28.081202,03 00 03 00 C5 5D 6E 48,03000300,0.000000
1794,0,0x10F,STD,8,2026-01-28T18:47:28.127212,03 00 03 00 54 36 5C 3D,03000300,0.000000
1795,0,0x110,STD,8,2026-01-28T18:47:28.151218,03 00 03 00 87 70 CB 48,03000300,0.000000
1796,0,0x10F,STD,8,2026-01-28T18:47:28.208231,03 00 03 00 5B 92 36 3D,03000300,0.000000
1797,0,0x110,STD,8,2026-01-28T18:47:28.232236,03 00 03 00 5D EE 4C 48,03000300,0.000000
1798,0,0x10F,STD,8,2026-01-28T18:47:28.288753,03 00 03 00 49 96 2E 3D,03000300,0.000000
1799,0,0x110,STD,8,2026-01-28T18:47:28.312758,03 00 03 00 A0 60 81 48,03000300,0.000000
1800,0,0x10F,STD,8,2026-01-28T18:47:28.374772,03 00 03 00 77 1B 7D 3D,03000300,0.000000
1801,0,0x110,STD,8,2026-01-28T18:47:28.397852,03 00 03 00 D3 50 D5 47,03000300,0.000000
1802,0,0x10F,STD,8,2026-01-28T18:47:28.454319,03 00 03 00 EF A4 63 3D,03000300,0.000000
1803,0,0x110,STD,8,2026-01-28T18:47:28.478325,03 00 03 00 66 6F 6F 48,03000300,0.000000
1804,0,0x10F,STD,8,2026-01-28T18:47:28.535338,03 00 03 00 CC AE A1 3D,03000300,0.000000
1805,0,0x110,STD,8,2026-01-28T18:47:28.559343,03 00 03 00 5F C3 5D 48,03000300,0.000000
1806,0,0x10F,STD,8,2026-01-28T18:47:28.604856,03 00 03 00 8F 1B 6F 3D,03000300,0.000000
1807,0,0x110,STD,8,2026-01-28T18:47:28.628756,03 00 03 00 43 02 93 48,03000300,0.000000
1808,0,0x10F,STD,8,2026-01-28T18:47:28.685413,03 00 03 00 55 1E 77 3D,03000300,0.000000
1809,0,0x110,STD,8,2026-01-28T18:47:28.709418,03 00 03 00 70 CB E1 48,03000300,0.000000
1810,0,0x10F,STD,8,2026-01-28T18:47:28.766431,03 00 03 00 CA 4F 63 3D,03000300,0.000000
1811,0,0x110,STD,8,2026-01-28T18:47:28.790436,03 00 03 00 78 F4 6C 48,03000300,0.000000
1812,0,0x10F,STD,8,2026-01-28T18:47:28.847049,03 00 03 00 B9 C7 46 3D,03000300,0.000000
1813,0,0x110,STD,8,2026-01-28T18:47:28.871054,03 00 03 00 BD A7 3A 48,03000300,0.000000
1814,0,0x10F,STD,8,2026-01-28T18:47:28.928067,03 00 03 00 35 39 59 3D,03000300,0.000000
1815,0,0x110,STD,8,2026-01-28T18:47:28.952072,03 00 03 00 0F 30 0A 48,03000300,0.000000
1816,0,0x10F,STD,8,2026-01-28T18:47:29.009085,03 00 03 00 2D B3 39 3D,03000300,0.000000
1817,0,0x110,STD,8,2026-01-28T18:47:29.033091,03 00 03 00 71 24 AE 48,03000300,0.000000
1818,0,0x110,STD,8,2026-01-28T18:47:29.033091,03 00 01 00 00 00 00 00,03000100,0.000000
1819,0,0x10F,STD,8,2026-01-28T18:47:29.033091,03 00 02 00 15 6F 3C 41,03000200,0.000000
1820,0,0x110,STD,8,2026-01-28T18:47:29.033091,03 00 02 00 15 6F 3C 41,03000200,0.000000
1821,0,0x10F,STD,8,2026-01-28T18:47:29.033091,03 00 01 00 00 00 00 00,03000100,0.000000
1822,0,0x10F,STD,8,2026-01-28T18:47:29.089743,03 00 03 00 46 80 8D 3D,03000300,0.000000
1823,0,0x110,STD,8,2026-01-28T18:47:29.113743,03 00 03 00 85 C9 19 48,03000300,0.000000
1824,0,0x10F,STD,8,2026-01-28T18:47:29.169575,03 00 03 00 69 7D 65 3D,03000300,0.000000
1825,0,0x110,STD,8,2026-01-28T18:47:29.193580,03 00 03 00 80 42 B7 48,03000300,0.000000
1826,0,0x10F,STD,8,2026-01-28T18:47:29.250593,03 00 03 00 5E 58 95 3D,03000300,0.000000
1827,0,0x110,STD,8,2026-01-28T18:47:29.274599,03 00 03 00 1E AB 36 48,03000300,0.000000
1828,0,0x10F,STD,8,2026-01-28T18:47:29.331611,03 00 03 00 AA 66 92 3D,03000300,0.000000
1829,0,0x110,STD,8,2026-01-28T18:47:29.355616,03 00 03 00 FD 12 56 48,03000300,0.000000
1830,0,0x10F,STD,8,2026-01-28T18:47:29.412133,03 00 03 00 6F 8B 7A 3D,03000300,0.000000
1831,0,0x110,STD,8,2026-01-28T18:47:29.436138,03 00 03 00 77 2B 40 48,03000300,0.000000
1832,0,0x10F,STD,8,2026-01-28T18:47:29.482149,03 00 03 00 57 70 94 3D,03000300,0.000000
1833,0,0x110,STD,8,2026-01-28T18:47:29.506154,03 00 03 00 6B 50 10 48,03000300,0.000000
1834,0,0x10F,STD,8,2026-01-28T18:47:29.563167,03 00 03 00 53 96 59 3D,03000300,0.000000
1835,0,0x110,STD,8,2026-01-28T18:47:29.587172,03 00 03 00 55 A8 01 48,03000300,0.000000
1836,0,0x10F,STD,8,2026-01-28T18:47:29.644185,03 00 03 00 C4 2F 84 3D,03000300,0.000000
1837,0,0x110,STD,8,2026-01-28T18:47:29.668190,03 00 03 00 04 2D C1 48,03000300,0.000000
1838,0,0x10F,STD,8,2026-01-28T18:47:29.724733,03 00 03 00 D8 80 82 3D,03000300,0.000000
1839,0,0x110,STD,8,2026-01-28T18:47:29.748738,03 00 03 00 68 AE 73 48,03000300,0.000000
1840,0,0x10F,STD,8,2026-01-28T18:47:29.805000,03 00 03 00 E0 26 75 3D,03000300,0.000000
1841,0,0x110,STD,8,2026-01-28T18:47:29.829006,03 00 03 00 B8 9C 53 48,03000300,0.000000
1842,0,0x10F,STD,8,2026-01-28T18:47:29.886019,03 00 03 00 DC 00 83 3D,03000300,0.000000
1843,0,0x110,STD,8,2026-01-28T18:47:29.910024,03 00 03 00 D6 80 C2 48,03000300,0.000000
1844,0,0x10F,STD,8,2026-01-28T18:47:29.967037,03 00 03 00 FD 90 7C 3D,03000300,0.000000
1845,0,0x110,STD,8,2026-01-28T18:47:29.991042,03 00 03 00 CB F1 76 48,03000300,0.000000
1846,0,0x10F,STD,8,2026-01-28T18:47:30.048055,03 00 03 00 B9 7D 72 3D,03000300,0.000000
1847,0,0x110,STD,8,2026-01-28T18:47:30.072061,03 00 03 00 EE 41 7B 48,03000300,0.000000
1848,0,0x110,STD,8,2026-01-28T18:47:30.085063,03 00 01 00 00 00 00 00,03000100,0.000000
1849,0,0x110,STD,8,2026-01-28T18:47:30.085063,03 00 02 00 03 EB 25 41,03000200,0.000000
1850,0,0x10F,STD,8,2026-01-28T18:47:30.085063,03 00 01 00 00 00 00 00,03000100,0.000000
1851,0,0x110,STD,8,2026-01-28T18:47:30.085063,03 00 01 00 00 00 00 00,03000100,0.000000
1852,0,0x10F,STD,8,2026-01-28T18:47:30.120071,03 00 03 00 14 40 4D 3D,03000300,0.000000
1853,0,0x110,STD,8,2026-01-28T18:47:30.144077,03 00 03 00 5E EB 83 48,03000300,0.000000
1854,0,0x10F,STD,8,2026-01-28T18:47:30.201090,03 00 03 00 3E 3D 87 3D,03000300,0.000000
1855,0,0x110,STD,8,2026-01-28T18:47:30.225095,03 00 03 00 40 00 23 48,03000300,0.000000
1856,0,0x10F,STD,8,2026-01-28T18:47:30.282108,03 00 03 00 70 FE 37 3D,03000300,0.000000
1857,0,0x110,STD,8,2026-01-28T18:47:30.306113,03 00 03 00 4B A9 FD 47,03000300,0.000000
1858,0,0x10F,STD,8,2026-01-28T18:47:30.359125,03 00 03 00 FE 1D 64 3D,03000300,0.000000
1859,0,0x110,STD,8,2026-01-28T18:47:30.384131,03 00 03 00 D9 81 B8 47,03000300,0.000000
1860,0,0x10F,STD,8,2026-01-28T18:47:30.441144,03 00 03 00 4C 70 83 3D,03000300,0.000000
1861,0,0x110,STD,8,2026-01-28T18:47:30.465149,03 00 03 00 5E E0 33 48,03000300,0.000000
1862,0,0x10F,STD,8,2026-01-28T18:47:30.521553,03 00 03 00 0B 66 59 3D,03000300,0.000000
1863,0,0x110,STD,8,2026-01-28T18:47:30.545559,03 00 03 00 F5 C6 3E 48,03000300,0.000000
1864,0,0x10F,STD,8,2026-01-28T18:47:30.602572,03 00 03 00 6C 11 71 3D,03000300,0.000000
1865,0,0x110,STD,8,2026-01-28T18:47:30.626577,03 00 03 00 65 77 8F 48,03000300,0.000000
1866,0,0x10F,STD,8,2026-01-28T18:47:30.683590,03 00 03 00 7A 96 27 3D,03000300,0.000000
1867,0,0x110,STD,8,2026-01-28T18:47:30.707595,03 00 03 00 D8 2D F0 48,03000300,0.000000
1868,0,0x10F,STD,8,2026-01-28T18:47:30.764608,03 00 03 00 02 6D 54 3D,03000300,0.000000
1869,0,0x110,STD,8,2026-01-28T18:47:30.788614,03 00 03 00 77 81 04 49,03000300,0.000000
1870,0,0x10F,STD,8,2026-01-28T18:47:30.845626,03 00 03 00 CA F8 28 3D,03000300,0.000000
1871,0,0x110,STD,8,2026-01-28T18:47:30.869632,03 00 03 00 42 C2 88 48,03000300,0.000000
1872,0,0x10F,STD,8,2026-01-28T18:47:30.926645,03 00 03 00 1D 4C 3B 3D,03000300,0.000000
1873,0,0x110,STD,8,2026-01-28T18:47:30.949923,03 00 03 00 29 88 FB 48,03000300,0.000000
1874,0,0x10F,STD,8,2026-01-28T18:47:30.995933,03 00 03 00 3D 44 5B 3D,03000300,0.000000
1875,0,0x110,STD,8,2026-01-28T18:47:31.019938,03 00 03 00 C6 68 D9 48,03000300,0.000000
1876,0,0x10F,STD,8,2026-01-28T18:47:31.076951,03 00 03 00 DA 35 49 3D,03000300,0.000000
1877,0,0x110,STD,8,2026-01-28T18:47:31.100957,03 00 03 00 21 2B 00 48,03000300,0.000000
1878,0,0x10F,STD,8,2026-01-28T18:47:31.124962,03 00 02 00 03 EB 25 41,03000200,0.000000
1879,0,0x10F,STD,8,2026-01-28T18:47:31.124962,03 00 02 00 06 98 38 41,03000200,0.000000
1880,0,0x110,STD,8,2026-01-28T18:47:31.124962,03 00 02 00 06 98 38 41,03000200,0.000000
1881,0,0x10F,STD,8,2026-01-28T18:47:31.125962,03 00 01 00 00 00 00 00,03000100,0.000000
1882,0,0x10F,STD,8,2026-01-28T18:47:31.160970,03 00 03 00 63 09 5F 3D,03000300,0.000000
1883,0,0x110,STD,8,2026-01-28T18:47:31.184975,03 00 03 00 4A 1D 90 48,03000300,0.000000
1884,0,0x10F,STD,8,2026-01-28T18:47:31.241988,03 00 03 00 B7 E1 1D 3D,03000300,0.000000
1885,0,0x110,STD,8,2026-01-28T18:47:31.265626,03 00 03 00 DB 3F C4 48,03000300,0.000000
1886,0,0x10F,STD,8,2026-01-28T18:47:31.322143,03 00 03 00 43 FB 50 3D,03000300,0.000000
1887,0,0x110,STD,8,2026-01-28T18:47:31.346624,03 00 03 00 08 F8 DA 48,03000300,0.000000
1888,0,0x10F,STD,8,2026-01-28T18:47:31.403639,03 00 03 00 B2 A9 3C 3D,03000300,0.000000
1889,0,0x110,STD,8,2026-01-28T18:47:31.427644,03 00 03 00 7A B5 CC 48,03000300,0.000000
1890,0,0x10F,STD,8,2026-01-28T18:47:31.484657,03 00 03 00 63 18 8D 3D,03000300,0.000000
1891,0,0x110,STD,8,2026-01-28T18:47:31.497660,03 00 03 00 06 50 2D 48,03000300,0.000000
1892,0,0x10F,STD,8,2026-01-28T18:47:31.553698,03 00 03 00 73 2B 97 3D,03000300,0.000000
1893,0,0x110,STD,8,2026-01-28T18:47:31.588706,03 00 03 00 39 E0 65 48,03000300,0.000000
1894,0,0x10F,STD,8,2026-01-28T18:47:31.634716,03 00 03 00 E0 A6 7D 3D,03000300,0.000000
1895,0,0x110,STD,8,2026-01-28T18:47:31.658721,03 00 03 00 3E 5F 3E 48,03000300,0.000000
1896,0,0x10F,STD,8,2026-01-28T18:47:31.714742,03 00 03 00 24 16 A9 3D,03000300,0.000000
1897,0,0x110,STD,8,2026-01-28T18:47:31.737563,03 00 03 00 17 A1 56 48,03000300,0.000000
1898,0,0x10F,STD,8,2026-01-28T18:47:31.794210,03 00 03 00 BF 97 54 3D,03000300,0.000000
1899,0,0x110,STD,8,2026-01-28T18:47:31.818215,03 00 03 00 21 90 85 48,03000300,0.000000
1900,0,0x10F,STD,8,2026-01-28T18:47:31.875228,03 00 03 00 17 94 5B 3D,03000300,0.000000
1901,0,0x110,STD,8,2026-01-28T18:47:31.899234,03 00 03 00 03 BA 66 48,03000300,0.000000
1902,0,0x10F,STD,8,2026-01-28T18:47:31.955863,03 00 03 00 D0 20 43 3D,03000300,0.000000
1903,0,0x110,STD,8,2026-01-28T18:47:31.979868,03 00 03 00 F0 03 53 48,03000300,0.000000
1904,0,0x10F,STD,8,2026-01-28T18:47:32.036881,03 00 03 00 11 C2 13 3D,03000300,0.000000
1905,0,0x110,STD,8,2026-01-28T18:47:32.060887,03 00 03 00 C2 A2 C0 48,03000300,0.000000
1906,0,0x10F,STD,8,2026-01-28T18:47:32.117899,03 00 03 00 AD 19 46 3D,03000300,0.000000
1907,0,0x110,STD,8,2026-01-28T18:47:32.141904,03 00 03 00 39 84 1E 48,03000300,0.000000
1908,0,0x110,STD,8,2026-01-28T18:47:32.165910,03 00 01 00 00 00 00 00,03000100,0.000000
1909,0,0x110,STD,8,2026-01-28T18:47:32.165910,03 00 02 00 5F 9D 32 41,03000200,0.000000
1910,0,0x10F,STD,8,2026-01-28T18:47:32.165910,03 00 01 00 00 00 00 00,03000100,0.000000
1911,0,0x110,STD,8,2026-01-28T18:47:32.165910,03 00 01 00 00 00 00 00,03000100,0.000000
1912,0,0x10F,STD,8,2026-01-28T18:47:32.200917,03 00 03 00 44 C0 BF 3C,03000300,0.000000
1913,0,0x110,STD,8,2026-01-28T18:47:32.224426,03 00 03 00 48 E4 D5 48,03000300,0.000000
1914,0,0x10F,STD,8,2026-01-28T18:47:32.281439,03 00 03 00 1E D5 8F 3D,03000300,0.000000
1915,0,0x110,STD,8,2026-01-28T18:47:32.305444,03 00 03 00 EC 32 C5 48,03000300,0.000000
1916,0,0x10F,STD,8,2026-01-28T18:47:32.356456,03 00 03 00 01 B4 46 3D,03000300,0.000000
1917,0,0x110,STD,8,2026-01-28T18:47:32.380461,03 00 03 00 B6 40 77 48,03000300,0.000000
1918,0,0x10F,STD,8,2026-01-28T18:47:32.437474,03 00 03 00 57 66 2B 3D,03000300,0.000000
1919,0,0x110,STD,8,2026-01-28T18:47:32.461479,03 00 03 00 52 AF A2 48,03000300,0.000000
1920,0,0x10F,STD,8,2026-01-28T18:47:32.518492,03 00 03 00 36 45 80 3D,03000300,0.000000
1921,0,0x110,STD,8,2026-01-28T18:47:32.542498,03 00 03 00 5F 55 3B 48,03000300,0.000000
1922,0,0x10F,STD,8,2026-01-28T18:47:32.599510,03 00 03 00 A6 C9 D1 3C,03000300,0.000000
1923,0,0x110,STD,8,2026-01-28T18:47:32.623516,03 00 03 00 15 8C D6 47,03000300,0.000000
1924,0,0x10F,STD,8,2026-01-28T18:47:32.680529,03 00 03 00 11 08 66 3D,03000300,0.000000
1925,0,0x110,STD,8,2026-01-28T18:47:32.704534,03 00 03 00 D9 65 2C 48,03000300,0.000000
1926,0,0x10F,STD,8,2026-01-28T18:47:32.750544,03 00 03 00 28 3C 1F 3D,03000300,0.000000
1927,0,0x110,STD,8,2026-01-28T18:47:32.774550,03 00 03 00 9C 60 1C 48,03000300,0.000000
1928,0,0x10F,STD,8,2026-01-28T18:47:32.831563,03 00 03 00 0E 00 40 3D,03000300,0.000000
1929,0,0x110,STD,8,2026-01-28T18:47:32.855568,03 00 03 00 0C 7E C6 48,03000300,0.000000
1930,0,0x10F,STD,8,2026-01-28T18:47:32.912581,03 00 03 00 4A 7A 4B 3D,03000300,0.000000
1931,0,0x110,STD,8,2026-01-28T18:47:32.940587,03 00 03 00 54 61 65 48,03000300,0.000000
1932,0,0x10F,STD,8,2026-01-28T18:47:32.998600,03 00 03 00 B7 20 0C 3D,03000300,0.000000
1933,0,0x110,STD,8,2026-01-28T18:47:33.022605,03 00 03 00 96 9B CC 48,03000300,0.000000
1934,0,0x10F,STD,8,2026-01-28T18:47:33.068670,03 00 03 00 6A A3 57 3D,03000300,0.000000
1935,0,0x110,STD,8,2026-01-28T18:47:33.096676,03 00 03 00 96 0E 90 48,03000300,0.000000
1936,0,0x10F,STD,8,2026-01-28T18:47:33.153689,03 00 03 00 1D BF 2D 3D,03000300,0.000000
1937,0,0x110,STD,8,2026-01-28T18:47:33.177694,03 00 03 00 7F 5A 3D 47,03000300,0.000000
1938,0,0x10F,STD,8,2026-01-28T18:47:33.212702,03 00 02 00 5F 9D 32 41,03000200,0.000000
1939,0,0x110,STD,8,2026-01-28T18:47:33.212702,03 00 01 00 00 00 00 00,03000100,0.000000
1940,0,0x10F,STD,8,2026-01-28T18:47:33.213702,03 00 02 00 FF 46 2D 41,03000200,0.000000
1941,0,0x110,STD,8,2026-01-28T18:47:33.213702,03 00 02 00 FF 46 2D 41,03000200,0.000000
1942,0,0x10F,STD,8,2026-01-28T18:47:33.237708,03 00 03 00 50 70 39 3D,03000300,0.000000
1943,0,0x110,STD,8,2026-01-28T18:47:33.261714,03 00 03 00 E5 94 50 48,03000300,0.000000
1944,0,0x10F,STD,8,2026-01-28T18:47:33.318726,03 00 03 00 C0 E9 5D 3D,03000300,0.000000
1945,0,0x110,STD,8,2026-01-28T18:47:33.342036,03 00 03 00 24 7D 9D 48,03000300,0.000000
1946,0,0x10F,STD,8,2026-01-28T18:47:33.388047,03 00 03 00 A8 F9 7D 3D,03000300,0.000000
1947,0,0x110,STD,8,2026-01-28T18:47:33.422609,03 00 03 00 A5 DC 1F 48,03000300,0.000000
1948,0,0x10F,STD,8,2026-01-28T18:47:33.468619,03 00 03 00 94 75 6A 3D,03000300,0.000000
1949,0,0x110,STD,8,2026-01-28T18:47:33.492625,03 00 03 00 B0 BD 0D 48,03000300,0.000000
1950,0,0x10F,STD,8,2026-01-28T18:47:33.549638,03 00 03 00 CB 32 82 3D,03000300,0.000000
1951,0,0x110,STD,8,2026-01-28T18:47:33.573759,03 00 03 00 B7 04 CC 47,03000300,0.000000
1952,0,0x10F,STD,8,2026-01-28T18:47:33.630772,03 00 03 00 34 EF 84 3D,03000300,0.000000
1953,0,0x110,STD,8,2026-01-28T18:47:33.654282,03 00 03 00 91 2C 19 48,03000300,0.000000
1954,0,0x10F,STD,8,2026-01-28T18:47:33.711295,03 00 03 00 58 46 66 3D,03000300,0.000000
1955,0,0x110,STD,8,2026-01-28T18:47:33.734804,03 00 03 00 6C 62 85 48,03000300,0.000000
1956,0,0x10F,STD,8,2026-01-28T18:47:33.791817,03 00 03 00 AE 63 57 3D,03000300,0.000000
1957,0,0x110,STD,8,2026-01-28T18:47:33.815822,03 00 03 00 91 66 C7 47,03000300,0.000000
1958,0,0x10F,STD,8,2026-01-28T18:47:33.872835,03 00 03 00 6B 81 FF 3C,03000300,0.000000
1959,0,0x110,STD,8,2026-01-28T18:47:33.896590,03 00 03 00 9D 8C A3 48,03000300,0.000000
1960,0,0x10F,STD,8,2026-01-28T18:47:33.953604,03 00 03 00 07 82 70 3D,03000300,0.000000
1961,0,0x110,STD,8,2026-01-28T18:47:33.969608,03 00 03 00 2B B8 87 48,03000300,0.000000
1962,0,0x10F,STD,8,2026-01-28T18:47:34.027620,03 00 03 00 8B 2A 16 3D,03000300,0.000000
1963,0,0x110,STD,8,2026-01-28T18:47:34.051626,03 00 03 00 F4 4C 8D 48,03000300,0.000000
1964,0,0x10F,STD,8,2026-01-28T18:47:34.108639,03 00 03 00 67 F2 7C 3D,03000300,0.000000
1965,0,0x110,STD,8,2026-01-28T18:47:34.132645,03 00 03 00 4C 85 36 48,03000300,0.000000
1966,0,0x10F,STD,8,2026-01-28T18:47:34.189657,03 00 03 00 4D 39 6C 3D,03000300,0.000000
1967,0,0x110,STD,8,2026-01-28T18:47:34.213188,03 00 03 00 E0 45 54 48,03000300,0.000000
1968,0,0x10F,STD,8,2026-01-28T18:47:34.259200,03 00 01 00 00 00 00 00,03000100,0.000000
1969,0,0x10F,STD,8,2026-01-28T18:47:34.259200,03 00 02 00 1E EF 30 41,03000200,0.000000
1970,0,0x110,STD,8,2026-01-28T18:47:34.259200,03 00 02 00 1E EF 30 41,03000200,0.000000
1971,0,0x10F,STD,8,2026-01-28T18:47:34.259200,03 00 01 00 00 00 00 00,03000100,0.000000
1972,0,0x10F,STD,8,2026-01-28T18:47:34.273203,03 00 03 00 55 A7 36 3D,03000300,0.000000
1973,0,0x110,STD,8,2026-01-28T18:47:34.296585,03 00 03 00 D5 A2 97 48,03000300,0.000000
1974,0,0x10F,STD,8,2026-01-28T18:47:34.361600,03 00 03 00 DC DD A5 3D,03000300,0.000000
1975,0,0x110,STD,8,2026-01-28T18:47:34.374603,03 00 03 00 31 91 E8 47,03000300,0.000000
1976,0,0x10F,STD,8,2026-01-28T18:47:34.431615,03 00 03 00 EE D3 34 3D,03000300,0.000000
1977,0,0x110,STD,8,2026-01-28T18:47:34.455621,03 00 03 00 04 09 38 48,03000300,0.000000
1978,0,0x10F,STD,8,2026-01-28T18:47:34.512634,03 00 03 00 3C 1A BF 3D,03000300,0.000000
1979,0,0x110,STD,8,2026-01-28T18:47:34.536639,03 00 03 00 12 6F 29 48,03000300,0.000000
1980,0,0x10F,STD,8,2026-01-28T18:47:34.582650,03 00 03 00 26 DF 88 3D,03000300,0.000000
1981,0,0x110,STD,8,2026-01-28T18:47:34.617658,03 00 03 00 F6 D0 47 48,03000300,0.000000
1982,0,0x10F,STD,8,2026-01-28T18:47:34.663668,03 00 03 00 4E F3 6E 3D,03000300,0.000000
1983,0,0x110,STD,8,2026-01-28T18:47:34.698676,03 00 03 00 3D D6 21 48,03000300,0.000000
1984,0,0x10F,STD,8,2026-01-28T18:47:34.744686,03 00 03 00 63 45 94 3D,03000300,0.000000
1985,0,0x110,STD,8,2026-01-28T18:47:34.768692,03 00 03 00 3C A0 27 48,03000300,0.000000
1986,0,0x10F,STD,8,2026-01-28T18:47:34.825705,03 00 03 00 54 4A 4C 3D,03000300,0.000000
1987,0,0x110,STD,8,2026-01-28T18:47:34.849710,03 00 03 00 8C C3 E0 47,03000300,0.000000
1988,0,0x10F,STD,8,2026-01-28T18:47:34.906723,03 00 03 00 38 B8 A3 3D,03000300,0.000000
1989,0,0x110,STD,8,2026-01-28T18:47:34.930728,03 00 03 00 A0 5F 6A 48,03000300,0.000000
1990,0,0x10F,STD,8,2026-01-28T18:47:34.987741,03 00 03 00 E6 26 2E 3D,03000300,0.000000
1991,0,0x110,STD,8,2026-01-28T18:47:35.011746,03 00 03 00 8E 8C 2B 48,03000300,0.000000
1992,0,0x10F,STD,8,2026-01-28T18:47:35.068759,03 00 03 00 6C AD 70 3D,03000300,0.000000
1993,0,0x110,STD,8,2026-01-28T18:47:35.092765,03 00 03 00 3B 7A 1E 48,03000300,0.000000
1994,0,0x10F,STD,8,2026-01-28T18:47:35.149778,03 00 03 00 35 09 7D 3D,03000300,0.000000
1995,0,0x110,STD,8,2026-01-28T18:47:35.173783,03 00 03 00 C5 6E A7 47,03000300,0.000000
1996,0,0x10F,STD,8,2026-01-28T18:47:35.230796,03 00 03 00 1D 11 66 3D,03000300,0.000000
1997,0,0x110,STD,8,2026-01-28T18:47:35.254801,03 00 03 00 03 9F 5A 48,03000300,0.000000
1998,0,0x10F,STD,8,2026-01-28T18:47:35.300812,03 00 03 00 DB 1B 69 3D,03000300,0.000000
1999,0,0x110,STD,8,2026-01-28T18:47:35.313815,03 00 01 00 00 00 00 00,03000100,0.000000
2000,0,0x110,STD,8,2026-01-28T18:47:35.313815,03 00 01 00 00 00 00 00,03000100,0.000000
2001,0,0x10F,STD,8,2026-01-28T18:47:35.313815,03 00 02 00 6A 05 3F 41,03000200,0.000000
2002,0,0x110,STD,8,2026-01-28T18:47:35.313815,03 00 02 00 6A 05 3F 41,03000200,0.000000
2003,0,0x110,STD,8,2026-01-28T18:47:35.326817,03 00 03 00 94 5F BE 48,03000300,0.000000
2004,0,0x10F,STD,8,2026-01-28T18:47:35.383830,03 00 03 00 13 29 68 3D,03000300,0.000000
2005,0,0x110,STD,8,2026-01-28T18:47:35.407836,03 00 03 00 A9 2F 07 48,03000300,0.000000
2006,0,0x10F,STD,8,2026-01-28T18:47:35.464848,03 00 03 00 BE C8 92 3D,03000300,0.000000
2007,0,0x110,STD,8,2026-01-28T18:47:35.488854,03 00 03 00 CA A8 80 48,03000300,0.000000
2008,0,0x10F,STD,8,2026-01-28T18:47:35.545867,03 00 03 00 10 D7 49 3D,03000300,0.000000
2009,0,0x110,STD,8,2026-01-28T18:47:35.569872,03 00 03 00 D5 2A 10 48,03000300,0.000000
2010,0,0x10F,STD,8,2026-01-28T18:47:35.626884,03 00 03 00 48 96 94 3D,03000300,0.000000
2011,0,0x110,STD,8,2026-01-28T18:47:35.650890,03 00 03 00 78 54 2A 48,03000300,0.000000
2012,0,0x10F,STD,8,2026-01-28T18:47:35.707545,03 00 03 00 0D 05 50 3D,03000300,0.000000
2013,0,0x110,STD,8,2026-01-28T18:47:35.731551,03 00 03 00 0B 0A 42 48,03000300,0.000000
2014,0,0x10F,STD,8,2026-01-28T18:47:35.788563,03 00 03 00 F3 08 38 3D,03000300,0.000000
2015,0,0x110,STD,8,2026-01-28T18:47:35.812569,03 00 03 00 EF 26 7A 48,03000300,0.000000
2016,0,0x10F,STD,8,2026-01-28T18:47:35.869582,03 00 03 00 2B 44 58 3D,03000300,0.000000
2017,0,0x110,STD,8,2026-01-28T18:47:35.882585,03 00 03 00 D7 CA BF 48,03000300,0.000000
2018,0,0x10F,STD,8,2026-01-28T18:47:35.939597,03 00 03 00 F4 5B 3E 3D,03000300,0.000000
2019,0,0x110,STD,8,2026-01-28T18:47:35.963603,03 00 03 00 A5 D9 39 48,03000300,0.000000
2020,0,0x10F,STD,8,2026-01-28T18:47:36.020616,03 00 03 00 CF 3F 74 3D,03000300,0.000000
2021,0,0x110,STD,8,2026-01-28T18:47:36.044621,03 00 03 00 BD 83 A0 48,03000300,0.000000
2022,0,0x10F,STD,8,2026-01-28T18:47:36.105635,03 00 03 00 A8 6D 3A 3D,03000300,0.000000
2023,0,0x110,STD,8,2026-01-28T18:47:36.129143,03 00 03 00 DE 55 37 48,03000300,0.000000
2024,0,0x10F,STD,8,2026-01-28T18:47:36.186156,03 00 03 00 1D 13 67 3D,03000300,0.000000
2025,0,0x110,STD,8,2026-01-28T18:47:36.210161,03 00 03 00 DA 6A 51 48,03000300,0.000000
2026,0,0x10F,STD,8,2026-01-28T18:47:36.266553,03 00 03 00 FF 08 32 3D,03000300,0.000000
2027,0,0x110,STD,8,2026-01-28T18:47:36.290063,03 00 03 00 6D BF 4D 48,03000300,0.000000
2028,0,0x10F,STD,8,2026-01-28T18:47:36.347076,03 00 03 00 AE 69 40 3D,03000300,0.000000
2029,0,0x110,STD,8,2026-01-28T18:47:36.372082,03 00 03 00 23 0E AE 48,03000300,0.000000
2030,0,0x10F,STD,8,2026-01-28T18:47:36.372082,03 00 01 00 00 00 00 00,03000100,0.000000
2031,0,0x10F,STD,8,2026-01-28T18:47:36.372082,03 00 02 00 6A 05 3F 41,03000200,0.000000
2032,0,0x110,STD,8,2026-01-28T18:47:36.372082,03 00 02 00 6A 05 3F 41,03000200,0.000000
2033,0,0x10F,STD,8,2026-01-28T18:47:36.372082,03 00 01 00 00 00 00 00,03000100,0.000000
2034,0,0x10F,STD,8,2026-01-28T18:47:36.418092,03 00 03 00 F3 F5 77 3D,03000300,0.000000
2035,0,0x110,STD,8,2026-01-28T18:47:36.441364,03 00 03 00 16 98 F9 48,03000300,0.000000
2036,0,0x10F,STD,8,2026-01-28T18:47:36.498377,03 00 03 00 06 B3 2F 3D,03000300,0.000000
2037,0,0x110,STD,8,2026-01-28T18:47:36.522383,03 00 03 00 DB AA 89 48,03000300,0.000000
2038,0,0x10F,STD,8,2026-01-28T18:47:36.579395,03 00 03 00 9C D3 8C 3D,03000300,0.000000
2039,0,0x110,STD,8,2026-01-28T18:47:36.603401,03 00 03 00 8A E2 F6 47,03000300,0.000000
2040,0,0x10F,STD,8,2026-01-28T18:47:36.660521,03 00 03 00 A3 77 68 3D,03000300,0.000000
2041,0,0x110,STD,8,2026-01-28T18:47:36.685527,03 00 03 00 A3 D5 C3 47,03000300,0.000000
2042,0,0x10F,STD,8,2026-01-28T18:47:36.742539,03 00 03 00 A8 AC 80 3D,03000300,0.000000
2043,0,0x110,STD,8,2026-01-28T18:47:36.766513,03 00 03 00 54 FB 1E 48,03000300,0.000000
2044,0,0x10F,STD,8,2026-01-28T18:47:36.823526,03 00 03 00 36 20 85 3D,03000300,0.000000
2045,0,0x110,STD,8,2026-01-28T18:47:36.847532,03 00 03 00 82 E0 4D 48,03000300,0.000000
2046,0,0x10F,STD,8,2026-01-28T18:47:36.904545,03 00 03 00 33 7C 7C 3D,03000300,0.000000
2047,0,0x110,STD,8,2026-01-28T18:47:36.928550,03 00 03 00 9B 35 4A 48,03000300,0.000000
2048,0,0x10F,STD,8,2026-01-28T18:47:36.985066,03 00 03 00 33 DD 5B 3D,03000300,0.000000
2049,0,0x110,STD,8,2026-01-28T18:47:37.009071,03 00 03 00 2B B8 27 48,03000300,0.000000
2050,0,0x10F,STD,8,2026-01-28T18:47:37.054922,03 00 03 00 54 C4 43 3D,03000300,0.000000
2051,0,0x110,STD,8,2026-01-28T18:47:37.078927,03 00 03 00 ED EA 64 48,03000300,0.000000
2052,0,0x10F,STD,8,2026-01-28T18:47:37.135940,03 00 03 00 C4 61 7A 3D,03000300,0.000000
2053,0,0x110,STD,8,2026-01-28T18:47:37.170948,03 00 03 00 BE 5A 89 48,03000300,0.000000
2054,0,0x10F,STD,8,2026-01-28T18:47:37.216958,03 00 03 00 CA 1C 24 3D,03000300,0.000000
2055,0,0x110,STD,8,2026-01-28T18:47:37.240964,03 00 03 00 88 66 D2 48,03000300,0.000000
2056,0,0x10F,STD,8,2026-01-28T18:47:37.297976,03 00 03 00 26 92 75 3D,03000300,0.000000
2057,0,0x110,STD,8,2026-01-28T18:47:37.321485,03 00 03 00 9E EE D5 48,03000300,0.000000
2058,0,0x10F,STD,8,2026-01-28T18:47:37.378497,03 00 03 00 87 1B 53 3D,03000300,0.000000
2059,0,0x110,STD,8,2026-01-28T18:47:37.402503,03 00 03 00 CB 82 DA 48,03000300,0.000000
2060,0,0x110,STD,8,2026-01-28T18:47:37.415506,03 00 01 00 00 00 00 00,03000100,0.000000
2061,0,0x110,STD,8,2026-01-28T18:47:37.415506,03 00 01 00 00 00 00 00,03000100,0.000000
2062,0,0x10F,STD,8,2026-01-28T18:47:37.415506,03 00 02 00 BD 0E 36 41,03000200,0.000000
2063,0,0x110,STD,8,2026-01-28T18:47:37.415506,03 00 02 00 BD 0E 36 41,03000200,0.000000
2064,0,0x10F,STD,8,2026-01-28T18:47:37.461516,03 00 03 00 E8 98 68 3D,03000300,0.000000
2065,0,0x110,STD,8,2026-01-28T18:47:37.485024,03 00 03 00 6D 5F C5 48,03000300,0.000000
2066,0,0x10F,STD,8,2026-01-28T18:47:37.542036,03 00 03 00 D3 0A 82 3D,03000300,0.000000
2067,0,0x110,STD,8,2026-01-28T18:47:37.565578,03 00 03 00 69 A9 F5 48,03000300,0.000000
2068,0,0x10F,STD,8,2026-01-28T18:47:37.622591,03 00 03 00 4D 3B 1C 3D,03000300,0.000000
2069,0,0x110,STD,8,2026-01-28T18:47:37.646597,03 00 03 00 96 87 BC 48,03000300,0.000000
2070,0,0x10F,STD,8,2026-01-28T18:47:37.692607,03 00 03 00 F1 CE 77 3D,03000300,0.000000
2071,0,0x110,STD,8,2026-01-28T18:47:37.716612,03 00 03 00 BF 37 EE 47,03000300,0.000000
2072,0,0x10F,STD,8,2026-01-28T18:47:37.773625,03 00 03 00 24 DF 1C 3D,03000300,0.000000
2073,0,0x110,STD,8,2026-01-28T18:47:37.797630,03 00 03 00 54 FD 15 48,03000300,0.000000
2074,0,0x10F,STD,8,2026-01-28T18:47:37.854643,03 00 03 00 33 BF 4C 3D,03000300,0.000000
2075,0,0x110,STD,8,2026-01-28T18:47:37.878649,03 00 03 00 14 7F 0D 48,03000300,0.000000
2076,0,0x10F,STD,8,2026-01-28T18:47:37.935661,03 00 03 00 19 A8 69 3D,03000300,0.000000
2077,0,0x110,STD,8,2026-01-28T18:47:37.959666,03 00 03 00 CC D4 00 48,03000300,0.000000
2078,0,0x10F,STD,8,2026-01-28T18:47:38.016680,03 00 03 00 8D 0E 4B 3D,03000300,0.000000
2079,0,0x110,STD,8,2026-01-28T18:47:38.040685,03 00 03 00 17 C0 70 47,03000300,0.000000
2080,0,0x10F,STD,8,2026-01-28T18:47:38.098698,03 00 03 00 0A 78 96 3D,03000300,0.000000
2081,0,0x110,STD,8,2026-01-28T18:47:38.122239,03 00 03 00 17 A5 87 47,03000300,0.000000
2082,0,0x10F,STD,8,2026-01-28T18:47:38.178876,03 00 03 00 8E E1 55 3D,03000300,0.000000
2083,0,0x110,STD,8,2026-01-28T18:47:38.202882,03 00 03 00 AC 9A A9 47,03000300,0.000000
2084,0,0x10F,STD,8,2026-01-28T18:47:38.259895,03 00 03 00 1F DB 21 3D,03000300,0.000000
2085,0,0x110,STD,8,2026-01-28T18:47:38.283900,03 00 03 00 D7 05 F2 47,03000300,0.000000
2086,0,0x10F,STD,8,2026-01-28T18:47:38.340913,03 00 03 00 F9 1E 03 3D,03000300,0.000000
2087,0,0x110,STD,8,2026-01-28T18:47:38.362316,03 00 03 00 F8 27 9A 48,03000300,0.000000
2088,0,0x10F,STD,8,2026-01-28T18:47:38.419329,03 00 03 00 A6 7A EF 3C,03000300,0.000000
2089,0,0x110,STD,8,2026-01-28T18:47:38.443334,03 00 03 00 BC 3F 83 48,03000300,0.000000
2090,0,0x10F,STD,8,2026-01-28T18:47:38.467340,03 00 01 00 00 00 00 00,03000100,0.000000
2091,0,0x10F,STD,8,2026-01-28T18:47:38.467340,03 00 01 00 00 00 00 00,03000100,0.000000
2092,0,0x110,STD,8,2026-01-28T18:47:38.467340,03 00 01 00 00 00 00 00,03000100,0.000000
2093,0,0x10F,STD,8,2026-01-28T18:47:38.467340,03 00 02 00 7D 1F 3F 41,03000200,0.000000
2094,0,0x10F,STD,8,2026-01-28T18:47:38.491345,03 00 03 00 E3 7B 88 3C,03000300,0.000000
2095,0,0x110,STD,8,2026-01-28T18:47:38.515351,03 00 03 00 83 08 9C 48,03000300,0.000000
2096,0,0x10F,STD,8,2026-01-28T18:47:38.572459,03 00 03 00 3B 17 2F 3C,03000300,0.000000
2097,0,0x110,STD,8,2026-01-28T18:47:38.596464,03 00 03 00 C5 89 8B 48,03000300,0.000000
2098,0,0x10F,STD,8,2026-01-28T18:47:38.653377,03 00 03 00 05 44 6D 3C,03000300,0.000000
2099,0,0x110,STD,8,2026-01-28T18:47:38.676999,03 00 03 00 0C E5 D8 47,03000300,0.000000
2100,0,0x10F,STD,8,2026-01-28T18:47:38.733516,03 00 03 00 6F DF C3 3C,03000300,0.000000
2101,0,0x110,STD,8,2026-01-28T18:47:38.757522,03 00 03 00 42 4F 12 48,03000300,0.000000
2102,0,0x10F,STD,8,2026-01-28T18:47:38.814535,03 00 03 00 C8 35 E5 3C,03000300,0.000000
2103,0,0x110,STD,8,2026-01-28T18:47:38.837923,03 00 03 00 3A 7D 30 48,03000300,0.000000
2104,0,0x10F,STD,8,2026-01-28T18:47:38.894093,03 00 03 00 72 C9 79 3C,03000300,0.000000
2105,0,0x110,STD,8,2026-01-28T18:47:38.918098,03 00 03 00 AE DA 02 48,03000300,0.000000
2106,0,0x10F,STD,8,2026-01-28T18:47:38.974615,03 00 03 00 A8 4B 32 3C,03000300,0.000000
2107,0,0x110,STD,8,2026-01-28T18:47:38.998620,03 00 03 00 C9 36 E6 47,03000300,0.000000
2108,0,0x10F,STD,8,2026-01-28T18:47:39.055174,03 00 03 00 86 0A 53 3C,03000300,0.000000
2109,0,0x110,STD,8,2026-01-28T18:47:39.079179,03 00 03 00 04 2E 17 48,03000300,0.000000
2110,0,0x10F,STD,8,2026-01-28T18:47:39.135694,03 00 03 00 2B 89 37 3C,03000300,0.000000
2111,0,0x110,STD,8,2026-01-28T18:47:39.159699,03 00 03 00 59 1D 3A 48,03000300,0.000000
2112,0,0x10F,STD,8,2026-01-28T18:47:39.216712,03 00 03 00 C0 B5 87 3C,03000300,0.000000
2113,0,0x110,STD,8,2026-01-28T18:47:39.240717,03 00 03 00 DE 5D C3 47,03000300,0.000000
2114,0,0x10F,STD,8,2026-01-28T18:47:39.286727,03 00 03 00 0A C3 B6 3C,03000300,0.000000
2115,0,0x110,STD,8,2026-01-28T18:47:39.310733,03 00 03 00 75 25 D5 47,03000300,0.000000
2116,0,0x10F,STD,8,2026-01-28T18:47:39.367746,03 00 03 00 2F 71 B1 3C,03000300,0.000000
2117,0,0x110,STD,8,2026-01-28T18:47:39.391751,03 00 03 00 96 D1 4C 48,03000300,0.000000
2118,0,0x10F,STD,8,2026-01-28T18:47:39.448764,03 00 03 00 36 55 4F 3C,03000300,0.000000
2119,0,0x110,STD,8,2026-01-28T18:47:39.472769,03 00 03 00 D3 4D 1A 48,03000300,0.000000
2120,0,0x110,STD,8,2026-01-28T18:47:39.507777,03 00 02 00 7D 1F 3F 41,03000200,0.000000
2121,0,0x10F,STD,8,2026-01-28T18:47:39.507777,03 00 02 00 4A F0 4A 41,03000200,0.000000
2122,0,0x110,STD,8,2026-01-28T18:47:39.507777,03 00 02 00 4A F0 4A 41,03000200,0.000000
2123,0,0x10F,STD,8,2026-01-28T18:47:39.507777,03 00 01 00 00 00 00 00,03000100,0.000000
2124,0,0x10F,STD,8,2026-01-28T18:47:39.531783,03 00 03 00 B8 A4 1E 3C,03000300,0.000000
2125,0,0x110,STD,8,2026-01-28T18:47:39.555788,03 00 03 00 4E 46 5F 47,03000300,0.000000
2126,0,0x10F,STD,8,2026-01-28T18:47:39.612801,03 00 03 00 F8 E4 94 3C,03000300,0.000000
2127,0,0x110,STD,8,2026-01-28T18:47:39.636806,03 00 03 00 98 5A 3A 47,03000300,0.000000
2128,0,0x10F,STD,8,2026-01-28T18:47:39.693819,03 00 03 00 63 77 B5 3C,03000300,0.000000
2129,0,0x110,STD,8,2026-01-28T18:47:39.717825,03 00 03 00 93 BB 48 48,03000300,0.000000
2130,0,0x10F,STD,8,2026-01-28T18:47:39.774837,03 00 03 00 ED 58 A6 3C,03000300,0.000000
2131,0,0x110,STD,8,2026-01-28T18:47:39.787840,03 00 03 00 E0 79 43 48,03000300,0.000000
2132,0,0x10F,STD,8,2026-01-28T18:47:39.844853,03 00 03 00 6D 1B 0C 3D,03000300,0.000000
2133,0,0x110,STD,8,2026-01-28T18:47:39.868859,03 00 03 00 7B 7D 07 48,03000300,0.000000
2134,0,0x10F,STD,8,2026-01-28T18:47:39.925871,03 00 03 00 1E B2 0D 3D,03000300,0.000000
2135,0,0x110,STD,8,2026-01-28T18:47:39.949877,03 00 03 00 6C 8B 40 48,03000300,0.000000
2136,0,0x10F,STD,8,2026-01-28T18:47:40.010890,03 00 03 00 32 B4 B8 3C,03000300,0.000000
2137,0,0x110,STD,8,2026-01-28T18:47:40.034896,03 00 03 00 49 10 9C 47,03000300,0.000000
2138,0,0x10F,STD,8,2026-01-28T18:47:40.091412,03 00 03 00 3E 4E E1 3C,03000300,0.000000
2139,0,0x110,STD,8,2026-01-28T18:47:40.115418,03 00 03 00 0D F7 A5 47,03000300,0.000000
2140,0,0x10F,STD,8,2026-01-28T18:47:40.172431,03 00 03 00 01 B5 80 3C,03000300,0.000000
2141,0,0x110,STD,8,2026-01-28T18:47:40.196436,03 00 03 00 C8 8C 4B 47,03000300,0.000000
2142,0,0x10F,STD,8,2026-01-28T18:47:40.242411,03 00 03 00 25 41 A0 3C,03000300,0.000000
2143,0,0x110,STD,8,2026-01-28T18:47:40.266416,03 00 03 00 35 1F 72 47,03000300,0.000000
2144,0,0x10F,STD,8,2026-01-28T18:47:40.323400,03 00 03 00 7F 43 D0 3C,03000300,0.000000
2145,0,0x110,STD,8,2026-01-28T18:47:40.347405,03 00 03 00 65 39 43 47,03000300,0.000000
2146,0,0x10F,STD,8,2026-01-28T18:47:40.405903,03 00 03 00 BB 3D C4 3C,03000300,0.000000
2147,0,0x110,STD,8,2026-01-28T18:47:40.429909,03 00 03 00 FE B0 01 48,03000300,0.000000
2148,0,0x10F,STD,8,2026-01-28T18:47:40.486922,03 00 03 00 FB D4 87 3C,03000300,0.000000
2149,0,0x110,STD,8,2026-01-28T18:47:40.510927,03 00 03 00 A9 26 BF 47,03000300,0.000000
2150,0,0x110,STD,8,2026-01-28T18:47:40.545935,03 00 01 00 00 00 00 00,03000100,0.000000
2151,0,0x10F,STD,8,2026-01-28T18:47:40.545935,03 00 02 00 5E 77 3B 41,03000200,0.000000
2152,0,0x110,STD,8,2026-01-28T18:47:40.545935,03 00 02 00 5E 77 3B 41,03000200,0.000000
2153,0,0x10F,STD,8,2026-01-28T18:47:40.545935,03 00 01 00 00 00 00 00,03000100,0.000000
2154,0,0x10F,STD,8,2026-01-28T18:47:40.569940,03 00 03 00 03 29 BF 3C,03000300,0.000000
2155,0,0x110,STD,8,2026-01-28T18:47:40.593946,03 00 03 00 38 94 0D 48,03000300,0.000000
2156,0,0x10F,STD,8,2026-01-28T18:47:40.650959,03 00 03 00 3D 3F 6B 3C,03000300,0.000000
2157,0,0x110,STD,8,2026-01-28T18:47:40.674963,03 00 03 00 F6 66 20 48,03000300,0.000000
2158,0,0x10F,STD,8,2026-01-28T18:47:40.720806,03 00 03 00 A7 3D CA 3C,03000300,0.000000
2159,0,0x110,STD,8,2026-01-28T18:47:40.755327,03 00 03 00 0C 44 A1 47,03000300,0.000000
2160,0,0x10F,STD,8,2026-01-28T18:47:40.801337,03 00 03 00 70 BB 83 3C,03000300,0.000000
2161,0,0x110,STD,8,2026-01-28T18:47:40.825342,03 00 03 00 BF F1 29 48,03000300,0.000000
2162,0,0x10F,STD,8,2026-01-28T18:47:40.881858,03 00 03 00 20 57 D3 3B,03000300,0.000000
2163,0,0x110,STD,8,2026-01-28T18:47:40.905864,03 00 03 00 21 4E 62 48,03000300,0.000000
2164,0,0x10F,STD,8,2026-01-28T18:47:40.962877,03 00 03 00 8F 64 6A 3C,03000300,0.000000
2165,0,0x110,STD,8,2026-01-28T18:47:40.986882,03 00 03 00 30 C1 4D 48,03000300,0.000000
2166,0,0x10F,STD,8,2026-01-28T18:47:41.043894,03 00 03 00 5B D4 A7 3C,03000300,0.000000
2167,0,0x110,STD,8,2026-01-28T18:47:41.067901,03 00 03 00 8A 9B 3B 48,03000300,0.000000
2168,0,0x10F,STD,8,2026-01-28T18:47:41.124913,03 00 03 00 79 9A F9 3B,03000300,0.000000
2169,0,0x110,STD,8,2026-01-28T18:47:41.148919,03 00 03 00 E5 80 D7 47,03000300,0.000000
2170,0,0x10F,STD,8,2026-01-28T18:47:41.205932,03 00 03 00 1B 39 80 3C,03000300,0.000000
2171,0,0x110,STD,8,2026-01-28T18:47:41.229937,03 00 03 00 CE 1E 74 47,03000300,0.000000
2172,0,0x10F,STD,8,2026-01-28T18:47:41.286519,03 00 03 00 3C AA A6 3C,03000300,0.000000
2173,0,0x110,STD,8,2026-01-28T18:47:41.310526,03 00 03 00 77 28 0F 48,03000300,0.000000
2174,0,0x10F,STD,8,2026-01-28T18:47:41.367539,03 00 03 00 C3 35 C2 3C,03000300,0.000000
2175,0,0x110,STD,8,2026-01-28T18:47:41.391501,03 00 03 00 66 08 CD 47,03000300,0.000000
2176,0,0x10F,STD,8,2026-01-28T18:47:41.447299,03 00 03 00 C1 F0 0A 3D,03000300,0.000000
2177,0,0x110,STD,8,2026-01-28T18:47:41.471304,03 00 03 00 C0 5B 3A 48,03000300,0.000000
2178,0,0x10F,STD,8,2026-01-28T18:47:41.528317,03 00 03 00 91 4D D6 3C,03000300,0.000000
2179,0,0x110,STD,8,2026-01-28T18:47:41.551828,03 00 03 00 C6 B2 80 48,03000300,0.000000
2180,0,0x10F,STD,8,2026-01-28T18:47:41.597838,03 00 03 00 A0 B7 D6 3C,03000300,0.000000
2181,0,0x110,STD,8,2026-01-28T18:47:41.610841,03 00 01 00 00 00 00 00,03000100,0.000000
2182,0,0x10F,STD,8,2026-01-28T18:47:41.610841,03 00 02 00 F1 C4 31 41,03000200,0.000000
2183,0,0x110,STD,8,2026-01-28T18:47:41.610841,03 00 02 00 F1 C4 31 41,03000200,0.000000
2184,0,0x10F,STD,8,2026-01-28T18:47:41.610841,03 00 01 00 00 00 00 00,03000100,0.000000
2185,0,0x110,STD,8,2026-01-28T18:47:41.623844,03 00 03 00 FF 16 09 48,03000300,0.000000
2186,0,0x10F,STD,8,2026-01-28T18:47:41.680857,03 00 03 00 F0 39 7C 3C,03000300,0.000000
2187,0,0x110,STD,8,2026-01-28T18:47:41.704862,03 00 03 00 F6 F1 0F 48,03000300,0.000000
2188,0,0x10F,STD,8,2026-01-28T18:47:41.761875,03 00 03 00 15 52 C8 3C,03000300,0.000000
2189,0,0x110,STD,8,2026-01-28T18:47:41.785880,03 00 03 00 90 82 14 48,03000300,0.000000
2190,0,0x10F,STD,8,2026-01-28T18:47:41.842425,03 00 03 00 DA 5A 57 3C,03000300,0.000000
2191,0,0x110,STD,8,2026-01-28T18:47:41.866430,03 00 03 00 DF 91 A7 47,03000300,0.000000
2192,0,0x10F,STD,8,2026-01-28T18:47:41.923256,03 00 03 00 8B AE 96 3C,03000300,0.000000
2193,0,0x110,STD,8,2026-01-28T18:47:41.946853,03 00 03 00 AF 17 A8 47,03000300,0.000000
2194,0,0x10F,STD,8,2026-01-28T18:47:42.003865,03 00 03 00 85 7A 44 3C,03000300,0.000000
2195,0,0x110,STD,8,2026-01-28T18:47:42.027871,03 00 03 00 DD 64 4A 47,03000300,0.000000
2196,0,0x10F,STD,8,2026-01-28T18:47:42.084474,03 00 03 00 13 5A C2 3C,03000300,0.000000
2197,0,0x110,STD,8,2026-01-28T18:47:42.110479,03 00 03 00 07 FC 8E 47,03000300,0.000000
2198,0,0x10F,STD,8,2026-01-28T18:47:42.159996,03 00 03 00 71 07 70 3C,03000300,0.000000
2199,0,0x110,STD,8,2026-01-28T18:47:42.184001,03 00 03 00 EA 80 6F 47,03000300,0.000000
2200,0,0x10F,STD,8,2026-01-28T18:47:42.241014,03 00 03 00 5F 6B 22 3C,03000300,0.000000
2201,0,0x110,STD,8,2026-01-28T18:47:42.265019,03 00 03 00 AC 14 48 48,03000300,0.000000
2202,0,0x10F,STD,8,2026-01-28T18:47:42.322032,03 00 03 00 64 13 B1 3C,03000300,0.000000
2203,0,0x110,STD,8,2026-01-28T18:47:42.346037,03 00 03 00 AB A5 31 48,03000300,0.000000
2204,0,0x10F,STD,8,2026-01-28T18:47:42.398348,03 00 03 00 FF EA D6 3C,03000300,0.000000
2205,0,0x110,STD,8,2026-01-28T18:47:42.422354,03 00 03 00 38 37 88 47,03000300,0.000000
2206,0,0x10F,STD,8,2026-01-28T18:47:42.479367,03 00 03 00 C0 7C 4B 3C,03000300,0.000000
2207,0,0x110,STD,8,2026-01-28T18:47:42.503372,03 00 03 00 7C 4B 98 47,03000300,0.000000
2208,0,0x10F,STD,8,2026-01-28T18:47:42.560385,03 00 03 00 81 3D AF 3C,03000300,0.000000
2209,0,0x110,STD,8,2026-01-28T18:47:42.584390,03 00 03 00 6B 11 2F 48,03000300,0.000000
2210,0,0x10F,STD,8,2026-01-28T18:47:42.641403,03 00 03 00 4C E6 86 3C,03000300,0.000000
2211,0,0x110,STD,8,2026-01-28T18:47:42.665408,03 00 03 00 37 8F E9 47,03000300,0.000000
2212,0,0x110,STD,8,2026-01-28T18:47:42.699920,03 00 01 00 00 00 00 00,03000100,0.000000
2213,0,0x110,STD,8,2026-01-28T18:47:42.699920,03 00 01 00 00 00 00 00,03000100,0.000000
2214,0,0x10F,STD,8,2026-01-28T18:47:42.699920,03 00 02 00 9F 45 30 41,03000200,0.000000
2215,0,0x110,STD,8,2026-01-28T18:47:42.699920,03 00 02 00 9F 45 30 41,03000200,0.000000
2216,0,0x10F,STD,8,2026-01-28T18:47:42.713923,03 00 03 00 0C A5 A2 3B,03000300,0.000000
2217,0,0x110,STD,8,2026-01-28T18:47:42.737927,03 00 03 00 8C 24 12 48,03000300,0.000000
2218,0,0x10F,STD,8,2026-01-28T18:47:42.794941,03 00 03 00 4E E2 8B 3C,03000300,0.000000
2219,0,0x110,STD,8,2026-01-28T18:47:42.818946,03 00 03 00 64 C6 03 48,03000300,0.000000
2220,0,0x10F,STD,8,2026-01-28T18:47:42.875959,03 00 03 00 B3 16 B0 3C,03000300,0.000000
2221,0,0x110,STD,8,2026-01-28T18:47:42.899965,03 00 03 00 70 59 EC 47,03000300,0.000000
2222,0,0x10F,STD,8,2026-01-28T18:47:42.963979,03 00 03 00 99 98 37 3C,03000300,0.000000
2223,0,0x110,STD,8,2026-01-28T18:47:42.977982,03 00 03 00 C2 79 2B 47,03000300,0.000000
2224,0,0x10F,STD,8,2026-01-28T18:47:43.034995,03 00 03 00 06 6B 8E 3C,03000300,0.000000
2225,0,0x110,STD,8,2026-01-28T18:47:43.059000,03 00 03 00 F5 85 5E 47,03000300,0.000000
2226,0,0x10F,STD,8,2026-01-28T18:47:43.116013,03 00 03 00 B1 A0 19 3C,03000300,0.000000
2227,0,0x110,STD,8,2026-01-28T18:47:43.139022,03 00 03 00 62 AB 55 47,03000300,0.000000
2228,0,0x10F,STD,8,2026-01-28T18:47:43.196036,03 00 03 00 2F 0E AA 3C,03000300,0.000000
2229,0,0x110,STD,8,2026-01-28T18:47:43.220042,03 00 03 00 CE B6 01 47,03000300,0.000000
2230,0,0x10F,STD,8,2026-01-28T18:47:43.277055,03 00 03 00 1A 73 E6 3B,03000300,0.000000
2231,0,0x110,STD,8,2026-01-28T18:47:43.301061,03 00 03 00 3C 47 8C 47,03000300,0.000000
2232,0,0x10F,STD,8,2026-01-28T18:47:43.358073,03 00 03 00 D2 BB 83 3C,03000300,0.000000
2233,0,0x110,STD,8,2026-01-28T18:47:43.382169,03 00 03 00 A4 AB A8 47,03000300,0.000000
2234,0,0x10F,STD,8,2026-01-28T18:47:43.439173,03 00 03 00 75 DA 8E 3C,03000300,0.000000
2235,0,0x110,STD,8,2026-01-28T18:47:43.463168,03 00 03 00 32 D5 8D 47,03000300,0.000000
2236,0,0x10F,STD,8,2026-01-28T18:47:43.519685,03 00 03 00 07 55 B1 3C,03000300,0.000000
2237,0,0x110,STD,8,2026-01-28T18:47:43.543690,03 00 03 00 8E B3 B0 47,03000300,0.000000
2238,0,0x10F,STD,8,2026-01-28T18:47:43.600703,03 00 03 00 70 7F 37 3C,03000300,0.000000
2239,0,0x110,STD,8,2026-01-28T18:47:43.624709,03 00 03 00 DF 04 CB 47,03000300,0.000000
2240,0,0x10F,STD,8,2026-01-28T18:47:43.681375,03 00 03 00 FB 22 FA 3C,03000300,0.000000
2241,0,0x110,STD,8,2026-01-28T18:47:43.694378,03 00 03 00 6B 4D F5 46,03000300,0.000000
2242,0,0x10F,STD,8,2026-01-28T18:47:43.750981,03 00 03 00 4F B9 8F 3C,03000300,0.000000
2243,0,0x110,STD,8,2026-01-28T18:47:43.773999,03 00 03 00 5A BF C7 47,03000300,0.000000
2244,0,0x10F,STD,8,2026-01-28T18:47:43.775999,03 00 01 00 00 00 00 00,03000100,0.000000
2245,0,0x110,STD,8,2026-01-28T18:47:43.777999,03 00 01 00 00 00 00 00,03000100,0.000000
2246,0,0x10F,STD,8,2026-01-28T18:47:43.780000,03 00 02 00 9F 45 30 41,03000200,0.000000
2247,0,0x110,STD,8,2026-01-28T18:47:43.780000,03 00 02 00 9F 45 30 41,03000200,0.000000
2248,0,0x10F,STD,8,2026-01-28T18:47:43.836720,03 00 03 00 D0 EC 87 3C,03000300,0.000000
2249,0,0x110,STD,8,2026-01-28T18:47:43.860726,03 00 03 00 4E 8B 7A 48,03000300,0.000000
2250,0,0x10F,STD,8,2026-01-28T18:47:43.917738,03 00 03 00 04 F9 A7 3C,03000300,0.000000
2251,0,0x110,STD,8,2026-01-28T18:47:43.941744,03 00 03 00 54 14 12 48,03000300,0.000000
2252,0,0x10F,STD,8,2026-01-28T18:47:43.998291,03 00 03 00 DC 45 CB 3B,03000300,0.000000
2253,0,0x110,STD,8,2026-01-28T18:47:44.022296,03 00 03 00 13 78 24 48,03000300,0.000000
2254,0,0x10F,STD,8,2026-01-28T18:47:44.078813,03 00 03 00 3E 08 81 3B,03000300,0.000000
2255,0,0x110,STD,8,2026-01-28T18:47:44.102818,03 00 03 00 12 EA 1F 48,03000300,0.000000
2256,0,0x10F,STD,8,2026-01-28T18:47:44.148400,03 00 03 00 56 04 5B 3C,03000300,0.000000
2257,0,0x110,STD,8,2026-01-28T18:47:44.182913,03 00 03 00 EE EE 00 48,03000300,0.000000
2258,0,0x10F,STD,8,2026-01-28T18:47:44.228923,03 00 03 00 19 A2 43 3C,03000300,0.000000
2259,0,0x110,STD,8,2026-01-28T18:47:44.252928,03 00 03 00 35 FF 18 48,03000300,0.000000
2260,0,0x10F,STD,8,2026-01-28T18:47:44.309941,03 00 03 00 89 2E 81 3C,03000300,0.000000
2261,0,0x110,STD,8,2026-01-28T18:47:44.333947,03 00 03 00 81 C2 1A 47,03000300,0.000000
2262,0,0x10F,STD,8,2026-01-28T18:47:44.393960,03 00 03 00 F9 61 83 3C,03000300,0.000000
2263,0,0x110,STD,8,2026-01-28T18:47:44.417965,03 00 03 00 13 1C 92 47,03000300,0.000000
2264,0,0x10F,STD,8,2026-01-28T18:47:44.474481,03 00 03 00 61 17 E5 3B,03000300,0.000000
2265,0,0x110,STD,8,2026-01-28T18:47:44.498486,03 00 03 00 A4 E1 34 47,03000300,0.000000
2266,0,0x10F,STD,8,2026-01-28T18:47:44.555499,03 00 03 00 54 E6 12 3C,03000300,0.000000
2267,0,0x110,STD,8,2026-01-28T18:47:44.579505,03 00 03 00 30 10 06 48,03000300,0.000000
2268,0,0x10F,STD,8,2026-01-28T18:47:44.636517,03 00 03 00 C3 FA 22 3C,03000300,0.000000
2269,0,0x110,STD,8,2026-01-28T18:47:44.660523,03 00 03 00 D2 5D B7 47,03000300,0.000000
2270,0,0x10F,STD,8,2026-01-28T18:47:44.706835,03 00 03 00 4F B1 D5 3C,03000300,0.000000
2271,0,0x110,STD,8,2026-01-28T18:47:44.730395,03 00 03 00 EA 74 54 47,03000300,0.000000
2272,0,0x10F,STD,8,2026-01-28T18:47:44.786913,03 00 03 00 66 73 BA 3C,03000300,0.000000
2273,0,0x110,STD,8,2026-01-28T18:47:44.810918,03 00 03 00 A2 41 20 47,03000300,0.000000
2274,0,0x10F,STD,8,2026-01-28T18:47:44.856929,03 00 01 00 00 00 00 00,03000100,0.000000
2275,0,0x10F,STD,8,2026-01-28T18:47:44.856929,03 00 02 00 C9 96 35 41,03000200,0.000000
2276,0,0x110,STD,8,2026-01-28T18:47:44.856929,03 00 02 00 C9 96 35 41,03000200,0.000000
2277,0,0x10F,STD,8,2026-01-28T18:47:44.856929,03 00 01 00 00 00 00 00,03000100,0.000000
2278,0,0x10F,STD,8,2026-01-28T18:47:44.869932,03 00 03 00 CD 3F 8E 3C,03000300,0.000000
2279,0,0x110,STD,8,2026-01-28T18:47:44.893442,03 00 03 00 48 E9 BD 47,03000300,0.000000
2280,0,0x10F,STD,8,2026-01-28T18:47:44.950454,03 00 03 00 48 DF A1 3C,03000300,0.000000
2281,0,0x110,STD,8,2026-01-28T18:47:44.974460,03 00 03 00 1E 1B C6 47,03000300,0.000000
2282,0,0x10F,STD,8,2026-01-28T18:47:45.031473,03 00 03 00 FA 54 6F 3C,03000300,0.000000
2283,0,0x110,STD,8,2026-01-28T18:47:45.055478,03 00 03 00 15 76 15 48,03000300,0.000000
2284,0,0x10F,STD,8,2026-01-28T18:47:45.112491,03 00 03 00 9E E1 C4 3C,03000300,0.000000
2285,0,0x110,STD,8,2026-01-28T18:47:45.136496,03 00 03 00 93 A6 EF 47,03000300,0.000000
2286,0,0x10F,STD,8,2026-01-28T18:47:45.193509,03 00 03 00 23 CF 5E 3C,03000300,0.000000
2287,0,0x110,STD,8,2026-01-28T18:47:45.217515,03 00 03 00 AF C9 2E 48,03000300,0.000000
2288,0,0x10F,STD,8,2026-01-28T18:47:45.274528,03 00 03 00 95 D7 B3 3C,03000300,0.000000
2289,0,0x110,STD,8,2026-01-28T18:47:45.298533,03 00 03 00 8E E1 DC 47,03000300,0.000000
2290,0,0x10F,STD,8,2026-01-28T18:47:45.355545,03 00 03 00 FB 8A 63 3C,03000300,0.000000
2291,0,0x110,STD,8,2026-01-28T18:47:45.379054,03 00 03 00 F6 A1 AF 47,03000300,0.000000
2292,0,0x10F,STD,8,2026-01-28T18:47:45.424254,03 00 03 00 70 50 53 3C,03000300,0.000000
2293,0,0x110,STD,8,2026-01-28T18:47:45.458446,03 00 03 00 48 88 AD 47,03000300,0.000000
2294,0,0x10F,STD,8,2026-01-28T18:47:45.504456,03 00 03 00 2E 1F 36 3C,03000300,0.000000
2295,0,0x110,STD,8,2026-01-28T18:47:45.528462,03 00 03 00 67 4F 26 47,03000300,0.000000
2296,0,0x10F,STD,8,2026-01-28T18:47:45.585474,03 00 03 00 2E D4 06 3C,03000300,0.000000
2297,0,0x110,STD,8,2026-01-28T18:47:45.609479,03 00 03 00 92 8B A6 47,03000300,0.000000
2298,0,0x10F,STD,8,2026-01-28T18:47:45.665916,03 00 03 00 0C AC 9A 3C,03000300,0.000000
2299,0,0x110,STD,8,2026-01-28T18:47:45.689922,03 00 03 00 F7 C7 BD 47,03000300,0.000000
2300,0,0x10F,STD,8,2026-01-28T18:47:45.746468,03 00 03 00 58 B7 6C 3C,03000300,0.000000
2301,0,0x110,STD,8,2026-01-28T18:47:45.770473,03 00 03 00 8E E6 B5 47,03000300,0.000000
2302,0,0x10F,STD,8,2026-01-28T18:47:45.827486,03 00 03 00 D7 E5 F5 3B,03000300,0.000000
2303,0,0x110,STD,8,2026-01-28T18:47:45.851491,03 00 03 00 94 78 F4 47,03000300,0.000000
2304,0,0x10F,STD,8,2026-01-28T18:47:45.908504,03 00 03 00 3D D4 6B 3C,03000300,0.000000
2305,0,0x110,STD,8,2026-01-28T18:47:45.932510,03 00 03 00 95 0F E4 46,03000300,0.000000
2306,0,0x110,STD,8,2026-01-28T18:47:45.956515,03 00 01 00 00 00 00 00,03000100,0.000000
2307,0,0x10F,STD,8,2026-01-28T18:47:45.956515,03 00 01 00 00 00 00 00,03000100,0.000000
2308,0,0x110,STD,8,2026-01-28T18:47:45.956515,03 00 01 00 00 00 00 00,03000100,0.000000
2309,0,0x10F,STD,8,2026-01-28T18:47:45.956515,03 00 02 00 E5 91 3A 41,03000200,0.000000
2310,0,0x10F,STD,8,2026-01-28T18:47:45.991523,03 00 03 00 EA A0 C8 3B,03000300,0.000000
2311,0,0x110,STD,8,2026-01-28T18:47:46.015528,03 00 03 00 B5 F4 65 46,03000300,0.000000
2312,0,0x10F,STD,8,2026-01-28T18:47:46.072541,03 00 03 00 16 56 EF 3B,03000300,0.000000
2313,0,0x110,STD,8,2026-01-28T18:47:46.085545,03 00 03 00 E8 C3 33 47,03000300,0.000000
2314,0,0x10F,STD,8,2026-01-28T18:47:46.141801,03 00 03 00 92 01 12 3C,03000300,0.000000
2315,0,0x110,STD,8,2026-01-28T18:47:46.165809,03 00 03 00 8F 47 34 47,03000300,0.000000
2316,0,0x10F,STD,8,2026-01-28T18:47:46.222821,03 00 03 00 E6 E3 08 3C,03000300,0.000000
2317,0,0x110,STD,8,2026-01-28T18:47:46.246827,03 00 03 00 6E 25 0D 48,03000300,0.000000
2318,0,0x10F,STD,8,2026-01-28T18:47:46.303221,03 00 03 00 FA EF 54 3C,03000300,0.000000
2319,0,0x110,STD,8,2026-01-28T18:47:46.327226,03 00 03 00 F0 90 29 48,03000300,0.000000
2320,0,0x10F,STD,8,2026-01-28T18:47:46.383239,03 00 03 00 33 20 EC 3B,03000300,0.000000
2321,0,0x110,STD,8,2026-01-28T18:47:46.407244,03 00 03 00 A3 FB 59 47,03000300,0.000000
2322,0,0x10F,STD,8,2026-01-28T18:47:46.463668,03 00 03 00 96 31 C8 3B,03000300,0.000000
2323,0,0x110,STD,8,2026-01-28T18:47:46.487674,03 00 03 00 CC DB D5 47,03000300,0.000000
2324,0,0x10F,STD,8,2026-01-28T18:47:46.544663,03 00 03 00 D7 E5 AE 3C,03000300,0.000000
2325,0,0x110,STD,8,2026-01-28T18:47:46.568254,03 00 03 00 4C BA A0 47,03000300,0.000000
2326,0,0x10F,STD,8,2026-01-28T18:47:46.625268,03 00 03 00 FA A9 E7 3C,03000300,0.000000
2327,0,0x110,STD,8,2026-01-28T18:47:46.648815,03 00 03 00 6C 3F 23 47,03000300,0.000000
2328,0,0x10F,STD,8,2026-01-28T18:47:46.705831,03 00 03 00 47 38 20 3C,03000300,0.000000
2329,0,0x110,STD,8,2026-01-28T18:47:46.729631,03 00 03 00 9F 30 E5 47,03000300,0.000000
2330,0,0x10F,STD,8,2026-01-28T18:47:46.785600,03 00 03 00 63 39 B7 3C,03000300,0.000000
2331,0,0x110,STD,8,2026-01-28T18:47:46.809606,03 00 03 00 CA D5 8C 47,03000300,0.000000
2332,0,0x10F,STD,8,2026-01-28T18:47:46.866208,03 00 03 00 64 F8 69 3C,03000300,0.000000
2333,0,0x110,STD,8,2026-01-28T18:47:46.890214,03 00 03 00 9B EB 09 48,03000300,0.000000
2334,0,0x10F,STD,8,2026-01-28T18:47:46.946871,03 00 03 00 72 A6 05 3C,03000300,0.000000
2335,0,0x110,STD,8,2026-01-28T18:47:46.970876,03 00 03 00 39 29 5F 47,03000300,0.000000
2336,0,0x10F,STD,8,2026-01-28T18:47:47.027627,03 00 03 00 18 22 8B 3C,03000300,0.000000
2337,0,0x110,STD,8,2026-01-28T18:47:47.040202,03 00 02 00 E5 91 3A 41,03000200,0.000000
2338,0,0x10F,STD,8,2026-01-28T18:47:47.040202,03 00 01 00 00 00 00 00,03000100,0.000000
2339,0,0x110,STD,8,2026-01-28T18:47:47.040202,03 00 01 00 00 00 00 00,03000100,0.000000
2340,0,0x10F,STD,8,2026-01-28T18:47:47.040202,03 00 02 00 62 12 2E 41,03000200,0.000000
2341,0,0x110,STD,8,2026-01-28T18:47:47.053206,03 00 03 00 E2 ED D1 47,03000300,0.000000
2342,0,0x10F,STD,8,2026-01-28T18:47:47.099216,03 00 03 00 72 04 6A 3C,03000300,0.000000
2343,0,0x110,STD,8,2026-01-28T18:47:47.123222,03 00 03 00 4F 4C B3 47,03000300,0.000000
2344,0,0x10F,STD,8,2026-01-28T18:47:47.180202,03 00 03 00 5B 71 D3 3C,03000300,0.000000
2345,0,0x110,STD,8,2026-01-28T18:47:47.204207,03 00 03 00 48 9C 5A 47,03000300,0.000000
2346,0,0x10F,STD,8,2026-01-28T18:47:47.261220,03 00 03 00 4F FC A2 3C,03000300,0.000000
2347,0,0x110,STD,8,2026-01-28T18:47:47.285226,03 00 03 00 0A FF CF 47,03000300,0.000000
2348,0,0x10F,STD,8,2026-01-28T18:47:47.341878,03 00 03 00 39 B6 06 3D,03000300,0.000000
2349,0,0x110,STD,8,2026-01-28T18:47:47.365884,03 00 03 00 F6 14 4C 47,03000300,0.000000
2350,0,0x10F,STD,8,2026-01-28T18:47:47.422898,03 00 03 00 E5 C1 DC 3C,03000300,0.000000
2351,0,0x110,STD,8,2026-01-28T18:47:47.446903,03 00 03 00 C7 58 D9 47,03000300,0.000000
2352,0,0x10F,STD,8,2026-01-28T18:47:47.503916,03 00 03 00 87 0D 9F 3C,03000300,0.000000
2353,0,0x110,STD,8,2026-01-28T18:47:47.527921,03 00 03 00 34 86 DF 47,03000300,0.000000
2354,0,0x10F,STD,8,2026-01-28T18:47:47.584934,03 00 03 00 50 F2 8B 3C,03000300,0.000000
2355,0,0x110,STD,8,2026-01-28T18:47:47.608940,03 00 03 00 6B 55 67 47,03000300,0.000000
2356,0,0x10F,STD,8,2026-01-28T18:47:47.665955,03 00 03 00 4F 1D F3 3C,03000300,0.000000
2357,0,0x110,STD,8,2026-01-28T18:47:47.689961,03 00 03 00 33 0B AF 47,03000300,0.000000
2358,0,0x10F,STD,8,2026-01-28T18:47:47.735971,03 00 03 00 53 A1 96 3C,03000300,0.000000
2359,0,0x110,STD,8,2026-01-28T18:47:47.770979,03 00 03 00 8E 04 04 48,03000300,0.000000
2360,0,0x10F,STD,8,2026-01-28T18:47:47.816990,03 00 03 00 08 E8 15 3C,03000300,0.000000
2361,0,0x110,STD,8,2026-01-28T18:47:47.840995,03 00 03 00 0F 22 B7 47,03000300,0.000000
2362,0,0x10F,STD,8,2026-01-28T18:47:47.898008,03 00 03 00 9B 69 EC 3C,03000300,0.000000
2363,0,0x110,STD,8,2026-01-28T18:47:47.922013,03 00 03 00 52 47 69 47,03000300,0.000000
2364,0,0x10F,STD,8,2026-01-28T18:47:47.978592,03 00 03 00 B2 AE FB 3C,03000300,0.000000
2365,0,0x110,STD,8,2026-01-28T18:47:48.002177,03 00 03 00 B2 8C 1D 48,03000300,0.000000
2366,0,0x10F,STD,8,2026-01-28T18:47:48.059189,03 00 03 00 86 56 15 3C,03000300,0.000000
2367,0,0x110,STD,8,2026-01-28T18:47:48.083166,03 00 03 00 88 0A 00 48,03000300,0.000000
2368,0,0x110,STD,8,2026-01-28T18:47:48.129176,03 00 02 00 62 12 2E 41,03000200,0.000000
2369,0,0x10F,STD,8,2026-01-28T18:47:48.132177,03 00 01 00 00 00 00 00,03000100,0.000000
2370,0,0x110,STD,8,2026-01-28T18:47:48.134178,03 00 01 00 00 00 00 00,03000100,0.000000
2371,0,0x110,STD,8,2026-01-28T18:47:48.135178,03 00 01 00 00 00 00 00,03000100,0.000000
2372,0,0x10F,STD,8,2026-01-28T18:47:48.137178,03 00 02 00 D6 4D 46 41,03000200,0.000000
2373,0,0x110,STD,8,2026-01-28T18:47:48.161184,03 00 03 00 8F 98 42 47,03000300,0.000000
2374,0,0x10F,STD,8,2026-01-28T18:47:48.218197,03 00 03 00 0C F3 6D 3C,03000300,0.000000
2375,0,0x110,STD,8,2026-01-28T18:47:48.242202,03 00 03 00 6A 1D 73 47,03000300,0.000000
2376,0,0x10F,STD,8,2026-01-28T18:47:48.298755,03 00 03 00 76 DE BE 3C,03000300,0.000000
2377,0,0x110,STD,8,2026-01-28T18:47:48.322761,03 00 03 00 8B 4F 87 47,03000300,0.000000
2378,0,0x10F,STD,8,2026-01-28T18:47:48.382774,03 00 03 00 D8 52 9B 3C,03000300,0.000000
2379,0,0x110,STD,8,2026-01-28T18:47:48.406779,03 00 03 00 66 DE 23 48,03000300,0.000000
2380,0,0x10F,STD,8,2026-01-28T18:47:48.463296,03 00 03 00 09 5B F0 3C,03000300,0.000000
2381,0,0x110,STD,8,2026-01-28T18:47:48.487302,03 00 03 00 C5 04 16 48,03000300,0.000000
2382,0,0x10F,STD,8,2026-01-28T18:47:48.533312,03 00 03 00 EB 80 92 3C,03000300,0.000000
2383,0,0x110,STD,8,2026-01-28T18:47:48.557317,03 00 03 00 62 C1 6B 48,03000300,0.000000
2384,0,0x10F,STD,8,2026-01-28T18:47:48.614330,03 00 03 00 22 CD 38 3C,03000300,0.000000
2385,0,0x110,STD,8,2026-01-28T18:47:48.637841,03 00 03 00 98 CC 26 48,03000300,0.000000
2386,0,0x10F,STD,8,2026-01-28T18:47:48.694138,03 00 03 00 BD CF E9 3C,03000300,0.000000
2387,0,0x110,STD,8,2026-01-28T18:47:48.718143,03 00 03 00 90 BF CC 47,03000300,0.000000
2388,0,0x10F,STD,8,2026-01-28T18:47:48.775156,03 00 03 00 AC D2 A4 3C,03000300,0.000000
2389,0,0x110,STD,8,2026-01-28T18:47:48.799161,03 00 03 00 45 BB 00 48,03000300,0.000000
2390,0,0x10F,STD,8,2026-01-28T18:47:48.855679,03 00 03 00 1C 4E 5A 3C,03000300,0.000000
2391,0,0x110,STD,8,2026-01-28T18:47:48.879684,03 00 03 00 F5 13 05 48,03000300,0.000000
2392,0,0x10F,STD,8,2026-01-28T18:47:48.936697,03 00 03 00 32 B9 1B 3C,03000300,0.000000
2393,0,0x110,STD,8,2026-01-28T18:47:48.966704,03 00 03 00 A1 63 3D 47,03000300,0.000000
2394,0,0x10F,STD,8,2026-01-28T18:47:49.012714,03 00 03 00 6A D5 AE 3C,03000300,0.000000
2395,0,0x110,STD,8,2026-01-28T18:47:49.036828,03 00 03 00 2A DE A1 47,03000300,0.000000
2396,0,0x10F,STD,8,2026-01-28T18:47:49.093841,03 00 03 00 EC 3B 3D 3C,03000300,0.000000
2397,0,0x110,STD,8,2026-01-28T18:47:49.117846,03 00 03 00 CA 32 17 48,03000300,0.000000
2398,0,0x10F,STD,8,2026-01-28T18:47:49.174365,03 00 03 00 0D 4E 37 3C,03000300,0.000000
2399,0,0x110,STD,8,2026-01-28T18:47:49.197963,03 00 03 00 11 F3 2E 48,03000300,0.000000
2400,0,0x110,STD,8,2026-01-28T18:47:49.232971,03 00 02 00 D6 4D 46 41,03000200,0.000000
2401,0,0x10F,STD,8,2026-01-28T18:47:49.232971,03 00 02 00 66 F4 41 41,03000200,0.000000
2402,0,0x110,STD,8,2026-01-28T18:47:49.232971,03 00 02 00 66 F4 41 41,03000200,0.000000
2403,0,0x10F,STD,8,2026-01-28T18:47:49.232971,03 00 01 00 00 00 00 00,03000100,0.000000
2404,0,0x10F,STD,8,2026-01-28T18:47:49.256977,03 00 03 00 6A 63 96 3C,03000300,0.000000
2405,0,0x110,STD,8,2026-01-28T18:47:49.280982,03 00 03 00 DF C0 9E 47,03000300,0.000000
2406,0,0x10F,STD,8,2026-01-28T18:47:49.337995,03 00 03 00 9F 95 0A 3C,03000300,0.000000
2407,0,0x110,STD,8,2026-01-28T18:47:49.361999,03 00 03 00 D2 6C 3D 48,03000300,0.000000
2408,0,0x10F,STD,8,2026-01-28T18:47:49.419013,03 00 03 00 7E 41 9C 3B,03000300,0.000000
2409,0,0x110,STD,8,2026-01-28T18:47:49.442309,03 00 03 00 86 80 C3 47,03000300,0.000000
2410,0,0x10F,STD,8,2026-01-28T18:47:49.499323,03 00 03 00 06 A0 CF 3B,03000300,0.000000
2411,0,0x110,STD,8,2026-01-28T18:47:49.523327,03 00 03 00 1E 23 04 48,03000300,0.000000
2412,0,0x10F,STD,8,2026-01-28T18:47:49.569338,03 00 03 00 2B E1 06 3C,03000300,0.000000
2413,0,0x110,STD,8,2026-01-28T18:47:49.593343,03 00 03 00 57 01 BA 47,03000300,0.000000
2414,0,0x10F,STD,8,2026-01-28T18:47:49.650355,03 00 03 00 D4 E7 40 3C,03000300,0.000000
2415,0,0x110,STD,8,2026-01-28T18:47:49.673865,03 00 03 00 BA 2E 40 47,03000300,0.000000
2416,0,0x10F,STD,8,2026-01-28T18:47:49.730878,03 00 03 00 7B 7C 3A 3C,03000300,0.000000
2417,0,0x110,STD,8,2026-01-28T18:47:49.754884,03 00 03 00 AD 57 30 48,03000300,0.000000
2418,0,0x10F,STD,8,2026-01-28T18:47:49.811896,03 00 03 00 8E 44 8E 3C,03000300,0.000000
2419,0,0x110,STD,8,2026-01-28T18:47:49.835902,03 00 03 00 F4 31 38 48,03000300,0.000000
2420,0,0x10F,STD,8,2026-01-28T18:47:49.892915,03 00 03 00 D8 51 17 3C,03000300,0.000000
2421,0,0x110,STD,8,2026-01-28T18:47:49.916920,03 00 03 00 87 EA 3A 48,03000300,0.000000
2422,0,0x10F,STD,8,2026-01-28T18:47:49.973933,03 00 03 00 CC 5A B9 3C,03000300,0.000000
2423,0,0x110,STD,8,2026-01-28T18:47:50.010941,03 00 03 00 20 B7 64 48,03000300,0.000000
2424,0,0x10F,STD,8,2026-01-28T18:47:50.057951,03 00 03 00 8E AD 97 3C,03000300,0.000000
2425,0,0x110,STD,8,2026-01-28T18:47:50.081462,03 00 03 00 9C 29 D1 47,03000300,0.000000
2426,0,0x10F,STD,8,2026-01-28T18:47:50.130473,03 00 03 00 85 BA 0D 3C,03000300,0.000000
2427,0,0x110,STD,8,2026-01-28T18:47:50.154478,03 00 03 00 31 49 B6 47,03000300,0.000000
2428,0,0x10F,STD,8,2026-01-28T18:47:50.211015,03 00 03 00 25 07 BA 3C,03000300,0.000000
2429,0,0x110,STD,8,2026-01-28T18:47:50.238021,03 00 03 00 E2 27 B1 47,03000300,0.000000
2430,0,0x10F,STD,8,2026-01-28T18:47:50.296034,03 00 03 00 9F 66 B8 3C,03000300,0.000000
2431,0,0x110,STD,8,2026-01-28T18:47:50.320040,03 00 03 00 AB B3 F9 46,03000300,0.000000
2432,0,0x110,STD,8,2026-01-28T18:47:50.321041,03 00 01 00 00 00 00 00,03000100,0.000000
2433,0,0x10F,STD,8,2026-01-28T18:47:50.321041,03 00 01 00 00 00 00 00,03000100,0.000000
2434,0,0x110,STD,8,2026-01-28T18:47:50.321041,03 00 01 00 00 00 00 00,03000100,0.000000
2435,0,0x10F,STD,8,2026-01-28T18:47:50.321041,03 00 02 00 69 0E 31 41,03000200,0.000000
2436,0,0x10F,STD,8,2026-01-28T18:47:50.372051,03 00 03 00 8D DB 6D 3C,03000300,0.000000
2437,0,0x110,STD,8,2026-01-28T18:47:50.397057,03 00 03 00 BF 8E BF 47,03000300,0.000000
2438,0,0x10F,STD,8,2026-01-28T18:47:50.453575,03 00 03 00 30 B2 E6 3B,03000300,0.000000
2439,0,0x110,STD,8,2026-01-28T18:47:50.477085,03 00 03 00 E9 0F 91 47,03000300,0.000000
2440,0,0x10F,STD,8,2026-01-28T18:47:50.535603,03 00 03 00 EF 74 E0 3C,03000300,0.000000
2441,0,0x110,STD,8,2026-01-28T18:47:50.549606,03 00 03 00 27 C5 A9 47,03000300,0.000000
2442,0,0x10F,STD,8,2026-01-28T18:47:50.606123,03 00 03 00 DE 61 FF 3C,03000300,0.000000
2443,0,0x110,STD,8,2026-01-28T18:47:50.631129,03 00 03 00 98 32 00 48,03000300,0.000000
2444,0,0x10F,STD,8,2026-01-28T18:47:50.687647,03 00 03 00 EB 55 6E 3C,03000300,0.000000
2445,0,0x110,STD,8,2026-01-28T18:47:50.711156,03 00 03 00 F5 B5 79 47,03000300,0.000000
2446,0,0x10F,STD,8,2026-01-28T18:47:50.767674,03 00 03 00 EC 54 8B 3B,03000300,0.000000
2447,0,0x110,STD,8,2026-01-28T18:47:50.795680,03 00 03 00 A8 92 A2 47,03000300,0.000000
2448,0,0x10F,STD,8,2026-01-28T18:47:50.852196,03 00 03 00 73 2C F4 3B,03000300,0.000000
2449,0,0x110,STD,8,2026-01-28T18:47:50.875649,03 00 03 00 2F B0 0E 47,03000300,0.000000
2450,0,0x10F,STD,8,2026-01-28T18:47:50.932662,03 00 03 00 B3 DC 95 3C,03000300,0.000000
2451,0,0x110,STD,8,2026-01-28T18:47:50.957667,03 00 03 00 86 E6 FC 47,03000300,0.000000
2452,0,0x10F,STD,8,2026-01-28T18:47:51.014185,03 00 03 00 BB C8 B4 3C,03000300,0.000000
2453,0,0x110,STD,8,2026-01-28T18:47:51.038191,03 00 03 00 08 A7 FC 47,03000300,0.000000
2454,0,0x10F,STD,8,2026-01-28T18:47:51.084201,03 00 03 00 73 8B DB 3C,03000300,0.000000
2455,0,0x110,STD,8,2026-01-28T18:47:51.107711,03 00 03 00 70 CD AB 47,03000300,0.000000
2456,0,0x10F,STD,8,2026-01-28T18:47:51.164228,03 00 03 00 D1 55 BD 3C,03000300,0.000000
2457,0,0x110,STD,8,2026-01-28T18:47:51.187739,03 00 03 00 86 29 D5 47,03000300,0.000000
2458,0,0x10F,STD,8,2026-01-28T18:47:51.244478,03 00 03 00 A3 AB B2 3B,03000300,0.000000
2459,0,0x110,STD,8,2026-01-28T18:47:51.268484,03 00 03 00 45 E0 7D 47,03000300,0.000000
2460,0,0x10F,STD,8,2026-01-28T18:47:51.325000,03 00 03 00 67 F0 85 3B,03000300,0.000000
2461,0,0x110,STD,8,2026-01-28T18:47:51.349005,03 00 03 00 00 AC 95 47,03000300,0.000000
2462,0,0x110,STD,8,2026-01-28T18:47:51.405715,03 00 02 00 69 0E 31 41,03000200,0.000000
2463,0,0x10F,STD,8,2026-01-28T18:47:51.405715,03 00 02 00 7E 51 3E 41,03000200,0.000000
2464,0,0x10F,STD,8,2026-01-28T18:47:51.405715,03 00 02 00 7E 51 3E 41,03000200,0.000000
2465,0,0x110,STD,8,2026-01-28T18:47:51.405715,03 00 02 00 7E 51 3E 41,03000200,0.000000
2466,0,0x10F,STD,8,2026-01-28T18:47:51.405715,03 00 01 00 00 00 00 00,03000100,0.000000
2467,0,0x110,STD,8,2026-01-28T18:47:51.429720,03 00 03 00 07 64 4F 47,03000300,0.000000
2468,0,0x10F,STD,8,2026-01-28T18:47:51.486733,03 00 03 00 8C 5F 5D 3C,03000300,0.000000
2469,0,0x110,STD,8,2026-01-28T18:47:51.510739,03 00 03 00 7A EA 86 47,03000300,0.000000
2470,0,0x10F,STD,8,2026-01-28T18:47:51.567671,03 00 03 00 1F 93 4C 3C,03000300,0.000000
2471,0,0x110,STD,8,2026-01-28T18:47:51.591676,03 00 03 00 7F 52 DC 46,03000300,0.000000
2472,0,0x10F,STD,8,2026-01-28T18:47:51.648673,03 00 03 00 EB 1B 5B 3C,03000300,0.000000
2473,0,0x110,STD,8,2026-01-28T18:47:51.672276,03 00 03 00 56 42 4F 47,03000300,0.000000
2474,0,0x10F,STD,8,2026-01-28T18:47:51.729289,03 00 03 00 1C 25 B1 3C,03000300,0.000000
2475,0,0x110,STD,8,2026-01-28T18:47:51.753294,03 00 03 00 1D 7E DF 46,03000300,0.000000
2476,0,0x10F,STD,8,2026-01-28T18:47:51.810307,03 00 03 00 DD 97 A2 3C,03000300,0.000000
2477,0,0x110,STD,8,2026-01-28T18:47:51.834312,03 00 03 00 0B 2E A8 47,03000300,0.000000
2478,0,0x10F,STD,8,2026-01-28T18:47:51.890184,03 00 03 00 C8 43 BA 3C,03000300,0.000000
2479,0,0x110,STD,8,2026-01-28T18:47:51.914189,03 00 03 00 EA B2 68 47,03000300,0.000000
2480,0,0x10F,STD,8,2026-01-28T18:47:51.968822,03 00 03 00 47 45 9A 3C,03000300,0.000000
2481,0,0x110,STD,8,2026-01-28T18:47:51.993827,03 00 03 00 AC C1 38 47,03000300,0.000000
2482,0,0x10F,STD,8,2026-01-28T18:47:52.050840,03 00 03 00 1C 29 E9 3C,03000300,0.000000
2483,0,0x110,STD,8,2026-01-28T18:47:52.074350,03 00 03 00 BB 41 14 48,03000300,0.000000
2484,0,0x10F,STD,8,2026-01-28T18:47:52.120360,03 00 03 00 2D 78 E7 3C,03000300,0.000000
2485,0,0x110,STD,8,2026-01-28T18:47:52.144366,03 00 03 00 0A 13 40 48,03000300,0.000000
2486,0,0x10F,STD,8,2026-01-28T18:47:52.200884,03 00 03 00 F5 11 D0 3C,03000300,0.000000
2487,0,0x110,STD,8,2026-01-28T18:47:52.224888,03 00 03 00 1B BA 20 48,03000300,0.000000
2488,0,0x10F,STD,8,2026-01-28T18:47:52.281902,03 00 03 00 2F DD 1E 3D,03000300,0.000000
2489,0,0x110,STD,8,2026-01-28T18:47:52.305907,03 00 03 00 5F A7 57 48,03000300,0.000000
2490,0,0x10F,STD,8,2026-01-28T18:47:52.361920,03 00 03 00 15 40 F9 3C,03000300,0.000000
2491,0,0x110,STD,8,2026-01-28T18:47:52.385925,03 00 03 00 C2 ED 18 48,03000300,0.000000
2492,0,0x10F,STD,8,2026-01-28T18:47:52.442938,03 00 03 00 F6 E7 FD 3C,03000300,0.000000
2493,0,0x110,STD,8,2026-01-28T18:47:52.466944,03 00 03 00 A6 90 34 48,03000300,0.000000
2494,0,0x110,STD,8,2026-01-28T18:47:52.490949,03 00 01 00 00 00 00 00,03000100,0.000000
2495,0,0x10F,STD,8,2026-01-28T18:47:52.490949,03 00 02 00 5A 5A 36 41,03000200,0.000000
2496,0,0x110,STD,8,2026-01-28T18:47:52.490949,03 00 02 00 5A 5A 36 41,03000200,0.000000
2497,0,0x10F,STD,8,2026-01-28T18:47:52.490949,03 00 01 00 00 00 00 00,03000100,0.000000
2498,0,0x10F,STD,8,2026-01-28T18:47:52.526957,03 00 03 00 C1 16 1F 3D,03000300,0.000000
2499,0,0x110,STD,8,2026-01-28T18:47:52.550963,03 00 03 00 7E A9 76 48,03000300,0.000000
2500,0,0x10F,STD,8,2026-01-28T18:47:52.607975,03 00 03 00 29 44 B4 3C,03000300,0.000000
2501,0,0x110,STD,8,2026-01-28T18:47:52.622979,03 00 03 00 1D 4F 26 48,03000300,0.000000
2502,0,0x10F,STD,8,2026-01-28T18:47:52.679991,03 00 03 00 BB 27 12 3D,03000300,0.000000
2503,0,0x110,STD,8,2026-01-28T18:47:52.703997,03 00 03 00 00 86 01 48,03000300,0.000000
2504,0,0x10F,STD,8,2026-01-28T18:47:52.760513,03 00 03 00 AE D3 25 3D,03000300,0.000000
2505,0,0x110,STD,8,2026-01-28T18:47:52.784519,03 00 03 00 F1 7E F7 47,03000300,0.000000
2506,0,0x10F,STD,8,2026-01-28T18:47:52.841531,03 00 03 00 0E 5B 8C 3C,03000300,0.000000
2507,0,0x110,STD,8,2026-01-28T18:47:52.865537,03 00 03 00 AF 24 6B 47,03000300,0.000000
2508,0,0x10F,STD,8,2026-01-28T18:47:52.922550,03 00 03 00 D4 1A 0C 3C,03000300,0.000000
2509,0,0x110,STD,8,2026-01-28T18:47:52.946555,03 00 03 00 96 AF D9 46,03000300,0.000000
2510,0,0x10F,STD,8,2026-01-28T18:47:53.003071,03 00 03 00 14 86 71 3C,03000300,0.000000
2511,0,0x110,STD,8,2026-01-28T18:47:53.027076,03 00 03 00 DF FC 48 47,03000300,0.000000
2512,0,0x10F,STD,8,2026-01-28T18:47:53.084089,03 00 03 00 D3 1A 0E 3C,03000300,0.000000
2513,0,0x110,STD,8,2026-01-28T18:47:53.108095,03 00 03 00 5C EC 06 48,03000300,0.000000
2514,0,0x10F,STD,8,2026-01-28T18:47:53.165108,03 00 03 00 5C 59 DF 3B,03000300,0.000000
2515,0,0x110,STD,8,2026-01-28T18:47:53.189113,03 00 03 00 F8 83 32 48,03000300,0.000000
2516,0,0x10F,STD,8,2026-01-28T18:47:53.246126,03 00 03 00 F8 80 BC 3C,03000300,0.000000
2517,0,0x110,STD,8,2026-01-28T18:47:53.269635,03 00 03 00 E2 18 F8 47,03000300,0.000000
2518,0,0x10F,STD,8,2026-01-28T18:47:53.317646,03 00 03 00 8B BD C0 3C,03000300,0.000000
2519,0,0x110,STD,8,2026-01-28T18:47:53.342652,03 00 03 00 75 5E 1D 48,03000300,0.000000
2520,0,0x10F,STD,8,2026-01-28T18:47:53.399665,03 00 03 00 B6 B2 85 3C,03000300,0.000000
2521,0,0x110,STD,8,2026-01-28T18:47:53.423670,03 00 03 00 59 F6 B3 47,03000300,0.000000
2522,0,0x10F,STD,8,2026-01-28T18:47:53.480683,03 00 03 00 AE 52 89 3C,03000300,0.000000
2523,0,0x110,STD,8,2026-01-28T18:47:53.504688,03 00 03 00 41 A2 3E 48,03000300,0.000000
2524,0,0x10F,STD,8,2026-01-28T18:47:53.561204,03 00 03 00 A1 42 B8 3C,03000300,0.000000
2525,0,0x110,STD,8,2026-01-28T18:47:53.585209,03 00 03 00 BF 58 4E 48,03000300,0.000000
2526,0,0x110,STD,8,2026-01-28T18:47:53.585209,03 00 01 00 00 00 00 00,03000100,0.000000
2527,0,0x10F,STD,8,2026-01-28T18:47:53.585209,03 00 01 00 00 00 00 00,03000100,0.000000
2528,0,0x110,STD,8,2026-01-28T18:47:53.585209,03 00 01 00 00 00 00 00,03000100,0.000000
2529,0,0x10F,STD,8,2026-01-28T18:47:53.585209,03 00 02 00 63 3B 3B 41,03000200,0.000000
2530,0,0x10F,STD,8,2026-01-28T18:47:53.642222,03 00 03 00 3E 4D 8C 3C,03000300,0.000000
2531,0,0x110,STD,8,2026-01-28T18:47:53.666227,03 00 03 00 DE DD A1 47,03000300,0.000000
2532,0,0x10F,STD,8,2026-01-28T18:47:53.723220,03 00 03 00 99 19 BF 3C,03000300,0.000000
2533,0,0x110,STD,8,2026-01-28T18:47:53.747225,03 00 03 00 82 37 45 48,03000300,0.000000
2534,0,0x10F,STD,8,2026-01-28T18:47:53.803742,03 00 03 00 C5 46 A5 3C,03000300,0.000000
2535,0,0x110,STD,8,2026-01-28T18:47:53.827747,03 00 03 00 00 79 7F 48,03000300,0.000000
2536,0,0x10F,STD,8,2026-01-28T18:47:53.884072,03 00 03 00 3C 54 88 3C,03000300,0.000000
2537,0,0x110,STD,8,2026-01-28T18:47:53.908077,03 00 03 00 EA E5 BB 47,03000300,0.000000
2538,0,0x10F,STD,8,2026-01-28T18:47:53.954088,03 00 03 00 41 F9 E6 3B,03000300,0.000000
2539,0,0x110,STD,8,2026-01-28T18:47:53.977506,03 00 03 00 99 DB 28 48,03000300,0.000000
2540,0,0x10F,STD,8,2026-01-28T18:47:54.034519,03 00 03 00 DF B0 43 3B,03000300,0.000000
2541,0,0x110,STD,8,2026-01-28T18:47:54.058525,03 00 03 00 C1 2D 40 48,03000300,0.000000
2542,0,0x10F,STD,8,2026-01-28T18:47:54.115538,03 00 03 00 F1 01 EB 3B,03000300,0.000000
2543,0,0x110,STD,8,2026-01-28T18:47:54.139543,03 00 03 00 C6 63 0B 48,03000300,0.000000
2544,0,0x10F,STD,8,2026-01-28T18:47:54.196556,03 00 03 00 80 BB 25 3C,03000300,0.000000
2545,0,0x110,STD,8,2026-01-28T18:47:54.220561,03 00 03 00 BA 79 4B 48,03000300,0.000000
2546,0,0x10F,STD,8,2026-01-28T18:47:54.277574,03 00 03 00 B0 92 33 3C,03000300,0.000000
2547,0,0x110,STD,8,2026-01-28T18:47:54.301579,03 00 03 00 52 8C 28 48,03000300,0.000000
2548,0,0x10F,STD,8,2026-01-28T18:47:54.361096,03 00 03 00 37 F3 08 3C,03000300,0.000000
2549,0,0x110,STD,8,2026-01-28T18:47:54.385102,03 00 03 00 77 1F B8 47,03000300,0.000000
2550,0,0x10F,STD,8,2026-01-28T18:47:54.442115,03 00 03 00 FB F7 67 3C,03000300,0.000000
2551,0,0x110,STD,8,2026-01-28T18:47:54.466120,03 00 03 00 3D 26 F6 47,03000300,0.000000
2552,0,0x10F,STD,8,2026-01-28T18:47:54.511498,03 00 03 00 C7 91 A6 3B,03000300,0.000000
2553,0,0x110,STD,8,2026-01-28T18:47:54.535503,03 00 03 00 E7 DE 1C 48,03000300,0.000000
2554,0,0x10F,STD,8,2026-01-28T18:47:54.592515,03 00 03 00 20 78 21 3C,03000300,0.000000
2555,0,0x110,STD,8,2026-01-28T18:47:54.616521,03 00 03 00 02 C4 23 48,03000300,0.000000
2556,0,0x110,STD,8,2026-01-28T18:47:54.662035,03 00 02 00 63 3B 3B 41,03000200,0.000000
2557,0,0x10F,STD,8,2026-01-28T18:47:54.664035,03 00 02 00 AB 7B 3D 41,03000200,0.000000
2558,0,0x110,STD,8,2026-01-28T18:47:54.664035,03 00 02 00 AB 7B 3D 41,03000200,0.000000
2559,0,0x10F,STD,8,2026-01-28T18:47:54.664035,03 00 01 00 00 00 00 00,03000100,0.000000
2560,0,0x10F,STD,8,2026-01-28T18:47:54.677038,03 00 03 00 AD 42 0D 3C,03000300,0.000000
2561,0,0x110,STD,8,2026-01-28T18:47:54.701044,03 00 03 00 E8 B9 D8 47,03000300,0.000000
2562,0,0x10F,STD,8,2026-01-28T18:47:54.758057,03 00 03 00 3E 87 4E 3C,03000300,0.000000
2563,0,0x110,STD,8,2026-01-28T18:47:54.782062,03 00 03 00 FB EF 94 47,03000300,0.000000
2564,0,0x10F,STD,8,2026-01-28T18:47:54.839075,03 00 03 00 B4 6D 88 3C,03000300,0.000000
2565,0,0x110,STD,8,2026-01-28T18:47:54.862585,03 00 03 00 1C 2D 57 48,03000300,0.000000
2566,0,0x10F,STD,8,2026-01-28T18:47:54.919598,03 00 03 00 1D D4 B9 3B,03000300,0.000000
2567,0,0x110,STD,8,2026-01-28T18:47:54.943604,03 00 03 00 E1 3A 81 48,03000300,0.000000
2568,0,0x10F,STD,8,2026-01-28T18:47:54.989614,03 00 03 00 B1 AD 5C 3C,03000300,0.000000
2569,0,0x110,STD,8,2026-01-28T18:47:55.013619,03 00 03 00 F0 DC 46 48,03000300,0.000000
2570,0,0x10F,STD,8,2026-01-28T18:47:55.070632,03 00 03 00 13 00 06 3C,03000300,0.000000
2571,0,0x110,STD,8,2026-01-28T18:47:55.094638,03 00 03 00 36 A7 65 48,03000300,0.000000
2572,0,0x10F,STD,8,2026-01-28T18:47:55.151651,03 00 03 00 67 A7 C7 3C,03000300,0.000000
2573,0,0x110,STD,8,2026-01-28T18:47:55.175656,03 00 03 00 67 D0 2C 48,03000300,0.000000
2574,0,0x10F,STD,8,2026-01-28T18:47:55.232669,03 00 03 00 5E 50 5C 3C,03000300,0.000000
2575,0,0x110,STD,8,2026-01-28T18:47:55.256674,03 00 03 00 90 84 4E 48,03000300,0.000000
2576,0,0x10F,STD,8,2026-01-28T18:47:55.313687,03 00 03 00 23 A0 AF 3C,03000300,0.000000
2577,0,0x110,STD,8,2026-01-28T18:47:55.337692,03 00 03 00 B3 E1 D0 47,03000300,0.000000
2578,0,0x10F,STD,8,2026-01-28T18:47:55.394706,03 00 03 00 BE FB D4 3C,03000300,0.000000
2579,0,0x110,STD,8,2026-01-28T18:47:55.418711,03 00 03 00 A1 73 A8 47,03000300,0.000000
2580,0,0x10F,STD,8,2026-01-28T18:47:55.475724,03 00 03 00 CE 32 50 3C,03000300,0.000000
2581,0,0x110,STD,8,2026-01-28T18:47:55.499729,03 00 03 00 4E E4 A8 47,03000300,0.000000
2582,0,0x10F,STD,8,2026-01-28T18:47:55.556742,03 00 03 00 EC BC C9 3C,03000300,0.000000
2583,0,0x110,STD,8,2026-01-28T18:47:55.580747,03 00 03 00 9D 7C E2 47,03000300,0.000000
2584,0,0x10F,STD,8,2026-01-28T18:47:55.626758,03 00 03 00 5E C4 D0 3C,03000300,0.000000
2585,0,0x110,STD,8,2026-01-28T18:47:55.650763,03 00 03 00 A6 47 0D 48,03000300,0.000000
2586,0,0x10F,STD,8,2026-01-28T18:47:55.707776,03 00 03 00 44 80 52 3C,03000300,0.000000
2587,0,0x110,STD,8,2026-01-28T18:47:55.731118,03 00 03 00 B1 5E 33 48,03000300,0.000000
2588,0,0x110,STD,8,2026-01-28T18:47:55.744120,03 00 01 00 00 00 00 00,03000100,0.000000
2589,0,0x10F,STD,8,2026-01-28T18:47:55.744120,03 00 02 00 93 BD 30 41,03000200,0.000000
2590,0,0x110,STD,8,2026-01-28T18:47:55.744120,03 00 02 00 93 BD 30 41,03000200,0.000000
2591,0,0x10F,STD,8,2026-01-28T18:47:55.744120,03 00 01 00 00 00 00 00,03000100,0.000000
2592,0,0x10F,STD,8,2026-01-28T18:47:55.789633,03 00 03 00 53 59 02 3D,03000300,0.000000
2593,0,0x110,STD,8,2026-01-28T18:47:55.813639,03 00 03 00 8E 56 0B 48,03000300,0.000000
2594,0,0x10F,STD,8,2026-01-28T18:47:55.870652,03 00 03 00 30 1B 8F 3C,03000300,0.000000
2595,0,0x110,STD,8,2026-01-28T18:47:55.894657,03 00 03 00 DB C1 04 48,03000300,0.000000
2596,0,0x10F,STD,8,2026-01-28T18:47:55.951670,03 00 03 00 57 A2 2A 3C,03000300,0.000000
2597,0,0x110,STD,8,2026-01-28T18:47:55.975675,03 00 03 00 8D DA 4A 47,03000300,0.000000
2598,0,0x10F,STD,8,2026-01-28T18:47:56.032353,03 00 03 00 F6 8B A3 3B,03000300,0.000000
2599,0,0x110,STD,8,2026-01-28T18:47:56.056359,03 00 03 00 51 7B 5B 47,03000300,0.000000
2600,0,0x10F,STD,8,2026-01-28T18:47:56.113371,03 00 03 00 D1 BD 55 3C,03000300,0.000000
2601,0,0x110,STD,8,2026-01-28T18:47:56.137150,03 00 03 00 BB F5 79 47,03000300,0.000000
2602,0,0x10F,STD,8,2026-01-28T18:47:56.193749,03 00 03 00 2D 8C 6B 3C,03000300,0.000000
2603,0,0x110,STD,8,2026-01-28T18:47:56.217754,03 00 03 00 80 07 5B 48,03000300,0.000000
2604,0,0x10F,STD,8,2026-01-28T18:47:56.274446,03 00 03 00 C6 AC EB 3B,03000300,0.000000
2605,0,0x110,STD,8,2026-01-28T18:47:56.298452,03 00 03 00 CC 1A 5C 48,03000300,0.000000
2606,0,0x10F,STD,8,2026-01-28T18:47:56.364119,03 00 03 00 E9 61 0E 3B,03000300,0.000000
2607,0,0x110,STD,8,2026-01-28T18:47:56.378123,03 00 03 00 E0 40 0C 48,03000300,0.000000
2608,0,0x10F,STD,8,2026-01-28T18:47:56.424133,03 00 03 00 00 75 9D 3B,03000300,0.000000
2609,0,0x110,STD,8,2026-01-28T18:47:56.447641,03 00 03 00 5A EC 86 48,03000300,0.000000
2610,0,0x10F,STD,8,2026-01-28T18:47:56.503372,03 00 03 00 16 1B 12 3C,03000300,0.000000
2611,0,0x110,STD,8,2026-01-28T18:47:56.538380,03 00 03 00 07 A4 49 48,03000300,0.000000
2612,0,0x10F,STD,8,2026-01-28T18:47:56.584390,03 00 03 00 13 EB 66 3C,03000300,0.000000
2613,0,0x110,STD,8,2026-01-28T18:47:56.608396,03 00 03 00 5A EE 6A 48,03000300,0.000000
2614,0,0x10F,STD,8,2026-01-28T18:47:56.665029,03 00 03 00 9F FE 32 3C,03000300,0.000000
2615,0,0x110,STD,8,2026-01-28T18:47:56.699540,03 00 03 00 4C E7 80 48,03000300,0.000000
2616,0,0x10F,STD,8,2026-01-28T18:47:56.745551,03 00 03 00 8E 0D 21 3C,03000300,0.000000
2617,0,0x110,STD,8,2026-01-28T18:47:56.769062,03 00 03 00 F6 C8 06 48,03000300,0.000000
2618,0,0x110,STD,8,2026-01-28T18:47:56.825328,03 00 01 00 00 00 00 00,03000100,0.000000
2619,0,0x110,STD,8,2026-01-28T18:47:56.825328,03 00 02 00 FF E5 44 41,03000200,0.000000
2620,0,0x10F,STD,8,2026-01-28T18:47:56.825328,03 00 01 00 00 00 00 00,03000100,0.000000
2621,0,0x10F,STD,8,2026-01-28T18:47:56.825328,03 00 01 00 00 00 00 00,03000100,0.000000
2622,0,0x110,STD,8,2026-01-28T18:47:56.825328,03 00 01 00 00 00 00 00,03000100,0.000000
2623,0,0x110,STD,8,2026-01-28T18:47:56.849990,03 00 03 00 D2 CC 82 47,03000300,0.000000
2624,0,0x10F,STD,8,2026-01-28T18:47:56.907004,03 00 03 00 67 9A 7E 3C,03000300,0.000000
2625,0,0x110,STD,8,2026-01-28T18:47:56.931009,03 00 03 00 B5 84 B6 47,03000300,0.000000
2626,0,0x10F,STD,8,2026-01-28T18:47:56.987366,03 00 03 00 23 CC 4C 3C,03000300,0.000000
2627,0,0x110,STD,8,2026-01-28T18:47:57.011371,03 00 03 00 FC 98 D1 47,03000300,0.000000
2628,0,0x10F,STD,8,2026-01-28T18:47:57.068384,03 00 03 00 1E D4 46 3C,03000300,0.000000
2629,0,0x110,STD,8,2026-01-28T18:47:57.092389,03 00 03 00 D4 85 B1 47,03000300,0.000000
2630,0,0x10F,STD,8,2026-01-28T18:47:57.148474,03 00 03 00 67 BF E7 3C,03000300,0.000000
2631,0,0x110,STD,8,2026-01-28T18:47:57.172481,03 00 03 00 45 24 99 47,03000300,0.000000
2632,0,0x10F,STD,8,2026-01-28T18:47:57.229494,03 00 03 00 02 84 A8 3C,03000300,0.000000
2633,0,0x110,STD,8,2026-01-28T18:47:57.253499,03 00 03 00 86 A5 44 48,03000300,0.000000
2634,0,0x10F,STD,8,2026-01-28T18:47:57.310511,03 00 03 00 BD 91 E9 3B,03000300,0.000000
2635,0,0x110,STD,8,2026-01-28T18:47:57.334517,03 00 03 00 1B D6 D5 47,03000300,0.000000
2636,0,0x10F,STD,8,2026-01-28T18:47:57.391529,03 00 03 00 EC 45 8C 3C,03000300,0.000000
2637,0,0x110,STD,8,2026-01-28T18:47:57.415038,03 00 03 00 77 71 E2 47,03000300,0.000000
2638,0,0x10F,STD,8,2026-01-28T18:47:57.472052,03 00 03 00 D3 FA 9C 3C,03000300,0.000000
2639,0,0x110,STD,8,2026-01-28T18:47:57.485055,03 00 03 00 15 93 AD 47,03000300,0.000000
2640,0,0x10F,STD,8,2026-01-28T18:47:57.541570,03 00 03 00 18 3C D3 3B,03000300,0.000000
2641,0,0x110,STD,8,2026-01-28T18:47:57.565576,03 00 03 00 51 BF 99 47,03000300,0.000000
2642,0,0x10F,STD,8,2026-01-28T18:47:57.622589,03 00 03 00 5E 3A 2F 3C,03000300,0.000000
2643,0,0x110,STD,8,2026-01-28T18:47:57.646594,03 00 03 00 4F DC D3 47,03000300,0.000000
2644,0,0x10F,STD,8,2026-01-28T18:47:57.703607,03 00 03 00 F6 0B F6 3B,03000300,0.000000
2645,0,0x110,STD,8,2026-01-28T18:47:57.727117,03 00 03 00 E6 0E 03 47,03000300,0.000000
2646,0,0x10F,STD,8,2026-01-28T18:47:57.784130,03 00 03 00 1A 4B 39 3C,03000300,0.000000
2647,0,0x110,STD,8,2026-01-28T18:47:57.808135,03 00 03 00 8B 8A B0 47,03000300,0.000000
2648,0,0x10F,STD,8,2026-01-28T18:47:57.865148,03 00 03 00 17 4F B2 3C,03000300,0.000000
2649,0,0x110,STD,8,2026-01-28T18:47:57.889154,03 00 03 00 F5 2C B9 47,03000300,0.000000
2650,0,0x10F,STD,8,2026-01-28T18:47:57.902157,03 00 02 00 FF E5 44 41,03000200,0.000000
2651,0,0x10F,STD,8,2026-01-28T18:47:57.902157,03 00 02 00 96 9C 2E 41,03000200,0.000000
2652,0,0x110,STD,8,2026-01-28T18:47:57.902157,03 00 02 00 96 9C 2E 41,03000200,0.000000
2653,0,0x10F,STD,8,2026-01-28T18:47:57.902157,03 00 01 00 00 00 00 00,03000100,0.000000
2654,0,0x10F,STD,8,2026-01-28T18:47:57.948167,03 00 03 00 A4 7A 5B 3C,03000300,0.000000
2655,0,0x110,STD,8,2026-01-28T18:47:57.966171,03 00 03 00 A1 6A 6A 48,03000300,0.000000
2656,0,0x10F,STD,8,2026-01-28T18:47:58.023184,03 00 03 00 13 D9 D6 3A,03000300,0.000000
2657,0,0x110,STD,8,2026-01-28T18:47:58.047189,03 00 03 00 F5 64 2A 48,03000300,0.000000
2658,0,0x10F,STD,8,2026-01-28T18:47:58.104202,03 00 03 00 D0 AF D4 3B,03000300,0.000000
2659,0,0x110,STD,8,2026-01-28T18:47:58.127712,03 00 03 00 E6 EB E2 47,03000300,0.000000
2660,0,0x10F,STD,8,2026-01-28T18:47:58.184725,03 00 03 00 89 C7 A9 3B,03000300,0.000000
2661,0,0x110,STD,8,2026-01-28T18:47:58.208767,03 00 03 00 B7 B2 59 48,03000300,0.000000
2662,0,0x10F,STD,8,2026-01-28T18:47:58.264921,03 00 03 00 40 9F 38 3C,03000300,0.000000
2663,0,0x110,STD,8,2026-01-28T18:47:58.288441,03 00 03 00 41 8F 0C 48,03000300,0.000000
2664,0,0x10F,STD,8,2026-01-28T18:47:58.345200,03 00 03 00 4C F1 10 3C,03000300,0.000000
2665,0,0x110,STD,8,2026-01-28T18:47:58.363206,03 00 03 00 F8 FD DE 47,03000300,0.000000
2666,0,0x10F,STD,8,2026-01-28T18:47:58.419848,03 00 03 00 0D AD 47 3C,03000300,0.000000
2667,0,0x110,STD,8,2026-01-28T18:47:58.443276,03 00 03 00 22 5C D8 47,03000300,0.000000
2668,0,0x10F,STD,8,2026-01-28T18:47:58.500029,03 00 03 00 C6 37 D6 3B,03000300,0.000000
2669,0,0x110,STD,8,2026-01-28T18:47:58.524037,03 00 03 00 FD 70 32 48,03000300,0.000000
2670,0,0x10F,STD,8,2026-01-28T18:47:58.581050,03 00 03 00 F4 89 E7 3B,03000300,0.000000
2671,0,0x110,STD,8,2026-01-28T18:47:58.605055,03 00 03 00 4B 12 91 47,03000300,0.000000
2672,0,0x10F,STD,8,2026-01-28T18:47:58.661276,03 00 03 00 EB 14 B6 3C,03000300,0.000000
2673,0,0x110,STD,8,2026-01-28T18:47:58.685281,03 00 03 00 82 F0 45 47,03000300,0.000000
2674,0,0x10F,STD,8,2026-01-28T18:47:58.741798,03 00 03 00 0B 8F 67 3C,03000300,0.000000
2675,0,0x110,STD,8,2026-01-28T18:47:58.765803,03 00 03 00 09 8E AE 47,03000300,0.000000
2676,0,0x10F,STD,8,2026-01-28T18:47:58.823230,03 00 03 00 2C B8 2A 3C,03000300,0.000000
2677,0,0x110,STD,8,2026-01-28T18:47:58.847236,03 00 03 00 07 77 C0 47,03000300,0.000000
2678,0,0x10F,STD,8,2026-01-28T18:47:58.904249,03 00 03 00 DD 66 16 3C,03000300,0.000000
2679,0,0x110,STD,8,2026-01-28T18:47:58.928254,03 00 03 00 B9 96 74 47,03000300,0.000000
2680,0,0x110,STD,8,2026-01-28T18:47:58.974264,03 00 01 00 00 00 00 00,03000100,0.000000
2681,0,0x10F,STD,8,2026-01-28T18:47:58.974264,03 00 02 00 E3 D5 45 41,03000200,0.000000
2682,0,0x110,STD,8,2026-01-28T18:47:58.974264,03 00 02 00 E3 D5 45 41,03000200,0.000000
2683,0,0x10F,STD,8,2026-01-28T18:47:58.974264,03 00 01 00 00 00 00 00,03000100,0.000000
2684,0,0x10F,STD,8,2026-01-28T18:47:58.976265,03 00 03 00 69 61 A5 3C,03000300,0.000000
2685,0,0x110,STD,8,2026-01-28T18:47:58.999846,03 00 03 00 0D E1 03 47,03000300,0.000000
2686,0,0x10F,STD,8,2026-01-28T18:47:59.056860,03 00 03 00 50 8E B6 3B,03000300,0.000000
2687,0,0x110,STD,8,2026-01-28T18:47:59.080865,03 00 03 00 BB 23 39 47,03000300,0.000000
2688,0,0x10F,STD,8,2026-01-28T18:47:59.137878,03 00 03 00 0F 6B 87 3B,03000300,0.000000
2689,0,0x110,STD,8,2026-01-28T18:47:59.160938,03 00 03 00 CD 3E FB 47,03000300,0.000000
2690,0,0x10F,STD,8,2026-01-28T18:47:59.217952,03 00 03 00 E5 7D 3D 3C,03000300,0.000000
2691,0,0x110,STD,8,2026-01-28T18:47:59.241957,03 00 03 00 12 7D 8C 48,03000300,0.000000
2692,0,0x10F,STD,8,2026-01-28T18:47:59.298969,03 00 03 00 67 A2 17 3C,03000300,0.000000
2693,0,0x110,STD,8,2026-01-28T18:47:59.322975,03 00 03 00 09 01 8B 48,03000300,0.000000
2694,0,0x10F,STD,8,2026-01-28T18:47:59.379988,03 00 03 00 0D 56 05 3C,03000300,0.000000
2695,0,0x110,STD,8,2026-01-28T18:47:59.403993,03 00 03 00 82 40 2D 48,03000300,0.000000
2696,0,0x10F,STD,8,2026-01-28T18:47:59.461006,03 00 03 00 B5 59 B3 3C,03000300,0.000000
2697,0,0x110,STD,8,2026-01-28T18:47:59.485012,03 00 03 00 42 43 5D 48,03000300,0.000000
2698,0,0x10F,STD,8,2026-01-28T18:47:59.542024,03 00 03 00 CB 29 15 3C,03000300,0.000000
2699,0,0x110,STD,8,2026-01-28T18:47:59.566030,03 00 03 00 C5 AA 2D 48,03000300,0.000000
2700,0,0x10F,STD,8,2026-01-28T18:47:59.623043,03 00 03 00 06 DC A5 3C,03000300,0.000000
2701,0,0x110,STD,8,2026-01-28T18:47:59.647047,03 00 03 00 E3 99 27 47,03000300,0.000000
2702,0,0x10F,STD,8,2026-01-28T18:47:59.693058,03 00 03 00 14 31 91 3C,03000300,0.000000
2703,0,0x110,STD,8,2026-01-28T18:47:59.717064,03 00 03 00 4E A6 8C 47,03000300,0.000000
2704,0,0x10F,STD,8,2026-01-28T18:47:59.774077,03 00 03 00 4C 9C 09 3C,03000300,0.000000
2705,0,0x110,STD,8,2026-01-28T18:47:59.798082,03 00 03 00 FB FE 01 48,03000300,0.000000
2706,0,0x10F,STD,8,2026-01-28T18:47:59.855095,03 00 03 00 A3 7A 67 3C,03000300,0.000000
2707,0,0x110,STD,8,2026-01-28T18:47:59.879100,03 00 03 00 F5 C2 69 47,03000300,0.000000
2708,0,0x10F,STD,8,2026-01-28T18:47:59.936113,03 00 03 00 C5 71 F2 3B,03000300,0.000000
2709,0,0x110,STD,8,2026-01-28T18:47:59.960118,03 00 03 00 D8 05 FA 47,03000300,0.000000
2710,0,0x10F,STD,8,2026-01-28T18:48:00.017131,03 00 03 00 28 37 C0 3B,03000300,0.000000
2711,0,0x110,STD,8,2026-01-28T18:48:00.041137,03 00 03 00 A5 DB 06 48,03000300,0.000000
2712,0,0x110,STD,8,2026-01-28T18:48:00.065142,03 00 01 00 00 00 00 00,03000100,0.000000
2713,0,0x110,STD,8,2026-01-28T18:48:00.065142,03 00 02 00 B7 0C 2F 41,03000200,0.000000
2714,0,0x10F,STD,8,2026-01-28T18:48:00.065142,03 00 01 00 00 00 00 00,03000100,0.000000
2715,0,0x110,STD,8,2026-01-28T18:48:00.065142,03 00 01 00 00 00 00 00,03000100,0.000000
2716,0,0x10F,STD,8,2026-01-28T18:48:00.100150,03 00 03 00 31 1F 97 3B,03000300,0.000000
2717,0,0x110,STD,8,2026-01-28T18:48:00.124155,03 00 03 00 84 59 58 47,03000300,0.000000
2718,0,0x10F,STD,8,2026-01-28T18:48:00.181168,03 00 03 00 EC 53 77 3C,03000300,0.000000
2719,0,0x110,STD,8,2026-01-28T18:48:00.205174,03 00 03 00 1B C7 FA 47,03000300,0.000000
2720,0,0x10F,STD,8,2026-01-28T18:48:00.251184,03 00 03 00 AE 22 F1 3C,03000300,0.000000
2721,0,0x110,STD,8,2026-01-28T18:48:00.286192,03 00 03 00 A2 73 30 48,03000300,0.000000
2722,0,0x10F,STD,8,2026-01-28T18:48:00.343205,03 00 03 00 F1 B0 88 3C,03000300,0.000000
2723,0,0x110,STD,8,2026-01-28T18:48:00.365209,03 00 03 00 23 3A 27 48,03000300,0.000000
2724,0,0x10F,STD,8,2026-01-28T18:48:00.411795,03 00 03 00 6A 2E AE 3C,03000300,0.000000
2725,0,0x110,STD,8,2026-01-28T18:48:00.435340,03 00 03 00 10 64 79 48,03000300,0.000000
2726,0,0x10F,STD,8,2026-01-28T18:48:00.492030,03 00 03 00 B7 25 29 3C,03000300,0.000000
2727,0,0x110,STD,8,2026-01-28T18:48:00.516036,03 00 03 00 9E 85 35 48,03000300,0.000000
2728,0,0x10F,STD,8,2026-01-28T18:48:00.573048,03 00 03 00 EF EE CE 3B,03000300,0.000000
2729,0,0x110,STD,8,2026-01-28T18:48:00.597053,03 00 03 00 55 CC C3 47,03000300,0.000000
2730,0,0x10F,STD,8,2026-01-28T18:48:00.654067,03 00 03 00 68 B5 5F 3C,03000300,0.000000
2731,0,0x110,STD,8,2026-01-28T18:48:00.678072,03 00 03 00 21 CE AC 47,03000300,0.000000
2732,0,0x10F,STD,8,2026-01-28T18:48:00.735085,03 00 03 00 66 81 12 3C,03000300,0.000000
2733,0,0x110,STD,8,2026-01-28T18:48:00.759090,03 00 03 00 76 8D C3 47,03000300,0.000000
2734,0,0x10F,STD,8,2026-01-28T18:48:00.816103,03 00 03 00 93 65 AE 3C,03000300,0.000000
2735,0,0x110,STD,8,2026-01-28T18:48:00.840108,03 00 03 00 89 97 EF 47,03000300,0.000000
2736,0,0x10F,STD,8,2026-01-28T18:48:00.897121,03 00 03 00 38 CF D8 3C,03000300,0.000000
2737,0,0x110,STD,8,2026-01-28T18:48:00.921127,03 00 03 00 7E 5D 9D 47,03000300,0.000000
2738,0,0x10F,STD,8,2026-01-28T18:48:00.969138,03 00 03 00 63 DA 51 3C,03000300,0.000000
2739,0,0x110,STD,8,2026-01-28T18:48:00.997144,03 00 03 00 7C F3 F1 47,03000300,0.000000
2740,0,0x10F,STD,8,2026-01-28T18:48:01.054157,03 00 03 00 AA CD 34 3C,03000300,0.000000
2741,0,0x110,STD,8,2026-01-28T18:48:01.078162,03 00 03 00 35 8B 1A 47,03000300,0.000000
2742,0,0x10F,STD,8,2026-01-28T18:48:01.134976,03 00 03 00 C6 37 91 3C,03000300,0.000000
2743,0,0x10F,STD,8,2026-01-28T18:48:01.158533,03 00 02 00 B7 0C 2F 41,03000200,0.000000
2744,0,0x110,STD,8,2026-01-28T18:48:01.158533,03 00 01 00 00 00 00 00,03000100,0.000000
2745,0,0x110,STD,8,2026-01-28T18:48:01.158533,03 00 01 00 00 00 00 00,03000100,0.000000
2746,0,0x10F,STD,8,2026-01-28T18:48:01.158533,03 00 02 00 80 6B 2D 41,03000200,0.000000
2747,0,0x110,STD,8,2026-01-28T18:48:01.158533,03 00 02 00 80 6B 2D 41,03000200,0.000000
2748,0,0x10F,STD,8,2026-01-28T18:48:01.215546,03 00 03 00 FB 95 54 3C,03000300,0.000000
2749,0,0x110,STD,8,2026-01-28T18:48:01.239551,03 00 03 00 44 53 53 47,03000300,0.000000
2750,0,0x10F,STD,8,2026-01-28T18:48:01.295777,03 00 03 00 1B 3C 7A 3C,03000300,0.000000
2751,0,0x110,STD,8,2026-01-28T18:48:01.319782,03 00 03 00 B1 83 17 47,03000300,0.000000
2752,0,0x10F,STD,8,2026-01-28T18:48:01.376300,03 00 03 00 63 18 2C 3C,03000300,0.000000
2753,0,0x110,STD,8,2026-01-28T18:48:01.400306,03 00 03 00 24 C9 19 47,03000300,0.000000
2754,0,0x10F,STD,8,2026-01-28T18:48:01.456823,03 00 03 00 4D C7 03 3C,03000300,0.000000
2755,0,0x110,STD,8,2026-01-28T18:48:01.481180,03 00 03 00 C8 C3 42 47,03000300,0.000000
2756,0,0x10F,STD,8,2026-01-28T18:48:01.527190,03 00 03 00 2E C6 7C 3B,03000300,0.000000
2757,0,0x110,STD,8,2026-01-28T18:48:01.551196,03 00 03 00 C4 29 2F 47,03000300,0.000000
2758,0,0x10F,STD,8,2026-01-28T18:48:01.607755,03 00 03 00 4F 73 0A 3C,03000300,0.000000
2759,0,0x110,STD,8,2026-01-28T18:48:01.631760,03 00 03 00 0E 46 07 48,03000300,0.000000
2760,0,0x10F,STD,8,2026-01-28T18:48:01.688067,03 00 03 00 90 75 4E 3C,03000300,0.000000
2761,0,0x110,STD,8,2026-01-28T18:48:01.712072,03 00 03 00 ED 09 E5 47,03000300,0.000000
2762,0,0x10F,STD,8,2026-01-28T18:48:01.768751,03 00 03 00 26 C0 71 3C,03000300,0.000000
2763,0,0x110,STD,8,2026-01-28T18:48:01.792758,03 00 03 00 84 2C DC 47,03000300,0.000000
2764,0,0x10F,STD,8,2026-01-28T18:48:01.849770,03 00 03 00 9D 4D B4 3C,03000300,0.000000
2765,0,0x110,STD,8,2026-01-28T18:48:01.873776,03 00 03 00 C4 6F 73 47,03000300,0.000000
2766,0,0x10F,STD,8,2026-01-28T18:48:01.930788,03 00 03 00 2E 31 92 3C,03000300,0.000000
2767,0,0x110,STD,8,2026-01-28T18:48:01.954794,03 00 03 00 13 17 B0 47,03000300,0.000000
2768,0,0x10F,STD,8,2026-01-28T18:48:02.011754,03 00 03 00 29 1E F2 3C,03000300,0.000000
2769,0,0x110,STD,8,2026-01-28T18:48:02.035760,03 00 03 00 3C CC 92 47,03000300,0.000000
2770,0,0x10F,STD,8,2026-01-28T18:48:02.092745,03 00 03 00 96 8C E1 3C,03000300,0.000000
2771,0,0x110,STD,8,2026-01-28T18:48:02.116750,03 00 03 00 20 DF 07 48,03000300,0.000000
2772,0,0x10F,STD,8,2026-01-28T18:48:02.173763,03 00 03 00 DC 08 E5 3C,03000300,0.000000
2773,0,0x110,STD,8,2026-01-28T18:48:02.197768,03 00 03 00 DE A0 0B 48,03000300,0.000000
2774,0,0x10F,STD,8,2026-01-28T18:48:02.232776,03 00 01 00 00 00 00 00,03000100,0.000000
2775,0,0x10F,STD,8,2026-01-28T18:48:02.232776,03 00 01 00 00 00 00 00,03000100,0.000000
2776,0,0x110,STD,8,2026-01-28T18:48:02.232776,03 00 01 00 00 00 00 00,03000100,0.000000
2777,0,0x10F,STD,8,2026-01-28T18:48:02.232776,03 00 02 00 AD D3 33 41,03000200,0.000000
2778,0,0x10F,STD,8,2026-01-28T18:48:02.245779,03 00 03 00 1F 7C D5 3C,03000300,0.000000
2779,0,0x110,STD,8,2026-01-28T18:48:02.269785,03 00 03 00 BC CF CD 47,03000300,0.000000
2780,0,0x10F,STD,8,2026-01-28T18:48:02.326798,03 00 03 00 22 18 73 3C,03000300,0.000000
2781,0,0x110,STD,8,2026-01-28T18:48:02.362806,03 00 03 00 68 EA D3 47,03000300,0.000000
2782,0,0x10F,STD,8,2026-01-28T18:48:02.408594,03 00 03 00 84 03 45 3C,03000300,0.000000
2783,0,0x110,STD,8,2026-01-28T18:48:02.432600,03 00 03 00 DB B0 18 48,03000300,0.000000
2784,0,0x10F,STD,8,2026-01-28T18:48:02.489613,03 00 03 00 02 97 90 3C,03000300,0.000000
2785,0,0x110,STD,8,2026-01-28T18:48:02.513618,03 00 03 00 E9 72 52 48,03000300,0.000000
2786,0,0x10F,STD,8,2026-01-28T18:48:02.570631,03 00 03 00 97 5A B3 3C,03000300,0.000000
2787,0,0x110,STD,8,2026-01-28T18:48:02.594637,03 00 03 00 3A 55 3B 48,03000300,0.000000
2788,0,0x10F,STD,8,2026-01-28T18:48:02.650551,03 00 03 00 7F 83 D3 3C,03000300,0.000000
2789,0,0x110,STD,8,2026-01-28T18:48:02.674557,03 00 03 00 19 EA 58 48,03000300,0.000000
2790,0,0x10F,STD,8,2026-01-28T18:48:02.731569,03 00 03 00 6B DD 1A 3C,03000300,0.000000
2791,0,0x110,STD,8,2026-01-28T18:48:02.755575,03 00 03 00 00 12 08 48,03000300,0.000000
2792,0,0x10F,STD,8,2026-01-28T18:48:02.812588,03 00 03 00 69 FA C5 3C,03000300,0.000000
2793,0,0x110,STD,8,2026-01-28T18:48:02.835904,03 00 03 00 CF 63 9B 47,03000300,0.000000
2794,0,0x10F,STD,8,2026-01-28T18:48:02.881914,03 00 03 00 54 7C 62 3C,03000300,0.000000
2795,0,0x110,STD,8,2026-01-28T18:48:02.905920,03 00 03 00 39 BE 69 47,03000300,0.000000
2796,0,0x10F,STD,8,2026-01-28T18:48:02.962933,03 00 03 00 7F CD 4F 3B,03000300,0.000000
2797,0,0x110,STD,8,2026-01-28T18:48:02.986938,03 00 03 00 9E E2 5D 47,03000300,0.000000
2798,0,0x10F,STD,8,2026-01-28T18:48:03.043951,03 00 03 00 1E 2A 25 3C,03000300,0.000000
2799,0,0x110,STD,8,2026-01-28T18:48:03.067956,03 00 03 00 32 BE DD 47,03000300,0.000000
2800,0,0x10F,STD,8,2026-01-28T18:48:03.125969,03 00 03 00 4E 84 28 3C,03000300,0.000000
2801,0,0x110,STD,8,2026-01-28T18:48:03.149975,03 00 03 00 90 1B A9 47,03000300,0.000000
2802,0,0x10F,STD,8,2026-01-28T18:48:03.206723,03 00 03 00 26 EE 12 3C,03000300,0.000000
2803,0,0x110,STD,8,2026-01-28T18:48:03.230728,03 00 03 00 41 81 A3 47,03000300,0.000000
2804,0,0x10F,STD,8,2026-01-28T18:48:03.287588,03 00 03 00 E9 88 A4 3C,03000300,0.000000
2805,0,0x110,STD,8,2026-01-28T18:48:03.311595,03 00 03 00 CF 3D E9 47,03000300,0.000000
2806,0,0x110,STD,8,2026-01-28T18:48:03.324599,03 00 02 00 AD D3 33 41,03000200,0.000000
2807,0,0x10F,STD,8,2026-01-28T18:48:03.324599,03 00 02 00 69 72 2F 41,03000200,0.000000
2808,0,0x110,STD,8,2026-01-28T18:48:03.324599,03 00 02 00 69 72 2F 41,03000200,0.000000
2809,0,0x10F,STD,8,2026-01-28T18:48:03.324599,03 00 01 00 00 00 00 00,03000100,0.000000
2810,0,0x10F,STD,8,2026-01-28T18:48:03.370609,03 00 03 00 D3 1E 82 3C,03000300,0.000000
2811,0,0x110,STD,8,2026-01-28T18:48:03.394614,03 00 03 00 EC C4 C0 47,03000300,0.000000
2812,0,0x10F,STD,8,2026-01-28T18:48:03.439737,03 00 03 00 64 11 58 3C,03000300,0.000000
2813,0,0x110,STD,8,2026-01-28T18:48:03.463743,03 00 03 00 29 81 1C 48,03000300,0.000000
2814,0,0x10F,STD,8,2026-01-28T18:48:03.520561,03 00 03 00 D3 0E 87 3C,03000300,0.000000
2815,0,0x110,STD,8,2026-01-28T18:48:03.544568,03 00 03 00 1B 11 F2 47,03000300,0.000000
2816,0,0x10F,STD,8,2026-01-28T18:48:03.601110,03 00 03 00 B1 2C 62 3C,03000300,0.000000
2817,0,0x110,STD,8,2026-01-28T18:48:03.625115,03 00 03 00 21 FC AC 47,03000300,0.000000
2818,0,0x10F,STD,8,2026-01-28T18:48:03.682128,03 00 03 00 13 3B 45 3C,03000300,0.000000
2819,0,0x110,STD,8,2026-01-28T18:48:03.706133,03 00 03 00 9D F8 84 47,03000300,0.000000
2820,0,0x10F,STD,8,2026-01-28T18:48:03.763146,03 00 03 00 9E 6E 7D 3C,03000300,0.000000
2821,0,0x110,STD,8,2026-01-28T18:48:03.787152,03 00 03 00 84 5A 1F 48,03000300,0.000000
2822,0,0x10F,STD,8,2026-01-28T18:48:03.844165,03 00 03 00 47 E2 27 3C,03000300,0.000000
2823,0,0x110,STD,8,2026-01-28T18:48:03.868170,03 00 03 00 35 00 88 47,03000300,0.000000
2824,0,0x10F,STD,8,2026-01-28T18:48:03.925183,03 00 03 00 6D CB 3A 3C,03000300,0.000000
2825,0,0x110,STD,8,2026-01-28T18:48:03.948815,03 00 03 00 9A 5E 29 48,03000300,0.000000
2826,0,0x10F,STD,8,2026-01-28T18:48:04.001827,03 00 03 00 B8 8F 98 3C,03000300,0.000000
2827,0,0x110,STD,8,2026-01-28T18:48:04.025832,03 00 03 00 1B FB B3 47,03000300,0.000000
2828,0,0x10F,STD,8,2026-01-28T18:48:04.082291,03 00 03 00 42 F1 09 3C,03000300,0.000000
2829,0,0x110,STD,8,2026-01-28T18:48:04.106296,03 00 03 00 73 6B 43 47,03000300,0.000000
2830,0,0x10F,STD,8,2026-01-28T18:48:04.162915,03 00 03 00 5A 45 BA 3C,03000300,0.000000
2831,0,0x110,STD,8,2026-01-28T18:48:04.186920,03 00 03 00 CB 7F B8 47,03000300,0.000000
2832,0,0x10F,STD,8,2026-01-28T18:48:04.243933,03 00 03 00 51 46 97 3C,03000300,0.000000
2833,0,0x110,STD,8,2026-01-28T18:48:04.267938,03 00 03 00 DD 98 27 48,03000300,0.000000
2834,0,0x10F,STD,8,2026-01-28T18:48:04.324951,03 00 03 00 70 C4 1F 3C,03000300,0.000000
2835,0,0x110,STD,8,2026-01-28T18:48:04.348957,03 00 03 00 AA 5B 10 48,03000300,0.000000
2836,0,0x10F,STD,8,2026-01-28T18:48:04.400969,03 00 03 00 BB C7 C3 3B,03000300,0.000000
2837,0,0x110,STD,8,2026-01-28T18:48:04.402969,03 00 01 00 00 00 00 00,03000100,0.000000
2838,0,0x10F,STD,8,2026-01-28T18:48:04.404970,03 00 02 00 EB 64 30 41,03000200,0.000000
2839,0,0x110,STD,8,2026-01-28T18:48:04.404970,03 00 02 00 EB 64 30 41,03000200,0.000000
2840,0,0x10F,STD,8,2026-01-28T18:48:04.404970,03 00 01 00 00 00 00 00,03000100,0.000000
2841,0,0x110,STD,8,2026-01-28T18:48:04.428975,03 00 03 00 73 9F 0D 48,03000300,0.000000
2842,0,0x10F,STD,8,2026-01-28T18:48:04.485988,03 00 03 00 13 68 07 3C,03000300,0.000000
2843,0,0x110,STD,8,2026-01-28T18:48:04.509993,03 00 03 00 85 A7 AB 47,03000300,0.000000
2844,0,0x10F,STD,8,2026-01-28T18:48:04.555538,03 00 03 00 18 6E 8A 3C,03000300,0.000000
2845,0,0x110,STD,8,2026-01-28T18:48:04.579544,03 00 03 00 C9 F3 9D 47,03000300,0.000000
2846,0,0x10F,STD,8,2026-01-28T18:48:04.636557,03 00 03 00 5A 92 C0 3C,03000300,0.000000
2847,0,0x110,STD,8,2026-01-28T18:48:04.660562,03 00 03 00 11 BB 18 47,03000300,0.000000
2848,0,0x10F,STD,8,2026-01-28T18:48:04.717576,03 00 03 00 09 C2 2A 3C,03000300,0.000000
2849,0,0x110,STD,8,2026-01-28T18:48:04.741580,03 00 03 00 9D 6C 7C 47,03000300,0.000000
2850,0,0x10F,STD,8,2026-01-28T18:48:04.798593,03 00 03 00 DE DD 1D 3C,03000300,0.000000
2851,0,0x110,STD,8,2026-01-28T18:48:04.822599,03 00 03 00 CB 0B 08 48,03000300,0.000000
2852,0,0x10F,STD,8,2026-01-28T18:48:04.878850,03 00 03 00 F4 B3 A8 3C,03000300,0.000000
2853,0,0x110,STD,8,2026-01-28T18:48:04.902855,03 00 03 00 20 7A 1A 48,03000300,0.000000
2854,0,0x10F,STD,8,2026-01-28T18:48:04.959869,03 00 03 00 D7 16 B3 3C,03000300,0.000000
2855,0,0x110,STD,8,2026-01-28T18:48:04.983874,03 00 03 00 21 91 29 48,03000300,0.000000
2856,0,0x10F,STD,8,2026-01-28T18:48:05.040887,03 00 03 00 94 F6 68 3C,03000300,0.000000
2857,0,0x110,STD,8,2026-01-28T18:48:05.064892,03 00 03 00 07 9A 3C 48,03000300,0.000000
2858,0,0x10F,STD,8,2026-01-28T18:48:05.121905,03 00 03 00 5C 11 9E 3C,03000300,0.000000
2859,0,0x110,STD,8,2026-01-28T18:48:05.145910,03 00 03 00 46 49 BD 47,03000300,0.000000
2860,0,0x10F,STD,8,2026-01-28T18:48:05.202923,03 00 03 00 F3 3F 82 3C,03000300,0.000000
2861,0,0x110,STD,8,2026-01-28T18:48:05.226928,03 00 03 00 61 1B BB 47,03000300,0.000000
2862,0,0x10F,STD,8,2026-01-28T18:48:05.272939,03 00 03 00 14 4A 3D 3C,03000300,0.000000
2863,0,0x110,STD,8,2026-01-28T18:48:05.296944,03 00 03 00 A4 05 84 47,03000300,0.000000
2864,0,0x10F,STD,8,2026-01-28T18:48:05.353957,03 00 03 00 C8 0E 91 3C,03000300,0.000000
2865,0,0x110,STD,8,2026-01-28T18:48:05.377963,03 00 03 00 5D 3E 3C 48,03000300,0.000000
2866,0,0x10F,STD,8,2026-01-28T18:48:05.434976,03 00 03 00 1D 56 2A 3C,03000300,0.000000
2867,0,0x110,STD,8,2026-01-28T18:48:05.458980,03 00 03 00 48 8D 3A 48,03000300,0.000000
2868,0,0x110,STD,8,2026-01-28T18:48:05.482986,03 00 01 00 00 00 00 00,03000100,0.000000
2869,0,0x10F,STD,8,2026-01-28T18:48:05.482986,03 00 02 00 4F 94 2F 41,03000200,0.000000
2870,0,0x110,STD,8,2026-01-28T18:48:05.482986,03 00 02 00 4F 94 2F 41,03000200,0.000000
2871,0,0x10F,STD,8,2026-01-28T18:48:05.482986,03 00 01 00 00 00 00 00,03000100,0.000000
2872,0,0x10F,STD,8,2026-01-28T18:48:05.517994,03 00 03 00 EA CB 99 3C,03000300,0.000000
2873,0,0x110,STD,8,2026-01-28T18:48:05.542000,03 00 03 00 D5 A2 34 48,03000300,0.000000
2874,0,0x10F,STD,8,2026-01-28T18:48:05.599013,03 00 03 00 AE A5 B5 3C,03000300,0.000000
2875,0,0x110,STD,8,2026-01-28T18:48:05.623018,03 00 03 00 F4 9A 2B 48,03000300,0.000000
2876,0,0x10F,STD,8,2026-01-28T18:48:05.680031,03 00 03 00 32 90 12 3C,03000300,0.000000
2877,0,0x110,STD,8,2026-01-28T18:48:05.704036,03 00 03 00 F0 5E 2E 48,03000300,0.000000
2878,0,0x10F,STD,8,2026-01-28T18:48:05.750046,03 00 03 00 02 CD AB 3C,03000300,0.000000
2879,0,0x110,STD,8,2026-01-28T18:48:05.785054,03 00 03 00 11 45 99 47,03000300,0.000000
2880,0,0x10F,STD,8,2026-01-28T18:48:05.830353,03 00 03 00 EC A4 52 3C,03000300,0.000000
2881,0,0x110,STD,8,2026-01-28T18:48:05.854358,03 00 03 00 CF 55 54 48,03000300,0.000000
2882,0,0x10F,STD,8,2026-01-28T18:48:05.911371,03 00 03 00 99 E4 4C 3C,03000300,0.000000
2883,0,0x110,STD,8,2026-01-28T18:48:05.946379,03 00 03 00 5C BE 07 48,03000300,0.000000
2884,0,0x10F,STD,8,2026-01-28T18:48:05.991410,03 00 03 00 35 60 B7 3C,03000300,0.000000
2885,0,0x110,STD,8,2026-01-28T18:48:06.015416,03 00 03 00 D4 6B A1 47,03000300,0.000000
2886,0,0x10F,STD,8,2026-01-28T18:48:06.074429,03 00 03 00 F6 A3 97 3C,03000300,0.000000
2887,0,0x110,STD,8,2026-01-28T18:48:06.098435,03 00 03 00 E7 05 3D 48,03000300,0.000000
2888,0,0x10F,STD,8,2026-01-28T18:48:06.155233,03 00 03 00 CD 55 40 3C,03000300,0.000000
2889,0,0x110,STD,8,2026-01-28T18:48:06.179239,03 00 03 00 AA BB 63 48,03000300,0.000000
2890,0,0x10F,STD,8,2026-01-28T18:48:06.236251,03 00 03 00 D3 5A 41 3C,03000300,0.000000
2891,0,0x110,STD,8,2026-01-28T18:48:06.260229,03 00 03 00 8E 78 70 48,03000300,0.000000
2892,0,0x10F,STD,8,2026-01-28T18:48:06.316697,03 00 03 00 71 35 7F 3C,03000300,0.000000
2893,0,0x110,STD,8,2026-01-28T18:48:06.339806,03 00 03 00 2D 98 75 48,03000300,0.000000
2894,0,0x10F,STD,8,2026-01-28T18:48:06.389817,03 00 03 00 FE F2 7F 3C,03000300,0.000000
2895,0,0x110,STD,8,2026-01-28T18:48:06.413822,03 00 03 00 BB 46 C6 47,03000300,0.000000
2896,0,0x10F,STD,8,2026-01-28T18:48:06.470835,03 00 03 00 0B 01 59 3C,03000300,0.000000
2897,0,0x110,STD,8,2026-01-28T18:48:06.494841,03 00 03 00 A2 73 89 47,03000300,0.000000
2898,0,0x10F,STD,8,2026-01-28T18:48:06.551853,03 00 03 00 F1 0F AE 3C,03000300,0.000000
2899,0,0x110,STD,8,2026-01-28T18:48:06.564856,03 00 01 00 00 00 00 00,03000100,0.000000
2900,0,0x110,STD,8,2026-01-28T18:48:06.564856,03 00 02 00 EF AA 42 41,03000200,0.000000
2901,0,0x10F,STD,8,2026-01-28T18:48:06.564856,03 00 01 00 00 00 00 00,03000100,0.000000
2902,0,0x110,STD,8,2026-01-28T18:48:06.564856,03 00 01 00 00 00 00 00,03000100,0.000000
2903,0,0x110,STD,8,2026-01-28T18:48:06.577860,03 00 03 00 77 85 50 47,03000300,0.000000
2904,0,0x10F,STD,8,2026-01-28T18:48:06.634060,03 00 03 00 FD C7 68 3C,03000300,0.000000
2905,0,0x110,STD,8,2026-01-28T18:48:06.658065,03 00 03 00 B9 48 5A 47,03000300,0.000000
2906,0,0x10F,STD,8,2026-01-28T18:48:06.714582,03 00 03 00 B7 BA E6 3C,03000300,0.000000
2907,0,0x110,STD,8,2026-01-28T18:48:06.738090,03 00 03 00 E2 DE 72 47,03000300,0.000000
2908,0,0x10F,STD,8,2026-01-28T18:48:06.795103,03 00 03 00 6A AC 2E 3C,03000300,0.000000
2909,0,0x110,STD,8,2026-01-28T18:48:06.819109,03 00 03 00 81 8A 18 47,03000300,0.000000
2910,0,0x10F,STD,8,2026-01-28T18:48:06.876121,03 00 03 00 AD E1 BF 3C,03000300,0.000000
2911,0,0x110,STD,8,2026-01-28T18:48:06.900127,03 00 03 00 99 D8 FD 47,03000300,0.000000
2912,0,0x10F,STD,8,2026-01-28T18:48:06.967142,03 00 03 00 5B B3 48 3C,03000300,0.000000
2913,0,0x110,STD,8,2026-01-28T18:48:06.975144,03 00 03 00 68 12 80 47,03000300,0.000000
2914,0,0x10F,STD,8,2026-01-28T18:48:07.032157,03 00 03 00 13 67 74 3C,03000300,0.000000
2915,0,0x110,STD,8,2026-01-28T18:48:07.056162,03 00 03 00 05 BC B4 47,03000300,0.000000
2916,0,0x10F,STD,8,2026-01-28T18:48:07.112536,03 00 03 00 4C 5E 0D 3C,03000300,0.000000
2917,0,0x110,STD,8,2026-01-28T18:48:07.136541,03 00 03 00 87 7F 03 48,03000300,0.000000
2918,0,0x10F,STD,8,2026-01-28T18:48:07.193554,03 00 03 00 12 27 EC 3B,03000300,0.000000
2919,0,0x110,STD,8,2026-01-28T18:48:07.217559,03 00 03 00 FA CE 3B 48,03000300,0.000000
2920,0,0x10F,STD,8,2026-01-28T18:48:07.274571,03 00 03 00 D8 2A AE 3C,03000300,0.000000
2921,0,0x110,STD,8,2026-01-28T18:48:07.298577,03 00 03 00 6C AF D3 47,03000300,0.000000
2922,0,0x10F,STD,8,2026-01-28T18:48:07.355590,03 00 03 00 39 CA 9C 3C,03000300,0.000000
2923,0,0x110,STD,8,2026-01-28T18:48:07.368593,03 00 03 00 AE 2F 57 48,03000300,0.000000
2924,0,0x10F,STD,8,2026-01-28T18:48:07.436609,03 00 03 00 09 F0 37 3C,03000300,0.000000
2925,0,0x110,STD,8,2026-01-28T18:48:07.449611,03 00 03 00 96 E7 37 48,03000300,0.000000
2926,0,0x10F,STD,8,2026-01-28T18:48:07.506624,03 00 03 00 6F 4D 5F 3C,03000300,0.000000
2927,0,0x110,STD,8,2026-01-28T18:48:07.530630,03 00 03 00 7F 53 85 47,03000300,0.000000
2928,0,0x10F,STD,8,2026-01-28T18:48:07.587642,03 00 03 00 63 E8 93 3C,03000300,0.000000
2929,0,0x110,STD,8,2026-01-28T18:48:07.611648,03 00 03 00 CC B1 13 48,03000300,0.000000
2930,0,0x10F,STD,8,2026-01-28T18:48:07.657658,03 00 02 00 EF AA 42 41,03000200,0.000000
2931,0,0x10F,STD,8,2026-01-28T18:48:07.657658,03 00 02 00 19 1F 29 41,03000200,0.000000
2932,0,0x110,STD,8,2026-01-28T18:48:07.657658,03 00 02 00 19 1F 29 41,03000200,0.000000
2933,0,0x10F,STD,8,2026-01-28T18:48:07.657658,03 00 01 00 00 00 00 00,03000100,0.000000
2934,0,0x10F,STD,8,2026-01-28T18:48:07.670661,03 00 03 00 AA FA 55 3C,03000300,0.000000
2935,0,0x110,STD,8,2026-01-28T18:48:07.694667,03 00 03 00 2F D2 26 48,03000300,0.000000
2936,0,0x10F,STD,8,2026-01-28T18:48:07.751680,03 00 03 00 9D 53 5C 3C,03000300,0.000000
2937,0,0x110,STD,8,2026-01-28T18:48:07.775014,03 00 03 00 C9 DC 17 48,03000300,0.000000
2938,0,0x10F,STD,8,2026-01-28T18:48:07.832027,03 00 03 00 3C 1B 95 3C,03000300,0.000000
2939,0,0x110,STD,8,2026-01-28T18:48:07.856032,03 00 03 00 9D AD 38 48,03000300,0.000000
2940,0,0x10F,STD,8,2026-01-28T18:48:07.914045,03 00 03 00 AA 94 D5 3C,03000300,0.000000
2941,0,0x110,STD,8,2026-01-28T18:48:07.938051,03 00 03 00 B6 7A 46 48,03000300,0.000000
2942,0,0x10F,STD,8,2026-01-28T18:48:07.995063,03 00 03 00 6D E0 98 3C,03000300,0.000000
2943,0,0x110,STD,8,2026-01-28T18:48:08.008066,03 00 03 00 C1 12 83 48,03000300,0.000000
2944,0,0x10F,STD,8,2026-01-28T18:48:08.064977,03 00 03 00 84 AF 0D 3D,03000300,0.000000
2945,0,0x110,STD,8,2026-01-28T18:48:08.089984,03 00 03 00 C2 81 46 48,03000300,0.000000
2946,0,0x10F,STD,8,2026-01-28T18:48:08.147997,03 00 03 00 BB 11 89 3C,03000300,0.000000
2947,0,0x110,STD,8,2026-01-28T18:48:08.172003,03 00 03 00 03 56 48 48,03000300,0.000000
2948,0,0x10F,STD,8,2026-01-28T18:48:08.228561,03 00 03 00 08 38 75 3C,03000300,0.000000
2949,0,0x110,STD,8,2026-01-28T18:48:08.251668,03 00 03 00 88 19 77 48,03000300,0.000000
2950,0,0x10F,STD,8,2026-01-28T18:48:08.308776,03 00 03 00 44 97 8A 3C,03000300,0.000000
2951,0,0x110,STD,8,2026-01-28T18:48:08.332781,03 00 03 00 AF DA FE 47,03000300,0.000000
2952,0,0x10F,STD,8,2026-01-28T18:48:08.383325,03 00 03 00 DB BB 86 3C,03000300,0.000000
2953,0,0x110,STD,8,2026-01-28T18:48:08.406552,03 00 03 00 D5 F7 1F 48,03000300,0.000000
2954,0,0x10F,STD,8,2026-01-28T18:48:08.463069,03 00 03 00 7A 29 74 3C,03000300,0.000000
2955,0,0x110,STD,8,2026-01-28T18:48:08.486678,03 00 03 00 89 E4 8D 47,03000300,0.000000
2956,0,0x10F,STD,8,2026-01-28T18:48:08.543690,03 00 03 00 FC 7B AB 3C,03000300,0.000000
2957,0,0x110,STD,8,2026-01-28T18:48:08.567380,03 00 03 00 D2 89 38 47,03000300,0.000000
2958,0,0x10F,STD,8,2026-01-28T18:48:08.624392,03 00 03 00 B5 03 6D 3C,03000300,0.000000
2959,0,0x110,STD,8,2026-01-28T18:48:08.647900,03 00 03 00 8C 24 82 47,03000300,0.000000
2960,0,0x10F,STD,8,2026-01-28T18:48:08.704916,03 00 03 00 59 F5 8E 3B,03000300,0.000000
2961,0,0x110,STD,8,2026-01-28T18:48:08.728921,03 00 03 00 99 10 3E 47,03000300,0.000000
2962,0,0x110,STD,8,2026-01-28T18:48:08.741924,03 00 01 00 00 00 00 00,03000100,0.000000
2963,0,0x10F,STD,8,2026-01-28T18:48:08.741924,03 00 02 00 9B 0E 3C 41,03000200,0.000000
2964,0,0x110,STD,8,2026-01-28T18:48:08.741924,03 00 02 00 9B 0E 3C 41,03000200,0.000000
2965,0,0x10F,STD,8,2026-01-28T18:48:08.741924,03 00 01 00 00 00 00 00,03000100,0.000000
2966,0,0x10F,STD,8,2026-01-28T18:48:08.787360,03 00 03 00 D2 E3 FA 3B,03000300,0.000000
2967,0,0x110,STD,8,2026-01-28T18:48:08.811366,03 00 03 00 D3 87 D3 47,03000300,0.000000
2968,0,0x10F,STD,8,2026-01-28T18:48:08.868548,03 00 03 00 1E F4 08 3C,03000300,0.000000
2969,0,0x110,STD,8,2026-01-28T18:48:08.892554,03 00 03 00 44 EC B7 47,03000300,0.000000
2970,0,0x10F,STD,8,2026-01-28T18:48:08.948960,03 00 03 00 FE 09 8D 3C,03000300,0.000000
2971,0,0x110,STD,8,2026-01-28T18:48:08.972965,03 00 03 00 29 1C 59 47,03000300,0.000000
2972,0,0x10F,STD,8,2026-01-28T18:48:09.018482,03 00 03 00 0D E4 79 3C,03000300,0.000000
2973,0,0x110,STD,8,2026-01-28T18:48:09.052534,03 00 03 00 30 25 C4 47,03000300,0.000000
2974,0,0x10F,STD,8,2026-01-28T18:48:09.107841,03 00 03 00 23 81 FC 3B,03000300,0.000000
2975,0,0x110,STD,8,2026-01-28T18:48:09.131528,03 00 03 00 42 5E 05 48,03000300,0.000000
2976,0,0x10F,STD,8,2026-01-28T18:48:09.187542,03 00 03 00 E8 6F 78 3C,03000300,0.000000
2977,0,0x110,STD,8,2026-01-28T18:48:09.204545,03 00 03 00 61 A9 15 48,03000300,0.000000
2978,0,0x10F,STD,8,2026-01-28T18:48:09.261112,03 00 03 00 38 E0 8A 3C,03000300,0.000000
2979,0,0x110,STD,8,2026-01-28T18:48:09.284944,03 00 03 00 7A D1 08 48,03000300,0.000000
2980,0,0x10F,STD,8,2026-01-28T18:48:09.341956,03 00 03 00 3F 89 9C 3C,03000300,0.000000
2981,0,0x110,STD,8,2026-01-28T18:48:09.365542,03 00 03 00 02 C9 42 48,03000300,0.000000
2982,0,0x10F,STD,8,2026-01-28T18:48:09.422543,03 00 03 00 D2 DB 8F 3C,03000300,0.000000
2983,0,0x110,STD,8,2026-01-28T18:48:09.446518,03 00 03 00 12 F6 10 48,03000300,0.000000
2984,0,0x10F,STD,8,2026-01-28T18:48:09.503531,03 00 03 00 6B C8 A8 3C,03000300,0.000000
2985,0,0x110,STD,8,2026-01-28T18:48:09.526705,03 00 03 00 77 76 A0 47,03000300,0.000000
2986,0,0x10F,STD,8,2026-01-28T18:48:09.583718,03 00 03 00 5C A6 8A 3C,03000300,0.000000
2987,0,0x110,STD,8,2026-01-28T18:48:09.607528,03 00 03 00 FD 4E 32 48,03000300,0.000000
2988,0,0x10F,STD,8,2026-01-28T18:48:09.664044,03 00 03 00 A4 C2 8A 3C,03000300,0.000000
2989,0,0x110,STD,8,2026-01-28T18:48:09.687599,03 00 03 00 E2 68 92 47,03000300,0.000000
2990,0,0x10F,STD,8,2026-01-28T18:48:09.744611,03 00 03 00 09 F4 81 3C,03000300,0.000000
2991,0,0x110,STD,8,2026-01-28T18:48:09.768617,03 00 03 00 40 57 A1 47,03000300,0.000000
2992,0,0x10F,STD,8,2026-01-28T18:48:09.825512,03 00 03 00 A5 6B DB 3B,03000300,0.000000
2993,0,0x110,STD,8,2026-01-28T18:48:09.838512,03 00 01 00 00 00 00 00,03000100,0.000000
2994,0,0x10F,STD,8,2026-01-28T18:48:09.838512,03 00 02 00 95 09 47 41,03000200,0.000000
2995,0,0x110,STD,8,2026-01-28T18:48:09.838512,03 00 02 00 95 09 47 41,03000200,0.000000
2996,0,0x10F,STD,8,2026-01-28T18:48:09.838512,03 00 01 00 00 00 00 00,03000100,0.000000
2997,0,0x110,STD,8,2026-01-28T18:48:09.840512,03 00 03 00 B0 CC 5B 47,03000300,0.000000
2998,0,0x10F,STD,8,2026-01-28T18:48:09.896927,03 00 03 00 F5 F6 F8 3B,03000300,0.000000
2999,0,0x110,STD,8,2026-01-28T18:48:09.920932,03 00 03 00 A2 2C D1 47,03000300,0.000000
3000,0,0x10F,STD,8,2026-01-28T18:48:09.988015,03 00 03 00 4D 6C 2D 3C,03000300,0.000000
3001,0,0x110,STD,8,2026-01-28T18:48:10.012019,03 00 03 00 31 68 97 47,03000300,0.000000
3002,0,0x10F,STD,8,2026-01-28T18:48:10.057506,03 00 03 00 18 83 4E 3C,03000300,0.000000
3003,0,0x110,STD,8,2026-01-28T18:48:10.081511,03 00 03 00 F8 CD B5 47,03000300,0.000000
3004,0,0x10F,STD,8,2026-01-28T18:48:10.137841,03 00 03 00 70 72 24 3C,03000300,0.000000
3005,0,0x110,STD,8,2026-01-28T18:48:10.161502,03 00 03 00 20 38 6A 47,03000300,0.000000
3006,0,0x10F,STD,8,2026-01-28T18:48:10.218504,03 00 03 00 B0 9B 50 3C,03000300,0.000000
3007,0,0x110,STD,8,2026-01-28T18:48:10.242508,03 00 03 00 6B 08 81 47,03000300,0.000000
3008,0,0x10F,STD,8,2026-01-28T18:48:10.299456,03 00 03 00 5A BE CD 3C,03000300,0.000000
3009,0,0x110,STD,8,2026-01-28T18:48:10.323461,03 00 03 00 BC 12 10 48,03000300,0.000000
3010,0,0x10F,STD,8,2026-01-28T18:48:10.391925,03 00 03 00 DE 78 B1 3C,03000300,0.000000
3011,0,0x110,STD,8,2026-01-28T18:48:10.404495,03 00 03 00 65 B4 1A 48,03000300,0.000000
3012,0,0x10F,STD,8,2026-01-28T18:48:10.461507,03 00 03 00 13 73 0B 3D,03000300,0.000000
3013,0,0x110,STD,8,2026-01-28T18:48:10.485041,03 00 03 00 CE 80 94 47,03000300,0.000000
3014,0,0x10F,STD,8,2026-01-28T18:48:10.542047,03 00 03 00 75 D7 BF 3C,03000300,0.000000
3015,0,0x110,STD,8,2026-01-28T18:48:10.565498,03 00 03 00 B8 C4 A5 47,03000300,0.000000
3016,0,0x10F,STD,8,2026-01-28T18:48:10.622506,03 00 03 00 79 CC 07 3D,03000300,0.000000
3017,0,0x110,STD,8,2026-01-28T18:48:10.646484,03 00 03 00 5D EE FA 47,03000300,0.000000
3018,0,0x10F,STD,8,2026-01-28T18:48:10.692495,03 00 03 00 47 25 7B 3C,03000300,0.000000
3019,0,0x110,STD,8,2026-01-28T18:48:10.716820,03 00 03 00 C1 90 B3 47,03000300,0.000000
3020,0,0x10F,STD,8,2026-01-28T18:48:10.784458,03 00 03 00 3D 40 B3 3C,03000300,0.000000
3021,0,0x110,STD,8,2026-01-28T18:48:10.797461,03 00 03 00 D3 5E 9D 47,03000300,0.000000
3022,0,0x10F,STD,8,2026-01-28T18:48:10.854475,03 00 03 00 12 A2 A7 3C,03000300,0.000000
3023,0,0x110,STD,8,2026-01-28T18:48:10.878481,03 00 03 00 99 BF 0D 48,03000300,0.000000
3024,0,0x10F,STD,8,2026-01-28T18:48:10.934520,03 00 03 00 2D 92 11 3C,03000300,0.000000
3025,0,0x110,STD,8,2026-01-28T18:48:10.936520,03 00 01 00 00 00 00 00,03000100,0.000000
3026,0,0x10F,STD,8,2026-01-28T18:48:10.936520,03 00 02 00 55 20 2C 41,03000200,0.000000
3027,0,0x110,STD,8,2026-01-28T18:48:10.938520,03 00 02 00 55 20 2C 41,03000200,0.000000
3028,0,0x10F,STD,8,2026-01-28T18:48:10.938520,03 00 01 00 00 00 00 00,03000100,0.000000
3029,0,0x110,STD,8,2026-01-28T18:48:10.962491,03 00 03 00 7D 55 35 48,03000300,0.000000
3030,0,0x10F,STD,8,2026-01-28T18:48:11.019491,03 00 03 00 D4 4A 92 3C,03000300,0.000000
3031,0,0x110,STD,8,2026-01-28T18:48:11.043496,03 00 03 00 22 97 A1 47,03000300,0.000000
3032,0,0x10F,STD,8,2026-01-28T18:48:11.100484,03 00 03 00 D6 04 49 3C,03000300,0.000000
3033,0,0x110,STD,8,2026-01-28T18:48:11.124467,03 00 03 00 CC A7 CF 47,03000300,0.000000
3034,0,0x10F,STD,8,2026-01-28T18:48:11.170483,03 00 03 00 E2 73 77 3C,03000300,0.000000
3035,0,0x110,STD,8,2026-01-28T18:48:11.205564,03 00 03 00 CA 10 FB 47,03000300,0.000000
3036,0,0x10F,STD,8,2026-01-28T18:48:11.251559,03 00 03 00 4F 85 99 3C,03000300,0.000000
3037,0,0x110,STD,8,2026-01-28T18:48:11.275292,03 00 03 00 75 5A 50 47,03000300,0.000000
3038,0,0x10F,STD,8,2026-01-28T18:48:11.331480,03 00 03 00 37 FD EB 3B,03000300,0.000000
3039,0,0x110,STD,8,2026-01-28T18:48:11.356933,03 00 03 00 06 B6 C3 47,03000300,0.000000
3040,0,0x10F,STD,8,2026-01-28T18:48:11.413512,03 00 03 00 76 81 55 3C,03000300,0.000000
3041,0,0x110,STD,8,2026-01-28T18:48:11.441519,03 00 03 00 AB F6 67 47,03000300,0.000000
3042,0,0x10F,STD,8,2026-01-28T18:48:11.496645,03 00 03 00 58 53 EE 3C,03000300,0.000000
3043,0,0x110,STD,8,2026-01-28T18:48:11.520651,03 00 03 00 B3 B7 39 48,03000300,0.000000
3044,0,0x10F,STD,8,2026-01-28T18:48:11.576645,03 00 03 00 68 33 98 3C,03000300,0.000000
3045,0,0x110,STD,8,2026-01-28T18:48:11.600650,03 00 03 00 5C 09 24 48,03000300,0.000000
3046,0,0x10F,STD,8,2026-01-28T18:48:11.657451,03 00 03 00 00 C9 B5 3C,03000300,0.000000
3047,0,0x110,STD,8,2026-01-28T18:48:11.681456,03 00 03 00 1C 37 AD 48,03000300,0.000000
3048,0,0x10F,STD,8,2026-01-28T18:48:11.738450,03 00 03 00 25 F3 BB 3C,03000300,0.000000
3049,0,0x110,STD,8,2026-01-28T18:48:11.761866,03 00 03 00 09 A3 9F 48,03000300,0.000000
3050,0,0x10F,STD,8,2026-01-28T18:48:11.816458,03 00 03 00 8C BF A3 3C,03000300,0.000000
3051,0,0x110,STD,8,2026-01-28T18:48:11.840464,03 00 03 00 81 C9 2E 48,03000300,0.000000
3052,0,0x10F,STD,8,2026-01-28T18:48:11.896035,03 00 03 00 D1 79 DA 3C,03000300,0.000000
3053,0,0x110,STD,8,2026-01-28T18:48:11.920037,03 00 03 00 3A C9 66 48,03000300,0.000000
3054,0,0x10F,STD,8,2026-01-28T18:48:11.975965,03 00 03 00 00 33 B0 3C,03000300,0.000000
3055,0,0x110,STD,8,2026-01-28T18:48:11.999474,03 00 03 00 F4 F0 4B 48,03000300,0.000000
3056,0,0x110,STD,8,2026-01-28T18:48:12.034482,03 00 01 00 00 00 00 00,03000100,0.000000
3057,0,0x110,STD,8,2026-01-28T18:48:12.034482,03 00 01 00 00 00 00 00,03000100,0.000000
3058,0,0x10F,STD,8,2026-01-28T18:48:12.034482,03 00 02 00 FB CE 43 41,03000200,0.000000
3059,0,0x110,STD,8,2026-01-28T18:48:12.034482,03 00 02 00 FB CE 43 41,03000200,0.000000
3060,0,0x10F,STD,8,2026-01-28T18:48:12.058281,03 00 03 00 60 E5 8C 3C,03000300,0.000000
3061,0,0x110,STD,8,2026-01-28T18:48:12.082286,03 00 03 00 A1 1E A9 47,03000300,0.000000
3062,0,0x10F,STD,8,2026-01-28T18:48:12.128449,03 00 03 00 E5 4B F0 3B,03000300,0.000000
3063,0,0x110,STD,8,2026-01-28T18:48:12.152232,03 00 03 00 D8 94 CE 47,03000300,0.000000
3064,0,0x10F,STD,8,2026-01-28T18:48:12.208459,03 00 03 00 7A 74 41 3C,03000300,0.000000
3065,0,0x110,STD,8,2026-01-28T18:48:12.232464,03 00 03 00 5B 6A D8 47,03000300,0.000000
3066,0,0x10F,STD,8,2026-01-28T18:48:12.289421,03 00 03 00 16 59 17 3C,03000300,0.000000
3067,0,0x110,STD,8,2026-01-28T18:48:12.313427,03 00 03 00 4E 44 E0 47,03000300,0.000000
3068,0,0x10F,STD,8,2026-01-28T18:48:12.374618,03 00 03 00 08 75 5A 3C,03000300,0.000000
3069,0,0x110,STD,8,2026-01-28T18:48:12.397920,03 00 03 00 5C 95 4D 47,03000300,0.000000
3070,0,0x10F,STD,8,2026-01-28T18:48:12.454617,03 00 03 00 32 08 AB 3C,03000300,0.000000
3071,0,0x110,STD,8,2026-01-28T18:48:12.478623,03 00 03 00 07 30 09 48,03000300,0.000000
3072,0,0x10F,STD,8,2026-01-28T18:48:12.535430,03 00 03 00 67 7B B0 3C,03000300,0.000000
3073,0,0x110,STD,8,2026-01-28T18:48:12.559431,03 00 03 00 44 51 4D 48,03000300,0.000000
3074,0,0x10F,STD,8,2026-01-28T18:48:12.615574,03 00 03 00 5A 0D BE 3C,03000300,0.000000
3075,0,0x110,STD,8,2026-01-28T18:48:12.639575,03 00 03 00 F6 82 D2 47,03000300,0.000000
3076,0,0x10F,STD,8,2026-01-28T18:48:12.695460,03 00 03 00 5D 3A 03 3D,03000300,0.000000
3077,0,0x110,STD,8,2026-01-28T18:48:12.719462,03 00 03 00 C7 3B 1F 48,03000300,0.000000
3078,0,0x10F,STD,8,2026-01-28T18:48:12.775546,03 00 03 00 F5 26 EC 3C,03000300,0.000000
3079,0,0x110,STD,8,2026-01-28T18:48:12.799546,03 00 03 00 2F 65 12 48,03000300,0.000000
3080,0,0x10F,STD,8,2026-01-28T18:48:12.845379,03 00 03 00 2A F1 9C 3C,03000300,0.000000
3081,0,0x110,STD,8,2026-01-28T18:48:12.869378,03 00 03 00 FA 19 6B 47,03000300,0.000000
3082,0,0x10F,STD,8,2026-01-28T18:48:12.925822,03 00 03 00 83 C9 A3 3C,03000300,0.000000
3083,0,0x110,STD,8,2026-01-28T18:48:12.949423,03 00 03 00 0F 4D FA 47,03000300,0.000000
3084,0,0x10F,STD,8,2026-01-28T18:48:13.007368,03 00 03 00 6A 2A C0 3C,03000300,0.000000
3085,0,0x110,STD,8,2026-01-28T18:48:13.031374,03 00 03 00 9C 85 D5 47,03000300,0.000000
3086,0,0x10F,STD,8,2026-01-28T18:48:13.088418,03 00 03 00 F6 30 9B 3C,03000300,0.000000
3087,0,0x110,STD,8,2026-01-28T18:48:13.112423,03 00 03 00 FA C0 A2 47,03000300,0.000000
3088,0,0x10F,STD,8,2026-01-28T18:48:13.114424,03 00 01 00 00 00 00 00,03000100,0.000000
3089,0,0x10F,STD,8,2026-01-28T18:48:13.114424,03 00 01 00 00 00 00 00,03000100,0.000000
3090,0,0x110,STD,8,2026-01-28T18:48:13.116424,03 00 01 00 00 00 00 00,03000100,0.000000
3091,0,0x10F,STD,8,2026-01-28T18:48:13.129427,03 00 02 00 FB CE 43 41,03000200,0.000000
3092,0,0x10F,STD,8,2026-01-28T18:48:13.164409,03 00 03 00 BF 61 0D 3D,03000300,0.000000
3093,0,0x110,STD,8,2026-01-28T18:48:13.188415,03 00 03 00 DC 99 B5 47,03000300,0.000000
3094,0,0x10F,STD,8,2026-01-28T18:48:13.244146,03 00 03 00 59 13 E4 3C,03000300,0.000000
3095,0,0x110,STD,8,2026-01-28T18:48:13.267406,03 00 03 00 E2 2D 1B 48,03000300,0.000000
3096,0,0x10F,STD,8,2026-01-28T18:48:13.323924,03 00 03 00 C6 E2 AC 3C,03000300,0.000000
3097,0,0x110,STD,8,2026-01-28T18:48:13.347408,03 00 03 00 F3 D8 D7 47,03000300,0.000000
3098,0,0x10F,STD,8,2026-01-28T18:48:13.414422,03 00 03 00 D8 AD 94 3C,03000300,0.000000
3099,0,0x110,STD,8,2026-01-28T18:48:13.437513,03 00 03 00 3A 41 A2 47,03000300,0.000000
3100,0,0x10F,STD,8,2026-01-28T18:48:13.493091,03 00 03 00 23 A9 8B 3C,03000300,0.000000
3101,0,0x110,STD,8,2026-01-28T18:48:13.517096,03 00 03 00 CE 92 34 48,03000300,0.000000
3102,0,0x10F,STD,8,2026-01-28T18:48:13.573393,03 00 03 00 15 38 BF 3C,03000300,0.000000
3103,0,0x110,STD,8,2026-01-28T18:48:13.586037,03 00 03 00 1D 0C 4E 48,03000300,0.000000
3104,0,0x10F,STD,8,2026-01-28T18:48:13.642554,03 00 03 00 C7 C1 01 3D,03000300,0.000000
3105,0,0x110,STD,8,2026-01-28T18:48:13.665873,03 00 03 00 3B 19 B7 47,03000300,0.000000
3106,0,0x10F,STD,8,2026-01-28T18:48:13.733387,03 00 03 00 94 C8 D9 3C,03000300,0.000000
3107,0,0x110,STD,8,2026-01-28T18:48:13.745833,03 00 03 00 DA 96 5B 48,03000300,0.000000
3108,0,0x10F,STD,8,2026-01-28T18:48:13.802026,03 00 03 00 34 E8 5A 3C,03000300,0.000000
3109,0,0x110,STD,8,2026-01-28T18:48:13.825022,03 00 03 00 B0 9F 09 48,03000300,0.000000
3110,0,0x10F,STD,8,2026-01-28T18:48:13.881538,03 00 03 00 68 E0 89 3C,03000300,0.000000
3111,0,0x110,STD,8,2026-01-28T18:48:13.916328,03 00 03 00 2B 09 3F 48,03000300,0.000000
3112,0,0x10F,STD,8,2026-01-28T18:48:13.961871,03 00 03 00 3A 8D A2 3C,03000300,0.000000
3113,0,0x110,STD,8,2026-01-28T18:48:13.985422,03 00 03 00 F6 0A 92 48,03000300,0.000000
3114,0,0x10F,STD,8,2026-01-28T18:48:14.042429,03 00 03 00 BA 8B 4E 3C,03000300,0.000000
3115,0,0x110,STD,8,2026-01-28T18:48:14.066436,03 00 03 00 39 19 2A 48,03000300,0.000000
3116,0,0x10F,STD,8,2026-01-28T18:48:14.123002,03 00 03 00 91 2E 71 3C,03000300,0.000000
3117,0,0x110,STD,8,2026-01-28T18:48:14.156803,03 00 03 00 E0 76 46 48,03000300,0.000000
3118,0,0x10F,STD,8,2026-01-28T18:48:14.202814,03 00 03 00 8F C7 D2 3C,03000300,0.000000
3119,0,0x110,STD,8,2026-01-28T18:48:14.202814,03 00 02 00 FB CE 43 41,03000200,0.000000
3120,0,0x10F,STD,8,2026-01-28T18:48:14.202814,03 00 02 00 FB CE 43 41,03000200,0.000000
3121,0,0x110,STD,8,2026-01-28T18:48:14.202814,03 00 02 00 FB CE 43 41,03000200,0.000000
3122,0,0x110,STD,8,2026-01-28T18:48:14.226353,03 00 03 00 81 00 48 48,03000300,0.000000
3123,0,0x10F,STD,8,2026-01-28T18:48:14.283365,03 00 03 00 73 3A 0A 3D,03000300,0.000000
3124,0,0x110,STD,8,2026-01-28T18:48:14.318036,03 00 03 00 C1 80 C0 47,03000300,0.000000
3125,0,0x10F,STD,8,2026-01-28T18:48:14.369431,03 00 03 00 91 9D 1C 3D,03000300,0.000000
3126,0,0x110,STD,8,2026-01-28T18:48:14.393437,03 00 03 00 02 E4 FE 47,03000300,0.000000
3127,0,0x10F,STD,8,2026-01-28T18:48:14.438642,03 00 03 00 ED FC 39 3D,03000300,0.000000
3128,0,0x110,STD,8,2026-01-28T18:48:14.462648,03 00 03 00 87 14 7B 48,03000300,0.000000
3129,0,0x10F,STD,8,2026-01-28T18:48:14.519070,03 00 03 00 94 CB 12 3D,03000300,0.000000
3130,0,0x110,STD,8,2026-01-28T18:48:14.543076,03 00 03 00 5D D9 6B 48,03000300,0.000000
3131,0,0x10F,STD,8,2026-01-28T18:48:14.599885,03 00 03 00 98 A7 DC 3C,03000300,0.000000
3132,0,0x110,STD,8,2026-01-28T18:48:14.623395,03 00 03 00 40 A8 A2 47,03000300,0.000000
3133,0,0x10F,STD,8,2026-01-28T18:48:14.680376,03 00 03 00 7E 1C 52 3C,03000300,0.000000
3134,0,0x110,STD,8,2026-01-28T18:48:14.704382,03 00 03 00 18 D9 03 47,03000300,0.000000
3135,0,0x10F,STD,8,2026-01-28T18:48:14.760412,03 00 03 00 F6 0A 0B 3C,03000300,0.000000
3136,0,0x110,STD,8,2026-01-28T18:48:14.784418,03 00 03 00 30 9A DA 47,03000300,0.000000
3137,0,0x10F,STD,8,2026-01-28T18:48:14.841431,03 00 03 00 C1 91 D8 3B,03000300,0.000000
3138,0,0x110,STD,8,2026-01-28T18:48:14.864944,03 00 03 00 4D AA 28 47,03000300,0.000000
3139,0,0x10F,STD,8,2026-01-28T18:48:14.921953,03 00 03 00 12 19 F1 3B,03000300,0.000000
3140,0,0x110,STD,8,2026-01-28T18:48:14.945358,03 00 03 00 5D 31 8E 47,03000300,0.000000
3141,0,0x10F,STD,8,2026-01-28T18:48:15.002367,03 00 03 00 01 82 EB 3B,03000300,0.000000
3142,0,0x110,STD,8,2026-01-28T18:48:15.026362,03 00 03 00 E0 38 9D 47,03000300,0.000000
3143,0,0x10F,STD,8,2026-01-28T18:48:15.083375,03 00 03 00 36 82 5F 3C,03000300,0.000000
3144,0,0x110,STD,8,2026-01-28T18:48:15.106769,03 00 03 00 DE 46 F5 47,03000300,0.000000
3145,0,0x10F,STD,8,2026-01-28T18:48:15.163782,03 00 03 00 B0 33 51 3C,03000300,0.000000
3146,0,0x110,STD,8,2026-01-28T18:48:15.187360,03 00 03 00 0A 88 DF 47,03000300,0.000000
3147,0,0x10F,STD,8,2026-01-28T18:48:15.244373,03 00 03 00 1F 4B E7 3C,03000300,0.000000
3148,0,0x110,STD,8,2026-01-28T18:48:15.268378,03 00 03 00 D0 96 30 48,03000300,0.000000
3149,0,0x10F,STD,8,2026-01-28T18:48:15.292384,03 00 01 00 00 00 00 00,03000100,0.000000
3150,0,0x110,STD,8,2026-01-28T18:48:15.292384,03 00 01 00 00 00 00 00,03000100,0.000000
3151,0,0x10F,STD,8,2026-01-28T18:48:15.292384,03 00 01 00 00 00 00 00,03000100,0.000000
3152,0,0x110,STD,8,2026-01-28T18:48:15.292384,03 00 01 00 00 00 00 00,03000100,0.000000
3153,0,0x10F,STD,8,2026-01-28T18:48:15.315805,03 00 03 00 AC C0 C1 3C,03000300,0.000000
3154,0,0x110,STD,8,2026-01-28T18:48:15.339807,03 00 03 00 B3 4A D0 47,03000300,0.000000
3155,0,0x10F,STD,8,2026-01-28T18:48:15.396351,03 00 03 00 F5 D0 1F 3D,03000300,0.000000
3156,0,0x110,STD,8,2026-01-28T18:48:15.420356,03 00 03 00 06 A0 C3 47,03000300,0.000000
3157,0,0x10F,STD,8,2026-01-28T18:48:15.477234,03 00 03 00 0E 1C 9F 3C,03000300,0.000000
3158,0,0x110,STD,8,2026-01-28T18:48:15.501240,03 00 03 00 CD 44 C8 47,03000300,0.000000
3159,0,0x10F,STD,8,2026-01-28T18:48:15.558035,03 00 03 00 C9 D3 FA 3C,03000300,0.000000
3160,0,0x110,STD,8,2026-01-28T18:48:15.582040,03 00 03 00 4B E7 E9 47,03000300,0.000000
3161,0,0x10F,STD,8,2026-01-28T18:48:15.638035,03 00 03 00 1C 47 B3 3C,03000300,0.000000
3162,0,0x110,STD,8,2026-01-28T18:48:15.662040,03 00 03 00 40 CF C1 47,03000300,0.000000
3163,0,0x10F,STD,8,2026-01-28T18:48:15.718388,03 00 03 00 A4 7C 97 3B,03000300,0.000000
3164,0,0x110,STD,8,2026-01-28T18:48:15.742393,03 00 03 00 75 D6 BA 47,03000300,0.000000
3165,0,0x10F,STD,8,2026-01-28T18:48:15.799037,03 00 03 00 64 B5 1A 3C,03000300,0.000000
3166,0,0x110,STD,8,2026-01-28T18:48:15.823042,03 00 03 00 0B 61 2D 48,03000300,0.000000
3167,0,0x10F,STD,8,2026-01-28T18:48:15.878652,03 00 03 00 BA 67 E2 3B,03000300,0.000000
3168,0,0x110,STD,8,2026-01-28T18:48:15.902657,03 00 03 00 82 07 05 48,03000300,0.000000
3169,0,0x10F,STD,8,2026-01-28T18:48:15.957746,03 00 03 00 EC 05 B7 3C,03000300,0.000000
3170,0,0x110,STD,8,2026-01-28T18:48:15.984752,03 00 03 00 13 A4 48 47,03000300,0.000000
3171,0,0x10F,STD,8,2026-01-28T18:48:16.041765,03 00 03 00 E3 91 28 3D,03000300,0.000000
3172,0,0x110,STD,8,2026-01-28T18:48:16.065247,03 00 03 00 2F 77 C9 47,03000300,0.000000
3173,0,0x10F,STD,8,2026-01-28T18:48:16.122253,03 00 03 00 C6 E6 FE 3C,03000300,0.000000
3174,0,0x110,STD,8,2026-01-28T18:48:16.144911,03 00 03 00 F5 72 6B 47,03000300,0.000000
3175,0,0x10F,STD,8,2026-01-28T18:48:16.201509,03 00 03 00 2C 85 0B 3D,03000300,0.000000
3176,0,0x110,STD,8,2026-01-28T18:48:16.225156,03 00 03 00 42 60 F2 47,03000300,0.000000
3177,0,0x10F,STD,8,2026-01-28T18:48:16.280762,03 00 03 00 E5 85 8B 3C,03000300,0.000000
3178,0,0x110,STD,8,2026-01-28T18:48:16.304485,03 00 03 00 DD D0 85 48,03000300,0.000000
3179,0,0x10F,STD,8,2026-01-28T18:48:16.366871,03 00 03 00 84 B7 CE 3C,03000300,0.000000
3180,0,0x10F,STD,8,2026-01-28T18:48:16.366871,03 00 02 00 95 D7 47 41,03000200,0.000000
3181,0,0x110,STD,8,2026-01-28T18:48:16.367871,03 00 02 00 95 D7 47 41,03000200,0.000000
3182,0,0x10F,STD,8,2026-01-28T18:48:16.367871,03 00 02 00 E4 65 3F 41,03000200,0.000000
3183,0,0x110,STD,8,2026-01-28T18:48:16.369871,03 00 02 00 E4 65 3F 41,03000200,0.000000
3184,0,0x110,STD,8,2026-01-28T18:48:16.382875,03 00 03 00 0B A7 26 48,03000300,0.000000
3185,0,0x10F,STD,8,2026-01-28T18:48:16.437189,03 00 03 00 CB 62 38 3C,03000300,0.000000
3186,0,0x110,STD,8,2026-01-28T18:48:16.460725,03 00 03 00 4F C6 6C 48,03000300,0.000000
3187,0,0x10F,STD,8,2026-01-28T18:48:16.517419,03 00 03 00 48 FC AA 3C,03000300,0.000000
3188,0,0x110,STD,8,2026-01-28T18:48:16.541426,03 00 03 00 AC DA 97 48,03000300,0.000000
3189,0,0x10F,STD,8,2026-01-28T18:48:16.596726,03 00 03 00 5E E8 43 3C,03000300,0.000000
3190,0,0x110,STD,8,2026-01-28T18:48:16.620162,03 00 03 00 38 33 EA 47,03000300,0.000000
3191,0,0x10F,STD,8,2026-01-28T18:48:16.676034,03 00 03 00 62 F0 C4 3C,03000300,0.000000
3192,0,0x110,STD,8,2026-01-28T18:48:16.700035,03 00 03 00 94 5D A2 48,03000300,0.000000
3193,0,0x10F,STD,8,2026-01-28T18:48:16.755858,03 00 03 00 2A D1 44 3C,03000300,0.000000
3194,0,0x110,STD,8,2026-01-28T18:48:16.779841,03 00 03 00 46 50 7F 48,03000300,0.000000
3195,0,0x10F,STD,8,2026-01-28T18:48:16.836033,03 00 03 00 7B 7F 84 3C,03000300,0.000000
3196,0,0x110,STD,8,2026-01-28T18:48:16.859030,03 00 03 00 7B A1 74 48,03000300,0.000000
3197,0,0x10F,STD,8,2026-01-28T18:48:16.916040,03 00 03 00 56 0E D8 3C,03000300,0.000000
3198,0,0x110,STD,8,2026-01-28T18:48:16.940037,03 00 03 00 33 06 A0 48,03000300,0.000000
3199,0,0x10F,STD,8,2026-01-28T18:48:16.995856,03 00 03 00 E3 88 64 3C,03000300,0.000000
3200,0,0x110,STD,8,2026-01-28T18:48:17.019859,03 00 03 00 B3 FC D0 47,03000300,0.000000
3201,0,0x10F,STD,8,2026-01-28T18:48:17.076349,03 00 03 00 1D 6B 79 3C,03000300,0.000000
3202,0,0x110,STD,8,2026-01-28T18:48:17.100355,03 00 03 00 49 01 2A 48,03000300,0.000000
3203,0,0x10F,STD,8,2026-01-28T18:48:17.157308,03 00 03 00 AB AC 78 3C,03000300,0.000000
3204,0,0x110,STD,8,2026-01-28T18:48:17.181291,03 00 03 00 BB E7 F7 47,03000300,0.000000
3205,0,0x10F,STD,8,2026-01-28T18:48:17.237109,03 00 03 00 F5 52 3C 3C,03000300,0.000000
3206,0,0x110,STD,8,2026-01-28T18:48:17.260618,03 00 03 00 E5 CB C8 47,03000300,0.000000
3207,0,0x10F,STD,8,2026-01-28T18:48:17.316830,03 00 03 00 90 B0 45 3C,03000300,0.000000
3208,0,0x110,STD,8,2026-01-28T18:48:17.340835,03 00 03 00 53 52 8B 47,03000300,0.000000
3209,0,0x10F,STD,8,2026-01-28T18:48:17.397511,03 00 03 00 B9 FF 54 3B,03000300,0.000000
3210,0,0x110,STD,8,2026-01-28T18:48:17.421020,03 00 03 00 A2 F7 20 48,03000300,0.000000
3211,0,0x10F,STD,8,2026-01-28T18:48:17.455299,03 00 01 00 00 00 00 00,03000100,0.000000
3212,0,0x110,STD,8,2026-01-28T18:48:17.455299,03 00 01 00 00 00 00 00,03000100,0.000000
3213,0,0x10F,STD,8,2026-01-28T18:48:17.455299,03 00 02 00 C0 7A 3F 41,03000200,0.000000
3214,0,0x110,STD,8,2026-01-28T18:48:17.455299,03 00 02 00 C0 7A 3F 41,03000200,0.000000
3215,0,0x10F,STD,8,2026-01-28T18:48:17.479294,03 00 03 00 56 46 A7 3B,03000300,0.000000
3216,0,0x110,STD,8,2026-01-28T18:48:17.503299,03 00 03 00 4F 99 01 48,03000300,0.000000
3217,0,0x10F,STD,8,2026-01-28T18:48:17.549097,03 00 03 00 D1 E0 84 3C,03000300,0.000000
3218,0,0x110,STD,8,2026-01-28T18:48:17.573103,03 00 03 00 4F 15 6E 47,03000300,0.000000
3219,0,0x10F,STD,8,2026-01-28T18:48:17.630040,03 00 03 00 85 16 B2 3C,03000300,0.000000
3220,0,0x110,STD,8,2026-01-28T18:48:17.654045,03 00 03 00 2D BE BF 47,03000300,0.000000
3221,0,0x10F,STD,8,2026-01-28T18:48:17.710687,03 00 03 00 83 74 50 3C,03000300,0.000000
3222,0,0x110,STD,8,2026-01-28T18:48:17.734692,03 00 03 00 DE 61 69 47,03000300,0.000000
3223,0,0x10F,STD,8,2026-01-28T18:48:17.791232,03 00 03 00 C4 12 AE 3B,03000300,0.000000
3224,0,0x110,STD,8,2026-01-28T18:48:17.814759,03 00 03 00 41 CC C7 47,03000300,0.000000
3225,0,0x10F,STD,8,2026-01-28T18:48:17.871772,03 00 03 00 9D 4D BA 3C,03000300,0.000000
3226,0,0x110,STD,8,2026-01-28T18:48:17.895330,03 00 03 00 2A 4A 9F 47,03000300,0.000000
3227,0,0x10F,STD,8,2026-01-28T18:48:17.952337,03 00 03 00 A4 DD 73 3C,03000300,0.000000
3228,0,0x110,STD,8,2026-01-28T18:48:17.975796,03 00 03 00 65 67 BE 47,03000300,0.000000
3229,0,0x10F,STD,8,2026-01-28T18:48:18.032804,03 00 03 00 A3 32 4C 3C,03000300,0.000000
3230,0,0x110,STD,8,2026-01-28T18:48:18.056361,03 00 03 00 5C 4D E4 47,03000300,0.000000
3231,0,0x10F,STD,8,2026-01-28T18:48:18.113374,03 00 03 00 60 C8 8E 3C,03000300,0.000000
3232,0,0x110,STD,8,2026-01-28T18:48:18.136186,03 00 03 00 71 34 46 48,03000300,0.000000
3233,0,0x10F,STD,8,2026-01-28T18:48:18.193083,03 00 03 00 9B 0E B4 3C,03000300,0.000000
3234,0,0x110,STD,8,2026-01-28T18:48:18.215771,03 00 03 00 4C FC 23 48,03000300,0.000000
3235,0,0x10F,STD,8,2026-01-28T18:48:18.272776,03 00 03 00 BC 29 DF 3C,03000300,0.000000
3236,0,0x110,STD,8,2026-01-28T18:48:18.295385,03 00 03 00 EA 51 91 47,03000300,0.000000
3237,0,0x10F,STD,8,2026-01-28T18:48:18.351542,03 00 03 00 EB 7B 16 3C,03000300,0.000000
3238,0,0x110,STD,8,2026-01-28T18:48:18.378548,03 00 03 00 0B 7D 8C 47,03000300,0.000000
3239,0,0x10F,STD,8,2026-01-28T18:48:18.435253,03 00 03 00 5E 83 82 3C,03000300,0.000000
3240,0,0x110,STD,8,2026-01-28T18:48:18.447760,03 00 03 00 B0 C4 C5 47,03000300,0.000000
3241,0,0x10F,STD,8,2026-01-28T18:48:18.515440,03 00 03 00 BE 1E 26 3C,03000300,0.000000
3242,0,0x110,STD,8,2026-01-28T18:48:18.538950,03 00 03 00 78 95 3E 47,03000300,0.000000
3243,0,0x10F,STD,8,2026-01-28T18:48:18.551953,03 00 01 00 00 00 00 00,03000100,0.000000
3244,0,0x110,STD,8,2026-01-28T18:48:18.553953,03 00 01 00 00 00 00 00,03000100,0.000000
3245,0,0x110,STD,8,2026-01-28T18:48:18.553953,03 00 02 00 AA 87 45 41,03000200,0.000000
3246,0,0x10F,STD,8,2026-01-28T18:48:18.553953,03 00 01 00 00 00 00 00,03000100,0.000000
3247,0,0x10F,STD,8,2026-01-28T18:48:18.588501,03 00 03 00 6C 59 88 3B,03000300,0.000000
3248,0,0x110,STD,8,2026-01-28T18:48:18.612506,03 00 03 00 F3 ED EB 47,03000300,0.000000
3249,0,0x10F,STD,8,2026-01-28T18:48:18.668434,03 00 03 00 F4 75 00 3C,03000300,0.000000
3250,0,0x110,STD,8,2026-01-28T18:48:18.692290,03 00 03 00 50 9A 40 47,03000300,0.000000
3251,0,0x10F,STD,8,2026-01-28T18:48:18.749243,03 00 03 00 2F 0E 7B 3C,03000300,0.000000
3252,0,0x110,STD,8,2026-01-28T18:48:18.773249,03 00 03 00 3F 84 DA 47,03000300,0.000000
3253,0,0x10F,STD,8,2026-01-28T18:48:18.830261,03 00 03 00 FC 04 BA 3C,03000300,0.000000
3254,0,0x110,STD,8,2026-01-28T18:48:18.854267,03 00 03 00 1B 02 34 47,03000300,0.000000
3255,0,0x10F,STD,8,2026-01-28T18:48:18.910655,03 00 03 00 80 E2 E0 3C,03000300,0.000000
3256,0,0x110,STD,8,2026-01-28T18:48:18.934660,03 00 03 00 E1 A7 38 48,03000300,0.000000
3257,0,0x10F,STD,8,2026-01-28T18:48:18.983671,03 00 03 00 A3 47 C6 3C,03000300,0.000000
3258,0,0x110,STD,8,2026-01-28T18:48:19.007308,03 00 03 00 69 18 FB 47,03000300,0.000000
3259,0,0x10F,STD,8,2026-01-28T18:48:19.063857,03 00 03 00 F7 EC D5 3C,03000300,0.000000
3260,0,0x110,STD,8,2026-01-28T18:48:19.087865,03 00 03 00 06 F5 B2 47,03000300,0.000000
3261,0,0x10F,STD,8,2026-01-28T18:48:19.145252,03 00 03 00 B9 1C 9A 3C,03000300,0.000000
3262,0,0x110,STD,8,2026-01-28T18:48:19.169258,03 00 03 00 51 29 62 47,03000300,0.000000
3263,0,0x10F,STD,8,2026-01-28T18:48:19.226270,03 00 03 00 2F A3 97 3C,03000300,0.000000
3264,0,0x110,STD,8,2026-01-28T18:48:19.249646,03 00 03 00 37 04 4D 46,03000300,0.000000
3265,0,0x10F,STD,8,2026-01-28T18:48:19.306249,03 00 03 00 19 54 93 3C,03000300,0.000000
3266,0,0x110,STD,8,2026-01-28T18:48:19.330254,03 00 03 00 6E DD 6B 47,03000300,0.000000
3267,0,0x10F,STD,8,2026-01-28T18:48:19.387267,03 00 03 00 49 B0 3D 3C,03000300,0.000000
3268,0,0x110,STD,8,2026-01-28T18:48:19.411273,03 00 03 00 D5 39 84 47,03000300,0.000000
3269,0,0x10F,STD,8,2026-01-28T18:48:19.468285,03 00 03 00 4E 6F E6 3B,03000300,0.000000
3270,0,0x110,STD,8,2026-01-28T18:48:19.492291,03 00 03 00 41 81 FD 47,03000300,0.000000
3271,0,0x10F,STD,8,2026-01-28T18:48:19.549304,03 00 03 00 78 9F 2D 3C,03000300,0.000000
3272,0,0x110,STD,8,2026-01-28T18:48:19.573309,03 00 03 00 3B 6E 09 48,03000300,0.000000
3273,0,0x10F,STD,8,2026-01-28T18:48:19.630322,03 00 03 00 AF 29 A7 3C,03000300,0.000000
3274,0,0x110,STD,8,2026-01-28T18:48:19.654327,03 00 03 00 BD B1 B5 47,03000300,0.000000
3275,0,0x110,STD,8,2026-01-28T18:48:19.654327,03 00 01 00 00 00 00 00,03000100,0.000000
3276,0,0x10F,STD,8,2026-01-28T18:48:19.654327,03 00 02 00 AA 87 45 41,03000200,0.000000
3277,0,0x10F,STD,8,2026-01-28T18:48:19.654327,03 00 01 00 00 00 00 00,03000100,0.000000
3278,0,0x110,STD,8,2026-01-28T18:48:19.654327,03 00 01 00 00 00 00 00,03000100,0.000000
3279,0,0x10F,STD,8,2026-01-28T18:48:19.700338,03 00 03 00 EA AD CD 3C,03000300,0.000000
3280,0,0x110,STD,8,2026-01-28T18:48:19.724343,03 00 03 00 CC AF 2E 48,03000300,0.000000
3281,0,0x10F,STD,8,2026-01-28T18:48:19.781356,03 00 03 00 CD 43 F4 3C,03000300,0.000000
3282,0,0x110,STD,8,2026-01-28T18:48:19.805361,03 00 03 00 0D 02 FD 47,03000300,0.000000
3283,0,0x10F,STD,8,2026-01-28T18:48:19.862374,03 00 03 00 61 AA AE 3C,03000300,0.000000
3284,0,0x110,STD,8,2026-01-28T18:48:19.886208,03 00 03 00 E5 55 79 47,03000300,0.000000
3285,0,0x10F,STD,8,2026-01-28T18:48:19.943221,03 00 03 00 89 3B 80 3C,03000300,0.000000
3286,0,0x110,STD,8,2026-01-28T18:48:19.967226,03 00 03 00 EB 37 49 47,03000300,0.000000
3287,0,0x10F,STD,8,2026-01-28T18:48:20.024239,03 00 03 00 BC 77 69 3C,03000300,0.000000
3288,0,0x110,STD,8,2026-01-28T18:48:20.048245,03 00 03 00 D8 4A 26 48,03000300,0.000000
3289,0,0x10F,STD,8,2026-01-28T18:48:20.105257,03 00 03 00 89 F8 F5 3B,03000300,0.000000
3290,0,0x110,STD,8,2026-01-28T18:48:20.129263,03 00 03 00 9E 2D C9 47,03000300,0.000000
3291,0,0x10F,STD,8,2026-01-28T18:48:20.185841,03 00 03 00 8D D5 9C 3C,03000300,0.000000
3292,0,0x110,STD,8,2026-01-28T18:48:20.209846,03 00 03 00 C8 D4 03 48,03000300,0.000000
3293,0,0x10F,STD,8,2026-01-28T18:48:20.266859,03 00 03 00 A0 7F 7A 3C,03000300,0.000000
3294,0,0x110,STD,8,2026-01-28T18:48:20.290864,03 00 03 00 E3 06 27 48,03000300,0.000000
3295,0,0x10F,STD,8,2026-01-28T18:48:20.347878,03 00 03 00 D6 74 07 3D,03000300,0.000000
3296,0,0x110,STD,8,2026-01-28T18:48:20.373883,03 00 03 00 4F 88 B4 47,03000300,0.000000
3297,0,0x10F,STD,8,2026-01-28T18:48:20.419893,03 00 03 00 9F F4 B9 3C,03000300,0.000000
3298,0,0x110,STD,8,2026-01-28T18:48:20.443899,03 00 03 00 E4 43 1A 48,03000300,0.000000
3299,0,0x10F,STD,8,2026-01-28T18:48:20.500911,03 00 03 00 77 B3 89 3C,03000300,0.000000
3300,0,0x110,STD,8,2026-01-28T18:48:20.524917,03 00 03 00 B4 1F EC 47,03000300,0.000000
3301,0,0x10F,STD,8,2026-01-28T18:48:20.581491,03 00 03 00 F7 BE 8C 3C,03000300,0.000000
3302,0,0x110,STD,8,2026-01-28T18:48:20.605497,03 00 03 00 14 89 49 47,03000300,0.000000
3303,0,0x10F,STD,8,2026-01-28T18:48:20.662509,03 00 03 00 16 5A 9F 3C,03000300,0.000000
3304,0,0x110,STD,8,2026-01-28T18:48:20.686515,03 00 03 00 B2 01 7E 47,03000300,0.000000
3305,0,0x10F,STD,8,2026-01-28T18:48:20.732525,03 00 02 00 C3 97 44 41,03000200,0.000000
3306,0,0x110,STD,8,2026-01-28T18:48:20.732525,03 00 02 00 C3 97 44 41,03000200,0.000000
3307,0,0x10F,STD,8,2026-01-28T18:48:20.734526,03 00 02 00 BF 51 32 41,03000200,0.000000
3308,0,0x110,STD,8,2026-01-28T18:48:20.734526,03 00 02 00 BF 51 32 41,03000200,0.000000
3309,0,0x10F,STD,8,2026-01-28T18:48:20.747529,03 00 03 00 34 59 8A 3C,03000300,0.000000
3310,0,0x110,STD,8,2026-01-28T18:48:20.771534,03 00 03 00 F2 42 72 47,03000300,0.000000
3311,0,0x10F,STD,8,2026-01-28T18:48:20.817544,03 00 03 00 67 99 0E 3C,03000300,0.000000
3312,0,0x110,STD,8,2026-01-28T18:48:20.841550,03 00 03 00 D4 48 6D 47,03000300,0.000000
3313,0,0x10F,STD,8,2026-01-28T18:48:20.898099,03 00 03 00 18 35 B5 3C,03000300,0.000000
3314,0,0x110,STD,8,2026-01-28T18:48:20.922104,03 00 03 00 7A C2 A0 47,03000300,0.000000
3315,0,0x10F,STD,8,2026-01-28T18:48:20.979118,03 00 03 00 EF FF 2E 3C,03000300,0.000000
3316,0,0x110,STD,8,2026-01-28T18:48:21.003123,03 00 03 00 EA 1B 78 47,03000300,0.000000
3317,0,0x10F,STD,8,2026-01-28T18:48:21.063136,03 00 03 00 12 3D 9E 3B,03000300,0.000000
3318,0,0x110,STD,8,2026-01-28T18:48:21.087721,03 00 03 00 1B E7 1C 47,03000300,0.000000
3319,0,0x10F,STD,8,2026-01-28T18:48:21.144590,03 00 03 00 31 31 28 3C,03000300,0.000000
3320,0,0x110,STD,8,2026-01-28T18:48:21.168595,03 00 03 00 92 FC 71 47,03000300,0.000000
3321,0,0x10F,STD,8,2026-01-28T18:48:21.214180,03 00 03 00 25 EB 9A 3C,03000300,0.000000
3322,0,0x110,STD,8,2026-01-28T18:48:21.238185,03 00 03 00 2D D0 4B 47,03000300,0.000000
3323,0,0x10F,STD,8,2026-01-28T18:48:21.295197,03 00 03 00 E8 15 8C 3C,03000300,0.000000
3324,0,0x110,STD,8,2026-01-28T18:48:21.319203,03 00 03 00 6B B2 94 46,03000300,0.000000
3325,0,0x10F,STD,8,2026-01-28T18:48:21.375866,03 00 03 00 C8 B5 20 3C,03000300,0.000000
3326,0,0x110,STD,8,2026-01-28T18:48:21.399048,03 00 03 00 4B 11 D5 46,03000300,0.000000
3327,0,0x10F,STD,8,2026-01-28T18:48:21.456061,03 00 03 00 28 FC CE 3C,03000300,0.000000
3328,0,0x110,STD,8,2026-01-28T18:48:21.479665,03 00 03 00 A5 04 E3 46,03000300,0.000000
3329,0,0x10F,STD,8,2026-01-28T18:48:21.535604,03 00 03 00 25 D1 5E 3C,03000300,0.000000
3330,0,0x110,STD,8,2026-01-28T18:48:21.559611,03 00 03 00 96 F8 EF 46,03000300,0.000000
3331,0,0x10F,STD,8,2026-01-28T18:48:21.616624,03 00 03 00 97 C4 65 3B,03000300,0.000000
3332,0,0x110,STD,8,2026-01-28T18:48:21.640134,03 00 03 00 A3 E6 13 47,03000300,0.000000
3333,0,0x10F,STD,8,2026-01-28T18:48:21.697147,03 00 03 00 78 5B 43 3C,03000300,0.000000
3334,0,0x110,STD,8,2026-01-28T18:48:21.721152,03 00 03 00 5C F0 B3 47,03000300,0.000000
3335,0,0x10F,STD,8,2026-01-28T18:48:21.777671,03 00 03 00 8B D8 14 3C,03000300,0.000000
3336,0,0x110,STD,8,2026-01-28T18:48:21.801677,03 00 03 00 B9 A9 17 48,03000300,0.000000
3337,0,0x10F,STD,8,2026-01-28T18:48:21.825681,03 00 01 00 00 00 00 00,03000100,0.000000
3338,0,0x110,STD,8,2026-01-28T18:48:21.825681,03 00 01 00 00 00 00 00,03000100,0.000000
3339,0,0x10F,STD,8,2026-01-28T18:48:21.825681,03 00 02 00 9E E4 47 41,03000200,0.000000
3340,0,0x110,STD,8,2026-01-28T18:48:21.825681,03 00 02 00 9E E4 47 41,03000200,0.000000
3341,0,0x10F,STD,8,2026-01-28T18:48:21.860192,03 00 03 00 F9 0B D9 3C,03000300,0.000000
3342,0,0x110,STD,8,2026-01-28T18:48:21.884197,03 00 03 00 44 E7 04 48,03000300,0.000000
3343,0,0x10F,STD,8,2026-01-28T18:48:21.940219,03 00 03 00 1A BA 0D 3D,03000300,0.000000
3344,0,0x110,STD,8,2026-01-28T18:48:21.966824,03 00 03 00 43 18 BC 47,03000300,0.000000
3345,0,0x10F,STD,8,2026-01-28T18:48:22.012589,03 00 03 00 19 F4 99 3C,03000300,0.000000
3346,0,0x110,STD,8,2026-01-28T18:48:22.036270,03 00 03 00 7D 99 65 47,03000300,0.000000
3347,0,0x10F,STD,8,2026-01-28T18:48:22.092817,03 00 03 00 3F AA BF 3C,03000300,0.000000
3348,0,0x110,STD,8,2026-01-28T18:48:22.116822,03 00 03 00 90 8C CE 47,03000300,0.000000
3349,0,0x10F,STD,8,2026-01-28T18:48:22.173835,03 00 03 00 69 9F 69 3C,03000300,0.000000
3350,0,0x110,STD,8,2026-01-28T18:48:22.197840,03 00 03 00 BF D6 00 48,03000300,0.000000
3351,0,0x10F,STD,8,2026-01-28T18:48:22.254853,03 00 03 00 32 16 A7 3C,03000300,0.000000
3352,0,0x110,STD,8,2026-01-28T18:48:22.278859,03 00 03 00 75 4F 28 48,03000300,0.000000
3353,0,0x10F,STD,8,2026-01-28T18:48:22.335872,03 00 03 00 FD 57 8A 3C,03000300,0.000000
3354,0,0x110,STD,8,2026-01-28T18:48:22.367878,03 00 03 00 42 60 EE 47,03000300,0.000000
3355,0,0x10F,STD,8,2026-01-28T18:48:22.413551,03 00 03 00 6C 0A 81 3C,03000300,0.000000
3356,0,0x110,STD,8,2026-01-28T18:48:22.437556,03 00 03 00 3E 45 F3 47,03000300,0.000000
3357,0,0x10F,STD,8,2026-01-28T18:48:22.494130,03 00 03 00 70 C3 A3 3B,03000300,0.000000
3358,0,0x110,STD,8,2026-01-28T18:48:22.518135,03 00 03 00 45 91 34 48,03000300,0.000000
3359,0,0x10F,STD,8,2026-01-28T18:48:22.575148,03 00 03 00 03 4F 30 3C,03000300,0.000000
3360,0,0x110,STD,8,2026-01-28T18:48:22.599154,03 00 03 00 E4 4D B2 47,03000300,0.000000
3361,0,0x10F,STD,8,2026-01-28T18:48:22.655744,03 00 03 00 36 36 94 3C,03000300,0.000000
3362,0,0x110,STD,8,2026-01-28T18:48:22.679749,03 00 03 00 32 04 1E 48,03000300,0.000000
3363,0,0x10F,STD,8,2026-01-28T18:48:22.736762,03 00 03 00 00 4B A6 3C,03000300,0.000000
3364,0,0x110,STD,8,2026-01-28T18:48:22.760768,03 00 03 00 02 6D 57 48,03000300,0.000000
3365,0,0x10F,STD,8,2026-01-28T18:48:22.817365,03 00 03 00 D0 E2 44 3C,03000300,0.000000
3366,0,0x110,STD,8,2026-01-28T18:48:22.841370,03 00 03 00 CB 64 F3 47,03000300,0.000000
3367,0,0x10F,STD,8,2026-01-28T18:48:22.898383,03 00 03 00 47 21 D3 3C,03000300,0.000000
3368,0,0x110,STD,8,2026-01-28T18:48:22.922389,03 00 03 00 A6 07 02 48,03000300,0.000000
3369,0,0x10F,STD,8,2026-01-28T18:48:22.922389,03 00 01 00 00 00 00 00,03000100,0.000000
3370,0,0x110,STD,8,2026-01-28T18:48:22.922389,03 00 01 00 00 00 00 00,03000100,0.000000
3371,0,0x10F,STD,8,2026-01-28T18:48:22.922389,03 00 02 00 9E E4 47 41,03000200,0.000000
3372,0,0x110,STD,8,2026-01-28T18:48:22.922389,03 00 02 00 9E E4 47 41,03000200,0.000000
3373,0,0x10F,STD,8,2026-01-28T18:48:22.968399,03 00 03 00 23 9D 3E 3C,03000300,0.000000
3374,0,0x110,STD,8,2026-01-28T18:48:23.003407,03 00 03 00 46 23 D8 47,03000300,0.000000
3375,0,0x10F,STD,8,2026-01-28T18:48:23.049418,03 00 03 00 78 EC 41 3C,03000300,0.000000
3376,0,0x110,STD,8,2026-01-28T18:48:23.073423,03 00 03 00 F1 49 71 47,03000300,0.000000
3377,0,0x10F,STD,8,2026-01-28T18:48:23.133436,03 00 03 00 D1 1A 9A 3B,03000300,0.000000
3378,0,0x110,STD,8,2026-01-28T18:48:23.157441,03 00 03 00 DA 5E DA 47,03000300,0.000000
3379,0,0x10F,STD,8,2026-01-28T18:48:23.214174,03 00 03 00 98 B2 6A 3C,03000300,0.000000
3380,0,0x110,STD,8,2026-01-28T18:48:23.238179,03 00 03 00 C1 20 76 47,03000300,0.000000
3381,0,0x10F,STD,8,2026-01-28T18:48:23.294505,03 00 03 00 09 71 BD 3C,03000300,0.000000
3382,0,0x110,STD,8,2026-01-28T18:48:23.318510,03 00 03 00 4B 8B 1F 47,03000300,0.000000
3383,0,0x10F,STD,8,2026-01-28T18:48:23.375523,03 00 03 00 95 29 3C 3C,03000300,0.000000
3384,0,0x110,STD,8,2026-01-28T18:48:23.399528,03 00 03 00 EB D5 49 47,03000300,0.000000
3385,0,0x10F,STD,8,2026-01-28T18:48:23.456045,03 00 03 00 74 63 10 3C,03000300,0.000000
3386,0,0x110,STD,8,2026-01-28T18:48:23.480050,03 00 03 00 FF F7 8A 47,03000300,0.000000
3387,0,0x10F,STD,8,2026-01-28T18:48:23.536795,03 00 03 00 66 A0 83 3B,03000300,0.000000
3388,0,0x110,STD,8,2026-01-28T18:48:23.560800,03 00 03 00 6C 82 3E 47,03000300,0.000000
3389,0,0x10F,STD,8,2026-01-28T18:48:23.617149,03 00 03 00 D6 A0 98 3C,03000300,0.000000
3390,0,0x110,STD,8,2026-01-28T18:48:23.630152,03 00 03 00 BE 92 E8 47,03000300,0.000000
3391,0,0x10F,STD,8,2026-01-28T18:48:23.687164,03 00 03 00 E6 DA A8 3C,03000300,0.000000
3392,0,0x110,STD,8,2026-01-28T18:48:23.711173,03 00 03 00 B4 0B 1D 48,03000300,0.000000
3393,0,0x10F,STD,8,2026-01-28T18:48:23.768185,03 00 03 00 8A 5F 6F 3C,03000300,0.000000
3394,0,0x110,STD,8,2026-01-28T18:48:23.792191,03 00 03 00 F9 35 02 48,03000300,0.000000
3395,0,0x10F,STD,8,2026-01-28T18:48:23.848528,03 00 03 00 36 52 ED 3C,03000300,0.000000
3396,0,0x110,STD,8,2026-01-28T18:48:23.872533,03 00 03 00 FE 4E D4 47,03000300,0.000000
3397,0,0x10F,STD,8,2026-01-28T18:48:23.929548,03 00 03 00 4E FC B8 3C,03000300,0.000000
3398,0,0x110,STD,8,2026-01-28T18:48:23.953058,03 00 03 00 85 D1 C3 47,03000300,0.000000
3399,0,0x10F,STD,8,2026-01-28T18:48:24.009574,03 00 03 00 38 94 80 3C,03000300,0.000000
3400,0,0x10F,STD,8,2026-01-28T18:48:24.009574,03 00 01 00 00 00 00 00,03000100,0.000000
3401,0,0x110,STD,8,2026-01-28T18:48:24.009574,03 00 01 00 00 00 00 00,03000100,0.000000
3402,0,0x110,STD,8,2026-01-28T18:48:24.009574,03 00 01 00 00 00 00 00,03000100,0.000000
3403,0,0x10F,STD,8,2026-01-28T18:48:24.009574,03 00 02 00 A6 AB 35 41,03000200,0.000000
3404,0,0x110,STD,8,2026-01-28T18:48:24.033579,03 00 03 00 9A 9A 1B 48,03000300,0.000000
3405,0,0x10F,STD,8,2026-01-28T18:48:24.090184,03 00 03 00 FB 36 90 3C,03000300,0.000000
3406,0,0x110,STD,8,2026-01-28T18:48:24.114189,03 00 03 00 A6 3B 28 48,03000300,0.000000
3407,0,0x10F,STD,8,2026-01-28T18:48:24.170532,03 00 03 00 1F 76 6B 3C,03000300,0.000000
3408,0,0x110,STD,8,2026-01-28T18:48:24.194538,03 00 03 00 53 D3 32 48,03000300,0.000000
3409,0,0x10F,STD,8,2026-01-28T18:48:24.251551,03 00 03 00 50 89 CA 3B,03000300,0.000000
3410,0,0x110,STD,8,2026-01-28T18:48:24.275556,03 00 03 00 5B FC 03 48,03000300,0.000000
3411,0,0x10F,STD,8,2026-01-28T18:48:24.332568,03 00 03 00 7E 6D EB 3B,03000300,0.000000
3412,0,0x110,STD,8,2026-01-28T18:48:24.362576,03 00 03 00 8A 96 AB 47,03000300,0.000000
3413,0,0x10F,STD,8,2026-01-28T18:48:24.409089,03 00 03 00 11 13 AF 3C,03000300,0.000000
3414,0,0x110,STD,8,2026-01-28T18:48:24.433095,03 00 03 00 8F A8 28 48,03000300,0.000000
3415,0,0x10F,STD,8,2026-01-28T18:48:24.490108,03 00 03 00 D3 38 CE 3C,03000300,0.000000
3416,0,0x110,STD,8,2026-01-28T18:48:24.514113,03 00 03 00 5F 27 A2 47,03000300,0.000000
3417,0,0x10F,STD,8,2026-01-28T18:48:24.571126,03 00 03 00 3B AB EA 3C,03000300,0.000000
3418,0,0x110,STD,8,2026-01-28T18:48:24.595131,03 00 03 00 58 0A 32 48,03000300,0.000000
3419,0,0x10F,STD,8,2026-01-28T18:48:24.652144,03 00 03 00 A2 A8 BC 3C,03000300,0.000000
3420,0,0x110,STD,8,2026-01-28T18:48:24.676150,03 00 03 00 24 CE 6B 48,03000300,0.000000
3421,0,0x10F,STD,8,2026-01-28T18:48:24.722160,03 00 03 00 E6 41 96 3C,03000300,0.000000
3422,0,0x110,STD,8,2026-01-28T18:48:24.756479,03 00 03 00 2C 4C 9C 47,03000300,0.000000
3423,0,0x10F,STD,8,2026-01-28T18:48:24.802489,03 00 03 00 6E B3 00 3D,03000300,0.000000
3424,0,0x110,STD,8,2026-01-28T18:48:24.826495,03 00 03 00 9F 1A 04 47,03000300,0.000000
3425,0,0x10F,STD,8,2026-01-28T18:48:24.883508,03 00 03 00 F8 30 1C 3D,03000300,0.000000
3426,0,0x110,STD,8,2026-01-28T18:48:24.907513,03 00 03 00 1E 88 00 47,03000300,0.000000
3427,0,0x10F,STD,8,2026-01-28T18:48:24.964250,03 00 03 00 E7 A9 FA 3C,03000300,0.000000
3428,0,0x110,STD,8,2026-01-28T18:48:24.987761,03 00 03 00 CE 32 89 47,03000300,0.000000
3429,0,0x10F,STD,8,2026-01-28T18:48:25.044774,03 00 03 00 2A 09 C2 3C,03000300,0.000000
3430,0,0x110,STD,8,2026-01-28T18:48:25.068053,03 00 03 00 FE 90 28 47,03000300,0.000000
3431,0,0x110,STD,8,2026-01-28T18:48:25.103061,03 00 02 00 A6 AB 35 41,03000200,0.000000
3432,0,0x10F,STD,8,2026-01-28T18:48:25.103061,03 00 01 00 00 00 00 00,03000100,0.000000
3433,0,0x10F,STD,8,2026-01-28T18:48:25.103061,03 00 01 00 00 00 00 00,03000100,0.000000
3434,0,0x110,STD,8,2026-01-28T18:48:25.103061,03 00 01 00 00 00 00 00,03000100,0.000000
3435,0,0x10F,STD,8,2026-01-28T18:48:25.127067,03 00 03 00 1B 82 D1 3B,03000300,0.000000
3436,0,0x110,STD,8,2026-01-28T18:48:25.151072,03 00 03 00 9E 90 7C 47,03000300,0.000000
3437,0,0x10F,STD,8,2026-01-28T18:48:25.208085,03 00 03 00 69 37 30 3C,03000300,0.000000
3438,0,0x110,STD,8,2026-01-28T18:48:25.232090,03 00 03 00 E3 D5 D9 47,03000300,0.000000
3439,0,0x10F,STD,8,2026-01-28T18:48:25.289103,03 00 03 00 5B D3 19 3C,03000300,0.000000
3440,0,0x110,STD,8,2026-01-28T18:48:25.313109,03 00 03 00 19 9E 30 48,03000300,0.000000
3441,0,0x10F,STD,8,2026-01-28T18:48:25.359119,03 00 03 00 0F DF 6A 3C,03000300,0.000000
3442,0,0x110,STD,8,2026-01-28T18:48:25.394127,03 00 03 00 A3 1D 56 48,03000300,0.000000
3443,0,0x10F,STD,8,2026-01-28T18:48:25.440137,03 00 03 00 4C 77 96 3C,03000300,0.000000
3444,0,0x110,STD,8,2026-01-28T18:48:25.464142,03 00 03 00 94 DA 5A 48,03000300,0.000000
3445,0,0x10F,STD,8,2026-01-28T18:48:25.521155,03 00 03 00 9A B7 7D 3C,03000300,0.000000
3446,0,0x110,STD,8,2026-01-28T18:48:25.545160,03 00 03 00 49 E2 3E 48,03000300,0.000000
3447,0,0x10F,STD,8,2026-01-28T18:48:25.601676,03 00 03 00 F2 FA 8F 3C,03000300,0.000000
3448,0,0x110,STD,8,2026-01-28T18:48:25.625681,03 00 03 00 AB 59 29 47,03000300,0.000000
3449,0,0x10F,STD,8,2026-01-28T18:48:25.682694,03 00 03 00 B6 43 7F 3C,03000300,0.000000
3450,0,0x110,STD,8,2026-01-28T18:48:25.706700,03 00 03 00 AB 71 AD 47,03000300,0.000000
3451,0,0x10F,STD,8,2026-01-28T18:48:25.763713,03 00 03 00 B3 89 A4 3B,03000300,0.000000
3452,0,0x110,STD,8,2026-01-28T18:48:25.787028,03 00 03 00 19 8E D7 47,03000300,0.000000
3453,0,0x10F,STD,8,2026-01-28T18:48:25.844041,03 00 03 00 28 AC C9 3B,03000300,0.000000
3454,0,0x110,STD,8,2026-01-28T18:48:25.868046,03 00 03 00 00 67 4F 47,03000300,0.000000
3455,0,0x10F,STD,8,2026-01-28T18:48:25.925059,03 00 03 00 B4 22 60 3C,03000300,0.000000
3456,0,0x110,STD,8,2026-01-28T18:48:25.949065,03 00 03 00 04 AA 9C 47,03000300,0.000000
3457,0,0x10F,STD,8,2026-01-28T18:48:26.005529,03 00 03 00 12 20 D2 3C,03000300,0.000000
3458,0,0x110,STD,8,2026-01-28T18:48:26.029534,03 00 03 00 74 B3 88 47,03000300,0.000000
3459,0,0x10F,STD,8,2026-01-28T18:48:26.086547,03 00 03 00 F0 30 B6 3C,03000300,0.000000
3460,0,0x110,STD,8,2026-01-28T18:48:26.110553,03 00 03 00 37 76 DD 47,03000300,0.000000
3461,0,0x10F,STD,8,2026-01-28T18:48:26.156563,03 00 03 00 1C DC 6D 3C,03000300,0.000000
3462,0,0x110,STD,8,2026-01-28T18:48:26.191571,03 00 03 00 4C 41 07 48,03000300,0.000000
3463,0,0x10F,STD,8,2026-01-28T18:48:26.215576,03 00 02 00 9A E2 40 41,03000200,0.000000
3464,0,0x110,STD,8,2026-01-28T18:48:26.215576,03 00 02 00 9A E2 40 41,03000200,0.000000
3465,0,0x10F,STD,8,2026-01-28T18:48:26.215576,03 00 02 00 60 C6 3F 41,03000200,0.000000
3466,0,0x110,STD,8,2026-01-28T18:48:26.215576,03 00 02 00 60 C6 3F 41,03000200,0.000000
3467,0,0x10F,STD,8,2026-01-28T18:48:26.239582,03 00 03 00 D3 8D 43 3C,03000300,0.000000
3468,0,0x110,STD,8,2026-01-28T18:48:26.263587,03 00 03 00 63 23 11 48,03000300,0.000000
3469,0,0x10F,STD,8,2026-01-28T18:48:26.320600,03 00 03 00 10 FE 28 3C,03000300,0.000000
3470,0,0x110,STD,8,2026-01-28T18:48:26.345605,03 00 03 00 05 0D CD 47,03000300,0.000000
3471,0,0x10F,STD,8,2026-01-28T18:48:26.399276,03 00 03 00 6A C2 05 3C,03000300,0.000000
3472,0,0x110,STD,8,2026-01-28T18:48:26.422516,03 00 03 00 51 44 08 48,03000300,0.000000
3473,0,0x10F,STD,8,2026-01-28T18:48:26.479017,03 00 03 00 16 B7 E4 3B,03000300,0.000000
3474,0,0x110,STD,8,2026-01-28T18:48:26.502527,03 00 03 00 E1 74 E7 47,03000300,0.000000
3475,0,0x10F,STD,8,2026-01-28T18:48:26.559540,03 00 03 00 20 16 9D 3C,03000300,0.000000
3476,0,0x110,STD,8,2026-01-28T18:48:26.583453,03 00 03 00 08 67 CD 47,03000300,0.000000
3477,0,0x10F,STD,8,2026-01-28T18:48:26.639969,03 00 03 00 F3 94 B0 3C,03000300,0.000000
3478,0,0x110,STD,8,2026-01-28T18:48:26.663975,03 00 03 00 AB EA EF 47,03000300,0.000000
3479,0,0x10F,STD,8,2026-01-28T18:48:26.720987,03 00 03 00 0A CC 75 3C,03000300,0.000000
3480,0,0x110,STD,8,2026-01-28T18:48:26.744993,03 00 03 00 A5 CB 0C 48,03000300,0.000000
3481,0,0x10F,STD,8,2026-01-28T18:48:26.801543,03 00 03 00 05 11 1F 3C,03000300,0.000000
3482,0,0x110,STD,8,2026-01-28T18:48:26.825548,03 00 03 00 17 8B 9D 47,03000300,0.000000
3483,0,0x10F,STD,8,2026-01-28T18:48:26.882065,03 00 03 00 24 40 92 3C,03000300,0.000000
3484,0,0x110,STD,8,2026-01-28T18:48:26.906071,03 00 03 00 EF 88 1B 48,03000300,0.000000
3485,0,0x10F,STD,8,2026-01-28T18:48:26.963083,03 00 03 00 A5 C0 96 3C,03000300,0.000000
3486,0,0x110,STD,8,2026-01-28T18:48:26.987089,03 00 03 00 03 9A 1A 48,03000300,0.000000
3487,0,0x10F,STD,8,2026-01-28T18:48:27.043995,03 00 03 00 25 DC E1 3C,03000300,0.000000
3488,0,0x110,STD,8,2026-01-28T18:48:27.068019,03 00 03 00 0D 48 2B 48,03000300,0.000000
3489,0,0x10F,STD,8,2026-01-28T18:48:27.113532,03 00 03 00 AB 77 9B 3C,03000300,0.000000
3490,0,0x110,STD,8,2026-01-28T18:48:27.148043,03 00 03 00 60 4A 5E 48,03000300,0.000000
3491,0,0x10F,STD,8,2026-01-28T18:48:27.194053,03 00 03 00 C0 E4 D0 3C,03000300,0.000000
3492,0,0x110,STD,8,2026-01-28T18:48:27.218059,03 00 03 00 FD 7F B7 47,03000300,0.000000
3493,0,0x10F,STD,8,2026-01-28T18:48:27.275071,03 00 03 00 F7 A1 96 3C,03000300,0.000000
3494,0,0x110,STD,8,2026-01-28T18:48:27.299077,03 00 03 00 FB 5C 38 48,03000300,0.000000
3495,0,0x10F,STD,8,2026-01-28T18:48:27.312079,03 00 01 00 00 00 00 00,03000100,0.000000
3496,0,0x110,STD,8,2026-01-28T18:48:27.312079,03 00 01 00 00 00 00 00,03000100,0.000000
3497,0,0x10F,STD,8,2026-01-28T18:48:27.312079,03 00 02 00 E3 7A 39 41,03000200,0.000000
3498,0,0x110,STD,8,2026-01-28T18:48:27.312079,03 00 02 00 E3 7A 39 41,03000200,0.000000
3499,0,0x10F,STD,8,2026-01-28T18:48:27.357595,03 00 03 00 8B 4B 76 3C,03000300,0.000000
3500,0,0x110,STD,8,2026-01-28T18:48:27.381600,03 00 03 00 06 A1 92 47,03000300,0.000000
3501,0,0x10F,STD,8,2026-01-28T18:48:27.438613,03 00 03 00 EA 37 8B 3C,03000300,0.000000
3502,0,0x110,STD,8,2026-01-28T18:48:27.462618,03 00 03 00 EE 53 24 48,03000300,0.000000
3503,0,0x10F,STD,8,2026-01-28T18:48:27.519631,03 00 03 00 1C 68 1F 3C,03000300,0.000000
3504,0,0x110,STD,8,2026-01-28T18:48:27.543637,03 00 03 00 65 C5 AF 47,03000300,0.000000
3505,0,0x10F,STD,8,2026-01-28T18:48:27.600649,03 00 03 00 5D 8E 2C 3C,03000300,0.000000
3506,0,0x110,STD,8,2026-01-28T18:48:27.624654,03 00 03 00 10 C2 6C 48,03000300,0.000000
3507,0,0x10F,STD,8,2026-01-28T18:48:27.681668,03 00 03 00 AC 98 86 3C,03000300,0.000000
3508,0,0x110,STD,8,2026-01-28T18:48:27.705673,03 00 03 00 7E 54 5B 48,03000300,0.000000
3509,0,0x10F,STD,8,2026-01-28T18:48:27.751683,03 00 03 00 BC 05 07 3C,03000300,0.000000
3510,0,0x110,STD,8,2026-01-28T18:48:27.775689,03 00 03 00 58 28 FC 47,03000300,0.000000
3511,0,0x10F,STD,8,2026-01-28T18:48:27.832702,03 00 03 00 41 46 8C 3C,03000300,0.000000
3512,0,0x110,STD,8,2026-01-28T18:48:27.856707,03 00 03 00 65 59 83 48,03000300,0.000000
3513,0,0x10F,STD,8,2026-01-28T18:48:27.913720,03 00 03 00 F0 C3 25 3C,03000300,0.000000
3514,0,0x110,STD,8,2026-01-28T18:48:27.937725,03 00 03 00 A9 15 31 48,03000300,0.000000
3515,0,0x10F,STD,8,2026-01-28T18:48:27.990240,03 00 03 00 1B 0C D9 3C,03000300,0.000000
3516,0,0x110,STD,8,2026-01-28T18:48:28.014246,03 00 03 00 CE 54 F7 47,03000300,0.000000
3517,0,0x10F,STD,8,2026-01-28T18:48:28.071258,03 00 03 00 21 5C 90 3C,03000300,0.000000
3518,0,0x110,STD,8,2026-01-28T18:48:28.096264,03 00 03 00 D8 FC 27 48,03000300,0.000000
3519,0,0x10F,STD,8,2026-01-28T18:48:28.153277,03 00 03 00 D0 6F B2 3C,03000300,0.000000
3520,0,0x110,STD,8,2026-01-28T18:48:28.177282,03 00 03 00 53 4E 97 47,03000300,0.000000
3521,0,0x10F,STD,8,2026-01-28T18:48:28.234295,03 00 03 00 24 95 F1 3C,03000300,0.000000
3522,0,0x110,STD,8,2026-01-28T18:48:28.258300,03 00 03 00 D8 67 8E 47,03000300,0.000000
3523,0,0x10F,STD,8,2026-01-28T18:48:28.315313,03 00 03 00 8B CE 85 3C,03000300,0.000000
3524,0,0x110,STD,8,2026-01-28T18:48:28.339319,03 00 03 00 D7 CF E4 47,03000300,0.000000
3525,0,0x10F,STD,8,2026-01-28T18:48:28.376851,03 00 01 00 00 00 00 00,03000100,0.000000
3526,0,0x110,STD,8,2026-01-28T18:48:28.376851,03 00 01 00 00 00 00 00,03000100,0.000000
3527,0,0x10F,STD,8,2026-01-28T18:48:28.378853,03 00 02 00 DC 4C 37 41,03000200,0.000000
3528,0,0x110,STD,8,2026-01-28T18:48:28.378853,03 00 02 00 DC 4C 37 41,03000200,0.000000
3529,0,0x10F,STD,8,2026-01-28T18:48:28.391856,03 00 03 00 A2 6B 51 3C,03000300,0.000000
3530,0,0x110,STD,8,2026-01-28T18:48:28.414968,03 00 03 00 BB DA 77 47,03000300,0.000000
3531,0,0x10F,STD,8,2026-01-28T18:48:28.471981,03 00 03 00 D8 DC 92 3C,03000300,0.000000
3532,0,0x110,STD,8,2026-01-28T18:48:28.495986,03 00 03 00 B0 97 0B 48,03000300,0.000000
3533,0,0x10F,STD,8,2026-01-28T18:48:28.552999,03 00 03 00 D8 C3 E9 3B,03000300,0.000000
3534,0,0x110,STD,8,2026-01-28T18:48:28.577004,03 00 03 00 5A E4 31 48,03000300,0.000000
3535,0,0x10F,STD,8,2026-01-28T18:48:28.634017,03 00 03 00 32 D8 1C 3C,03000300,0.000000
3536,0,0x110,STD,8,2026-01-28T18:48:28.658081,03 00 03 00 34 91 A6 47,03000300,0.000000
3537,0,0x10F,STD,8,2026-01-28T18:48:28.715095,03 00 03 00 79 6B 20 3C,03000300,0.000000
3538,0,0x110,STD,8,2026-01-28T18:48:28.739100,03 00 03 00 D8 85 EF 47,03000300,0.000000
3539,0,0x10F,STD,8,2026-01-28T18:48:28.795951,03 00 03 00 FD AE 1E 3C,03000300,0.000000
3540,0,0x110,STD,8,2026-01-28T18:48:28.819956,03 00 03 00 39 50 4A 47,03000300,0.000000
3541,0,0x10F,STD,8,2026-01-28T18:48:28.876969,03 00 03 00 A4 85 78 3B,03000300,0.000000
3542,0,0x110,STD,8,2026-01-28T18:48:28.900974,03 00 03 00 A7 E2 C6 47,03000300,0.000000
3543,0,0x10F,STD,8,2026-01-28T18:48:28.957384,03 00 03 00 6D FE B6 3B,03000300,0.000000
3544,0,0x110,STD,8,2026-01-28T18:48:28.970387,03 00 03 00 7A 05 18 48,03000300,0.000000
3545,0,0x10F,STD,8,2026-01-28T18:48:29.027400,03 00 03 00 BB 26 7F 3C,03000300,0.000000
3546,0,0x110,STD,8,2026-01-28T18:48:29.051406,03 00 03 00 7E D5 12 48,03000300,0.000000
3547,0,0x10F,STD,8,2026-01-28T18:48:29.118961,03 00 03 00 1D C2 0D 3D,03000300,0.000000
3548,0,0x110,STD,8,2026-01-28T18:48:29.131964,03 00 03 00 86 C6 63 47,03000300,0.000000
3549,0,0x10F,STD,8,2026-01-28T18:48:29.188977,03 00 03 00 2C 52 00 3D,03000300,0.000000
3550,0,0x110,STD,8,2026-01-28T18:48:29.212982,03 00 03 00 B8 75 AD 47,03000300,0.000000
3551,0,0x10F,STD,8,2026-01-28T18:48:29.269995,03 00 03 00 CB 6F 4B 3D,03000300,0.000000
3552,0,0x110,STD,8,2026-01-28T18:48:29.294001,03 00 03 00 4F A3 01 48,03000300,0.000000
3553,0,0x10F,STD,8,2026-01-28T18:48:29.351013,03 00 03 00 91 79 62 3D,03000300,0.000000
3554,0,0x110,STD,8,2026-01-28T18:48:29.375019,03 00 03 00 45 6B 53 47,03000300,0.000000
3555,0,0x10F,STD,8,2026-01-28T18:48:29.432032,03 00 03 00 84 10 ED 3C,03000300,0.000000
3556,0,0x110,STD,8,2026-01-28T18:48:29.456037,03 00 03 00 C9 24 F9 47,03000300,0.000000
3557,0,0x10F,STD,8,2026-01-28T18:48:29.456037,03 00 01 00 00 00 00 00,03000100,0.000000
3558,0,0x110,STD,8,2026-01-28T18:48:29.456037,03 00 01 00 00 00 00 00,03000100,0.000000
3559,0,0x10F,STD,8,2026-01-28T18:48:29.458038,03 00 02 00 E1 ED 2D 41,03000200,0.000000
3560,0,0x110,STD,8,2026-01-28T18:48:29.460038,03 00 02 00 E1 ED 2D 41,03000200,0.000000
3561,0,0x10F,STD,8,2026-01-28T18:48:29.506048,03 00 03 00 84 7E 3B 3D,03000300,0.000000
3562,0,0x110,STD,8,2026-01-28T18:48:29.541056,03 00 03 00 D5 3E A4 47,03000300,0.000000
3563,0,0x10F,STD,8,2026-01-28T18:48:29.587067,03 00 03 00 D7 80 1E 3D,03000300,0.000000
3564,0,0x110,STD,8,2026-01-28T18:48:29.611072,03 00 03 00 9D 1B E3 47,03000300,0.000000
3565,0,0x10F,STD,8,2026-01-28T18:48:29.668085,03 00 03 00 88 A9 41 3C,03000300,0.000000
3566,0,0x110,STD,8,2026-01-28T18:48:29.692090,03 00 03 00 8A DF 1F 48,03000300,0.000000
3567,0,0x10F,STD,8,2026-01-28T18:48:29.749103,03 00 03 00 C8 BB 9C 3C,03000300,0.000000
3568,0,0x110,STD,8,2026-01-28T18:48:29.773109,03 00 03 00 C1 0E 94 47,03000300,0.000000
3569,0,0x10F,STD,8,2026-01-28T18:48:29.830121,03 00 03 00 BD 45 68 3C,03000300,0.000000
3570,0,0x110,STD,8,2026-01-28T18:48:29.854127,03 00 03 00 DD 6F 7C 47,03000300,0.000000
3571,0,0x10F,STD,8,2026-01-28T18:48:29.911140,03 00 03 00 70 DD C0 3C,03000300,0.000000
3572,0,0x110,STD,8,2026-01-28T18:48:29.935145,03 00 03 00 D5 43 84 47,03000300,0.000000
3573,0,0x10F,STD,8,2026-01-28T18:48:29.991908,03 00 03 00 F0 DE A5 3C,03000300,0.000000
3574,0,0x110,STD,8,2026-01-28T18:48:30.015913,03 00 03 00 D7 02 AC 47,03000300,0.000000
3575,0,0x10F,STD,8,2026-01-28T18:48:30.072342,03 00 03 00 0B 4B C8 3C,03000300,0.000000
3576,0,0x110,STD,8,2026-01-28T18:48:30.096347,03 00 03 00 B8 91 AC 47,03000300,0.000000
3577,0,0x10F,STD,8,2026-01-28T18:48:30.152862,03 00 03 00 01 B0 9A 3C,03000300,0.000000
3578,0,0x110,STD,8,2026-01-28T18:48:30.165865,03 00 03 00 58 7C 60 47,03000300,0.000000
3579,0,0x10F,STD,8,2026-01-28T18:48:30.222878,03 00 03 00 E9 38 49 3C,03000300,0.000000
3580,0,0x110,STD,8,2026-01-28T18:48:30.246884,03 00 03 00 E2 05 AF 47,03000300,0.000000
3581,0,0x10F,STD,8,2026-01-28T18:48:30.303896,03 00 03 00 16 54 8A 3C,03000300,0.000000
3582,0,0x110,STD,8,2026-01-28T18:48:30.338904,03 00 03 00 F3 9E 45 47,03000300,0.000000
3583,0,0x10F,STD,8,2026-01-28T18:48:30.391916,03 00 03 00 18 C3 95 3C,03000300,0.000000
3584,0,0x110,STD,8,2026-01-28T18:48:30.415498,03 00 03 00 65 AC A1 47,03000300,0.000000
3585,0,0x10F,STD,8,2026-01-28T18:48:30.461507,03 00 03 00 24 B9 84 3C,03000300,0.000000
3586,0,0x110,STD,8,2026-01-28T18:48:30.485513,03 00 03 00 32 DA 45 48,03000300,0.000000
3587,0,0x10F,STD,8,2026-01-28T18:48:30.541889,03 00 03 00 CA 5D 0D 3C,03000300,0.000000
3588,0,0x10F,STD,8,2026-01-28T18:48:30.554892,03 00 01 00 00 00 00 00,03000100,0.000000
3589,0,0x110,STD,8,2026-01-28T18:48:30.554892,03 00 01 00 00 00 00 00,03000100,0.000000
3590,0,0x110,STD,8,2026-01-28T18:48:30.554892,03 00 02 00 80 3C 44 41,03000200,0.000000
3591,0,0x10F,STD,8,2026-01-28T18:48:30.554892,03 00 01 00 00 00 00 00,03000100,0.000000
3592,0,0x110,STD,8,2026-01-28T18:48:30.567895,03 00 03 00 9A 65 CE 47,03000300,0.000000
3593,0,0x10F,STD,8,2026-01-28T18:48:30.624907,03 00 03 00 C8 87 7F 3B,03000300,0.000000
3594,0,0x110,STD,8,2026-01-28T18:48:30.648913,03 00 03 00 0F 7F 38 48,03000300,0.000000
3595,0,0x10F,STD,8,2026-01-28T18:48:30.705926,03 00 03 00 2B 4B 3F 3C,03000300,0.000000
3596,0,0x110,STD,8,2026-01-28T18:48:30.729931,03 00 03 00 47 98 53 48,03000300,0.000000
3597,0,0x10F,STD,8,2026-01-28T18:48:30.786448,03 00 03 00 8F DA 25 3C,03000300,0.000000
3598,0,0x110,STD,8,2026-01-28T18:48:30.810453,03 00 03 00 89 C8 03 48,03000300,0.000000
3599,0,0x10F,STD,8,2026-01-28T18:48:30.866970,03 00 03 00 88 53 0B 3C,03000300,0.000000
3600,0,0x110,STD,8,2026-01-28T18:48:30.890975,03 00 03 00 88 F7 94 47,03000300,0.000000
3601,0,0x10F,STD,8,2026-01-28T18:48:30.947988,03 00 03 00 14 5B 9D 3C,03000300,0.000000
3602,0,0x110,STD,8,2026-01-28T18:48:30.971993,03 00 03 00 4C D9 05 48,03000300,0.000000
3603,0,0x10F,STD,8,2026-01-28T18:48:31.029006,03 00 03 00 A9 3B 41 3C,03000300,0.000000
3604,0,0x110,STD,8,2026-01-28T18:48:31.053012,03 00 03 00 F1 0D 34 48,03000300,0.000000
3605,0,0x10F,STD,8,2026-01-28T18:48:31.099022,03 00 03 00 AB 8E B5 3B,03000300,0.000000
3606,0,0x110,STD,8,2026-01-28T18:48:31.122532,03 00 03 00 D4 AD 77 48,03000300,0.000000
3607,0,0x10F,STD,8,2026-01-28T18:48:31.189098,03 00 03 00 17 11 C3 3B,03000300,0.000000
3608,0,0x110,STD,8,2026-01-28T18:48:31.213103,03 00 03 00 17 3A 81 48,03000300,0.000000
3609,0,0x10F,STD,8,2026-01-28T18:48:31.259114,03 00 03 00 26 E4 1C 3C,03000300,0.000000
3610,0,0x110,STD,8,2026-01-28T18:48:31.283119,03 00 03 00 53 8D 0B 48,03000300,0.000000
3611,0,0x10F,STD,8,2026-01-28T18:48:31.340132,03 00 03 00 14 ED 28 3C,03000300,0.000000
3612,0,0x110,STD,8,2026-01-28T18:48:31.364137,03 00 03 00 2E A4 CA 47,03000300,0.000000
3613,0,0x10F,STD,8,2026-01-28T18:48:31.420871,03 00 03 00 EC 9C 18 3C,03000300,0.000000
3614,0,0x110,STD,8,2026-01-28T18:48:31.444224,03 00 03 00 C4 23 5E 47,03000300,0.000000
3615,0,0x10F,STD,8,2026-01-28T18:48:31.501236,03 00 03 00 DC A3 2B 3C,03000300,0.000000
3616,0,0x110,STD,8,2026-01-28T18:48:31.525241,03 00 03 00 BC 84 38 46,03000300,0.000000
3617,0,0x10F,STD,8,2026-01-28T18:48:31.582254,03 00 03 00 BA 1E AF 3C,03000300,0.000000
3618,0,0x110,STD,8,2026-01-28T18:48:31.606259,03 00 03 00 D4 3F 18 47,03000300,0.000000
3619,0,0x110,STD,8,2026-01-28T18:48:31.641268,03 00 01 00 00 00 00 00,03000100,0.000000
3620,0,0x10F,STD,8,2026-01-28T18:48:31.642268,03 00 02 00 80 3C 44 41,03000200,0.000000
3621,0,0x10F,STD,8,2026-01-28T18:48:31.643268,03 00 01 00 00 00 00 00,03000100,0.000000
3622,0,0x110,STD,8,2026-01-28T18:48:31.643268,03 00 01 00 00 00 00 00,03000100,0.000000
3623,0,0x10F,STD,8,2026-01-28T18:48:31.667274,03 00 03 00 38 B7 66 3C,03000300,0.000000
3624,0,0x110,STD,8,2026-01-28T18:48:31.680276,03 00 03 00 C3 66 21 47,03000300,0.000000
3625,0,0x10F,STD,8,2026-01-28T18:48:31.748291,03 00 03 00 AF CE B9 3C,03000300,0.000000
3626,0,0x110,STD,8,2026-01-28T18:48:31.761295,03 00 03 00 9B 25 A5 46,03000300,0.000000
3627,0,0x10F,STD,8,2026-01-28T18:48:31.818307,03 00 03 00 7B 8A 8F 3C,03000300,0.000000
3628,0,0x110,STD,8,2026-01-28T18:48:31.842313,03 00 03 00 6B CB 58 46,03000300,0.000000
3629,0,0x10F,STD,8,2026-01-28T18:48:31.898829,03 00 03 00 AB 2C 92 3C,03000300,0.000000
3630,0,0x110,STD,8,2026-01-28T18:48:31.922834,03 00 03 00 3B A0 C2 46,03000300,0.000000
3631,0,0x10F,STD,8,2026-01-28T18:48:31.979847,03 00 03 00 78 F9 97 3C,03000300,0.000000
3632,0,0x110,STD,8,2026-01-28T18:48:32.003853,03 00 03 00 6F BD B8 47,03000300,0.000000
3633,0,0x10F,STD,8,2026-01-28T18:48:32.059865,03 00 03 00 67 D2 87 3B,03000300,0.000000
3634,0,0x110,STD,8,2026-01-28T18:48:32.083666,03 00 03 00 02 89 F4 47,03000300,0.000000
3635,0,0x10F,STD,8,2026-01-28T18:48:32.139862,03 00 03 00 9B E3 5C 3C,03000300,0.000000
3636,0,0x110,STD,8,2026-01-28T18:48:32.163867,03 00 03 00 3A A2 DA 47,03000300,0.000000
3637,0,0x10F,STD,8,2026-01-28T18:48:32.220212,03 00 03 00 B6 77 E6 3C,03000300,0.000000
3638,0,0x110,STD,8,2026-01-28T18:48:32.244217,03 00 03 00 01 2B 2D 47,03000300,0.000000
3639,0,0x10F,STD,8,2026-01-28T18:48:32.301230,03 00 03 00 B1 38 BC 3C,03000300,0.000000
3640,0,0x110,STD,8,2026-01-28T18:48:32.325235,03 00 03 00 17 CB A3 47,03000300,0.000000
3641,0,0x10F,STD,8,2026-01-28T18:48:32.379752,03 00 03 00 2F E6 85 3C,03000300,0.000000
3642,0,0x110,STD,8,2026-01-28T18:48:32.403757,03 00 03 00 86 99 B5 47,03000300,0.000000
3643,0,0x10F,STD,8,2026-01-28T18:48:32.460769,03 00 03 00 41 F8 D0 3C,03000300,0.000000
3644,0,0x110,STD,8,2026-01-28T18:48:32.484775,03 00 03 00 C3 22 AA 47,03000300,0.000000
3645,0,0x10F,STD,8,2026-01-28T18:48:32.541788,03 00 03 00 C1 44 8C 3C,03000300,0.000000
3646,0,0x110,STD,8,2026-01-28T18:48:32.565297,03 00 03 00 23 05 08 47,03000300,0.000000
3647,0,0x10F,STD,8,2026-01-28T18:48:32.622310,03 00 03 00 66 B4 B9 3C,03000300,0.000000
3648,0,0x110,STD,8,2026-01-28T18:48:32.646316,03 00 03 00 65 45 F9 46,03000300,0.000000
3649,0,0x10F,STD,8,2026-01-28T18:48:32.703328,03 00 03 00 C9 F9 69 3C,03000300,0.000000
3650,0,0x10F,STD,8,2026-01-28T18:48:32.716331,03 00 02 00 61 8E 3C 41,03000200,0.000000
3651,0,0x110,STD,8,2026-01-28T18:48:32.716331,03 00 02 00 61 8E 3C 41,03000200,0.000000
3652,0,0x10F,STD,8,2026-01-28T18:48:32.716331,03 00 02 00 01 5B 40 41,03000200,0.000000
3653,0,0x110,STD,8,2026-01-28T18:48:32.716331,03 00 02 00 01 5B 40 41,03000200,0.000000
3654,0,0x110,STD,8,2026-01-28T18:48:32.718332,03 00 03 00 20 84 8A 47,03000300,0.000000
3655,0,0x10F,STD,8,2026-01-28T18:48:32.775345,03 00 03 00 FC A1 AA 3C,03000300,0.000000
3656,0,0x110,STD,8,2026-01-28T18:48:32.799350,03 00 03 00 D2 9E E8 47,03000300,0.000000
3657,0,0x10F,STD,8,2026-01-28T18:48:32.856363,03 00 03 00 46 37 33 3C,03000300,0.000000
3658,0,0x110,STD,8,2026-01-28T18:48:32.880369,03 00 03 00 67 74 0B 48,03000300,0.000000
3659,0,0x10F,STD,8,2026-01-28T18:48:32.937381,03 00 03 00 22 EA AD 3C,03000300,0.000000
3660,0,0x110,STD,8,2026-01-28T18:48:32.961386,03 00 03 00 D5 52 3D 48,03000300,0.000000
3661,0,0x10F,STD,8,2026-01-28T18:48:33.018400,03 00 03 00 B2 A5 43 3C,03000300,0.000000
3662,0,0x110,STD,8,2026-01-28T18:48:33.042404,03 00 03 00 06 8E 44 48,03000300,0.000000
3663,0,0x10F,STD,8,2026-01-28T18:48:33.100418,03 00 03 00 F9 44 A5 3C,03000300,0.000000
3664,0,0x110,STD,8,2026-01-28T18:48:33.124423,03 00 03 00 46 39 1C 48,03000300,0.000000
3665,0,0x10F,STD,8,2026-01-28T18:48:33.180940,03 00 03 00 39 19 8D 3C,03000300,0.000000
3666,0,0x110,STD,8,2026-01-28T18:48:33.204945,03 00 03 00 9D 50 A6 47,03000300,0.000000
3667,0,0x10F,STD,8,2026-01-28T18:48:33.261800,03 00 03 00 C0 8E 46 3C,03000300,0.000000
3668,0,0x110,STD,8,2026-01-28T18:48:33.274803,03 00 03 00 8D E6 54 47,03000300,0.000000
3669,0,0x10F,STD,8,2026-01-28T18:48:33.331417,03 00 03 00 A7 5F 72 3C,03000300,0.000000
3670,0,0x110,STD,8,2026-01-28T18:48:33.365928,03 00 03 00 70 6F 82 47,03000300,0.000000
3671,0,0x10F,STD,8,2026-01-28T18:48:33.411018,03 00 03 00 12 0D 80 3C,03000300,0.000000
3672,0,0x110,STD,8,2026-01-28T18:48:33.434049,03 00 03 00 AC 01 C2 47,03000300,0.000000
3673,0,0x10F,STD,8,2026-01-28T18:48:33.490564,03 00 03 00 76 13 87 3C,03000300,0.000000
3674,0,0x110,STD,8,2026-01-28T18:48:33.514570,03 00 03 00 BC 82 9F 47,03000300,0.000000
3675,0,0x10F,STD,8,2026-01-28T18:48:33.571583,03 00 03 00 76 CB 83 3C,03000300,0.000000
3676,0,0x110,STD,8,2026-01-28T18:48:33.595206,03 00 03 00 5A FD D4 47,03000300,0.000000
3677,0,0x10F,STD,8,2026-01-28T18:48:33.651791,03 00 03 00 8B 63 1D 3C,03000300,0.000000
3678,0,0x110,STD,8,2026-01-28T18:48:33.675113,03 00 03 00 7E B0 14 48,03000300,0.000000
3679,0,0x10F,STD,8,2026-01-28T18:48:33.731259,03 00 03 00 4A 0A 46 3C,03000300,0.000000
3680,0,0x110,STD,8,2026-01-28T18:48:33.755265,03 00 03 00 DC 58 F1 47,03000300,0.000000
3681,0,0x10F,STD,8,2026-01-28T18:48:33.801275,03 00 01 00 00 00 00 00,03000100,0.000000
3682,0,0x110,STD,8,2026-01-28T18:48:33.801275,03 00 01 00 00 00 00 00,03000100,0.000000
3683,0,0x110,STD,8,2026-01-28T18:48:33.801275,03 00 01 00 00 00 00 00,03000100,0.000000
3684,0,0x10F,STD,8,2026-01-28T18:48:33.801275,03 00 02 00 CE 34 3E 41,03000200,0.000000
3685,0,0x10F,STD,8,2026-01-28T18:48:33.814278,03 00 03 00 54 C5 60 3C,03000300,0.000000
3686,0,0x110,STD,8,2026-01-28T18:48:33.838284,03 00 03 00 37 01 36 48,03000300,0.000000
3687,0,0x10F,STD,8,2026-01-28T18:48:33.895779,03 00 03 00 C8 C1 18 3C,03000300,0.000000
3688,0,0x110,STD,8,2026-01-28T18:48:33.919785,03 00 03 00 20 9F 6F 48,03000300,0.000000
3689,0,0x10F,STD,8,2026-01-28T18:48:33.976528,03 00 03 00 52 18 CB 3C,03000300,0.000000
3690,0,0x110,STD,8,2026-01-28T18:48:34.000533,03 00 03 00 43 85 F8 47,03000300,0.000000
3691,0,0x10F,STD,8,2026-01-28T18:48:34.057213,03 00 03 00 55 4F 93 3C,03000300,0.000000
3692,0,0x110,STD,8,2026-01-28T18:48:34.081218,03 00 03 00 C2 17 76 47,03000300,0.000000
3693,0,0x10F,STD,8,2026-01-28T18:48:34.138231,03 00 03 00 48 EE 65 3C,03000300,0.000000
3694,0,0x110,STD,8,2026-01-28T18:48:34.161798,03 00 03 00 20 49 5B 47,03000300,0.000000
3695,0,0x10F,STD,8,2026-01-28T18:48:34.207810,03 00 03 00 7E EB 5D 3C,03000300,0.000000
3696,0,0x110,STD,8,2026-01-28T18:48:34.242817,03 00 03 00 40 04 62 47,03000300,0.000000
3697,0,0x10F,STD,8,2026-01-28T18:48:34.288828,03 00 03 00 57 05 D9 3C,03000300,0.000000
3698,0,0x110,STD,8,2026-01-28T18:48:34.312833,03 00 03 00 45 C5 E0 47,03000300,0.000000
3699,0,0x10F,STD,8,2026-01-28T18:48:34.378849,03 00 03 00 5D A4 2C 3C,03000300,0.000000
3700,0,0x110,STD,8,2026-01-28T18:48:34.391851,03 00 03 00 1A A1 06 48,03000300,0.000000
3701,0,0x10F,STD,8,2026-01-28T18:48:34.448864,03 00 03 00 2E DD 8F 3C,03000300,0.000000
3702,0,0x110,STD,8,2026-01-28T18:48:34.472870,03 00 03 00 20 5F A4 47,03000300,0.000000
3703,0,0x10F,STD,8,2026-01-28T18:48:34.529882,03 00 03 00 12 CC 28 3C,03000300,0.000000
3704,0,0x110,STD,8,2026-01-28T18:48:34.553392,03 00 03 00 15 D1 0A 48,03000300,0.000000
3705,0,0x10F,STD,8,2026-01-28T18:48:34.610405,03 00 03 00 BC 64 14 3C,03000300,0.000000
3706,0,0x110,STD,8,2026-01-28T18:48:34.634411,03 00 03 00 A2 16 3E 48,03000300,0.000000
3707,0,0x10F,STD,8,2026-01-28T18:48:34.691423,03 00 03 00 63 5D 86 3C,03000300,0.000000
3708,0,0x110,STD,8,2026-01-28T18:48:34.715429,03 00 03 00 67 B9 50 48,03000300,0.000000
3709,0,0x10F,STD,8,2026-01-28T18:48:34.772441,03 00 03 00 E0 1F F7 3B,03000300,0.000000
3710,0,0x110,STD,8,2026-01-28T18:48:34.796447,03 00 03 00 57 72 7A 48,03000300,0.000000
3711,0,0x10F,STD,8,2026-01-28T18:48:34.853460,03 00 03 00 82 C1 A6 3C,03000300,0.000000
3712,0,0x110,STD,8,2026-01-28T18:48:34.877466,03 00 03 00 18 4A 2A 48,03000300,0.000000
3713,0,0x110,STD,8,2026-01-28T18:48:34.901471,03 00 02 00 CE 34 3E 41,03000200,0.000000
3714,0,0x10F,STD,8,2026-01-28T18:48:34.901471,03 00 01 00 00 00 00 00,03000100,0.000000
3715,0,0x110,STD,8,2026-01-28T18:48:34.901471,03 00 02 00 13 5B 29 41,03000200,0.000000
3716,0,0x10F,STD,8,2026-01-28T18:48:34.901471,03 00 01 00 00 00 00 00,03000100,0.000000
3717,0,0x10F,STD,8,2026-01-28T18:48:34.925476,03 00 03 00 7D 73 BD 3C,03000300,0.000000
3718,0,0x110,STD,8,2026-01-28T18:48:34.949482,03 00 03 00 BF 84 0C 48,03000300,0.000000
3719,0,0x10F,STD,8,2026-01-28T18:48:35.006494,03 00 03 00 2E 95 4A 3C,03000300,0.000000
3720,0,0x110,STD,8,2026-01-28T18:48:35.030500,03 00 03 00 DE 56 04 48,03000300,0.000000
3721,0,0x10F,STD,8,2026-01-28T18:48:35.087513,03 00 03 00 0A 16 E0 3C,03000300,0.000000
3722,0,0x110,STD,8,2026-01-28T18:48:35.111518,03 00 03 00 E9 23 0D 48,03000300,0.000000
3723,0,0x10F,STD,8,2026-01-28T18:48:35.168531,03 00 03 00 26 F7 03 3D,03000300,0.000000
3724,0,0x110,STD,8,2026-01-28T18:48:35.192536,03 00 03 00 7E 2D EA 47,03000300,0.000000
3725,0,0x10F,STD,8,2026-01-28T18:48:35.249549,03 00 03 00 2B 48 8B 3C,03000300,0.000000
3726,0,0x110,STD,8,2026-01-28T18:48:35.273555,03 00 03 00 8A F4 9C 47,03000300,0.000000
3727,0,0x10F,STD,8,2026-01-28T18:48:35.330567,03 00 03 00 E7 F7 01 3D,03000300,0.000000
3728,0,0x110,STD,8,2026-01-28T18:48:35.354573,03 00 03 00 AC B9 A1 46,03000300,0.000000
3729,0,0x10F,STD,8,2026-01-28T18:48:35.411586,03 00 03 00 8E 83 9E 3C,03000300,0.000000
3730,0,0x110,STD,8,2026-01-28T18:48:35.435591,03 00 03 00 CE B2 A2 47,03000300,0.000000
3731,0,0x10F,STD,8,2026-01-28T18:48:35.492604,03 00 03 00 7A 02 28 3C,03000300,0.000000
3732,0,0x110,STD,8,2026-01-28T18:48:35.516609,03 00 03 00 DA 3E CE 47,03000300,0.000000
3733,0,0x10F,STD,8,2026-01-28T18:48:35.562620,03 00 03 00 4E D4 43 3C,03000300,0.000000
3734,0,0x110,STD,8,2026-01-28T18:48:35.597627,03 00 03 00 BC 72 26 47,03000300,0.000000
3735,0,0x10F,STD,8,2026-01-28T18:48:35.643638,03 00 03 00 4D F1 6A 3C,03000300,0.000000
3736,0,0x110,STD,8,2026-01-28T18:48:35.667643,03 00 03 00 7A BC BE 47,03000300,0.000000
3737,0,0x10F,STD,8,2026-01-28T18:48:35.724461,03 00 03 00 ED 78 B8 3C,03000300,0.000000
3738,0,0x110,STD,8,2026-01-28T18:48:35.748467,03 00 03 00 45 D5 36 47,03000300,0.000000
3739,0,0x10F,STD,8,2026-01-28T18:48:35.805479,03 00 03 00 DD 84 0E 3C,03000300,0.000000
3740,0,0x110,STD,8,2026-01-28T18:48:35.829485,03 00 03 00 BC 52 03 48,03000300,0.000000
3741,0,0x10F,STD,8,2026-01-28T18:48:35.886498,03 00 03 00 13 FF A1 3C,03000300,0.000000
3742,0,0x110,STD,8,2026-01-28T18:48:35.909734,03 00 03 00 46 F0 3D 48,03000300,0.000000
3743,0,0x10F,STD,8,2026-01-28T18:48:35.966747,03 00 03 00 11 FB 86 3C,03000300,0.000000
3744,0,0x110,STD,8,2026-01-28T18:48:35.990753,03 00 03 00 37 62 10 48,03000300,0.000000
3745,0,0x110,STD,8,2026-01-28T18:48:35.990753,03 00 01 00 00 00 00 00,03000100,0.000000
3746,0,0x10F,STD,8,2026-01-28T18:48:35.992753,03 00 02 00 13 5B 29 41,03000200,0.000000
3747,0,0x110,STD,8,2026-01-28T18:48:35.994753,03 00 02 00 59 9B 2B 41,03000200,0.000000
3748,0,0x10F,STD,8,2026-01-28T18:48:35.994753,03 00 01 00 00 00 00 00,03000100,0.000000
3749,0,0x10F,STD,8,2026-01-28T18:48:36.040764,03 00 03 00 91 AF 13 3C,03000300,0.000000
3750,0,0x110,STD,8,2026-01-28T18:48:36.075772,03 00 03 00 19 8E 7F 48,03000300,0.000000
3751,0,0x10F,STD,8,2026-01-28T18:48:36.121782,03 00 03 00 8A E6 05 3C,03000300,0.000000
3752,0,0x110,STD,8,2026-01-28T18:48:36.145290,03 00 03 00 20 E8 09 48,03000300,0.000000
3753,0,0x10F,STD,8,2026-01-28T18:48:36.211626,03 00 03 00 C6 03 5F 3C,03000300,0.000000
3754,0,0x110,STD,8,2026-01-28T18:48:36.235631,03 00 03 00 80 BF 65 48,03000300,0.000000
3755,0,0x10F,STD,8,2026-01-28T18:48:36.280714,03 00 03 00 E2 36 BF 3C,03000300,0.000000
3756,0,0x110,STD,8,2026-01-28T18:48:36.304541,03 00 03 00 08 CD 32 48,03000300,0.000000
3757,0,0x10F,STD,8,2026-01-28T18:48:36.362554,03 00 03 00 22 97 FD 3C,03000300,0.000000
3758,0,0x110,STD,8,2026-01-28T18:48:36.386123,03 00 03 00 F4 C9 08 48,03000300,0.000000
3759,0,0x10F,STD,8,2026-01-28T18:48:36.441749,03 00 03 00 68 0F BF 3C,03000300,0.000000
3760,0,0x110,STD,8,2026-01-28T18:48:36.465760,03 00 03 00 B8 FC EA 47,03000300,0.000000
3761,0,0x10F,STD,8,2026-01-28T18:48:36.522774,03 00 03 00 5B 71 AA 3B,03000300,0.000000
3762,0,0x110,STD,8,2026-01-28T18:48:36.546283,03 00 03 00 19 E7 F2 47,03000300,0.000000
3763,0,0x10F,STD,8,2026-01-28T18:48:36.602717,03 00 03 00 DB 72 1F 3C,03000300,0.000000
3764,0,0x110,STD,8,2026-01-28T18:48:36.626722,03 00 03 00 F8 4B 02 48,03000300,0.000000
3765,0,0x10F,STD,8,2026-01-28T18:48:36.683735,03 00 03 00 0B AB D2 3B,03000300,0.000000
3766,0,0x110,STD,8,2026-01-28T18:48:36.707245,03 00 03 00 71 76 7C 47,03000300,0.000000
3767,0,0x10F,STD,8,2026-01-28T18:48:36.764258,03 00 03 00 BC 63 F8 3B,03000300,0.000000
3768,0,0x110,STD,8,2026-01-28T18:48:36.787768,03 00 03 00 17 D0 E7 47,03000300,0.000000
3769,0,0x10F,STD,8,2026-01-28T18:48:36.844781,03 00 03 00 5F 0F 14 3C,03000300,0.000000
3770,0,0x110,STD,8,2026-01-28T18:48:36.868786,03 00 03 00 2D A1 22 47,03000300,0.000000
3771,0,0x10F,STD,8,2026-01-28T18:48:36.925328,03 00 03 00 D0 C4 6B 3C,03000300,0.000000
3772,0,0x110,STD,8,2026-01-28T18:48:36.949695,03 00 03 00 E7 06 D3 47,03000300,0.000000
3773,0,0x10F,STD,8,2026-01-28T18:48:37.006710,03 00 03 00 66 9C 88 3C,03000300,0.000000
3774,0,0x110,STD,8,2026-01-28T18:48:37.030715,03 00 03 00 AD 57 CC 47,03000300,0.000000
3775,0,0x10F,STD,8,2026-01-28T18:48:37.087700,03 00 03 00 75 79 80 3C,03000300,0.000000
3776,0,0x110,STD,8,2026-01-28T18:48:37.087700,03 00 01 00 00 00 00 00,03000100,0.000000
3777,0,0x10F,STD,8,2026-01-28T18:48:37.087700,03 00 02 00 59 9B 2B 41,03000200,0.000000
3778,0,0x10F,STD,8,2026-01-28T18:48:37.089700,03 00 01 00 00 00 00 00,03000100,0.000000
3779,0,0x110,STD,8,2026-01-28T18:48:37.089700,03 00 01 00 00 00 00 00,03000100,0.000000
3780,0,0x110,STD,8,2026-01-28T18:48:37.102703,03 00 03 00 77 60 F4 47,03000300,0.000000
3781,0,0x10F,STD,8,2026-01-28T18:48:37.159694,03 00 03 00 F1 DC F5 3B,03000300,0.000000
3782,0,0x110,STD,8,2026-01-28T18:48:37.183700,03 00 03 00 9D FC 86 47,03000300,0.000000
3783,0,0x10F,STD,8,2026-01-28T18:48:37.240712,03 00 03 00 4B 12 9A 3C,03000300,0.000000
3784,0,0x110,STD,8,2026-01-28T18:48:37.264718,03 00 03 00 07 73 0B 48,03000300,0.000000
3785,0,0x10F,STD,8,2026-01-28T18:48:37.321731,03 00 03 00 A8 95 B9 3C,03000300,0.000000
3786,0,0x110,STD,8,2026-01-28T18:48:37.345737,03 00 03 00 D6 A6 E2 47,03000300,0.000000
3787,0,0x10F,STD,8,2026-01-28T18:48:37.402749,03 00 03 00 52 A7 4A 3C,03000300,0.000000
3788,0,0x110,STD,8,2026-01-28T18:48:37.426754,03 00 03 00 6A 81 FB 47,03000300,0.000000
3789,0,0x10F,STD,8,2026-01-28T18:48:37.483767,03 00 03 00 1C D8 C1 3C,03000300,0.000000
3790,0,0x110,STD,8,2026-01-28T18:48:37.507773,03 00 03 00 F4 AA 9E 47,03000300,0.000000
3791,0,0x10F,STD,8,2026-01-28T18:48:37.564785,03 00 03 00 00 31 01 3D,03000300,0.000000
3792,0,0x110,STD,8,2026-01-28T18:48:37.588791,03 00 03 00 88 0D 7B 47,03000300,0.000000
3793,0,0x10F,STD,8,2026-01-28T18:48:37.645804,03 00 03 00 EE 7F E3 3C,03000300,0.000000
3794,0,0x110,STD,8,2026-01-28T18:48:37.669809,03 00 03 00 FF C1 0C 48,03000300,0.000000
3795,0,0x10F,STD,8,2026-01-28T18:48:37.726822,03 00 03 00 F6 CB 63 3C,03000300,0.000000
3796,0,0x110,STD,8,2026-01-28T18:48:37.739825,03 00 03 00 46 D3 8D 47,03000300,0.000000
3797,0,0x10F,STD,8,2026-01-28T18:48:37.796838,03 00 03 00 F4 74 C5 3C,03000300,0.000000
3798,0,0x110,STD,8,2026-01-28T18:48:37.820843,03 00 03 00 19 8A B0 47,03000300,0.000000
3799,0,0x10F,STD,8,2026-01-28T18:48:37.877856,03 00 03 00 78 D0 8B 3C,03000300,0.000000
3800,0,0x110,STD,8,2026-01-28T18:48:37.901861,03 00 03 00 CF 38 D8 47,03000300,0.000000
3801,0,0x10F,STD,8,2026-01-28T18:48:37.958874,03 00 03 00 59 9C B8 3B,03000300,0.000000
3802,0,0x110,STD,8,2026-01-28T18:48:37.982880,03 00 03 00 69 09 9C 47,03000300,0.000000
3803,0,0x10F,STD,8,2026-01-28T18:48:38.039892,03 00 03 00 B8 B6 8B 3C,03000300,0.000000
3804,0,0x110,STD,8,2026-01-28T18:48:38.065898,03 00 03 00 26 78 D5 47,03000300,0.000000
3805,0,0x10F,STD,8,2026-01-28T18:48:38.122911,03 00 03 00 EE A6 41 3C,03000300,0.000000
3806,0,0x110,STD,8,2026-01-28T18:48:38.146917,03 00 03 00 7E 41 A4 47,03000300,0.000000
3807,0,0x10F,STD,8,2026-01-28T18:48:38.181929,03 00 02 00 53 73 2D 41,03000200,0.000000
3808,0,0x110,STD,8,2026-01-28T18:48:38.181929,03 00 02 00 53 73 2D 41,03000200,0.000000
3809,0,0x110,STD,8,2026-01-28T18:48:38.181929,03 00 01 00 00 00 00 00,03000100,0.000000
3810,0,0x10F,STD,8,2026-01-28T18:48:38.181929,03 00 02 00 A5 A5 31 41,03000200,0.000000
3811,0,0x10F,STD,8,2026-01-28T18:48:38.194928,03 00 03 00 F2 2A 46 3C,03000300,0.000000
3812,0,0x110,STD,8,2026-01-28T18:48:38.218933,03 00 03 00 4B B4 F2 47,03000300,0.000000
3813,0,0x10F,STD,8,2026-01-28T18:48:38.275946,03 00 03 00 AB 7D 1B 3C,03000300,0.000000
3814,0,0x110,STD,8,2026-01-28T18:48:38.299951,03 00 03 00 B7 4E 79 48,03000300,0.000000
3815,0,0x10F,STD,8,2026-01-28T18:48:38.360965,03 00 03 00 EC CC 75 3B,03000300,0.000000
3816,0,0x110,STD,8,2026-01-28T18:48:38.385970,03 00 03 00 F3 6C 73 48,03000300,0.000000
3817,0,0x10F,STD,8,2026-01-28T18:48:38.431981,03 00 03 00 F5 E5 CD 3B,03000300,0.000000
3818,0,0x110,STD,8,2026-01-28T18:48:38.466690,03 00 03 00 C9 79 73 48,03000300,0.000000
3819,0,0x10F,STD,8,2026-01-28T18:48:38.512701,03 00 03 00 A7 36 F6 3B,03000300,0.000000
3820,0,0x110,STD,8,2026-01-28T18:48:38.536707,03 00 03 00 84 55 63 48,03000300,0.000000
3821,0,0x10F,STD,8,2026-01-28T18:48:38.604702,03 00 03 00 9A F4 13 3C,03000300,0.000000
3822,0,0x110,STD,8,2026-01-28T18:48:38.617705,03 00 03 00 BE 68 36 48,03000300,0.000000
3823,0,0x10F,STD,8,2026-01-28T18:48:38.674718,03 00 03 00 0C DB 37 3C,03000300,0.000000
3824,0,0x110,STD,8,2026-01-28T18:48:38.698060,03 00 03 00 08 E1 2D 48,03000300,0.000000
3825,0,0x10F,STD,8,2026-01-28T18:48:38.754618,03 00 03 00 40 8F 9D 3C,03000300,0.000000
3826,0,0x110,STD,8,2026-01-28T18:48:38.778056,03 00 03 00 8D D6 0F 48,03000300,0.000000
3827,0,0x10F,STD,8,2026-01-28T18:48:38.835069,03 00 03 00 8B FA BD 3C,03000300,0.000000
3828,0,0x110,STD,8,2026-01-28T18:48:38.859075,03 00 03 00 41 17 76 48,03000300,0.000000
3829,0,0x10F,STD,8,2026-01-28T18:48:38.915671,03 00 03 00 5D 95 5B 3C,03000300,0.000000
3830,0,0x110,STD,8,2026-01-28T18:48:38.939179,03 00 03 00 88 AF 39 48,03000300,0.000000
3831,0,0x10F,STD,8,2026-01-28T18:48:38.996191,03 00 03 00 BC 74 8E 3C,03000300,0.000000
3832,0,0x110,STD,8,2026-01-28T18:48:39.020052,03 00 03 00 61 7E CA 47,03000300,0.000000
3833,0,0x10F,STD,8,2026-01-28T18:48:39.077065,03 00 03 00 30 58 24 3C,03000300,0.000000
3834,0,0x110,STD,8,2026-01-28T18:48:39.101071,03 00 03 00 E9 D8 C7 47,03000300,0.000000
3835,0,0x10F,STD,8,2026-01-28T18:48:39.157587,03 00 03 00 48 78 B7 3B,03000300,0.000000
3836,0,0x110,STD,8,2026-01-28T18:48:39.181592,03 00 03 00 83 1D 40 47,03000300,0.000000
3837,0,0x10F,STD,8,2026-01-28T18:48:39.238605,03 00 03 00 54 0A 36 3C,03000300,0.000000
3838,0,0x110,STD,8,2026-01-28T18:48:39.251608,03 00 02 00 A5 A5 31 41,03000200,0.000000
3839,0,0x10F,STD,8,2026-01-28T18:48:39.251608,03 00 01 00 00 00 00 00,03000100,0.000000
3840,0,0x10F,STD,8,2026-01-28T18:48:39.251608,03 00 02 00 8E 80 38 41,03000200,0.000000
3841,0,0x110,STD,8,2026-01-28T18:48:39.251608,03 00 02 00 8E 80 38 41,03000200,0.000000
3842,0,0x110,STD,8,2026-01-28T18:48:39.253609,03 00 03 00 D9 66 4E 47,03000300,0.000000
3843,0,0x10F,STD,8,2026-01-28T18:48:39.310622,03 00 03 00 EC 31 3D 3C,03000300,0.000000
3844,0,0x110,STD,8,2026-01-28T18:48:39.334627,03 00 03 00 85 32 98 47,03000300,0.000000
3845,0,0x10F,STD,8,2026-01-28T18:48:39.391640,03 00 03 00 3C 3A 59 3C,03000300,0.000000
3846,0,0x110,STD,8,2026-01-28T18:48:39.426648,03 00 03 00 99 29 A2 47,03000300,0.000000
3847,0,0x10F,STD,8,2026-01-28T18:48:39.472658,03 00 03 00 43 F5 CC 3C,03000300,0.000000
3848,0,0x110,STD,8,2026-01-28T18:48:39.496664,03 00 03 00 82 EE C5 47,03000300,0.000000
3849,0,0x10F,STD,8,2026-01-28T18:48:39.553676,03 00 03 00 C5 EE 47 3C,03000300,0.000000
3850,0,0x110,STD,8,2026-01-28T18:48:39.577682,03 00 03 00 1E 6C 19 48,03000300,0.000000
3851,0,0x10F,STD,8,2026-01-28T18:48:39.634694,03 00 03 00 FA 2A 7C 3C,03000300,0.000000
3852,0,0x110,STD,8,2026-01-28T18:48:39.658202,03 00 03 00 F3 E6 36 48,03000300,0.000000
3853,0,0x10F,STD,8,2026-01-28T18:48:39.715215,03 00 03 00 06 97 2D 3C,03000300,0.000000
3854,0,0x110,STD,8,2026-01-28T18:48:39.739221,03 00 03 00 FA DC 1E 48,03000300,0.000000
3855,0,0x10F,STD,8,2026-01-28T18:48:39.796233,03 00 03 00 DA B0 92 3C,03000300,0.000000
3856,0,0x110,STD,8,2026-01-28T18:48:39.819743,03 00 03 00 53 AA A4 48,03000300,0.000000
3857,0,0x10F,STD,8,2026-01-28T18:48:39.876756,03 00 03 00 75 4B 5D 3C,03000300,0.000000
3858,0,0x110,STD,8,2026-01-28T18:48:39.900265,03 00 03 00 F9 7E 6D 48,03000300,0.000000
3859,0,0x10F,STD,8,2026-01-28T18:48:39.956781,03 00 03 00 9F CE 9B 3B,03000300,0.000000
3860,0,0x110,STD,8,2026-01-28T18:48:39.973785,03 00 03 00 A9 9B 6B 48,03000300,0.000000
3861,0,0x10F,STD,8,2026-01-28T18:48:40.031798,03 00 03 00 16 1C 01 3C,03000300,0.000000
3862,0,0x110,STD,8,2026-01-28T18:48:40.055307,03 00 03 00 49 BE 3E 48,03000300,0.000000
3863,0,0x10F,STD,8,2026-01-28T18:48:40.115320,03 00 03 00 13 DC 04 3C,03000300,0.000000
3864,0,0x110,STD,8,2026-01-28T18:48:40.139325,03 00 03 00 03 B5 FB 47,03000300,0.000000
3865,0,0x10F,STD,8,2026-01-28T18:48:40.195605,03 00 03 00 3E 4C C6 3B,03000300,0.000000
3866,0,0x110,STD,8,2026-01-28T18:48:40.219611,03 00 03 00 19 BD 0C 48,03000300,0.000000
3867,0,0x10F,STD,8,2026-01-28T18:48:40.276623,03 00 03 00 93 58 FC 3B,03000300,0.000000
3868,0,0x110,STD,8,2026-01-28T18:48:40.300629,03 00 03 00 A6 68 19 48,03000300,0.000000
3869,0,0x10F,STD,8,2026-01-28T18:48:40.358642,03 00 03 00 76 70 5D 3C,03000300,0.000000
3870,0,0x10F,STD,8,2026-01-28T18:48:40.359642,03 00 01 00 00 00 00 00,03000100,0.000000
3871,0,0x110,STD,8,2026-01-28T18:48:40.359642,03 00 01 00 00 00 00 00,03000100,0.000000
3872,0,0x110,STD,8,2026-01-28T18:48:40.359642,03 00 02 00 1F B7 2D 41,03000200,0.000000
3873,0,0x10F,STD,8,2026-01-28T18:48:40.359642,03 00 01 00 00 00 00 00,03000100,0.000000
3874,0,0x110,STD,8,2026-01-28T18:48:40.372645,03 00 03 00 24 BA 80 47,03000300,0.000000
3875,0,0x10F,STD,8,2026-01-28T18:48:40.429658,03 00 03 00 A6 74 CD 3C,03000300,0.000000
3876,0,0x110,STD,8,2026-01-28T18:48:40.453168,03 00 03 00 20 D1 FE 46,03000300,0.000000
3877,0,0x10F,STD,8,2026-01-28T18:48:40.510181,03 00 03 00 4F 3F B4 3C,03000300,0.000000
3878,0,0x110,STD,8,2026-01-28T18:48:40.534186,03 00 03 00 E0 25 47 47,03000300,0.000000
3879,0,0x10F,STD,8,2026-01-28T18:48:40.591199,03 00 03 00 E5 62 D2 3C,03000300,0.000000
3880,0,0x110,STD,8,2026-01-28T18:48:40.615204,03 00 03 00 07 9E 22 47,03000300,0.000000
3881,0,0x10F,STD,8,2026-01-28T18:48:40.672217,03 00 03 00 C9 38 94 3C,03000300,0.000000
3882,0,0x110,STD,8,2026-01-28T18:48:40.696222,03 00 03 00 F6 FC 73 47,03000300,0.000000
3883,0,0x10F,STD,8,2026-01-28T18:48:40.752738,03 00 03 00 A5 6C 58 3C,03000300,0.000000
3884,0,0x110,STD,8,2026-01-28T18:48:40.776744,03 00 03 00 75 2F CE 46,03000300,0.000000
3885,0,0x10F,STD,8,2026-01-28T18:48:40.833757,03 00 03 00 60 7B 34 3C,03000300,0.000000
3886,0,0x110,STD,8,2026-01-28T18:48:40.857762,03 00 03 00 99 FB 76 47,03000300,0.000000
3887,0,0x10F,STD,8,2026-01-28T18:48:40.914278,03 00 03 00 DF 38 A7 3C,03000300,0.000000
3888,0,0x110,STD,8,2026-01-28T18:48:40.938283,03 00 03 00 1F 0E 38 47,03000300,0.000000
3889,0,0x10F,STD,8,2026-01-28T18:48:40.984576,03 00 03 00 0C F2 A5 3C,03000300,0.000000
3890,0,0x110,STD,8,2026-01-28T18:48:41.008581,03 00 03 00 AF 3C 6B 47,03000300,0.000000
3891,0,0x10F,STD,8,2026-01-28T18:48:41.065594,03 00 03 00 5D 02 46 3C,03000300,0.000000
3892,0,0x110,STD,8,2026-01-28T18:48:41.089600,03 00 03 00 57 A2 12 48,03000300,0.000000
3893,0,0x10F,STD,8,2026-01-28T18:48:41.146563,03 00 03 00 89 68 82 3C,03000300,0.000000
3894,0,0x110,STD,8,2026-01-28T18:48:41.170569,03 00 03 00 75 8C F7 47,03000300,0.000000
3895,0,0x10F,STD,8,2026-01-28T18:48:41.227581,03 00 03 00 E5 02 78 3C,03000300,0.000000
3896,0,0x110,STD,8,2026-01-28T18:48:41.251091,03 00 03 00 73 E6 07 48,03000300,0.000000
3897,0,0x10F,STD,8,2026-01-28T18:48:41.307698,03 00 03 00 D9 92 34 3C,03000300,0.000000
3898,0,0x110,STD,8,2026-01-28T18:48:41.331704,03 00 03 00 77 80 02 48,03000300,0.000000
3899,0,0x10F,STD,8,2026-01-28T18:48:41.388717,03 00 03 00 87 A4 81 3C,03000300,0.000000
3900,0,0x110,STD,8,2026-01-28T18:48:41.412069,03 00 03 00 EB F6 DB 47,03000300,0.000000
3901,0,0x110,STD,8,2026-01-28T18:48:41.447078,03 00 01 00 00 00 00 00,03000100,0.000000
3902,0,0x10F,STD,8,2026-01-28T18:48:41.447078,03 00 02 00 1F B7 2D 41,03000200,0.000000
3903,0,0x10F,STD,8,2026-01-28T18:48:41.447078,03 00 02 00 ED 52 24 41,03000200,0.000000
3904,0,0x110,STD,8,2026-01-28T18:48:41.447078,03 00 02 00 ED 52 24 41,03000200,0.000000
3905,0,0x10F,STD,8,2026-01-28T18:48:41.461081,03 00 03 00 4F 7E 3E 3C,03000300,0.000000
3906,0,0x110,STD,8,2026-01-28T18:48:41.495570,03 00 03 00 B1 13 8D 47,03000300,0.000000
3907,0,0x10F,STD,8,2026-01-28T18:48:41.541976,03 00 03 00 8E 39 44 3C,03000300,0.000000
3908,0,0x110,STD,8,2026-01-28T18:48:41.565981,03 00 03 00 90 5E DA 47,03000300,0.000000
3909,0,0x10F,STD,8,2026-01-28T18:48:41.622994,03 00 03 00 64 96 90 3C,03000300,0.000000
3910,0,0x110,STD,8,2026-01-28T18:48:41.647000,03 00 03 00 B7 AC 94 47,03000300,0.000000
3911,0,0x10F,STD,8,2026-01-28T18:48:41.704013,03 00 03 00 F6 D2 19 3C,03000300,0.000000
3912,0,0x110,STD,8,2026-01-28T18:48:41.727526,03 00 03 00 69 C7 8B 47,03000300,0.000000
3913,0,0x10F,STD,8,2026-01-28T18:48:41.784538,03 00 03 00 03 59 78 3C,03000300,0.000000
3914,0,0x110,STD,8,2026-01-28T18:48:41.808544,03 00 03 00 5B 08 15 48,03000300,0.000000
3915,0,0x10F,STD,8,2026-01-28T18:48:41.865557,03 00 03 00 64 24 F1 3B,03000300,0.000000
3916,0,0x110,STD,8,2026-01-28T18:48:41.889562,03 00 03 00 6E 10 19 48,03000300,0.000000
3917,0,0x10F,STD,8,2026-01-28T18:48:41.946583,03 00 03 00 F2 01 9A 3C,03000300,0.000000
3918,0,0x110,STD,8,2026-01-28T18:48:41.970094,03 00 03 00 03 BF AE 47,03000300,0.000000
3919,0,0x10F,STD,8,2026-01-28T18:48:42.027106,03 00 03 00 16 AC 3B 3C,03000300,0.000000
3920,0,0x110,STD,8,2026-01-28T18:48:42.050618,03 00 03 00 E0 7E 46 48,03000300,0.000000
3921,0,0x10F,STD,8,2026-01-28T18:48:42.107627,03 00 03 00 1A 56 51 3C,03000300,0.000000
3922,0,0x110,STD,8,2026-01-28T18:48:42.130870,03 00 03 00 9D 6A FA 47,03000300,0.000000
3923,0,0x10F,STD,8,2026-01-28T18:48:42.187883,03 00 03 00 69 F6 8A 3C,03000300,0.000000
3924,0,0x110,STD,8,2026-01-28T18:48:42.211888,03 00 03 00 D3 26 C8 47,03000300,0.000000
3925,0,0x10F,STD,8,2026-01-28T18:48:42.268901,03 00 03 00 BD 52 BF 3C,03000300,0.000000
3926,0,0x110,STD,8,2026-01-28T18:48:42.281904,03 00 03 00 B7 4A 24 48,03000300,0.000000
3927,0,0x10F,STD,8,2026-01-28T18:48:42.349919,03 00 03 00 8C 94 A8 3C,03000300,0.000000
3928,0,0x110,STD,8,2026-01-28T18:48:42.367923,03 00 03 00 36 6E F9 47,03000300,0.000000
3929,0,0x10F,STD,8,2026-01-28T18:48:42.424936,03 00 03 00 63 38 49 3C,03000300,0.000000
3930,0,0x110,STD,8,2026-01-28T18:48:42.448941,03 00 03 00 19 CF 5C 48,03000300,0.000000
3931,0,0x10F,STD,8,2026-01-28T18:48:42.505954,03 00 03 00 B1 88 0F 3C,03000300,0.000000
3932,0,0x110,STD,8,2026-01-28T18:48:42.529960,03 00 03 00 5C E4 32 48,03000300,0.000000
3933,0,0x10F,STD,8,2026-01-28T18:48:42.531961,03 00 01 00 00 00 00 00,03000100,0.000000
3934,0,0x110,STD,8,2026-01-28T18:48:42.533961,03 00 01 00 00 00 00 00,03000100,0.000000
3935,0,0x110,STD,8,2026-01-28T18:48:42.533961,03 00 01 00 00 00 00 00,03000100,0.000000
3936,0,0x10F,STD,8,2026-01-28T18:48:42.533961,03 00 02 00 EA 61 42 41,03000200,0.000000
3937,0,0x10F,STD,8,2026-01-28T18:48:42.579971,03 00 03 00 44 30 7F 3C,03000300,0.000000
3938,0,0x110,STD,8,2026-01-28T18:48:42.603976,03 00 03 00 69 DD 5A 48,03000300,0.000000
3939,0,0x10F,STD,8,2026-01-28T18:48:42.660989,03 00 03 00 E1 B9 74 3C,03000300,0.000000
3940,0,0x110,STD,8,2026-01-28T18:48:42.684995,03 00 03 00 1D E8 0B 48,03000300,0.000000
3941,0,0x10F,STD,8,2026-01-28T18:48:42.742008,03 00 03 00 4B BC 7B 3C,03000300,0.000000
3942,0,0x110,STD,8,2026-01-28T18:48:42.766013,03 00 03 00 EC D6 9A 47,03000300,0.000000
3943,0,0x10F,STD,8,2026-01-28T18:48:42.823026,03 00 03 00 FF D0 FF 3C,03000300,0.000000
3944,0,0x110,STD,8,2026-01-28T18:48:42.847031,03 00 03 00 AF 08 5A 47,03000300,0.000000
3945,0,0x10F,STD,8,2026-01-28T18:48:42.903939,03 00 03 00 43 71 B9 3C,03000300,0.000000
3946,0,0x110,STD,8,2026-01-28T18:48:42.927944,03 00 03 00 48 4C 13 48,03000300,0.000000
3947,0,0x10F,STD,8,2026-01-28T18:48:42.976955,03 00 03 00 D8 98 CC 3C,03000300,0.000000
3948,0,0x110,STD,8,2026-01-28T18:48:43.011963,03 00 03 00 E6 8A 53 48,03000300,0.000000
3949,0,0x10F,STD,8,2026-01-28T18:48:43.057973,03 00 03 00 D7 D6 D0 3C,03000300,0.000000
3950,0,0x110,STD,8,2026-01-28T18:48:43.081979,03 00 03 00 0A 65 87 47,03000300,0.000000
3951,0,0x10F,STD,8,2026-01-28T18:48:43.141993,03 00 03 00 FB 09 58 3C,03000300,0.000000
3952,0,0x110,STD,8,2026-01-28T18:48:43.165998,03 00 03 00 9B 0D BF 47,03000300,0.000000
3953,0,0x10F,STD,8,2026-01-28T18:48:43.223011,03 00 03 00 9B ED C5 3C,03000300,0.000000
3954,0,0x110,STD,8,2026-01-28T18:48:43.247016,03 00 03 00 0C 27 BD 47,03000300,0.000000
3955,0,0x10F,STD,8,2026-01-28T18:48:43.303587,03 00 03 00 14 74 E1 3B,03000300,0.000000
3956,0,0x110,STD,8,2026-01-28T18:48:43.327593,03 00 03 00 ED A3 DE 47,03000300,0.000000
3957,0,0x10F,STD,8,2026-01-28T18:48:43.384606,03 00 03 00 9E B0 EB 3B,03000300,0.000000
3958,0,0x110,STD,8,2026-01-28T18:48:43.407860,03 00 03 00 41 47 02 48,03000300,0.000000
3959,0,0x10F,STD,8,2026-01-28T18:48:43.463905,03 00 03 00 40 5E 69 3C,03000300,0.000000
3960,0,0x110,STD,8,2026-01-28T18:48:43.487911,03 00 03 00 99 BC 8C 47,03000300,0.000000
3961,0,0x10F,STD,8,2026-01-28T18:48:43.544924,03 00 03 00 EC 62 46 3C,03000300,0.000000
3962,0,0x110,STD,8,2026-01-28T18:48:43.568929,03 00 03 00 07 EA D3 47,03000300,0.000000
3963,0,0x10F,STD,8,2026-01-28T18:48:43.614940,03 00 03 00 D7 12 82 3C,03000300,0.000000
3964,0,0x110,STD,8,2026-01-28T18:48:43.616940,03 00 02 00 EA 61 42 41,03000200,0.000000
3965,0,0x10F,STD,8,2026-01-28T18:48:43.616940,03 00 01 00 00 00 00 00,03000100,0.000000
3966,0,0x10F,STD,8,2026-01-28T18:48:43.616940,03 00 02 00 EA 61 42 41,03000200,0.000000
3967,0,0x110,STD,8,2026-01-28T18:48:43.618940,03 00 02 00 EA 61 42 41,03000200,0.000000
3968,0,0x110,STD,8,2026-01-28T18:48:43.642946,03 00 03 00 35 C7 F1 47,03000300,0.000000
3969,0,0x10F,STD,8,2026-01-28T18:48:43.699959,03 00 03 00 91 C8 C9 3C,03000300,0.000000
3970,0,0x110,STD,8,2026-01-28T18:48:43.723964,03 00 03 00 94 9B 28 48,03000300,0.000000
3971,0,0x10F,STD,8,2026-01-28T18:48:43.780977,03 00 03 00 B5 E4 37 3C,03000300,0.000000
3972,0,0x110,STD,8,2026-01-28T18:48:43.804982,03 00 03 00 89 0E BF 47,03000300,0.000000
3973,0,0x10F,STD,8,2026-01-28T18:48:43.861995,03 00 03 00 CA 80 0D 3C,03000300,0.000000
3974,0,0x110,STD,8,2026-01-28T18:48:43.886001,03 00 03 00 58 7D FA 47,03000300,0.000000
3975,0,0x10F,STD,8,2026-01-28T18:48:43.943013,03 00 03 00 43 BE 23 3C,03000300,0.000000
3976,0,0x110,STD,8,2026-01-28T18:48:43.956016,03 00 03 00 8F 23 B9 47,03000300,0.000000
3977,0,0x10F,STD,8,2026-01-28T18:48:44.012896,03 00 03 00 76 AF D3 3B,03000300,0.000000
3978,0,0x110,STD,8,2026-01-28T18:48:44.036475,03 00 03 00 80 9E 85 47,03000300,0.000000
3979,0,0x10F,STD,8,2026-01-28T18:48:44.093489,03 00 03 00 16 01 3D 3C,03000300,0.000000
3980,0,0x110,STD,8,2026-01-28T18:48:44.117494,03 00 03 00 3A EE AA 47,03000300,0.000000
3981,0,0x10F,STD,8,2026-01-28T18:48:44.174092,03 00 03 00 1A BC 6F 3C,03000300,0.000000
3982,0,0x110,STD,8,2026-01-28T18:48:44.198097,03 00 03 00 17 B1 41 47,03000300,0.000000
3983,0,0x10F,STD,8,2026-01-28T18:48:44.255110,03 00 03 00 1B 78 70 3C,03000300,0.000000
3984,0,0x110,STD,8,2026-01-28T18:48:44.279116,03 00 03 00 75 BB 12 48,03000300,0.000000
3985,0,0x10F,STD,8,2026-01-28T18:48:44.336128,03 00 03 00 65 8C 61 3C,03000300,0.000000
3986,0,0x110,STD,8,2026-01-28T18:48:44.372136,03 00 03 00 A9 AC E0 47,03000300,0.000000
3987,0,0x10F,STD,8,2026-01-28T18:48:44.418147,03 00 03 00 96 65 9B 3C,03000300,0.000000
3988,0,0x110,STD,8,2026-01-28T18:48:44.442151,03 00 03 00 64 9A C2 47,03000300,0.000000
3989,0,0x10F,STD,8,2026-01-28T18:48:44.499165,03 00 03 00 AF 7A 9A 3C,03000300,0.000000
3990,0,0x110,STD,8,2026-01-28T18:48:44.523170,03 00 03 00 13 97 EE 47,03000300,0.000000
3991,0,0x10F,STD,8,2026-01-28T18:48:44.580183,03 00 03 00 9C 10 7D 3C,03000300,0.000000
3992,0,0x110,STD,8,2026-01-28T18:48:44.604189,03 00 03 00 7D 9F 17 47,03000300,0.000000
3993,0,0x10F,STD,8,2026-01-28T18:48:44.661201,03 00 03 00 1E 78 EF 3C,03000300,0.000000
3994,0,0x110,STD,8,2026-01-28T18:48:44.674204,03 00 03 00 8F 2D A1 47,03000300,0.000000
3995,0,0x10F,STD,8,2026-01-28T18:48:44.709212,03 00 01 00 00 00 00 00,03000100,0.000000
3996,0,0x110,STD,8,2026-01-28T18:48:44.709212,03 00 01 00 00 00 00 00,03000100,0.000000
3997,0,0x10F,STD,8,2026-01-28T18:48:44.709212,03 00 02 00 76 93 42 41,03000200,0.000000
3998,0,0x110,STD,8,2026-01-28T18:48:44.709212,03 00 02 00 76 93 42 41,03000200,0.000000
3999,0,0x10F,STD,8,2026-01-28T18:48:44.733218,03 00 03 00 AB 7D 14 3D,03000300,0.000000
4000,0,0x110,STD,8,2026-01-28T18:48:44.757223,03 00 03 00 7D 6F D9 47,03000300,0.000000
4001,0,0x10F,STD,8,2026-01-28T18:48:44.814236,03 00 03 00 6A 93 16 3D,03000300,0.000000
4002,0,0x110,STD,8,2026-01-28T18:48:44.838241,03 00 03 00 A1 4D FC 47,03000300,0.000000
4003,0,0x10F,STD,8,2026-01-28T18:48:44.895254,03 00 03 00 DB 18 2A 3D,03000300,0.000000
4004,0,0x110,STD,8,2026-01-28T18:48:44.919259,03 00 03 00 86 39 3B 48,03000300,0.000000
4005,0,0x10F,STD,8,2026-01-28T18:48:44.976272,03 00 03 00 E1 8A C4 3C,03000300,0.000000
4006,0,0x110,STD,8,2026-01-28T18:48:44.999781,03 00 03 00 E0 B2 18 48,03000300,0.000000
4007,0,0x10F,STD,8,2026-01-28T18:48:45.056794,03 00 03 00 26 B5 92 3C,03000300,0.000000
4008,0,0x110,STD,8,2026-01-28T18:48:45.080799,03 00 03 00 75 52 F1 47,03000300,0.000000
4009,0,0x10F,STD,8,2026-01-28T18:48:45.137812,03 00 03 00 1E 94 B9 3C,03000300,0.000000
4010,0,0x110,STD,8,2026-01-28T18:48:45.161818,03 00 03 00 6A A3 18 48,03000300,0.000000
4011,0,0x10F,STD,8,2026-01-28T18:48:45.218830,03 00 03 00 33 A2 6D 3C,03000300,0.000000
4012,0,0x110,STD,8,2026-01-28T18:48:45.242835,03 00 03 00 60 3B 00 48,03000300,0.000000
4013,0,0x10F,STD,8,2026-01-28T18:48:45.288846,03 00 03 00 96 CC 08 3C,03000300,0.000000
4014,0,0x110,STD,8,2026-01-28T18:48:45.312852,03 00 03 00 14 E6 4E 47,03000300,0.000000
4015,0,0x10F,STD,8,2026-01-28T18:48:45.369864,03 00 03 00 8E B6 83 3C,03000300,0.000000
4016,0,0x110,STD,8,2026-01-28T18:48:45.393870,03 00 03 00 6F 05 65 47,03000300,0.000000
4017,0,0x10F,STD,8,2026-01-28T18:48:45.450883,03 00 03 00 E8 21 1E 3C,03000300,0.000000
4018,0,0x110,STD,8,2026-01-28T18:48:45.474392,03 00 03 00 42 85 1D 47,03000300,0.000000
4019,0,0x10F,STD,8,2026-01-28T18:48:45.531405,03 00 03 00 0F 99 5B 3C,03000300,0.000000
4020,0,0x110,STD,8,2026-01-28T18:48:45.555410,03 00 03 00 E9 0E 5B 47,03000300,0.000000
4021,0,0x10F,STD,8,2026-01-28T18:48:45.612423,03 00 03 00 98 B2 DF 3C,03000300,0.000000
4022,0,0x110,STD,8,2026-01-28T18:48:45.636429,03 00 03 00 07 EC 8A 47,03000300,0.000000
4023,0,0x10F,STD,8,2026-01-28T18:48:45.693437,03 00 03 00 17 D6 2A 3C,03000300,0.000000
4024,0,0x110,STD,8,2026-01-28T18:48:45.717443,03 00 03 00 9F B2 EC 47,03000300,0.000000
4025,0,0x10F,STD,8,2026-01-28T18:48:45.774456,03 00 03 00 61 F2 B2 3C,03000300,0.000000
4026,0,0x10F,STD,8,2026-01-28T18:48:45.786964,03 00 01 00 00 00 00 00,03000100,0.000000
4027,0,0x110,STD,8,2026-01-28T18:48:45.799966,03 00 01 00 00 00 00 00,03000100,0.000000
4028,0,0x110,STD,8,2026-01-28T18:48:45.799966,03 00 01 00 00 00 00 00,03000100,0.000000
4029,0,0x110,STD,8,2026-01-28T18:48:45.799966,03 00 02 00 76 93 42 41,03000200,0.000000
4030,0,0x10F,STD,8,2026-01-28T18:48:45.799966,03 00 01 00 00 00 00 00,03000100,0.000000
4031,0,0x10F,STD,8,2026-01-28T18:48:45.856979,03 00 03 00 D4 FF 6A 3C,03000300,0.000000
4032,0,0x110,STD,8,2026-01-28T18:48:45.869982,03 00 03 00 AD 66 94 47,03000300,0.000000
4033,0,0x10F,STD,8,2026-01-28T18:48:45.926995,03 00 03 00 8B A0 21 3C,03000300,0.000000
4034,0,0x110,STD,8,2026-01-28T18:48:45.950505,03 00 03 00 C6 65 FB 47,03000300,0.000000
4035,0,0x10F,STD,8,2026-01-28T18:48:46.010519,03 00 03 00 64 89 DB 3C,03000300,0.000000
4036,0,0x110,STD,8,2026-01-28T18:48:46.034524,03 00 03 00 AA BE 3B 47,03000300,0.000000
4037,0,0x10F,STD,8,2026-01-28T18:48:46.091537,03 00 03 00 30 E2 F1 3C,03000300,0.000000
4038,0,0x110,STD,8,2026-01-28T18:48:46.115045,03 00 03 00 91 28 E6 47,03000300,0.000000
4039,0,0x10F,STD,8,2026-01-28T18:48:46.171109,03 00 03 00 7B CE BB 3C,03000300,0.000000
4040,0,0x110,STD,8,2026-01-28T18:48:46.195114,03 00 03 00 63 31 A4 47,03000300,0.000000
4041,0,0x10F,STD,8,2026-01-28T18:48:46.251422,03 00 03 00 70 31 01 3D,03000300,0.000000
4042,0,0x110,STD,8,2026-01-28T18:48:46.275428,03 00 03 00 D9 EB 08 48,03000300,0.000000
4043,0,0x10F,STD,8,2026-01-28T18:48:46.332441,03 00 03 00 30 5C D3 3C,03000300,0.000000
4044,0,0x110,STD,8,2026-01-28T18:48:46.363448,03 00 03 00 6A 9E 10 48,03000300,0.000000
4045,0,0x10F,STD,8,2026-01-28T18:48:46.409464,03 00 03 00 8D 52 90 3C,03000300,0.000000
4046,0,0x110,STD,8,2026-01-28T18:48:46.433470,03 00 03 00 98 37 11 48,03000300,0.000000
4047,0,0x10F,STD,8,2026-01-28T18:48:46.489236,03 00 03 00 E9 43 D9 3C,03000300,0.000000
4048,0,0x110,STD,8,2026-01-28T18:48:46.513243,03 00 03 00 A2 B6 1F 48,03000300,0.000000
4049,0,0x10F,STD,8,2026-01-28T18:48:46.570255,03 00 03 00 7A 8B A2 3C,03000300,0.000000
4050,0,0x110,STD,8,2026-01-28T18:48:46.594261,03 00 03 00 44 0E 1F 48,03000300,0.000000
4051,0,0x10F,STD,8,2026-01-28T18:48:46.651273,03 00 03 00 E9 A2 B7 3C,03000300,0.000000
4052,0,0x110,STD,8,2026-01-28T18:48:46.675279,03 00 03 00 5E 71 61 47,03000300,0.000000
4053,0,0x10F,STD,8,2026-01-28T18:48:46.732291,03 00 03 00 BA 50 39 3C,03000300,0.000000
4054,0,0x110,STD,8,2026-01-28T18:48:46.756297,03 00 03 00 C9 00 44 46,03000300,0.000000
4055,0,0x10F,STD,8,2026-01-28T18:48:46.802308,03 00 03 00 CB 4A 95 3C,03000300,0.000000
4056,0,0x110,STD,8,2026-01-28T18:48:46.826312,03 00 03 00 CA 0F 12 47,03000300,0.000000
4057,0,0x110,STD,8,2026-01-28T18:48:46.872323,03 00 01 00 00 00 00 00,03000100,0.000000
4058,0,0x10F,STD,8,2026-01-28T18:48:46.872323,03 00 02 00 76 93 42 41,03000200,0.000000
4059,0,0x10F,STD,8,2026-01-28T18:48:46.872323,03 00 02 00 29 5D 41 41,03000200,0.000000
4060,0,0x110,STD,8,2026-01-28T18:48:46.872323,03 00 02 00 29 5D 41 41,03000200,0.000000
4061,0,0x10F,STD,8,2026-01-28T18:48:46.885326,03 00 03 00 CC 5A 67 3C,03000300,0.000000
4062,0,0x110,STD,8,2026-01-28T18:48:46.909331,03 00 03 00 85 87 C4 47,03000300,0.000000
4063,0,0x10F,STD,8,2026-01-28T18:48:46.966344,03 00 03 00 71 8B 8C 3C,03000300,0.000000
4064,0,0x110,STD,8,2026-01-28T18:48:46.989887,03 00 03 00 CE 2F 6F 47,03000300,0.000000
4065,0,0x10F,STD,8,2026-01-28T18:48:47.046404,03 00 03 00 F1 B9 93 3C,03000300,0.000000
4066,0,0x110,STD,8,2026-01-28T18:48:47.070409,03 00 03 00 C9 DA 83 47,03000300,0.000000
4067,0,0x10F,STD,8,2026-01-28T18:48:47.127422,03 00 03 00 D4 39 FE 3B,03000300,0.000000
4068,0,0x110,STD,8,2026-01-28T18:48:47.151427,03 00 03 00 BD E2 BD 47,03000300,0.000000
4069,0,0x10F,STD,8,2026-01-28T18:48:47.208440,03 00 03 00 01 93 06 3C,03000300,0.000000
4070,0,0x110,STD,8,2026-01-28T18:48:47.232446,03 00 03 00 F1 0D DB 46,03000300,0.000000
4071,0,0x10F,STD,8,2026-01-28T18:48:47.289459,03 00 03 00 6C 18 3F 3C,03000300,0.000000
4072,0,0x110,STD,8,2026-01-28T18:48:47.313464,03 00 03 00 E8 0E 12 47,03000300,0.000000
4073,0,0x10F,STD,8,2026-01-28T18:48:47.370476,03 00 03 00 FC F3 77 3C,03000300,0.000000
4074,0,0x110,STD,8,2026-01-28T18:48:47.394483,03 00 03 00 58 E2 BC 47,03000300,0.000000
4075,0,0x10F,STD,8,2026-01-28T18:48:47.440492,03 00 03 00 63 3E 65 3C,03000300,0.000000
4076,0,0x110,STD,8,2026-01-28T18:48:47.475003,03 00 03 00 80 1B DB 47,03000300,0.000000
4077,0,0x10F,STD,8,2026-01-28T18:48:47.520518,03 00 03 00 6F DF 11 3C,03000300,0.000000
4078,0,0x110,STD,8,2026-01-28T18:48:47.544523,03 00 03 00 AB 49 2A 48,03000300,0.000000
4079,0,0x10F,STD,8,2026-01-28T18:48:47.601536,03 00 03 00 2E 2D D4 3B,03000300,0.000000
4080,0,0x110,STD,8,2026-01-28T18:48:47.625541,03 00 03 00 60 A8 1D 48,03000300,0.000000
4081,0,0x10F,STD,8,2026-01-28T18:48:47.682556,03 00 03 00 E4 41 63 3C,03000300,0.000000
4082,0,0x110,STD,8,2026-01-28T18:48:47.706559,03 00 03 00 06 BC FB 47,03000300,0.000000
4083,0,0x10F,STD,8,2026-01-28T18:48:47.763572,03 00 03 00 EB 30 61 3C,03000300,0.000000
4084,0,0x110,STD,8,2026-01-28T18:48:47.787577,03 00 03 00 E1 E2 12 48,03000300,0.000000
4085,0,0x10F,STD,8,2026-01-28T18:48:47.844092,03 00 03 00 CF BB 00 3C,03000300,0.000000
4086,0,0x110,STD,8,2026-01-28T18:48:47.868098,03 00 03 00 34 46 DB 47,03000300,0.000000
4087,0,0x10F,STD,8,2026-01-28T18:48:47.925112,03 00 03 00 66 85 43 3C,03000300,0.000000
4088,0,0x110,STD,8,2026-01-28T18:48:47.949117,03 00 03 00 98 FE F4 47,03000300,0.000000
4089,0,0x10F,STD,8,2026-01-28T18:48:47.962120,03 00 01 00 00 00 00 00,03000100,0.000000
4090,0,0x110,STD,8,2026-01-28T18:48:47.962120,03 00 01 00 00 00 00 00,03000100,0.000000
4091,0,0x10F,STD,8,2026-01-28T18:48:47.962120,03 00 02 00 AE 60 3F 41,03000200,0.000000
4092,0,0x110,STD,8,2026-01-28T18:48:47.962120,03 00 02 00 AE 60 3F 41,03000200,0.000000
4093,0,0x10F,STD,8,2026-01-28T18:48:48.007633,03 00 03 00 EF 1B BA 3C,03000300,0.000000
4094,0,0x110,STD,8,2026-01-28T18:48:48.031639,03 00 03 00 90 FB 03 48,03000300,0.000000
4095,0,0x10F,STD,8,2026-01-28T18:48:48.092652,03 00 03 00 C3 D7 8D 3C,03000300,0.000000
4096,0,0x110,STD,8,2026-01-28T18:48:48.106656,03 00 03 00 DF A1 60 48,03000300,0.000000
4097,0,0x10F,STD,8,2026-01-28T18:48:48.163668,03 00 03 00 03 7D 89 3C,03000300,0.000000
4098,0,0x110,STD,8,2026-01-28T18:48:48.187674,03 00 03 00 F8 EA 13 48,03000300,0.000000
4099,0,0x10F,STD,8,2026-01-28T18:48:48.244686,03 00 03 00 EF 83 89 3C,03000300,0.000000
4100,0,0x110,STD,8,2026-01-28T18:48:48.268692,03 00 03 00 3E 85 0F 48,03000300,0.000000
4101,0,0x10F,STD,8,2026-01-28T18:48:48.325208,03 00 03 00 FC DA 37 3C,03000300,0.000000
4102,0,0x110,STD,8,2026-01-28T18:48:48.361216,03 00 03 00 91 41 93 47,03000300,0.000000
4103,0,0x10F,STD,8,2026-01-28T18:48:48.407226,03 00 03 00 E8 06 8A 3C,03000300,0.000000
4104,0,0x110,STD,8,2026-01-28T18:48:48.431232,03 00 03 00 8C 92 16 48,03000300,0.000000
4105,0,0x10F,STD,8,2026-01-28T18:48:48.477242,03 00 03 00 85 36 86 3C,03000300,0.000000
4106,0,0x110,STD,8,2026-01-28T18:48:48.500752,03 00 03 00 84 52 0A 48,03000300,0.000000
4107,0,0x10F,STD,8,2026-01-28T18:48:48.557765,03 00 03 00 7C B5 C3 3C,03000300,0.000000
4108,0,0x110,STD,8,2026-01-28T18:48:48.581770,03 00 03 00 30 D9 55 48,03000300,0.000000
4109,0,0x10F,STD,8,2026-01-28T18:48:48.638783,03 00 03 00 D7 5B A2 3C,03000300,0.000000
4110,0,0x110,STD,8,2026-01-28T18:48:48.662788,03 00 03 00 28 73 CB 47,03000300,0.000000
4111,0,0x10F,STD,8,2026-01-28T18:48:48.719801,03 00 03 00 FD 8C B9 3C,03000300,0.000000
4112,0,0x110,STD,8,2026-01-28T18:48:48.743807,03 00 03 00 29 7A BC 47,03000300,0.000000
4113,0,0x10F,STD,8,2026-01-28T18:48:48.800819,03 00 03 00 49 E2 8C 3C,03000300,0.000000
4114,0,0x110,STD,8,2026-01-28T18:48:48.824154,03 00 03 00 68 65 2D 48,03000300,0.000000
4115,0,0x10F,STD,8,2026-01-28T18:48:48.881167,03 00 03 00 F4 CB 52 3C,03000300,0.000000
4116,0,0x110,STD,8,2026-01-28T18:48:48.905172,03 00 03 00 36 FB F1 47,03000300,0.000000
4117,0,0x10F,STD,8,2026-01-28T18:48:48.966186,03 00 03 00 8E 13 17 3C,03000300,0.000000
4118,0,0x110,STD,8,2026-01-28T18:48:48.980189,03 00 03 00 74 04 BB 47,03000300,0.000000
4119,0,0x10F,STD,8,2026-01-28T18:48:49.037201,03 00 03 00 3A 83 2B 3C,03000300,0.000000
4120,0,0x10F,STD,8,2026-01-28T18:48:49.060710,03 00 01 00 00 00 00 00,03000100,0.000000
4121,0,0x10F,STD,8,2026-01-28T18:48:49.060710,03 00 01 00 00 00 00 00,03000100,0.000000
4122,0,0x110,STD,8,2026-01-28T18:48:49.060710,03 00 01 00 00 00 00 00,03000100,0.000000
4123,0,0x10F,STD,8,2026-01-28T18:48:49.060710,03 00 02 00 AE 60 3F 41,03000200,0.000000
4124,0,0x110,STD,8,2026-01-28T18:48:49.060710,03 00 02 00 AE 60 3F 41,03000200,0.000000
4125,0,0x10F,STD,8,2026-01-28T18:48:49.117723,03 00 03 00 BC E0 93 3B,03000300,0.000000
4126,0,0x110,STD,8,2026-01-28T18:48:49.141232,03 00 03 00 E5 B1 2B 48,03000300,0.000000
4127,0,0x10F,STD,8,2026-01-28T18:48:49.197747,03 00 03 00 E0 20 0E 3C,03000300,0.000000
4128,0,0x110,STD,8,2026-01-28T18:48:49.221753,03 00 03 00 52 4D F7 47,03000300,0.000000
4129,0,0x10F,STD,8,2026-01-28T18:48:49.278765,03 00 03 00 EA 2C 4F 3C,03000300,0.000000
4130,0,0x110,STD,8,2026-01-28T18:48:49.302275,03 00 03 00 A2 12 44 48,03000300,0.000000
4131,0,0x10F,STD,8,2026-01-28T18:48:49.359288,03 00 03 00 27 63 5B 3C,03000300,0.000000
4132,0,0x110,STD,8,2026-01-28T18:48:49.383293,03 00 03 00 17 74 66 48,03000300,0.000000
4133,0,0x10F,STD,8,2026-01-28T18:48:49.440306,03 00 03 00 04 19 49 3C,03000300,0.000000
4134,0,0x110,STD,8,2026-01-28T18:48:49.464311,03 00 03 00 E1 2A C5 47,03000300,0.000000
4135,0,0x10F,STD,8,2026-01-28T18:48:49.521324,03 00 03 00 96 A2 77 3C,03000300,0.000000
4136,0,0x110,STD,8,2026-01-28T18:48:49.545330,03 00 03 00 CD 82 35 48,03000300,0.000000
4137,0,0x10F,STD,8,2026-01-28T18:48:49.602342,03 00 03 00 B1 22 E7 3B,03000300,0.000000
4138,0,0x110,STD,8,2026-01-28T18:48:49.626347,03 00 03 00 55 89 AF 47,03000300,0.000000
4139,0,0x10F,STD,8,2026-01-28T18:48:49.672358,03 00 03 00 64 1B 80 3C,03000300,0.000000
4140,0,0x110,STD,8,2026-01-28T18:48:49.696363,03 00 03 00 40 A9 2A 48,03000300,0.000000
4141,0,0x10F,STD,8,2026-01-28T18:48:49.753376,03 00 03 00 DA 6A 22 3C,03000300,0.000000
4142,0,0x110,STD,8,2026-01-28T18:48:49.777382,03 00 03 00 1C 1B 54 48,03000300,0.000000
4143,0,0x10F,STD,8,2026-01-28T18:48:49.834395,03 00 03 00 CB 0D 0E 3C,03000300,0.000000
4144,0,0x110,STD,8,2026-01-28T18:48:49.858400,03 00 03 00 16 6B 6A 47,03000300,0.000000
4145,0,0x10F,STD,8,2026-01-28T18:48:49.915413,03 00 03 00 8B 7A 7F 3C,03000300,0.000000
4146,0,0x110,STD,8,2026-01-28T18:48:49.939418,03 00 03 00 3F 33 07 47,03000300,0.000000
4147,0,0x10F,STD,8,2026-01-28T18:48:49.996431,03 00 03 00 B6 D0 78 3C,03000300,0.000000
4148,0,0x110,STD,8,2026-01-28T18:48:50.020437,03 00 03 00 9B E5 8B 47,03000300,0.000000
4149,0,0x10F,STD,8,2026-01-28T18:48:50.077449,03 00 03 00 9C AD 74 3C,03000300,0.000000
4150,0,0x110,STD,8,2026-01-28T18:48:50.101455,03 00 03 00 24 BD 75 47,03000300,0.000000
4151,0,0x10F,STD,8,2026-01-28T18:48:50.136463,03 00 01 00 00 00 00 00,03000100,0.000000
4152,0,0x110,STD,8,2026-01-28T18:48:50.136463,03 00 01 00 00 00 00 00,03000100,0.000000
4153,0,0x10F,STD,8,2026-01-28T18:48:50.138463,03 00 02 00 C2 01 47 41,03000200,0.000000
4154,0,0x110,STD,8,2026-01-28T18:48:50.138463,03 00 02 00 C2 01 47 41,03000200,0.000000
4155,0,0x10F,STD,8,2026-01-28T18:48:50.151467,03 00 03 00 E5 4C 6A 3C,03000300,0.000000
4156,0,0x110,STD,8,2026-01-28T18:48:50.175472,03 00 03 00 DB CA 22 48,03000300,0.000000
4157,0,0x10F,STD,8,2026-01-28T18:48:50.232484,03 00 03 00 B5 F8 92 3B,03000300,0.000000
4158,0,0x110,STD,8,2026-01-28T18:48:50.256490,03 00 03 00 78 F8 32 48,03000300,0.000000
4159,0,0x10F,STD,8,2026-01-28T18:48:50.313503,03 00 03 00 DE 8F 8B 3C,03000300,0.000000
4160,0,0x110,STD,8,2026-01-28T18:48:50.337507,03 00 03 00 34 5D 99 47,03000300,0.000000
4161,0,0x10F,STD,8,2026-01-28T18:48:50.399026,03 00 03 00 38 D1 C1 3C,03000300,0.000000
4162,0,0x110,STD,8,2026-01-28T18:48:50.423031,03 00 03 00 E5 1F A9 47,03000300,0.000000
4163,0,0x10F,STD,8,2026-01-28T18:48:50.480045,03 00 03 00 35 87 5B 3C,03000300,0.000000
4164,0,0x110,STD,8,2026-01-28T18:48:50.504050,03 00 03 00 E4 CA 2A 48,03000300,0.000000
4165,0,0x10F,STD,8,2026-01-28T18:48:50.550060,03 00 03 00 D4 30 04 3D,03000300,0.000000
4166,0,0x110,STD,8,2026-01-28T18:48:50.574066,03 00 03 00 B2 28 19 48,03000300,0.000000
4167,0,0x10F,STD,8,2026-01-28T18:48:50.631079,03 00 03 00 0A 02 BD 3C,03000300,0.000000
4168,0,0x110,STD,8,2026-01-28T18:48:50.655084,03 00 03 00 16 5C 3C 48,03000300,0.000000
4169,0,0x10F,STD,8,2026-01-28T18:48:50.712097,03 00 03 00 AF 47 EC 3C,03000300,0.000000
4170,0,0x110,STD,8,2026-01-28T18:48:50.736102,03 00 03 00 79 03 42 48,03000300,0.000000
4171,0,0x10F,STD,8,2026-01-28T18:48:50.792617,03 00 03 00 CB 52 A0 3C,03000300,0.000000
4172,0,0x110,STD,8,2026-01-28T18:48:50.816623,03 00 03 00 FB 03 3F 48,03000300,0.000000
4173,0,0x10F,STD,8,2026-01-28T18:48:50.873635,03 00 03 00 9F B1 0D 3D,03000300,0.000000
4174,0,0x110,STD,8,2026-01-28T18:48:50.897641,03 00 03 00 E0 23 20 48,03000300,0.000000
4175,0,0x10F,STD,8,2026-01-28T18:48:50.954654,03 00 03 00 C2 18 01 3D,03000300,0.000000
4176,0,0x110,STD,8,2026-01-28T18:48:50.978660,03 00 03 00 FD 2F 6C 47,03000300,0.000000
4177,0,0x10F,STD,8,2026-01-28T18:48:51.035672,03 00 03 00 7F 48 5D 3C,03000300,0.000000
4178,0,0x110,STD,8,2026-01-28T18:48:51.059180,03 00 03 00 A5 74 64 47,03000300,0.000000
4179,0,0x10F,STD,8,2026-01-28T18:48:51.116194,03 00 03 00 28 0A D2 3C,03000300,0.000000
4180,0,0x110,STD,8,2026-01-28T18:48:51.140199,03 00 03 00 54 D3 BF 47,03000300,0.000000
4181,0,0x10F,STD,8,2026-01-28T18:48:51.196930,03 00 03 00 95 23 4F 3C,03000300,0.000000
4182,0,0x110,STD,8,2026-01-28T18:48:51.220677,03 00 03 00 5B 7B D0 47,03000300,0.000000
4183,0,0x10F,STD,8,2026-01-28T18:48:51.220677,03 00 01 00 00 00 00 00,03000100,0.000000
4184,0,0x110,STD,8,2026-01-28T18:48:51.220677,03 00 01 00 00 00 00 00,03000100,0.000000
4185,0,0x10F,STD,8,2026-01-28T18:48:51.220677,03 00 02 00 0F E3 3F 41,03000200,0.000000
4186,0,0x110,STD,8,2026-01-28T18:48:51.220677,03 00 02 00 0F E3 3F 41,03000200,0.000000
4187,0,0x10F,STD,8,2026-01-28T18:48:51.276996,03 00 03 00 CA 95 80 3C,03000300,0.000000
4188,0,0x110,STD,8,2026-01-28T18:48:51.301003,03 00 03 00 B7 62 FA 47,03000300,0.000000
4189,0,0x10F,STD,8,2026-01-28T18:48:51.346516,03 00 03 00 A3 6F 13 3C,03000300,0.000000
4190,0,0x110,STD,8,2026-01-28T18:48:51.370523,03 00 03 00 98 88 19 48,03000300,0.000000
4191,0,0x10F,STD,8,2026-01-28T18:48:51.427091,03 00 03 00 C0 71 7A 3B,03000300,0.000000
4192,0,0x110,STD,8,2026-01-28T18:48:51.461019,03 00 03 00 55 D9 3B 48,03000300,0.000000
4193,0,0x10F,STD,8,2026-01-28T18:48:51.506533,03 00 03 00 D6 38 6A 3C,03000300,0.000000
4194,0,0x110,STD,8,2026-01-28T18:48:51.530044,03 00 03 00 53 09 18 48,03000300,0.000000
4195,0,0x10F,STD,8,2026-01-28T18:48:51.587056,03 00 03 00 4B DE 45 3C,03000300,0.000000
4196,0,0x110,STD,8,2026-01-28T18:48:51.611030,03 00 03 00 C1 29 B1 47,03000300,0.000000
4197,0,0x10F,STD,8,2026-01-28T18:48:51.668045,03 00 03 00 6F 1A 6E 3C,03000300,0.000000
4198,0,0x110,STD,8,2026-01-28T18:48:51.692050,03 00 03 00 ED E2 04 47,03000300,0.000000
4199,0,0x10F,STD,8,2026-01-28T18:48:51.748017,03 00 03 00 A5 8E 1D 3C,03000300,0.000000
4200,0,0x110,STD,8,2026-01-28T18:48:51.772022,03 00 03 00 84 D0 BA 47,03000300,0.000000
4201,0,0x10F,STD,8,2026-01-28T18:48:51.829035,03 00 03 00 B6 69 18 3D,03000300,0.000000
4202,0,0x110,STD,8,2026-01-28T18:48:51.853040,03 00 03 00 4B F4 87 48,03000300,0.000000
4203,0,0x10F,STD,8,2026-01-28T18:48:51.910053,03 00 03 00 57 75 F5 3C,03000300,0.000000
4204,0,0x110,STD,8,2026-01-28T18:48:51.934058,03 00 03 00 56 FE 53 48,03000300,0.000000
4205,0,0x10F,STD,8,2026-01-28T18:48:51.993072,03 00 03 00 6C 18 22 3D,03000300,0.000000
4206,0,0x110,STD,8,2026-01-28T18:48:52.016737,03 00 03 00 40 BB 8B 48,03000300,0.000000
4207,0,0x10F,STD,8,2026-01-28T18:48:52.062748,03 00 03 00 BA 74 FA 3C,03000300,0.000000
4208,0,0x110,STD,8,2026-01-28T18:48:52.097260,03 00 03 00 AD EE 64 48,03000300,0.000000
4209,0,0x10F,STD,8,2026-01-28T18:48:52.143270,03 00 03 00 39 4F FF 3C,03000300,0.000000
4210,0,0x110,STD,8,2026-01-28T18:48:52.166677,03 00 03 00 AE BE 23 48,03000300,0.000000
4211,0,0x10F,STD,8,2026-01-28T18:48:52.223690,03 00 03 00 0E 99 02 3D,03000300,0.000000
4212,0,0x110,STD,8,2026-01-28T18:48:52.246988,03 00 03 00 B0 56 32 48,03000300,0.000000
4213,0,0x10F,STD,8,2026-01-28T18:48:52.304001,03 00 01 00 00 00 00 00,03000100,0.000000
4214,0,0x10F,STD,8,2026-01-28T18:48:52.304001,03 00 03 00 69 F5 C4 3C,03000300,0.000000
4215,0,0x110,STD,8,2026-01-28T18:48:52.306001,03 00 01 00 00 00 00 00,03000100,0.000000
4216,0,0x10F,STD,8,2026-01-28T18:48:52.306001,03 00 01 00 00 00 00 00,03000100,0.000000
4217,0,0x110,STD,8,2026-01-28T18:48:52.308002,03 00 01 00 00 00 00 00,03000100,0.000000
4218,0,0x110,STD,8,2026-01-28T18:48:52.331510,03 00 03 00 40 A2 B9 47,03000300,0.000000
4219,0,0x10F,STD,8,2026-01-28T18:48:52.385522,03 00 03 00 8D 70 BA 3C,03000300,0.000000
4220,0,0x110,STD,8,2026-01-28T18:48:52.409527,03 00 03 00 27 F9 3A 48,03000300,0.000000
4221,0,0x10F,STD,8,2026-01-28T18:48:52.466540,03 00 03 00 B1 1F 44 3C,03000300,0.000000
4222,0,0x110,STD,8,2026-01-28T18:48:52.490545,03 00 03 00 16 98 FE 47,03000300,0.000000
4223,0,0x10F,STD,8,2026-01-28T18:48:52.547558,03 00 03 00 88 A9 81 3C,03000300,0.000000
4224,0,0x110,STD,8,2026-01-28T18:48:52.571346,03 00 03 00 38 F9 BE 47,03000300,0.000000
4225,0,0x10F,STD,8,2026-01-28T18:48:52.628359,03 00 03 00 1B 3F 9F 3C,03000300,0.000000
4226,0,0x110,STD,8,2026-01-28T18:48:52.652365,03 00 03 00 ED 30 08 48,03000300,0.000000
4227,0,0x10F,STD,8,2026-01-28T18:48:52.709377,03 00 03 00 95 B1 A6 3C,03000300,0.000000
4228,0,0x110,STD,8,2026-01-28T18:48:52.733383,03 00 03 00 2C 1A 9A 47,03000300,0.000000
4229,0,0x10F,STD,8,2026-01-28T18:48:52.790395,03 00 03 00 C7 E2 61 3C,03000300,0.000000
4230,0,0x110,STD,8,2026-01-28T18:48:52.813904,03 00 03 00 4D 28 60 48,03000300,0.000000
4231,0,0x10F,STD,8,2026-01-28T18:48:52.870917,03 00 03 00 7C E6 BC 3C,03000300,0.000000
4232,0,0x110,STD,8,2026-01-28T18:48:52.894923,03 00 03 00 B6 B9 FE 47,03000300,0.000000
4233,0,0x10F,STD,8,2026-01-28T18:48:52.951935,03 00 03 00 7A C7 A0 3C,03000300,0.000000
4234,0,0x110,STD,8,2026-01-28T18:48:52.975941,03 00 03 00 96 EB 05 48,03000300,0.000000
4235,0,0x10F,STD,8,2026-01-28T18:48:53.021951,03 00 03 00 11 B1 B8 3C,03000300,0.000000
4236,0,0x110,STD,8,2026-01-28T18:48:53.045956,03 00 03 00 B1 D4 28 48,03000300,0.000000
4237,0,0x10F,STD,8,2026-01-28T18:48:53.102969,03 00 03 00 B5 74 D4 3C,03000300,0.000000
4238,0,0x110,STD,8,2026-01-28T18:48:53.126975,03 00 03 00 EF 5C A8 47,03000300,0.000000
4239,0,0x10F,STD,8,2026-01-28T18:48:53.183624,03 00 03 00 E2 C0 41 3C,03000300,0.000000
4240,0,0x110,STD,8,2026-01-28T18:48:53.207134,03 00 03 00 B4 48 B3 47,03000300,0.000000
4241,0,0x10F,STD,8,2026-01-28T18:48:53.264147,03 00 03 00 95 5B 62 3C,03000300,0.000000
4242,0,0x110,STD,8,2026-01-28T18:48:53.287655,03 00 03 00 3B 24 B7 47,03000300,0.000000
4243,0,0x10F,STD,8,2026-01-28T18:48:53.344203,03 00 03 00 99 8C 03 3C,03000300,0.000000
4244,0,0x110,STD,8,2026-01-28T18:48:53.368750,03 00 03 00 0E 08 8D 47,03000300,0.000000
4245,0,0x10F,STD,8,2026-01-28T18:48:53.392756,03 00 02 00 0E E6 2D 41,03000200,0.000000
4246,0,0x110,STD,8,2026-01-28T18:48:53.392756,03 00 02 00 0E E6 2D 41,03000200,0.000000
4247,0,0x110,STD,8,2026-01-28T18:48:53.392756,03 00 01 00 00 00 00 00,03000100,0.000000
4248,0,0x10F,STD,8,2026-01-28T18:48:53.392756,03 00 02 00 64 D1 38 41,03000200,0.000000
4249,0,0x10F,STD,8,2026-01-28T18:48:53.426140,03 00 03 00 41 85 48 3C,03000300,0.000000
4250,0,0x110,STD,8,2026-01-28T18:48:53.449663,03 00 03 00 FD 2A 30 48,03000300,0.000000
4251,0,0x10F,STD,8,2026-01-28T18:48:53.506255,03 00 03 00 28 0C 19 3C,03000300,0.000000
4252,0,0x110,STD,8,2026-01-28T18:48:53.530261,03 00 03 00 5F DC C9 47,03000300,0.000000
4253,0,0x10F,STD,8,2026-01-28T18:48:53.587273,03 00 03 00 B9 2E F7 3C,03000300,0.000000
4254,0,0x110,STD,8,2026-01-28T18:48:53.611279,03 00 03 00 F4 CC C9 47,03000300,0.000000
4255,0,0x10F,STD,8,2026-01-28T18:48:53.667987,03 00 03 00 52 E8 C9 3C,03000300,0.000000
4256,0,0x110,STD,8,2026-01-28T18:48:53.680990,03 00 03 00 53 38 83 47,03000300,0.000000
4257,0,0x10F,STD,8,2026-01-28T18:48:53.737606,03 00 03 00 D2 DC 2B 3C,03000300,0.000000
4258,0,0x110,STD,8,2026-01-28T18:48:53.771914,03 00 03 00 E8 B4 FF 47,03000300,0.000000
4259,0,0x10F,STD,8,2026-01-28T18:48:53.829191,03 00 03 00 B7 F5 1C 3C,03000300,0.000000
4260,0,0x110,STD,8,2026-01-28T18:48:53.842195,03 00 03 00 89 3F 72 47,03000300,0.000000
4261,0,0x10F,STD,8,2026-01-28T18:48:53.898886,03 00 03 00 6A 3A D8 3B,03000300,0.000000
4262,0,0x110,STD,8,2026-01-28T18:48:53.922303,03 00 03 00 6B BD 1C 48,03000300,0.000000
4263,0,0x10F,STD,8,2026-01-28T18:48:53.978876,03 00 03 00 A5 67 59 3C,03000300,0.000000
4264,0,0x110,STD,8,2026-01-28T18:48:54.002883,03 00 03 00 CE 70 DC 47,03000300,0.000000
4265,0,0x10F,STD,8,2026-01-28T18:48:54.059896,03 00 03 00 29 C1 52 3C,03000300,0.000000
4266,0,0x110,STD,8,2026-01-28T18:48:54.083902,03 00 03 00 05 35 6E 47,03000300,0.000000
4267,0,0x10F,STD,8,2026-01-28T18:48:54.140915,03 00 03 00 FD 1D 81 3C,03000300,0.000000
4268,0,0x110,STD,8,2026-01-28T18:48:54.164920,03 00 03 00 41 E5 1F 47,03000300,0.000000
4269,0,0x10F,STD,8,2026-01-28T18:48:54.221436,03 00 03 00 B2 AA 57 3C,03000300,0.000000
4270,0,0x110,STD,8,2026-01-28T18:48:54.244865,03 00 03 00 8B 80 9F 47,03000300,0.000000
4271,0,0x10F,STD,8,2026-01-28T18:48:54.301878,03 00 03 00 4C B2 1F 3C,03000300,0.000000
4272,0,0x110,STD,8,2026-01-28T18:48:54.325883,03 00 03 00 B0 4A 0E 48,03000300,0.000000
4273,0,0x10F,STD,8,2026-01-28T18:48:54.383896,03 00 03 00 8C D2 3C 3C,03000300,0.000000
4274,0,0x110,STD,8,2026-01-28T18:48:54.407165,03 00 03 00 BF BF 02 48,03000300,0.000000
4275,0,0x10F,STD,8,2026-01-28T18:48:54.464177,03 00 03 00 6F EB 16 3C,03000300,0.000000
4276,0,0x110,STD,8,2026-01-28T18:48:54.477180,03 00 02 00 64 D1 38 41,03000200,0.000000
4277,0,0x10F,STD,8,2026-01-28T18:48:54.477180,03 00 01 00 00 00 00 00,03000100,0.000000
4278,0,0x10F,STD,8,2026-01-28T18:48:54.477180,03 00 02 00 86 61 2C 41,03000200,0.000000
4279,0,0x110,STD,8,2026-01-28T18:48:54.477180,03 00 02 00 86 61 2C 41,03000200,0.000000
4280,0,0x110,STD,8,2026-01-28T18:48:54.479181,03 00 03 00 AD 22 06 48,03000300,0.000000
4281,0,0x10F,STD,8,2026-01-28T18:48:54.536194,03 00 03 00 98 F9 38 3C,03000300,0.000000
4282,0,0x110,STD,8,2026-01-28T18:48:54.559619,03 00 03 00 E6 94 CA 47,03000300,0.000000
4283,0,0x10F,STD,8,2026-01-28T18:48:54.616632,03 00 03 00 58 AB 9D 3C,03000300,0.000000
4284,0,0x110,STD,8,2026-01-28T18:48:54.640637,03 00 03 00 72 DB 2C 48,03000300,0.000000
4285,0,0x10F,STD,8,2026-01-28T18:48:54.697055,03 00 03 00 D2 DB A8 3C,03000300,0.000000
4286,0,0x110,STD,8,2026-01-28T18:48:54.721060,03 00 03 00 CE 7A FA 47,03000300,0.000000
4287,0,0x10F,STD,8,2026-01-28T18:48:54.777345,03 00 03 00 1E 1D 02 3D,03000300,0.000000
4288,0,0x110,STD,8,2026-01-28T18:48:54.801350,03 00 03 00 2D 0D CB 47,03000300,0.000000
4289,0,0x10F,STD,8,2026-01-28T18:48:54.858363,03 00 03 00 64 24 05 3D,03000300,0.000000
4290,0,0x110,STD,8,2026-01-28T18:48:54.882369,03 00 03 00 3E 78 2F 48,03000300,0.000000
4291,0,0x10F,STD,8,2026-01-28T18:48:54.939382,03 00 03 00 B7 63 57 3C,03000300,0.000000
4292,0,0x110,STD,8,2026-01-28T18:48:54.972389,03 00 03 00 26 B6 64 47,03000300,0.000000
4293,0,0x10F,STD,8,2026-01-28T18:48:55.019400,03 00 03 00 3A CE A6 3B,03000300,0.000000
4294,0,0x110,STD,8,2026-01-28T18:48:55.043405,03 00 03 00 EF BA 06 48,03000300,0.000000
4295,0,0x10F,STD,8,2026-01-28T18:48:55.099921,03 00 03 00 F0 E2 23 3C,03000300,0.000000
4296,0,0x110,STD,8,2026-01-28T18:48:55.123927,03 00 03 00 34 EE 07 48,03000300,0.000000
4297,0,0x10F,STD,8,2026-01-28T18:48:55.180940,03 00 03 00 D6 01 03 3C,03000300,0.000000
4298,0,0x110,STD,8,2026-01-28T18:48:55.204945,03 00 03 00 63 DF 5F 48,03000300,0.000000
4299,0,0x10F,STD,8,2026-01-28T18:48:55.261159,03 00 03 00 26 44 01 3C,03000300,0.000000
4300,0,0x110,STD,8,2026-01-28T18:48:55.285164,03 00 03 00 DC 36 39 48,03000300,0.000000
4301,0,0x10F,STD,8,2026-01-28T18:48:55.342176,03 00 03 00 65 A9 35 3C,03000300,0.000000
4302,0,0x110,STD,8,2026-01-28T18:48:55.355179,03 00 03 00 7E D6 38 48,03000300,0.000000
4303,0,0x10F,STD,8,2026-01-28T18:48:55.412192,03 00 03 00 E1 10 59 3C,03000300,0.000000
4304,0,0x110,STD,8,2026-01-28T18:48:55.436198,03 00 03 00 57 A5 18 48,03000300,0.000000
4305,0,0x10F,STD,8,2026-01-28T18:48:55.493211,03 00 03 00 E7 96 6A 3C,03000300,0.000000
4306,0,0x110,STD,8,2026-01-28T18:48:55.517216,03 00 03 00 AB EA F8 47,03000300,0.000000
4307,0,0x10F,STD,8,2026-01-28T18:48:55.563226,03 00 01 00 00 00 00 00,03000100,0.000000
4308,0,0x110,STD,8,2026-01-28T18:48:55.563226,03 00 01 00 00 00 00 00,03000100,0.000000
4309,0,0x10F,STD,8,2026-01-28T18:48:55.563226,03 00 02 00 D2 45 3B 41,03000200,0.000000
4310,0,0x110,STD,8,2026-01-28T18:48:55.563226,03 00 02 00 D2 45 3B 41,03000200,0.000000
4311,0,0x10F,STD,8,2026-01-28T18:48:55.576229,03 00 03 00 EA 7D 91 3C,03000300,0.000000
4312,0,0x110,STD,8,2026-01-28T18:48:55.600235,03 00 03 00 CF 84 4B 48,03000300,0.000000
4313,0,0x10F,STD,8,2026-01-28T18:48:55.656323,03 00 03 00 CD 0B 88 3B,03000300,0.000000
4314,0,0x110,STD,8,2026-01-28T18:48:55.680328,03 00 03 00 EB 6C D2 47,03000300,0.000000
4315,0,0x10F,STD,8,2026-01-28T18:48:55.736780,03 00 03 00 3B A7 A9 3B,03000300,0.000000
4316,0,0x110,STD,8,2026-01-28T18:48:55.760786,03 00 03 00 74 C1 08 48,03000300,0.000000
4317,0,0x10F,STD,8,2026-01-28T18:48:55.817799,03 00 03 00 94 EF 70 3C,03000300,0.000000
4318,0,0x110,STD,8,2026-01-28T18:48:55.841803,03 00 03 00 9A BC AD 47,03000300,0.000000
4319,0,0x10F,STD,8,2026-01-28T18:48:55.898309,03 00 03 00 DE 87 9B 3C,03000300,0.000000
4320,0,0x110,STD,8,2026-01-28T18:48:55.922315,03 00 03 00 82 3E 1D 48,03000300,0.000000
4321,0,0x10F,STD,8,2026-01-28T18:48:55.979327,03 00 03 00 FB A1 A2 3C,03000300,0.000000
4322,0,0x110,STD,8,2026-01-28T18:48:56.003333,03 00 03 00 72 2B 59 48,03000300,0.000000
4323,0,0x10F,STD,8,2026-01-28T18:48:56.049343,03 00 03 00 17 35 B9 3C,03000300,0.000000
4324,0,0x110,STD,8,2026-01-28T18:48:56.073349,03 00 03 00 EC A5 F5 47,03000300,0.000000
4325,0,0x10F,STD,8,2026-01-28T18:48:56.134362,03 00 03 00 BB 4C DE 3B,03000300,0.000000
4326,0,0x110,STD,8,2026-01-28T18:48:56.158292,03 00 03 00 A5 A5 E2 47,03000300,0.000000
4327,0,0x10F,STD,8,2026-01-28T18:48:56.215305,03 00 03 00 EA 5E 98 3B,03000300,0.000000
4328,0,0x110,STD,8,2026-01-28T18:48:56.239310,03 00 03 00 EC B0 03 48,03000300,0.000000
4329,0,0x10F,STD,8,2026-01-28T18:48:56.295827,03 00 03 00 31 E3 23 3C,03000300,0.000000
4330,0,0x110,STD,8,2026-01-28T18:48:56.319833,03 00 03 00 C0 38 6B 47,03000300,0.000000
4331,0,0x10F,STD,8,2026-01-28T18:48:56.376846,03 00 03 00 AB 66 20 3C,03000300,0.000000
4332,0,0x110,STD,8,2026-01-28T18:48:56.400851,03 00 03 00 AA 02 D7 47,03000300,0.000000
4333,0,0x10F,STD,8,2026-01-28T18:48:56.456996,03 00 03 00 2D D8 05 3C,03000300,0.000000
4334,0,0x110,STD,8,2026-01-28T18:48:56.481001,03 00 03 00 B9 F8 BA 47,03000300,0.000000
4335,0,0x10F,STD,8,2026-01-28T18:48:56.537139,03 00 03 00 FB 4D 98 3C,03000300,0.000000
4336,0,0x110,STD,8,2026-01-28T18:48:56.560522,03 00 03 00 5B AC FA 47,03000300,0.000000
4337,0,0x10F,STD,8,2026-01-28T18:48:56.606531,03 00 03 00 CD E6 C5 3C,03000300,0.000000
4338,0,0x110,STD,8,2026-01-28T18:48:56.641539,03 00 03 00 FF B5 5D 48,03000300,0.000000
4339,0,0x10F,STD,8,2026-01-28T18:48:56.641539,03 00 01 00 00 00 00 00,03000100,0.000000
4340,0,0x110,STD,8,2026-01-28T18:48:56.641539,03 00 01 00 00 00 00 00,03000100,0.000000
4341,0,0x110,STD,8,2026-01-28T18:48:56.641539,03 00 01 00 00 00 00 00,03000100,0.000000
4342,0,0x10F,STD,8,2026-01-28T18:48:56.643539,03 00 02 00 AD 69 31 41,03000200,0.000000
4343,0,0x10F,STD,8,2026-01-28T18:48:56.689053,03 00 03 00 BC DD 45 3C,03000300,0.000000
4344,0,0x110,STD,8,2026-01-28T18:48:56.713058,03 00 03 00 47 3D 10 48,03000300,0.000000
4345,0,0x10F,STD,8,2026-01-28T18:48:56.769096,03 00 03 00 D9 06 7F 3C,03000300,0.000000
4346,0,0x110,STD,8,2026-01-28T18:48:56.793102,03 00 03 00 76 59 1A 48,03000300,0.000000
4347,0,0x10F,STD,8,2026-01-28T18:48:56.850114,03 00 03 00 49 91 11 3C,03000300,0.000000
4348,0,0x110,STD,8,2026-01-28T18:48:56.873622,03 00 03 00 0A 5E FA 47,03000300,0.000000
4349,0,0x10F,STD,8,2026-01-28T18:48:56.930634,03 00 03 00 F0 6D 87 3C,03000300,0.000000
4350,0,0x110,STD,8,2026-01-28T18:48:56.954144,03 00 03 00 B6 FC 12 47,03000300,0.000000
4351,0,0x10F,STD,8,2026-01-28T18:48:57.011117,03 00 03 00 78 C6 21 3C,03000300,0.000000
4352,0,0x110,STD,8,2026-01-28T18:48:57.035109,03 00 03 00 27 52 8E 47,03000300,0.000000
4353,0,0x10F,STD,8,2026-01-28T18:48:57.091663,03 00 03 00 13 0D C2 3C,03000300,0.000000
4354,0,0x110,STD,8,2026-01-28T18:48:57.115505,03 00 03 00 55 86 B1 47,03000300,0.000000
4355,0,0x10F,STD,8,2026-01-28T18:48:57.172519,03 00 03 00 38 DE 89 3C,03000300,0.000000
4356,0,0x110,STD,8,2026-01-28T18:48:57.196028,03 00 03 00 44 A8 1C 48,03000300,0.000000
4357,0,0x10F,STD,8,2026-01-28T18:48:57.252546,03 00 03 00 8F 9B 97 3C,03000300,0.000000
4358,0,0x110,STD,8,2026-01-28T18:48:57.276551,03 00 03 00 2A 6C 2F 48,03000300,0.000000
4359,0,0x10F,STD,8,2026-01-28T18:48:57.333564,03 00 03 00 AC 93 5A 3C,03000300,0.000000
4360,0,0x110,STD,8,2026-01-28T18:48:57.357570,03 00 03 00 BF 26 03 48,03000300,0.000000
4361,0,0x10F,STD,8,2026-01-28T18:48:57.403580,03 00 03 00 13 68 C8 3C,03000300,0.000000
4362,0,0x110,STD,8,2026-01-28T18:48:57.427584,03 00 03 00 E5 25 E5 47,03000300,0.000000
4363,0,0x10F,STD,8,2026-01-28T18:48:57.484598,03 00 03 00 76 14 FF 3C,03000300,0.000000
4364,0,0x110,STD,8,2026-01-28T18:48:57.508603,03 00 03 00 1A 9E 09 48,03000300,0.000000
4365,0,0x10F,STD,8,2026-01-28T18:48:57.565616,03 00 03 00 B1 82 9F 3C,03000300,0.000000
4366,0,0x110,STD,8,2026-01-28T18:48:57.589621,03 00 03 00 BF B8 5A 47,03000300,0.000000
4367,0,0x10F,STD,8,2026-01-28T18:48:57.646634,03 00 03 00 A0 40 04 3D,03000300,0.000000
4368,0,0x110,STD,8,2026-01-28T18:48:57.670640,03 00 03 00 7E F9 19 47,03000300,0.000000
4369,0,0x10F,STD,8,2026-01-28T18:48:57.727652,03 00 03 00 0B 1D 23 3C,03000300,0.000000
4370,0,0x110,STD,8,2026-01-28T18:48:57.740656,03 00 02 00 AD 69 31 41,03000200,0.000000
4371,0,0x10F,STD,8,2026-01-28T18:48:57.742656,03 00 01 00 00 00 00 00,03000100,0.000000
4372,0,0x110,STD,8,2026-01-28T18:48:57.755659,03 00 02 00 48 D3 45 41,03000200,0.000000
4373,0,0x110,STD,8,2026-01-28T18:48:57.755659,03 00 02 00 48 D3 45 41,03000200,0.000000
4374,0,0x10F,STD,8,2026-01-28T18:48:57.755659,03 00 01 00 00 00 00 00,03000100,0.000000
4375,0,0x10F,STD,8,2026-01-28T18:48:57.812672,03 00 03 00 89 41 81 3C,03000300,0.000000
4376,0,0x110,STD,8,2026-01-28T18:48:57.836677,03 00 03 00 C5 C5 A3 47,03000300,0.000000
4377,0,0x10F,STD,8,2026-01-28T18:48:57.882688,03 00 03 00 4B E8 1B 3C,03000300,0.000000
4378,0,0x110,STD,8,2026-01-28T18:48:57.906692,03 00 03 00 13 51 C3 47,03000300,0.000000
4379,0,0x10F,STD,8,2026-01-28T18:48:57.966707,03 00 03 00 9F BE 99 3C,03000300,0.000000
4380,0,0x110,STD,8,2026-01-28T18:48:57.990712,03 00 03 00 23 87 6F 47,03000300,0.000000
4381,0,0x10F,STD,8,2026-01-28T18:48:58.047725,03 00 03 00 00 8B EF 3B,03000300,0.000000
4382,0,0x110,STD,8,2026-01-28T18:48:58.071730,03 00 03 00 59 E3 C6 47,03000300,0.000000
4383,0,0x10F,STD,8,2026-01-28T18:48:58.132470,03 00 03 00 34 04 49 3C,03000300,0.000000
4384,0,0x110,STD,8,2026-01-28T18:48:58.145474,03 00 03 00 75 1B E8 47,03000300,0.000000
4385,0,0x10F,STD,8,2026-01-28T18:48:58.202056,03 00 03 00 CA AC D5 3C,03000300,0.000000
4386,0,0x110,STD,8,2026-01-28T18:48:58.226061,03 00 03 00 BB A0 09 48,03000300,0.000000
4387,0,0x10F,STD,8,2026-01-28T18:48:58.282055,03 00 03 00 00 EE C4 3C,03000300,0.000000
4388,0,0x110,STD,8,2026-01-28T18:48:58.306062,03 00 03 00 D5 EC 44 48,03000300,0.000000
4389,0,0x10F,STD,8,2026-01-28T18:48:58.365075,03 00 03 00 98 A1 04 3C,03000300,0.000000
4390,0,0x110,STD,8,2026-01-28T18:48:58.389080,03 00 03 00 97 A3 1F 48,03000300,0.000000
4391,0,0x10F,STD,8,2026-01-28T18:48:58.444358,03 00 03 00 00 B9 94 3C,03000300,0.000000
4392,0,0x110,STD,8,2026-01-28T18:48:58.468363,03 00 03 00 00 AC 9B 47,03000300,0.000000
4393,0,0x10F,STD,8,2026-01-28T18:48:58.525053,03 00 03 00 4D 53 E2 3B,03000300,0.000000
4394,0,0x110,STD,8,2026-01-28T18:48:58.549081,03 00 03 00 B8 0F 3F 47,03000300,0.000000
4395,0,0x10F,STD,8,2026-01-28T18:48:58.606095,03 00 03 00 95 5C 6E 3C,03000300,0.000000
4396,0,0x110,STD,8,2026-01-28T18:48:58.629605,03 00 03 00 29 CA 0C 48,03000300,0.000000
4397,0,0x10F,STD,8,2026-01-28T18:48:58.686455,03 00 03 00 29 09 83 3C,03000300,0.000000
4398,0,0x110,STD,8,2026-01-28T18:48:58.710072,03 00 03 00 35 AA 22 48,03000300,0.000000
4399,0,0x10F,STD,8,2026-01-28T18:48:58.767167,03 00 03 00 EC A4 47 3C,03000300,0.000000
4400,0,0x110,STD,8,2026-01-28T18:48:58.791171,03 00 03 00 01 BD DE 47,03000300,0.000000
4401,0,0x110,STD,8,2026-01-28T18:48:58.814680,03 00 01 00 00 00 00 00,03000100,0.000000
4402,0,0x10F,STD,8,2026-01-28T18:48:58.814680,03 00 02 00 48 D3 45 41,03000200,0.000000
4403,0,0x110,STD,8,2026-01-28T18:48:58.815234,03 00 01 00 00 00 00 00,03000100,0.000000
4404,0,0x10F,STD,8,2026-01-28T18:48:58.817236,03 00 02 00 97 93 3C 41,03000200,0.000000
4405,0,0x10F,STD,8,2026-01-28T18:48:58.841242,03 00 03 00 7A 11 B2 3C,03000300,0.000000
4406,0,0x110,STD,8,2026-01-28T18:48:58.865247,03 00 03 00 3D 59 3C 48,03000300,0.000000
4407,0,0x10F,STD,8,2026-01-28T18:48:58.921763,03 00 03 00 B8 99 03 3D,03000300,0.000000
4408,0,0x110,STD,8,2026-01-28T18:48:58.945028,03 00 03 00 04 80 5B 48,03000300,0.000000
4409,0,0x10F,STD,8,2026-01-28T18:48:59.002041,03 00 03 00 FD FA 9E 3C,03000300,0.000000
4410,0,0x110,STD,8,2026-01-28T18:48:59.026046,03 00 03 00 03 61 93 48,03000300,0.000000
4411,0,0x10F,STD,8,2026-01-28T18:48:59.083058,03 00 03 00 E4 AD A2 3B,03000300,0.000000
4412,0,0x110,STD,8,2026-01-28T18:48:59.107064,03 00 03 00 6B F5 CA 48,03000300,0.000000
4413,0,0x10F,STD,8,2026-01-28T18:48:59.164036,03 00 03 00 DE CE 14 3C,03000300,0.000000
4414,0,0x110,STD,8,2026-01-28T18:48:59.188042,03 00 03 00 C4 E1 88 48,03000300,0.000000
4415,0,0x10F,STD,8,2026-01-28T18:48:59.245054,03 00 03 00 FF C9 1A 3C,03000300,0.000000
4416,0,0x110,STD,8,2026-01-28T18:48:59.269060,03 00 03 00 E8 61 7F 48,03000300,0.000000
4417,0,0x10F,STD,8,2026-01-28T18:48:59.326073,03 00 03 00 0A 3D 23 3C,03000300,0.000000
4418,0,0x110,STD,8,2026-01-28T18:48:59.349582,03 00 03 00 1E B6 AB 47,03000300,0.000000
4419,0,0x10F,STD,8,2026-01-28T18:48:59.406595,03 00 03 00 49 98 89 3C,03000300,0.000000
4420,0,0x110,STD,8,2026-01-28T18:48:59.430601,03 00 03 00 99 C1 CF 46,03000300,0.000000
4421,0,0x10F,STD,8,2026-01-28T18:48:59.475912,03 00 03 00 99 0D 51 3C,03000300,0.000000
4422,0,0x110,STD,8,2026-01-28T18:48:59.510920,03 00 03 00 64 34 24 48,03000300,0.000000
4423,0,0x10F,STD,8,2026-01-28T18:48:59.556930,03 00 03 00 98 7E 07 3C,03000300,0.000000
4424,0,0x110,STD,8,2026-01-28T18:48:59.580935,03 00 03 00 64 99 33 48,03000300,0.000000
4425,0,0x10F,STD,8,2026-01-28T18:48:59.637948,03 00 03 00 F2 B3 9E 3B,03000300,0.000000
4426,0,0x110,STD,8,2026-01-28T18:48:59.661954,03 00 03 00 16 58 34 48,03000300,0.000000
4427,0,0x10F,STD,8,2026-01-28T18:48:59.718967,03 00 03 00 15 BB 1A 3C,03000300,0.000000
4428,0,0x110,STD,8,2026-01-28T18:48:59.742972,03 00 03 00 C5 A9 18 48,03000300,0.000000
4429,0,0x10F,STD,8,2026-01-28T18:48:59.799985,03 00 03 00 B0 EF 81 3C,03000300,0.000000
4430,0,0x110,STD,8,2026-01-28T18:48:59.823992,03 00 03 00 22 E8 26 47,03000300,0.000000
4431,0,0x10F,STD,8,2026-01-28T18:48:59.881005,03 00 03 00 81 5F 9B 3C,03000300,0.000000
4432,0,0x110,STD,8,2026-01-28T18:48:59.904423,03 00 02 00 97 93 3C 41,03000200,0.000000
4433,0,0x10F,STD,8,2026-01-28T18:48:59.904423,03 00 01 00 00 00 00 00,03000100,0.000000
4434,0,0x10F,STD,8,2026-01-28T18:48:59.904423,03 00 01 00 00 00 00 00,03000100,0.000000
4435,0,0x10F,STD,8,2026-01-28T18:48:59.904423,03 00 02 00 59 D0 40 41,03000200,0.000000
4436,0,0x110,STD,8,2026-01-28T18:48:59.904423,03 00 02 00 59 D0 40 41,03000200,0.000000
4437,0,0x10F,STD,8,2026-01-28T18:48:59.961436,03 00 03 00 89 D3 8B 3C,03000300,0.000000
4438,0,0x110,STD,8,2026-01-28T18:48:59.985441,03 00 03 00 56 47 F0 47,03000300,0.000000
4439,0,0x10F,STD,8,2026-01-28T18:49:00.042454,03 00 03 00 2A B4 73 3C,03000300,0.000000
4440,0,0x110,STD,8,2026-01-28T18:49:00.066460,03 00 03 00 C1 58 FC 47,03000300,0.000000
4441,0,0x10F,STD,8,2026-01-28T18:49:00.123473,03 00 03 00 4C FC 8D 3C,03000300,0.000000
4442,0,0x110,STD,8,2026-01-28T18:49:00.147478,03 00 03 00 2B 85 B8 47,03000300,0.000000
4443,0,0x10F,STD,8,2026-01-28T18:49:00.193488,03 00 03 00 82 84 6B 3C,03000300,0.000000
4444,0,0x110,STD,8,2026-01-28T18:49:00.217494,03 00 03 00 34 E8 1F 48,03000300,0.000000
4445,0,0x10F,STD,8,2026-01-28T18:49:00.274506,03 00 03 00 B2 83 A7 3C,03000300,0.000000
4446,0,0x110,STD,8,2026-01-28T18:49:00.298018,03 00 03 00 BE CE 87 48,03000300,0.000000
4447,0,0x10F,STD,8,2026-01-28T18:49:00.368033,03 00 03 00 64 08 8E 3C,03000300,0.000000
4448,0,0x110,STD,8,2026-01-28T18:49:00.381036,03 00 03 00 B6 AC 6C 48,03000300,0.000000
4449,0,0x10F,STD,8,2026-01-28T18:49:00.438049,03 00 03 00 E5 57 21 3C,03000300,0.000000
4450,0,0x110,STD,8,2026-01-28T18:49:00.462054,03 00 03 00 0C 88 70 48,03000300,0.000000
4451,0,0x10F,STD,8,2026-01-28T18:49:00.519067,03 00 03 00 A6 3F 95 3C,03000300,0.000000
4452,0,0x110,STD,8,2026-01-28T18:49:00.543072,03 00 03 00 93 BA B8 47,03000300,0.000000
4453,0,0x10F,STD,8,2026-01-28T18:49:00.600085,03 00 03 00 D0 50 58 3C,03000300,0.000000
4454,0,0x110,STD,8,2026-01-28T18:49:00.624090,03 00 03 00 A2 6E 71 47,03000300,0.000000
4455,0,0x10F,STD,8,2026-01-28T18:49:00.681104,03 00 03 00 69 50 9C 3C,03000300,0.000000
4456,0,0x110,STD,8,2026-01-28T18:49:00.705109,03 00 03 00 5A 29 36 47,03000300,0.000000
4457,0,0x10F,STD,8,2026-01-28T18:49:00.762122,03 00 03 00 4C 5D 3E 3C,03000300,0.000000
4458,0,0x110,STD,8,2026-01-28T18:49:00.786127,03 00 03 00 5C 65 C4 47,03000300,0.000000
4459,0,0x10F,STD,8,2026-01-28T18:49:00.832137,03 00 03 00 F3 2A F5 3B,03000300,0.000000
4460,0,0x110,STD,8,2026-01-28T18:49:00.867146,03 00 03 00 3E E4 49 47,03000300,0.000000
4461,0,0x10F,STD,8,2026-01-28T18:49:00.913156,03 00 03 00 9C F3 65 3C,03000300,0.000000
4462,0,0x110,STD,8,2026-01-28T18:49:00.937161,03 00 03 00 51 46 59 47,03000300,0.000000
4463,0,0x10F,STD,8,2026-01-28T18:49:00.990173,03 00 01 00 00 00 00 00,03000100,0.000000
4464,0,0x110,STD,8,2026-01-28T18:49:00.990173,03 00 01 00 00 00 00 00,03000100,0.000000
4465,0,0x10F,STD,8,2026-01-28T18:49:00.990173,03 00 01 00 00 00 00 00,03000100,0.000000
4466,0,0x110,STD,8,2026-01-28T18:49:00.990173,03 00 01 00 00 00 00 00,03000100,0.000000
4467,0,0x10F,STD,8,2026-01-28T18:49:00.992173,03 00 03 00 26 2D 98 3C,03000300,0.000000
4468,0,0x110,STD,8,2026-01-28T18:49:01.016179,03 00 03 00 AE 80 D2 47,03000300,0.000000
4469,0,0x10F,STD,8,2026-01-28T18:49:01.075192,03 00 03 00 DC 6A DD 3C,03000300,0.000000
4470,0,0x110,STD,8,2026-01-28T18:49:01.099197,03 00 03 00 63 58 DB 47,03000300,0.000000
4471,0,0x10F,STD,8,2026-01-28T18:49:01.155380,03 00 03 00 A7 A0 0D 3D,03000300,0.000000
4472,0,0x110,STD,8,2026-01-28T18:49:01.179119,03 00 03 00 7B 30 20 48,03000300,0.000000
4473,0,0x10F,STD,8,2026-01-28T18:49:01.235313,03 00 03 00 24 D1 FA 3C,03000300,0.000000
4474,0,0x110,STD,8,2026-01-28T18:49:01.259318,03 00 03 00 F6 AE 50 48,03000300,0.000000
4475,0,0x10F,STD,8,2026-01-28T18:49:01.316331,03 00 03 00 7F C0 5E 3C,03000300,0.000000
4476,0,0x110,STD,8,2026-01-28T18:49:01.340336,03 00 03 00 38 21 74 48,03000300,0.000000
4477,0,0x10F,STD,8,2026-01-28T18:49:01.397349,03 00 03 00 4E 37 B7 3B,03000300,0.000000
4478,0,0x110,STD,8,2026-01-28T18:49:01.421355,03 00 03 00 4A D1 85 48,03000300,0.000000
4479,0,0x10F,STD,8,2026-01-28T18:49:01.477994,03 00 03 00 3E EF 0F 3C,03000300,0.000000
4480,0,0x110,STD,8,2026-01-28T18:49:01.501999,03 00 03 00 33 84 1F 48,03000300,0.000000
4481,0,0x10F,STD,8,2026-01-28T18:49:01.559012,03 00 03 00 1B 1D 97 3C,03000300,0.000000
4482,0,0x110,STD,8,2026-01-28T18:49:01.583017,03 00 03 00 73 EF 57 48,03000300,0.000000
4483,0,0x10F,STD,8,2026-01-28T18:49:01.629028,03 00 03 00 B0 A1 A9 3C,03000300,0.000000
4484,0,0x110,STD,8,2026-01-28T18:49:01.653033,03 00 03 00 17 05 8A 48,03000300,0.000000
4485,0,0x10F,STD,8,2026-01-28T18:49:01.710551,03 00 03 00 AF E7 D8 3C,03000300,0.000000
4486,0,0x110,STD,8,2026-01-28T18:49:01.734061,03 00 03 00 30 CB 55 48,03000300,0.000000
4487,0,0x10F,STD,8,2026-01-28T18:49:01.790581,03 00 03 00 15 42 C3 3C,03000300,0.000000
4488,0,0x110,STD,8,2026-01-28T18:49:01.814586,03 00 03 00 DB 78 E7 47,03000300,0.000000
4489,0,0x10F,STD,8,2026-01-28T18:49:01.871599,03 00 03 00 4B 67 E0 3C,03000300,0.000000
4490,0,0x110,STD,8,2026-01-28T18:49:01.895110,03 00 03 00 A3 DF 01 48,03000300,0.000000
4491,0,0x10F,STD,8,2026-01-28T18:49:01.951628,03 00 03 00 9D D3 0E 3D,03000300,0.000000
4492,0,0x110,STD,8,2026-01-28T18:49:01.975632,03 00 03 00 40 91 D0 47,03000300,0.000000
4493,0,0x10F,STD,8,2026-01-28T18:49:02.032644,03 00 03 00 43 E0 0B 3D,03000300,0.000000
4494,0,0x110,STD,8,2026-01-28T18:49:02.056650,03 00 03 00 A0 16 36 47,03000300,0.000000
4495,0,0x10F,STD,8,2026-01-28T18:49:02.102661,03 00 02 00 5D 16 2B 41,03000200,0.000000
4496,0,0x110,STD,8,2026-01-28T18:49:02.102661,03 00 02 00 5D 16 2B 41,03000200,0.000000
4497,0,0x10F,STD,8,2026-01-28T18:49:02.102661,03 00 02 00 80 CC 3D 41,03000200,0.000000
4498,0,0x110,STD,8,2026-01-28T18:49:02.102661,03 00 02 00 80 CC 3D 41,03000200,0.000000
4499,0,0x10F,STD,8,2026-01-28T18:49:02.115951,03 00 03 00 DF 41 05 3D,03000300,0.000000
4500,0,0x110,STD,8,2026-01-28T18:49:02.139956,03 00 03 00 6E 98 1B 48,03000300,0.000000
4501,0,0x10F,STD,8,2026-01-28T18:49:02.196906,03 00 03 00 23 59 EB 3C,03000300,0.000000
4502,0,0x110,STD,8,2026-01-28T18:49:02.220911,03 00 03 00 8D FE 21 48,03000300,0.000000
4503,0,0x10F,STD,8,2026-01-28T18:49:02.266922,03 00 03 00 22 A7 E7 3C,03000300,0.000000
4504,0,0x110,STD,8,2026-01-28T18:49:02.301929,03 00 03 00 40 4F 56 47,03000300,0.000000
4505,0,0x10F,STD,8,2026-01-28T18:49:02.347939,03 00 03 00 32 A3 96 3C,03000300,0.000000
4506,0,0x110,STD,8,2026-01-28T18:49:02.378947,03 00 03 00 03 92 F9 47,03000300,0.000000
4507,0,0x10F,STD,8,2026-01-28T18:49:02.435960,03 00 03 00 70 43 B7 3C,03000300,0.000000
4508,0,0x110,STD,8,2026-01-28T18:49:02.459965,03 00 03 00 58 13 03 48,03000300,0.000000
4509,0,0x10F,STD,8,2026-01-28T18:49:02.505975,03 00 03 00 21 71 72 3C,03000300,0.000000
4510,0,0x110,STD,8,2026-01-28T18:49:02.529981,03 00 03 00 F8 A0 23 48,03000300,0.000000
4511,0,0x10F,STD,8,2026-01-28T18:49:02.597996,03 00 03 00 00 E4 98 3C,03000300,0.000000
4512,0,0x110,STD,8,2026-01-28T18:49:02.610999,03 00 03 00 C6 D0 FB 47,03000300,0.000000
4513,0,0x10F,STD,8,2026-01-28T18:49:02.668012,03 00 03 00 BA 2D 93 3C,03000300,0.000000
4514,0,0x110,STD,8,2026-01-28T18:49:02.692017,03 00 03 00 36 82 1B 48,03000300,0.000000
4515,0,0x10F,STD,8,2026-01-28T18:49:02.749030,03 00 03 00 29 55 14 3C,03000300,0.000000
4516,0,0x110,STD,8,2026-01-28T18:49:02.773035,03 00 03 00 6C 6D DB 47,03000300,0.000000
4517,0,0x10F,STD,8,2026-01-28T18:49:02.830048,03 00 03 00 50 67 96 3C,03000300,0.000000
4518,0,0x110,STD,8,2026-01-28T18:49:02.854053,03 00 03 00 9B CD 6E 48,03000300,0.000000
4519,0,0x10F,STD,8,2026-01-28T18:49:02.911067,03 00 03 00 D8 A1 AF 3C,03000300,0.000000
4520,0,0x110,STD,8,2026-01-28T18:49:02.935072,03 00 03 00 94 57 26 48,03000300,0.000000
4521,0,0x10F,STD,8,2026-01-28T18:49:02.992085,03 00 03 00 C8 C0 24 3C,03000300,0.000000
4522,0,0x110,STD,8,2026-01-28T18:49:03.016090,03 00 03 00 29 7E 9E 47,03000300,0.000000
4523,0,0x10F,STD,8,2026-01-28T18:49:03.073103,03 00 03 00 2F 03 1B 3C,03000300,0.000000
4524,0,0x110,STD,8,2026-01-28T18:49:03.089106,03 00 03 00 BD 29 04 48,03000300,0.000000
4525,0,0x10F,STD,8,2026-01-28T18:49:03.145293,03 00 03 00 7F FE 63 3C,03000300,0.000000
4526,0,0x110,STD,8,2026-01-28T18:49:03.169297,03 00 03 00 68 62 EE 47,03000300,0.000000
4527,0,0x10F,STD,8,2026-01-28T18:49:03.169297,03 00 01 00 00 00 00 00,03000100,0.000000
4528,0,0x110,STD,8,2026-01-28T18:49:03.169297,03 00 01 00 00 00 00 00,03000100,0.000000
4529,0,0x10F,STD,8,2026-01-28T18:49:03.171299,03 00 01 00 00 00 00 00,03000100,0.000000
4530,0,0x110,STD,8,2026-01-28T18:49:03.171299,03 00 01 00 00 00 00 00,03000100,0.000000
4531,0,0x10F,STD,8,2026-01-28T18:49:03.228311,03 00 03 00 85 41 91 3C,03000300,0.000000
4532,0,0x110,STD,8,2026-01-28T18:49:03.252317,03 00 03 00 02 EB 0A 48,03000300,0.000000
4533,0,0x10F,STD,8,2026-01-28T18:49:03.309330,03 00 03 00 B4 EB CC 3B,03000300,0.000000
4534,0,0x110,STD,8,2026-01-28T18:49:03.333335,03 00 03 00 6F 10 AB 47,03000300,0.000000
4535,0,0x10F,STD,8,2026-01-28T18:49:03.389949,03 00 03 00 F4 E0 B2 3B,03000300,0.000000
4536,0,0x110,STD,8,2026-01-28T18:49:03.413955,03 00 03 00 69 D6 94 47,03000300,0.000000
4537,0,0x10F,STD,8,2026-01-28T18:49:03.470970,03 00 03 00 37 A7 4D 3C,03000300,0.000000
4538,0,0x110,STD,8,2026-01-28T18:49:03.494974,03 00 03 00 B0 FE 03 48,03000300,0.000000
4539,0,0x10F,STD,8,2026-01-28T18:49:03.551988,03 00 03 00 AF 8F C2 3C,03000300,0.000000
4540,0,0x110,STD,8,2026-01-28T18:49:03.575500,03 00 03 00 B7 20 43 47,03000300,0.000000
4541,0,0x10F,STD,8,2026-01-28T18:49:03.621509,03 00 03 00 43 C4 66 3C,03000300,0.000000
4542,0,0x110,STD,8,2026-01-28T18:49:03.645514,03 00 03 00 F7 85 DA 47,03000300,0.000000
4543,0,0x10F,STD,8,2026-01-28T18:49:03.702527,03 00 03 00 3E 84 88 3C,03000300,0.000000
4544,0,0x110,STD,8,2026-01-28T18:49:03.726533,03 00 03 00 0A E0 00 48,03000300,0.000000
4545,0,0x10F,STD,8,2026-01-28T18:49:03.783546,03 00 03 00 C4 0F BC 3C,03000300,0.000000
4546,0,0x110,STD,8,2026-01-28T18:49:03.807056,03 00 03 00 A7 81 0D 48,03000300,0.000000
4547,0,0x10F,STD,8,2026-01-28T18:49:03.864068,03 00 03 00 15 8A 99 3C,03000300,0.000000
4548,0,0x110,STD,8,2026-01-28T18:49:03.888074,03 00 03 00 E5 8D D9 47,03000300,0.000000
4549,0,0x10F,STD,8,2026-01-28T18:49:03.944590,03 00 03 00 F0 F3 C0 3C,03000300,0.000000
4550,0,0x110,STD,8,2026-01-28T18:49:03.970595,03 00 03 00 D7 D6 6C 47,03000300,0.000000
4551,0,0x10F,STD,8,2026-01-28T18:49:04.027608,03 00 03 00 56 1A 50 3D,03000300,0.000000
4552,0,0x110,STD,8,2026-01-28T18:49:04.051613,03 00 03 00 97 71 9E 47,03000300,0.000000
4553,0,0x10F,STD,8,2026-01-28T18:49:04.108258,03 00 03 00 85 0D F7 3C,03000300,0.000000
4554,0,0x110,STD,8,2026-01-28T18:49:04.132264,03 00 03 00 94 41 4F 47,03000300,0.000000
4555,0,0x10F,STD,8,2026-01-28T18:49:04.189276,03 00 03 00 95 22 B6 3C,03000300,0.000000
4556,0,0x110,STD,8,2026-01-28T18:49:04.213282,03 00 03 00 16 0D CE 47,03000300,0.000000
4557,0,0x10F,STD,8,2026-01-28T18:49:04.248290,03 00 02 00 59 9B 2B 41,03000200,0.000000
4558,0,0x110,STD,8,2026-01-28T18:49:04.248290,03 00 02 00 59 9B 2B 41,03000200,0.000000
4559,0,0x10F,STD,8,2026-01-28T18:49:04.248290,03 00 01 00 00 00 00 00,03000100,0.000000
4560,0,0x110,STD,8,2026-01-28T18:49:04.250290,03 00 01 00 00 00 00 00,03000100,0.000000
4561,0,0x10F,STD,8,2026-01-28T18:49:04.263293,03 00 03 00 19 CC 8A 3C,03000300,0.000000
4562,0,0x110,STD,8,2026-01-28T18:49:04.287299,03 00 03 00 92 94 27 48,03000300,0.000000
4563,0,0x10F,STD,8,2026-01-28T18:49:04.358315,03 00 03 00 63 E0 BC 3B,03000300,0.000000
4564,0,0x110,STD,8,2026-01-28T18:49:04.372318,03 00 03 00 0D 26 27 48,03000300,0.000000
4565,0,0x10F,STD,8,2026-01-28T18:49:04.429331,03 00 03 00 82 CB CA 3C,03000300,0.000000
4566,0,0x110,STD,8,2026-01-28T18:49:04.453336,03 00 03 00 89 FC 1B 48,03000300,0.000000
4567,0,0x10F,STD,8,2026-01-28T18:49:04.499346,03 00 03 00 13 70 B6 3C,03000300,0.000000
4568,0,0x110,STD,8,2026-01-28T18:49:04.534354,03 00 03 00 8F 24 8A 47,03000300,0.000000
4569,0,0x10F,STD,8,2026-01-28T18:49:04.580364,03 00 03 00 DE 3A AB 3B,03000300,0.000000
4570,0,0x110,STD,8,2026-01-28T18:49:04.604370,03 00 03 00 CE 3F AD 47,03000300,0.000000
4571,0,0x10F,STD,8,2026-01-28T18:49:04.661383,03 00 03 00 39 CA 3A 3C,03000300,0.000000
4572,0,0x110,STD,8,2026-01-28T18:49:04.685388,03 00 03 00 D0 1C BB 47,03000300,0.000000
4573,0,0x10F,STD,8,2026-01-28T18:49:04.742401,03 00 03 00 D4 4F BE 3B,03000300,0.000000
4574,0,0x110,STD,8,2026-01-28T18:49:04.766406,03 00 03 00 3C 5D E2 47,03000300,0.000000
4575,0,0x10F,STD,8,2026-01-28T18:49:04.823419,03 00 03 00 ED EF 88 3B,03000300,0.000000
4576,0,0x110,STD,8,2026-01-28T18:49:04.847425,03 00 03 00 53 FE B3 47,03000300,0.000000
4577,0,0x10F,STD,8,2026-01-28T18:49:04.904438,03 00 03 00 66 AB CB 3B,03000300,0.000000
4578,0,0x110,STD,8,2026-01-28T18:49:04.928443,03 00 03 00 0F 2A BA 47,03000300,0.000000
4579,0,0x10F,STD,8,2026-01-28T18:49:04.985456,03 00 03 00 A9 48 56 3C,03000300,0.000000
4580,0,0x110,STD,8,2026-01-28T18:49:05.009461,03 00 03 00 B3 8E 3D 47,03000300,0.000000
4581,0,0x10F,STD,8,2026-01-28T18:49:05.066474,03 00 03 00 D6 CD 13 3C,03000300,0.000000
4582,0,0x110,STD,8,2026-01-28T18:49:05.079477,03 00 03 00 14 06 D4 46,03000300,0.000000
4583,0,0x10F,STD,8,2026-01-28T18:49:05.136490,03 00 03 00 D3 47 7F 3B,03000300,0.000000
4584,0,0x110,STD,8,2026-01-28T18:49:05.160495,03 00 03 00 B4 AE 53 47,03000300,0.000000
4585,0,0x10F,STD,8,2026-01-28T18:49:05.217508,03 00 03 00 FD 8B 2C 3C,03000300,0.000000
4586,0,0x110,STD,8,2026-01-28T18:49:05.241513,03 00 03 00 66 A5 13 48,03000300,0.000000
4587,0,0x10F,STD,8,2026-01-28T18:49:05.299527,03 00 03 00 D2 72 AE 3C,03000300,0.000000
4588,0,0x110,STD,8,2026-01-28T18:49:05.323532,03 00 03 00 EF 45 DE 47,03000300,0.000000
4589,0,0x10F,STD,8,2026-01-28T18:49:05.336535,03 00 02 00 76 90 2C 41,03000200,0.000000
4590,0,0x110,STD,8,2026-01-28T18:49:05.336535,03 00 02 00 76 90 2C 41,03000200,0.000000
4591,0,0x110,STD,8,2026-01-28T18:49:05.336535,03 00 01 00 00 00 00 00,03000100,0.000000
4592,0,0x10F,STD,8,2026-01-28T18:49:05.336535,03 00 02 00 9B DC 3C 41,03000200,0.000000
4593,0,0x10F,STD,8,2026-01-28T18:49:05.382545,03 00 03 00 B2 E6 58 3C,03000300,0.000000
4594,0,0x110,STD,8,2026-01-28T18:49:05.406551,03 00 03 00 3E D1 BA 47,03000300,0.000000
4595,0,0x10F,STD,8,2026-01-28T18:49:05.463564,03 00 03 00 FC FB D8 3B,03000300,0.000000
4596,0,0x110,STD,8,2026-01-28T18:49:05.487569,03 00 03 00 92 02 C1 47,03000300,0.000000
4597,0,0x10F,STD,8,2026-01-28T18:49:05.544582,03 00 03 00 32 21 1A 3C,03000300,0.000000
4598,0,0x110,STD,8,2026-01-28T18:49:05.568587,03 00 03 00 72 C6 E2 47,03000300,0.000000
4599,0,0x10F,STD,8,2026-01-28T18:49:05.614598,03 00 03 00 28 69 AD 3B,03000300,0.000000
4600,0,0x110,STD,8,2026-01-28T18:49:05.638603,03 00 03 00 35 C8 E5 47,03000300,0.000000
4601,0,0x10F,STD,8,2026-01-28T18:49:05.695616,03 00 03 00 B0 82 2B 3C,03000300,0.000000
4602,0,0x110,STD,8,2026-01-28T18:49:05.719621,03 00 03 00 29 6E A4 47,03000300,0.000000
4603,0,0x10F,STD,8,2026-01-28T18:49:05.776634,03 00 03 00 BC BD AC 3C,03000300,0.000000
4604,0,0x110,STD,8,2026-01-28T18:49:05.800639,03 00 03 00 16 41 85 48,03000300,0.000000
4605,0,0x10F,STD,8,2026-01-28T18:49:05.857652,03 00 03 00 3E EA 4C 3C,03000300,0.000000
4606,0,0x110,STD,8,2026-01-28T18:49:05.881658,03 00 03 00 F3 D7 56 48,03000300,0.000000
4607,0,0x10F,STD,8,2026-01-28T18:49:05.938671,03 00 03 00 0B 9A 9B 3C,03000300,0.000000
4608,0,0x110,STD,8,2026-01-28T18:49:05.962676,03 00 03 00 BE 3D 92 48,03000300,0.000000
4609,0,0x10F,STD,8,2026-01-28T18:49:06.019689,03 00 03 00 55 78 06 3C,03000300,0.000000
4610,0,0x110,STD,8,2026-01-28T18:49:06.043694,03 00 03 00 83 8B 99 48,03000300,0.000000
4611,0,0x10F,STD,8,2026-01-28T18:49:06.100707,03 00 03 00 2B 73 2A 3C,03000300,0.000000
4612,0,0x110,STD,8,2026-01-28T18:49:06.123820,03 00 03 00 91 D4 01 48,03000300,0.000000
4613,0,0x10F,STD,8,2026-01-28T18:49:06.180833,03 00 03 00 50 A1 17 3C,03000300,0.000000
4614,0,0x110,STD,8,2026-01-28T18:49:06.204839,03 00 03 00 79 22 50 48,03000300,0.000000
4615,0,0x10F,STD,8,2026-01-28T18:49:06.261362,03 00 03 00 37 96 0C 3C,03000300,0.000000
4616,0,0x110,STD,8,2026-01-28T18:49:06.285367,03 00 03 00 F8 2D C8 47,03000300,0.000000
4617,0,0x10F,STD,8,2026-01-28T18:49:06.331378,03 00 03 00 C1 8B 52 3C,03000300,0.000000
4618,0,0x110,STD,8,2026-01-28T18:49:06.363385,03 00 03 00 BE D6 06 48,03000300,0.000000
4619,0,0x10F,STD,8,2026-01-28T18:49:06.420463,03 00 03 00 2D F8 35 3C,03000300,0.000000
4620,0,0x110,STD,8,2026-01-28T18:49:06.420463,03 00 02 00 9B DC 3C 41,03000200,0.000000
4621,0,0x10F,STD,8,2026-01-28T18:49:06.421463,03 00 01 00 00 00 00 00,03000100,0.000000
4622,0,0x10F,STD,8,2026-01-28T18:49:06.421463,03 00 02 00 BE C4 26 41,03000200,0.000000
4623,0,0x110,STD,8,2026-01-28T18:49:06.421463,03 00 02 00 BE C4 26 41,03000200,0.000000
4624,0,0x110,STD,8,2026-01-28T18:49:06.445469,03 00 03 00 B5 AD 9A 47,03000300,0.000000
4625,0,0x10F,STD,8,2026-01-28T18:49:06.501896,03 00 03 00 CB A4 E1 3B,03000300,0.000000
4626,0,0x110,STD,8,2026-01-28T18:49:06.525901,03 00 03 00 84 12 0C 48,03000300,0.000000
4627,0,0x10F,STD,8,2026-01-28T18:49:06.571912,03 00 03 00 65 E2 6D 3C,03000300,0.000000
4628,0,0x110,STD,8,2026-01-28T18:49:06.595217,03 00 03 00 50 DE 25 48,03000300,0.000000
4629,0,0x10F,STD,8,2026-01-28T18:49:06.652230,03 00 03 00 B3 6D B2 3C,03000300,0.000000
4630,0,0x110,STD,8,2026-01-28T18:49:06.676235,03 00 03 00 F8 F9 8D 47,03000300,0.000000
4631,0,0x10F,STD,8,2026-01-28T18:49:06.733248,03 00 03 00 7C 69 6C 3C,03000300,0.000000
4632,0,0x110,STD,8,2026-01-28T18:49:06.757254,03 00 03 00 0A FC 01 48,03000300,0.000000
4633,0,0x10F,STD,8,2026-01-28T18:49:06.814267,03 00 03 00 0F 36 10 3C,03000300,0.000000
4634,0,0x110,STD,8,2026-01-28T18:49:06.838272,03 00 03 00 A1 45 69 47,03000300,0.000000
4635,0,0x10F,STD,8,2026-01-28T18:49:06.895285,03 00 03 00 E1 C4 8A 3C,03000300,0.000000
4636,0,0x110,STD,8,2026-01-28T18:49:06.919290,03 00 03 00 B5 28 3A 48,03000300,0.000000
4637,0,0x10F,STD,8,2026-01-28T18:49:06.975829,03 00 03 00 7E 42 10 3C,03000300,0.000000
4638,0,0x110,STD,8,2026-01-28T18:49:06.999835,03 00 03 00 DB D2 2B 48,03000300,0.000000
4639,0,0x10F,STD,8,2026-01-28T18:49:07.056779,03 00 03 00 25 74 1E 3C,03000300,0.000000
4640,0,0x110,STD,8,2026-01-28T18:49:07.080786,03 00 03 00 34 07 89 48,03000300,0.000000
4641,0,0x10F,STD,8,2026-01-28T18:49:07.137799,03 00 03 00 B2 9A 38 3C,03000300,0.000000
4642,0,0x110,STD,8,2026-01-28T18:49:07.161804,03 00 03 00 7C EF 78 48,03000300,0.000000
4643,0,0x10F,STD,8,2026-01-28T18:49:07.218817,03 00 03 00 BD 50 9D 3C,03000300,0.000000
4644,0,0x110,STD,8,2026-01-28T18:49:07.242822,03 00 03 00 F6 0C 19 48,03000300,0.000000
4645,0,0x10F,STD,8,2026-01-28T18:49:07.288833,03 00 03 00 49 70 CE 3C,03000300,0.000000
4646,0,0x110,STD,8,2026-01-28T18:49:07.323841,03 00 03 00 C2 FB 35 48,03000300,0.000000
4647,0,0x10F,STD,8,2026-01-28T18:49:07.369076,03 00 03 00 3A 6A 05 3C,03000300,0.000000
4648,0,0x110,STD,8,2026-01-28T18:49:07.393081,03 00 03 00 2C 12 C1 47,03000300,0.000000
4649,0,0x10F,STD,8,2026-01-28T18:49:07.450094,03 00 03 00 8F D1 66 3C,03000300,0.000000
4650,0,0x110,STD,8,2026-01-28T18:49:07.474099,03 00 03 00 65 2D 58 47,03000300,0.000000
4651,0,0x10F,STD,8,2026-01-28T18:49:07.509108,03 00 01 00 00 00 00 00,03000100,0.000000
4652,0,0x110,STD,8,2026-01-28T18:49:07.509108,03 00 01 00 00 00 00 00,03000100,0.000000
4653,0,0x110,STD,8,2026-01-28T18:49:07.511107,03 00 01 00 00 00 00 00,03000100,0.000000
4654,0,0x10F,STD,8,2026-01-28T18:49:07.511107,03 00 02 00 DD DC 30 41,03000200,0.000000
4655,0,0x10F,STD,8,2026-01-28T18:49:07.535113,03 00 03 00 B5 04 21 3C,03000300,0.000000
4656,0,0x110,STD,8,2026-01-28T18:49:07.559118,03 00 03 00 59 DD C6 47,03000300,0.000000
4657,0,0x10F,STD,8,2026-01-28T18:49:07.616131,03 00 03 00 57 81 47 3C,03000300,0.000000
4658,0,0x110,STD,8,2026-01-28T18:49:07.640136,03 00 03 00 39 B3 CC 47,03000300,0.000000
4659,0,0x10F,STD,8,2026-01-28T18:49:07.697150,03 00 03 00 AC 67 09 3C,03000300,0.000000
4660,0,0x110,STD,8,2026-01-28T18:49:07.710152,03 00 03 00 3A 5C 01 48,03000300,0.000000
4661,0,0x10F,STD,8,2026-01-28T18:49:07.767165,03 00 03 00 08 60 03 3C,03000300,0.000000
4662,0,0x110,STD,8,2026-01-28T18:49:07.802173,03 00 03 00 C5 B9 87 47,03000300,0.000000
4663,0,0x10F,STD,8,2026-01-28T18:49:07.848183,03 00 03 00 8B 1D FD 3B,03000300,0.000000
4664,0,0x110,STD,8,2026-01-28T18:49:07.872189,03 00 03 00 1A AF DC 47,03000300,0.000000
4665,0,0x10F,STD,8,2026-01-28T18:49:07.928705,03 00 03 00 C1 E3 C9 3B,03000300,0.000000
4666,0,0x110,STD,8,2026-01-28T18:49:07.952710,03 00 03 00 08 C2 C3 47,03000300,0.000000
4667,0,0x10F,STD,8,2026-01-28T18:49:08.009724,03 00 03 00 0B 50 70 3B,03000300,0.000000
4668,0,0x110,STD,8,2026-01-28T18:49:08.033729,03 00 03 00 FC 06 1A 48,03000300,0.000000
4669,0,0x10F,STD,8,2026-01-28T18:49:08.090741,03 00 03 00 E6 49 AB 3B,03000300,0.000000
4670,0,0x110,STD,8,2026-01-28T18:49:08.114746,03 00 03 00 13 21 2B 48,03000300,0.000000
4671,0,0x10F,STD,8,2026-01-28T18:49:08.171263,03 00 03 00 BD 66 FB 3B,03000300,0.000000
4672,0,0x110,STD,8,2026-01-28T18:49:08.195268,03 00 03 00 94 01 95 47,03000300,0.000000
4673,0,0x10F,STD,8,2026-01-28T18:49:08.251828,03 00 03 00 4E FB 98 3C,03000300,0.000000
4674,0,0x110,STD,8,2026-01-28T18:49:08.275834,03 00 03 00 60 EB C3 47,03000300,0.000000
4675,0,0x10F,STD,8,2026-01-28T18:49:08.332569,03 00 03 00 83 2D 94 3C,03000300,0.000000
4676,0,0x110,STD,8,2026-01-28T18:49:08.364875,03 00 03 00 44 5C DF 47,03000300,0.000000
4677,0,0x10F,STD,8,2026-01-28T18:49:08.411168,03 00 03 00 86 F3 4A 3C,03000300,0.000000
4678,0,0x110,STD,8,2026-01-28T18:49:08.434005,03 00 03 00 FF 72 26 48,03000300,0.000000
4679,0,0x10F,STD,8,2026-01-28T18:49:08.490780,03 00 03 00 CF E2 82 3C,03000300,0.000000
4680,0,0x110,STD,8,2026-01-28T18:49:08.514336,03 00 03 00 30 4F 2E 48,03000300,0.000000
4681,0,0x10F,STD,8,2026-01-28T18:49:08.571349,03 00 03 00 2C 65 75 3C,03000300,0.000000
4682,0,0x110,STD,8,2026-01-28T18:49:08.595354,03 00 03 00 DD AF 4A 48,03000300,0.000000
4683,0,0x110,STD,8,2026-01-28T18:49:08.595354,03 00 02 00 DD DC 30 41,03000200,0.000000
4684,0,0x10F,STD,8,2026-01-28T18:49:08.595354,03 00 01 00 00 00 00 00,03000100,0.000000
4685,0,0x10F,STD,8,2026-01-28T18:49:08.595354,03 00 02 00 10 9F 34 41,03000200,0.000000
4686,0,0x110,STD,8,2026-01-28T18:49:08.595354,03 00 02 00 10 9F 34 41,03000200,0.000000
4687,0,0x10F,STD,8,2026-01-28T18:49:08.652180,03 00 03 00 08 AC A2 3C,03000300,0.000000
4688,0,0x110,STD,8,2026-01-28T18:49:08.675602,03 00 03 00 14 64 EE 47,03000300,0.000000
4689,0,0x10F,STD,8,2026-01-28T18:49:08.731996,03 00 03 00 3C 04 7C 3C,03000300,0.000000
4690,0,0x110,STD,8,2026-01-28T18:49:08.756001,03 00 03 00 A8 C1 27 48,03000300,0.000000
4691,0,0x10F,STD,8,2026-01-28T18:49:08.812755,03 00 03 00 F1 63 78 3C,03000300,0.000000
4692,0,0x110,STD,8,2026-01-28T18:49:08.836760,03 00 03 00 2E 07 81 48,03000300,0.000000
4693,0,0x10F,STD,8,2026-01-28T18:49:08.882771,03 00 03 00 04 02 59 3C,03000300,0.000000
4694,0,0x110,STD,8,2026-01-28T18:49:08.906776,03 00 03 00 65 F1 E3 47,03000300,0.000000
4695,0,0x10F,STD,8,2026-01-28T18:49:08.963789,03 00 03 00 4C 28 B4 3C,03000300,0.000000
4696,0,0x110,STD,8,2026-01-28T18:49:08.987794,03 00 03 00 CE 5E DF 47,03000300,0.000000
4697,0,0x10F,STD,8,2026-01-28T18:49:09.044344,03 00 03 00 EB B7 52 3C,03000300,0.000000
4698,0,0x110,STD,8,2026-01-28T18:49:09.067909,03 00 03 00 8E 61 F4 47,03000300,0.000000
4699,0,0x10F,STD,8,2026-01-28T18:49:09.124726,03 00 03 00 96 1F 9F 3C,03000300,0.000000
4700,0,0x110,STD,8,2026-01-28T18:49:09.148733,03 00 03 00 6C 0C 39 47,03000300,0.000000
4701,0,0x10F,STD,8,2026-01-28T18:49:09.205746,03 00 03 00 76 72 92 3C,03000300,0.000000
4702,0,0x110,STD,8,2026-01-28T18:49:09.229751,03 00 03 00 E1 11 8C 47,03000300,0.000000
4703,0,0x10F,STD,8,2026-01-28T18:49:09.286764,03 00 03 00 3F 2D 6C 3C,03000300,0.000000
4704,0,0x110,STD,8,2026-01-28T18:49:09.310769,03 00 03 00 CA 19 6B 47,03000300,0.000000
4705,0,0x10F,STD,8,2026-01-28T18:49:09.367782,03 00 03 00 F2 70 D5 3C,03000300,0.000000
4706,0,0x110,STD,8,2026-01-28T18:49:09.391788,03 00 03 00 16 3D C4 47,03000300,0.000000
4707,0,0x10F,STD,8,2026-01-28T18:49:09.448801,03 00 03 00 E5 12 5A 3C,03000300,0.000000
4708,0,0x110,STD,8,2026-01-28T18:49:09.472806,03 00 03 00 DB A6 92 47,03000300,0.000000
4709,0,0x10F,STD,8,2026-01-28T18:49:09.529819,03 00 03 00 05 E3 CF 3C,03000300,0.000000
4710,0,0x110,STD,8,2026-01-28T18:49:09.553824,03 00 03 00 AA A2 2E 47,03000300,0.000000
4711,0,0x10F,STD,8,2026-01-28T18:49:09.599835,03 00 03 00 DF 8B BF 3C,03000300,0.000000
4712,0,0x110,STD,8,2026-01-28T18:49:09.623840,03 00 03 00 C5 B4 FD 47,03000300,0.000000
4713,0,0x10F,STD,8,2026-01-28T18:49:09.680852,03 00 01 00 00 00 00 00,03000100,0.000000
4714,0,0x110,STD,8,2026-01-28T18:49:09.680852,03 00 01 00 00 00 00 00,03000100,0.000000
4715,0,0x10F,STD,8,2026-01-28T18:49:09.681853,03 00 02 00 5F FE 42 41,03000200,0.000000
4716,0,0x110,STD,8,2026-01-28T18:49:09.681853,03 00 02 00 5F FE 42 41,03000200,0.000000
4717,0,0x10F,STD,8,2026-01-28T18:49:09.681853,03 00 03 00 D3 7F 37 3C,03000300,0.000000
4718,0,0x110,STD,8,2026-01-28T18:49:09.705858,03 00 03 00 DE 0F CA 47,03000300,0.000000
4719,0,0x10F,STD,8,2026-01-28T18:49:09.762871,03 00 03 00 A0 38 91 3C,03000300,0.000000
4720,0,0x110,STD,8,2026-01-28T18:49:09.786877,03 00 03 00 01 1B D2 47,03000300,0.000000
4721,0,0x10F,STD,8,2026-01-28T18:49:09.843889,03 00 03 00 98 9F 02 3D,03000300,0.000000
4722,0,0x110,STD,8,2026-01-28T18:49:09.867895,03 00 03 00 DC 53 1F 48,03000300,0.000000
4723,0,0x10F,STD,8,2026-01-28T18:49:09.924908,03 00 03 00 05 1B 00 3D,03000300,0.000000
4724,0,0x110,STD,8,2026-01-28T18:49:09.948913,03 00 03 00 AE FE B5 47,03000300,0.000000
4725,0,0x10F,STD,8,2026-01-28T18:49:09.998924,03 00 03 00 59 CD 6D 3C,03000300,0.000000
4726,0,0x110,STD,8,2026-01-28T18:49:10.022930,03 00 03 00 AE 80 83 47,03000300,0.000000
4727,0,0x10F,STD,8,2026-01-28T18:49:10.079942,03 00 03 00 D7 D3 93 3C,03000300,0.000000
4728,0,0x110,STD,8,2026-01-28T18:49:10.103948,03 00 03 00 B1 A0 1A 48,03000300,0.000000
4729,0,0x10F,STD,8,2026-01-28T18:49:10.160961,03 00 03 00 E6 93 11 3C,03000300,0.000000
4730,0,0x110,STD,8,2026-01-28T18:49:10.184966,03 00 03 00 CA 9D 29 48,03000300,0.000000
4731,0,0x10F,STD,8,2026-01-28T18:49:10.241979,03 00 03 00 C1 7B 0F 3C,03000300,0.000000
4732,0,0x110,STD,8,2026-01-28T18:49:10.265984,03 00 03 00 FC DB 27 48,03000300,0.000000
4733,0,0x10F,STD,8,2026-01-28T18:49:10.322998,03 00 03 00 E0 D2 1A 3C,03000300,0.000000
4734,0,0x110,STD,8,2026-01-28T18:49:10.346011,03 00 03 00 DF D9 55 48,03000300,0.000000
4735,0,0x10F,STD,8,2026-01-28T18:49:10.400527,03 00 03 00 B5 01 6D 3C,03000300,0.000000
4736,0,0x110,STD,8,2026-01-28T18:49:10.424533,03 00 03 00 CF CC 4E 48,03000300,0.000000
4737,0,0x10F,STD,8,2026-01-28T18:49:10.481545,03 00 03 00 FD 87 53 3B,03000300,0.000000
4738,0,0x110,STD,8,2026-01-28T18:49:10.505551,03 00 03 00 C2 DC 05 48,03000300,0.000000
4739,0,0x10F,STD,8,2026-01-28T18:49:10.562564,03 00 03 00 07 26 F5 3B,03000300,0.000000
4740,0,0x110,STD,8,2026-01-28T18:49:10.586569,03 00 03 00 E1 31 C4 47,03000300,0.000000
4741,0,0x10F,STD,8,2026-01-28T18:49:10.642871,03 00 03 00 C7 E0 B2 3C,03000300,0.000000
4742,0,0x110,STD,8,2026-01-28T18:49:10.666877,03 00 03 00 68 2C A0 47,03000300,0.000000
4743,0,0x10F,STD,8,2026-01-28T18:49:10.723890,03 00 03 00 C2 9E 46 3C,03000300,0.000000
4744,0,0x110,STD,8,2026-01-28T18:49:10.747895,03 00 03 00 4F F5 82 47,03000300,0.000000
4745,0,0x10F,STD,8,2026-01-28T18:49:10.782903,03 00 01 00 00 00 00 00,03000100,0.000000
4746,0,0x110,STD,8,2026-01-28T18:49:10.782903,03 00 01 00 00 00 00 00,03000100,0.000000
4747,0,0x10F,STD,8,2026-01-28T18:49:10.782903,03 00 02 00 F2 8C 2E 41,03000200,0.000000
4748,0,0x110,STD,8,2026-01-28T18:49:10.782903,03 00 02 00 F2 8C 2E 41,03000200,0.000000
4749,0,0x10F,STD,8,2026-01-28T18:49:10.795906,03 00 03 00 CA 94 D8 3C,03000300,0.000000
4750,0,0x110,STD,8,2026-01-28T18:49:10.830914,03 00 03 00 58 48 FE 47,03000300,0.000000
4751,0,0x10F,STD,8,2026-01-28T18:49:10.876924,03 00 03 00 C3 ED A1 3C,03000300,0.000000
4752,0,0x110,STD,8,2026-01-28T18:49:10.900930,03 00 03 00 A5 E8 15 48,03000300,0.000000
4753,0,0x10F,STD,8,2026-01-28T18:49:10.957942,03 00 03 00 56 B3 A6 3C,03000300,0.000000
4754,0,0x110,STD,8,2026-01-28T18:49:10.981948,03 00 03 00 94 DD 09 48,03000300,0.000000
4755,0,0x10F,STD,8,2026-01-28T18:49:11.038961,03 00 03 00 72 BC E0 3C,03000300,0.000000
4756,0,0x110,STD,8,2026-01-28T18:49:11.062966,03 00 03 00 C9 20 22 48,03000300,0.000000
4757,0,0x10F,STD,8,2026-01-28T18:49:11.119978,03 00 03 00 21 6F 9D 3C,03000300,0.000000
4758,0,0x110,STD,8,2026-01-28T18:49:11.143984,03 00 03 00 20 66 18 48,03000300,0.000000
4759,0,0x10F,STD,8,2026-01-28T18:49:11.200570,03 00 03 00 C0 5B FD 3C,03000300,0.000000
4760,0,0x110,STD,8,2026-01-28T18:49:11.224079,03 00 03 00 B7 66 04 48,03000300,0.000000
4761,0,0x10F,STD,8,2026-01-28T18:49:11.280697,03 00 03 00 27 B1 AE 3C,03000300,0.000000
4762,0,0x110,STD,8,2026-01-28T18:49:11.304659,03 00 03 00 86 D8 69 47,03000300,0.000000
4763,0,0x10F,STD,8,2026-01-28T18:49:11.361671,03 00 03 00 87 5B 01 3C,03000300,0.000000
4764,0,0x110,STD,8,2026-01-28T18:49:11.385677,03 00 03 00 5B F5 31 47,03000300,0.000000
4765,0,0x10F,STD,8,2026-01-28T18:49:11.441123,03 00 03 00 53 AA 11 3C,03000300,0.000000
4766,0,0x110,STD,8,2026-01-28T18:49:11.465129,03 00 03 00 73 FA 94 47,03000300,0.000000
4767,0,0x10F,STD,8,2026-01-28T18:49:11.521663,03 00 03 00 DE EA 3F 3C,03000300,0.000000
4768,0,0x110,STD,8,2026-01-28T18:49:11.545668,03 00 03 00 64 74 0D 48,03000300,0.000000
4769,0,0x10F,STD,8,2026-01-28T18:49:11.602681,03 00 03 00 94 CB 03 3C,03000300,0.000000
4770,0,0x110,STD,8,2026-01-28T18:49:11.626191,03 00 03 00 49 E5 33 48,03000300,0.000000
4771,0,0x10F,STD,8,2026-01-28T18:49:11.682582,03 00 03 00 9A 46 7F 3C,03000300,0.000000
4772,0,0x110,STD,8,2026-01-28T18:49:11.706587,03 00 03 00 69 43 0E 48,03000300,0.000000
4773,0,0x10F,STD,8,2026-01-28T18:49:11.752598,03 00 03 00 E2 A7 94 3C,03000300,0.000000
4774,0,0x110,STD,8,2026-01-28T18:49:11.776603,03 00 03 00 C0 D0 3B 48,03000300,0.000000
4775,0,0x10F,STD,8,2026-01-28T18:49:11.833643,03 00 03 00 8A A3 E4 3C,03000300,0.000000
4776,0,0x110,STD,8,2026-01-28T18:49:11.857648,03 00 03 00 5C DE 4C 48,03000300,0.000000
4777,0,0x10F,STD,8,2026-01-28T18:49:11.870651,03 00 01 00 00 00 00 00,03000100,0.000000
4778,0,0x110,STD,8,2026-01-28T18:49:11.870651,03 00 01 00 00 00 00 00,03000100,0.000000
4779,0,0x10F,STD,8,2026-01-28T18:49:11.870651,03 00 02 00 07 CA 37 41,03000200,0.000000
4780,0,0x110,STD,8,2026-01-28T18:49:11.870651,03 00 02 00 07 CA 37 41,03000200,0.000000
4781,0,0x10F,STD,8,2026-01-28T18:49:11.916662,03 00 03 00 CF 29 C7 3C,03000300,0.000000
4782,0,0x110,STD,8,2026-01-28T18:49:11.940172,03 00 03 00 3B E4 49 48,03000300,0.000000
4783,0,0x10F,STD,8,2026-01-28T18:49:11.997184,03 00 03 00 12 57 A5 3C,03000300,0.000000
4784,0,0x110,STD,8,2026-01-28T18:49:12.020783,03 00 03 00 08 67 1C 48,03000300,0.000000
4785,0,0x10F,STD,8,2026-01-28T18:49:12.077796,03 00 03 00 90 18 A2 3C,03000300,0.000000
4786,0,0x110,STD,8,2026-01-28T18:49:12.101801,03 00 03 00 34 11 22 48,03000300,0.000000
4787,0,0x10F,STD,8,2026-01-28T18:49:12.158814,03 00 03 00 AD 61 86 3C,03000300,0.000000
4788,0,0x110,STD,8,2026-01-28T18:49:12.182819,03 00 03 00 3F 38 03 48,03000300,0.000000
4789,0,0x10F,STD,8,2026-01-28T18:49:12.239833,03 00 03 00 FD 84 83 3C,03000300,0.000000
4790,0,0x110,STD,8,2026-01-28T18:49:12.263838,03 00 03 00 73 1E A8 47,03000300,0.000000
4791,0,0x10F,STD,8,2026-01-28T18:49:12.309848,03 00 03 00 05 B3 AC 3C,03000300,0.000000
4792,0,0x110,STD,8,2026-01-28T18:49:12.344360,03 00 03 00 C9 2D C3 47,03000300,0.000000
4793,0,0x10F,STD,8,2026-01-28T18:49:12.396371,03 00 03 00 1A 7C A0 3C,03000300,0.000000
4794,0,0x110,STD,8,2026-01-28T18:49:12.420377,03 00 03 00 79 55 5E 48,03000300,0.000000
4795,0,0x10F,STD,8,2026-01-28T18:49:12.477390,03 00 03 00 3F E7 B2 3C,03000300,0.000000
4796,0,0x110,STD,8,2026-01-28T18:49:12.501395,03 00 03 00 DC AE 57 48,03000300,0.000000
4797,0,0x10F,STD,8,2026-01-28T18:49:12.558408,03 00 03 00 E8 E2 B4 3C,03000300,0.000000
4798,0,0x110,STD,8,2026-01-28T18:49:12.582413,03 00 03 00 36 B1 1A 48,03000300,0.000000
4799,0,0x10F,STD,8,2026-01-28T18:49:12.628424,03 00 03 00 A3 49 BE 3C,03000300,0.000000
4800,0,0x110,STD,8,2026-01-28T18:49:12.663432,03 00 03 00 23 B4 85 48,03000300,0.000000
4801,0,0x10F,STD,8,2026-01-28T18:49:12.709442,03 00 03 00 E0 5A 9C 3C,03000300,0.000000
4802,0,0x110,STD,8,2026-01-28T18:49:12.733447,03 00 03 00 5E 28 15 48,03000300,0.000000
4803,0,0x10F,STD,8,2026-01-28T18:49:12.790460,03 00 03 00 06 EC 84 3C,03000300,0.000000
4804,0,0x110,STD,8,2026-01-28T18:49:12.814466,03 00 03 00 67 8E 02 48,03000300,0.000000
4805,0,0x10F,STD,8,2026-01-28T18:49:12.871478,03 00 03 00 B8 0B B6 3C,03000300,0.000000
4806,0,0x110,STD,8,2026-01-28T18:49:12.895484,03 00 03 00 BA EE 41 48,03000300,0.000000
4807,0,0x10F,STD,8,2026-01-28T18:49:12.952497,03 00 01 00 00 00 00 00,03000100,0.000000
4808,0,0x10F,STD,8,2026-01-28T18:49:12.952497,03 00 01 00 00 00 00 00,03000100,0.000000
4809,0,0x110,STD,8,2026-01-28T18:49:12.952497,03 00 01 00 00 00 00 00,03000100,0.000000
4810,0,0x110,STD,8,2026-01-28T18:49:12.952497,03 00 01 00 00 00 00 00,03000100,0.000000
4811,0,0x10F,STD,8,2026-01-28T18:49:12.955497,03 00 02 00 4C 19 30 41,03000200,0.000000
4812,0,0x110,STD,8,2026-01-28T18:49:12.980503,03 00 03 00 9F 07 2C 48,03000300,0.000000
4813,0,0x10F,STD,8,2026-01-28T18:49:13.037516,03 00 03 00 1A 7B 9C 3C,03000300,0.000000
4814,0,0x110,STD,8,2026-01-28T18:49:13.061025,03 00 03 00 BB D1 48 47,03000300,0.000000
4815,0,0x10F,STD,8,2026-01-28T18:49:13.110036,03 00 03 00 9A F0 0D 3D,03000300,0.000000
4816,0,0x110,STD,8,2026-01-28T18:49:13.134042,03 00 03 00 92 F0 D4 47,03000300,0.000000
4817,0,0x10F,STD,8,2026-01-28T18:49:13.191055,03 00 03 00 03 2D EE 3C,03000300,0.000000
4818,0,0x110,STD,8,2026-01-28T18:49:13.215060,03 00 03 00 50 73 BF 47,03000300,0.000000
4819,0,0x10F,STD,8,2026-01-28T18:49:13.272073,03 00 03 00 93 69 88 3C,03000300,0.000000
4820,0,0x110,STD,8,2026-01-28T18:49:13.296078,03 00 03 00 34 3E 32 47,03000300,0.000000
4821,0,0x10F,STD,8,2026-01-28T18:49:13.353090,03 00 03 00 F9 4A 15 3D,03000300,0.000000
4822,0,0x110,STD,8,2026-01-28T18:49:13.377096,03 00 03 00 4F 19 C3 47,03000300,0.000000
4823,0,0x10F,STD,8,2026-01-28T18:49:13.433643,03 00 03 00 12 46 C9 3C,03000300,0.000000
4824,0,0x110,STD,8,2026-01-28T18:49:13.457649,03 00 03 00 1C 98 97 47,03000300,0.000000
4825,0,0x10F,STD,8,2026-01-28T18:49:13.514663,03 00 03 00 5D C9 CF 3C,03000300,0.000000
4826,0,0x110,STD,8,2026-01-28T18:49:13.538179,03 00 03 00 CF A8 27 48,03000300,0.000000
4827,0,0x10F,STD,8,2026-01-28T18:49:13.595612,03 00 03 00 D4 9C DA 3C,03000300,0.000000
4828,0,0x110,STD,8,2026-01-28T18:49:13.619618,03 00 03 00 95 57 E7 47,03000300,0.000000
4829,0,0x10F,STD,8,2026-01-28T18:49:13.665629,03 00 03 00 B8 A9 CB 3C,03000300,0.000000
4830,0,0x110,STD,8,2026-01-28T18:49:13.689634,03 00 03 00 81 0C 13 48,03000300,0.000000
4831,0,0x10F,STD,8,2026-01-28T18:49:13.746044,03 00 03 00 1A 84 ED 3C,03000300,0.000000
4832,0,0x110,STD,8,2026-01-28T18:49:13.770049,03 00 03 00 ED 64 47 48,03000300,0.000000
4833,0,0x10F,STD,8,2026-01-28T18:49:13.827062,03 00 03 00 3A E6 58 3C,03000300,0.000000
4834,0,0x110,STD,8,2026-01-28T18:49:13.851067,03 00 03 00 96 EB DF 47,03000300,0.000000
4835,0,0x10F,STD,8,2026-01-28T18:49:13.907583,03 00 03 00 10 FE 66 3C,03000300,0.000000
4836,0,0x110,STD,8,2026-01-28T18:49:13.931589,03 00 03 00 1B 65 78 48,03000300,0.000000
4837,0,0x10F,STD,8,2026-01-28T18:49:13.988602,03 00 03 00 59 68 7B 3C,03000300,0.000000
4838,0,0x110,STD,8,2026-01-28T18:49:14.012607,03 00 03 00 22 74 10 48,03000300,0.000000
4839,0,0x110,STD,8,2026-01-28T18:49:14.025609,03 00 02 00 4C 19 30 41,03000200,0.000000
4840,0,0x10F,STD,8,2026-01-28T18:49:14.025609,03 00 01 00 00 00 00 00,03000100,0.000000
4841,0,0x10F,STD,8,2026-01-28T18:49:14.025609,03 00 02 00 FF 9B 35 41,03000200,0.000000
4842,0,0x110,STD,8,2026-01-28T18:49:14.027610,03 00 02 00 FF 9B 35 41,03000200,0.000000
4843,0,0x10F,STD,8,2026-01-28T18:49:14.073622,03 00 03 00 AF C7 8E 3C,03000300,0.000000
4844,0,0x110,STD,8,2026-01-28T18:49:14.097626,03 00 03 00 E2 BD 3D 48,03000300,0.000000
4845,0,0x10F,STD,8,2026-01-28T18:49:14.143637,03 00 03 00 B7 31 A7 3C,03000300,0.000000
4846,0,0x110,STD,8,2026-01-28T18:49:14.167642,03 00 03 00 A1 E0 5F 48,03000300,0.000000
4847,0,0x10F,STD,8,2026-01-28T18:49:14.224656,03 00 03 00 83 55 8D 3C,03000300,0.000000
4848,0,0x110,STD,8,2026-01-28T18:49:14.248660,03 00 03 00 18 CD D6 47,03000300,0.000000
4849,0,0x10F,STD,8,2026-01-28T18:49:14.305673,03 00 03 00 2D C1 CB 3B,03000300,0.000000
4850,0,0x110,STD,8,2026-01-28T18:49:14.329678,03 00 03 00 0C 97 05 48,03000300,0.000000
4851,0,0x10F,STD,8,2026-01-28T18:49:14.392693,03 00 03 00 A3 83 AE 3B,03000300,0.000000
4852,0,0x110,STD,8,2026-01-28T18:49:14.416698,03 00 03 00 A2 1E A3 47,03000300,0.000000
4853,0,0x10F,STD,8,2026-01-28T18:49:14.462708,03 00 03 00 4C F9 2A 3C,03000300,0.000000
4854,0,0x110,STD,8,2026-01-28T18:49:14.486714,03 00 03 00 35 60 92 47,03000300,0.000000
4855,0,0x10F,STD,8,2026-01-28T18:49:14.543727,03 00 03 00 22 5E 62 3C,03000300,0.000000
4856,0,0x110,STD,8,2026-01-28T18:49:14.567732,03 00 03 00 29 EF 57 47,03000300,0.000000
4857,0,0x10F,STD,8,2026-01-28T18:49:14.624249,03 00 03 00 60 BD FD 3B,03000300,0.000000
4858,0,0x110,STD,8,2026-01-28T18:49:14.648254,03 00 03 00 A3 66 4D 47,03000300,0.000000
4859,0,0x10F,STD,8,2026-01-28T18:49:14.705267,03 00 03 00 11 A6 38 3C,03000300,0.000000
4860,0,0x110,STD,8,2026-01-28T18:49:14.729272,03 00 03 00 BC 0D 13 48,03000300,0.000000
4861,0,0x10F,STD,8,2026-01-28T18:49:14.786285,03 00 03 00 AE 20 80 3B,03000300,0.000000
4862,0,0x110,STD,8,2026-01-28T18:49:14.810290,03 00 03 00 CD 56 4A 48,03000300,0.000000
4863,0,0x10F,STD,8,2026-01-28T18:49:14.867303,03 00 03 00 0A 94 47 3C,03000300,0.000000
4864,0,0x110,STD,8,2026-01-28T18:49:14.890813,03 00 03 00 E6 24 C4 47,03000300,0.000000
4865,0,0x10F,STD,8,2026-01-28T18:49:14.947826,03 00 03 00 57 91 B3 3B,03000300,0.000000
4866,0,0x110,STD,8,2026-01-28T18:49:14.971831,03 00 03 00 A9 15 02 48,03000300,0.000000
4867,0,0x10F,STD,8,2026-01-28T18:49:15.028844,03 00 03 00 80 D7 1F 3C,03000300,0.000000
4868,0,0x110,STD,8,2026-01-28T18:49:15.052849,03 00 03 00 53 2A 75 47,03000300,0.000000
4869,0,0x10F,STD,8,2026-01-28T18:49:15.109862,03 00 03 00 98 64 19 3C,03000300,0.000000
4870,0,0x10F,STD,8,2026-01-28T18:49:15.109862,03 00 01 00 00 00 00 00,03000100,0.000000
4871,0,0x110,STD,8,2026-01-28T18:49:15.109862,03 00 01 00 00 00 00 00,03000100,0.000000
4872,0,0x10F,STD,8,2026-01-28T18:49:15.109862,03 00 01 00 00 00 00 00,03000100,0.000000
4873,0,0x110,STD,8,2026-01-28T18:49:15.109862,03 00 01 00 00 00 00 00,03000100,0.000000
4874,0,0x110,STD,8,2026-01-28T18:49:15.133867,03 00 03 00 29 47 BE 47,03000300,0.000000
4875,0,0x10F,STD,8,2026-01-28T18:49:15.190383,03 00 03 00 3F 13 38 3C,03000300,0.000000
4876,0,0x110,STD,8,2026-01-28T18:49:15.203386,03 00 03 00 93 4C 03 48,03000300,0.000000
4877,0,0x10F,STD,8,2026-01-28T18:49:15.260399,03 00 03 00 9B 41 9C 3B,03000300,0.000000
4878,0,0x110,STD,8,2026-01-28T18:49:15.284404,03 00 03 00 73 21 8A 47,03000300,0.000000
4879,0,0x10F,STD,8,2026-01-28T18:49:15.341417,03 00 03 00 D7 A2 71 3C,03000300,0.000000
4880,0,0x110,STD,8,2026-01-28T18:49:15.365423,03 00 03 00 02 E8 A7 47,03000300,0.000000
4881,0,0x10F,STD,8,2026-01-28T18:49:15.422435,03 00 03 00 63 B0 DC 3C,03000300,0.000000
4882,0,0x110,STD,8,2026-01-28T18:49:15.446441,03 00 03 00 7E 9D 20 47,03000300,0.000000
4883,0,0x10F,STD,8,2026-01-28T18:49:15.503453,03 00 03 00 BF 50 DB 3C,03000300,0.000000
4884,0,0x110,STD,8,2026-01-28T18:49:15.526043,03 00 03 00 A2 B5 48 47,03000300,0.000000
4885,0,0x10F,STD,8,2026-01-28T18:49:15.583055,03 00 03 00 74 C1 2F 3D,03000300,0.000000
4886,0,0x110,STD,8,2026-01-28T18:49:15.607061,03 00 03 00 B7 8D 2E 48,03000300,0.000000
4887,0,0x10F,STD,8,2026-01-28T18:49:15.664074,03 00 03 00 29 71 13 3D,03000300,0.000000
4888,0,0x110,STD,8,2026-01-28T18:49:15.688079,03 00 03 00 A9 64 00 48,03000300,0.000000
4889,0,0x10F,STD,8,2026-01-28T18:49:15.745092,03 00 03 00 DF E6 1C 3D,03000300,0.000000
4890,0,0x110,STD,8,2026-01-28T18:49:15.769097,03 00 03 00 CB 01 E1 47,03000300,0.000000
4891,0,0x10F,STD,8,2026-01-28T18:49:15.826110,03 00 03 00 54 EF 19 3D,03000300,0.000000
4892,0,0x110,STD,8,2026-01-28T18:49:15.850116,03 00 03 00 CF 99 07 48,03000300,0.000000
4893,0,0x10F,STD,8,2026-01-28T18:49:15.907128,03 00 03 00 F0 6F 00 3C,03000300,0.000000
4894,0,0x110,STD,8,2026-01-28T18:49:15.930869,03 00 03 00 AA 92 41 48,03000300,0.000000
4895,0,0x10F,STD,8,2026-01-28T18:49:15.978521,03 00 03 00 02 F5 BE 3B,03000300,0.000000
4896,0,0x110,STD,8,2026-01-28T18:49:16.003527,03 00 03 00 42 8C 4B 48,03000300,0.000000
4897,0,0x10F,STD,8,2026-01-28T18:49:16.060540,03 00 03 00 AC AB B6 3B,03000300,0.000000
4898,0,0x110,STD,8,2026-01-28T18:49:16.084522,03 00 03 00 FB 3A 1C 48,03000300,0.000000
4899,0,0x10F,STD,8,2026-01-28T18:49:16.141037,03 00 03 00 9A E5 94 3B,03000300,0.000000
4900,0,0x110,STD,8,2026-01-28T18:49:16.165043,03 00 03 00 7D 9A 23 48,03000300,0.000000
4901,0,0x10F,STD,8,2026-01-28T18:49:16.188146,03 00 02 00 2B A9 2F 41,03000200,0.000000
4902,0,0x110,STD,8,2026-01-28T18:49:16.188146,03 00 02 00 2B A9 2F 41,03000200,0.000000
4903,0,0x10F,STD,8,2026-01-28T18:49:16.188146,03 00 01 00 00 00 00 00,03000100,0.000000
4904,0,0x110,STD,8,2026-01-28T18:49:16.188146,03 00 01 00 00 00 00 00,03000100,0.000000
4905,0,0x10F,STD,8,2026-01-28T18:49:16.223072,03 00 03 00 B9 68 44 3B,03000300,0.000000
4906,0,0x110,STD,8,2026-01-28T18:49:16.246030,03 00 03 00 B2 7D 85 48,03000300,0.000000
4907,0,0x10F,STD,8,2026-01-28T18:49:16.302416,03 00 03 00 51 A2 22 3C,03000300,0.000000
4908,0,0x110,STD,8,2026-01-28T18:49:16.325924,03 00 03 00 9D 4D 65 48,03000300,0.000000
4909,0,0x10F,STD,8,2026-01-28T18:49:16.384937,03 00 03 00 8F 89 66 3C,03000300,0.000000
4910,0,0x110,STD,8,2026-01-28T18:49:16.408943,03 00 03 00 A1 4A E3 47,03000300,0.000000
4911,0,0x10F,STD,8,2026-01-28T18:49:16.465457,03 00 03 00 AF BB 63 3C,03000300,0.000000
4912,0,0x110,STD,8,2026-01-28T18:49:16.489464,03 00 03 00 EA 86 C0 47,03000300,0.000000
4913,0,0x10F,STD,8,2026-01-28T18:49:16.535003,03 00 03 00 51 EF F7 3B,03000300,0.000000
4914,0,0x110,STD,8,2026-01-28T18:49:16.558605,03 00 03 00 D5 B4 C7 47,03000300,0.000000
4915,0,0x10F,STD,8,2026-01-28T18:49:16.615119,03 00 03 00 5D D7 4A 3C,03000300,0.000000
4916,0,0x110,STD,8,2026-01-28T18:49:16.639126,03 00 03 00 DC E4 EC 47,03000300,0.000000
4917,0,0x10F,STD,8,2026-01-28T18:49:16.695915,03 00 03 00 78 D3 1C 3C,03000300,0.000000
4918,0,0x110,STD,8,2026-01-28T18:49:16.719921,03 00 03 00 48 7A 15 48,03000300,0.000000
4919,0,0x10F,STD,8,2026-01-28T18:49:16.776933,03 00 03 00 38 63 57 3C,03000300,0.000000
4920,0,0x110,STD,8,2026-01-28T18:49:16.800442,03 00 03 00 43 DB DC 47,03000300,0.000000
4921,0,0x10F,STD,8,2026-01-28T18:49:16.856497,03 00 03 00 61 05 65 3C,03000300,0.000000
4922,0,0x110,STD,8,2026-01-28T18:49:16.880503,03 00 03 00 6C 74 F1 47,03000300,0.000000
4923,0,0x10F,STD,8,2026-01-28T18:49:16.937489,03 00 03 00 AC C6 A0 3C,03000300,0.000000
4924,0,0x110,STD,8,2026-01-28T18:49:16.961494,03 00 03 00 4E A6 E6 47,03000300,0.000000
4925,0,0x10F,STD,8,2026-01-28T18:49:17.017995,03 00 03 00 9F 5E D1 3C,03000300,0.000000
4926,0,0x110,STD,8,2026-01-28T18:49:17.042000,03 00 03 00 90 1C 50 47,03000300,0.000000
4927,0,0x10F,STD,8,2026-01-28T18:49:17.099013,03 00 03 00 37 08 12 3C,03000300,0.000000
4928,0,0x110,STD,8,2026-01-28T18:49:17.123018,03 00 03 00 1E 5C DD 47,03000300,0.000000
4929,0,0x10F,STD,8,2026-01-28T18:49:17.180031,03 00 03 00 52 F6 CA 3B,03000300,0.000000
4930,0,0x110,STD,8,2026-01-28T18:49:17.204036,03 00 03 00 2F FC 15 48,03000300,0.000000
4931,0,0x10F,STD,8,2026-01-28T18:49:17.261049,03 00 03 00 9C 45 88 3C,03000300,0.000000
4932,0,0x110,STD,8,2026-01-28T18:49:17.285055,03 00 03 00 0B 64 53 48,03000300,0.000000
4933,0,0x10F,STD,8,2026-01-28T18:49:17.285055,03 00 02 00 18 63 34 41,03000200,0.000000
4934,0,0x110,STD,8,2026-01-28T18:49:17.285055,03 00 02 00 18 63 34 41,03000200,0.000000
4935,0,0x110,STD,8,2026-01-28T18:49:17.287055,03 00 02 00 3F 5F 31 41,03000200,0.000000
4936,0,0x10F,STD,8,2026-01-28T18:49:17.287055,03 00 01 00 00 00 00 00,03000100,0.000000
4937,0,0x10F,STD,8,2026-01-28T18:49:17.333066,03 00 03 00 42 F7 6B 3C,03000300,0.000000
4938,0,0x110,STD,8,2026-01-28T18:49:17.357071,03 00 03 00 FB 79 59 48,03000300,0.000000
4939,0,0x10F,STD,8,2026-01-28T18:49:17.414084,03 00 03 00 D3 70 60 3C,03000300,0.000000
4940,0,0x110,STD,8,2026-01-28T18:49:17.438089,03 00 03 00 F5 29 63 48,03000300,0.000000
4941,0,0x10F,STD,8,2026-01-28T18:49:17.494463,03 00 03 00 42 D6 16 3C,03000300,0.000000
4942,0,0x110,STD,8,2026-01-28T18:49:17.517715,03 00 03 00 35 7C B4 48,03000300,0.000000
4943,0,0x10F,STD,8,2026-01-28T18:49:17.574727,03 00 03 00 89 F2 93 3C,03000300,0.000000
4944,0,0x110,STD,8,2026-01-28T18:49:17.598733,03 00 03 00 75 50 5B 48,03000300,0.000000
4945,0,0x10F,STD,8,2026-01-28T18:49:17.655746,03 00 03 00 70 A0 9F 3B,03000300,0.000000
4946,0,0x110,STD,8,2026-01-28T18:49:17.679751,03 00 03 00 76 BD 29 48,03000300,0.000000
4947,0,0x10F,STD,8,2026-01-28T18:49:17.736070,03 00 03 00 3B 98 89 3C,03000300,0.000000
4948,0,0x110,STD,8,2026-01-28T18:49:17.760076,03 00 03 00 F4 58 4E 48,03000300,0.000000
4949,0,0x10F,STD,8,2026-01-28T18:49:17.817088,03 00 03 00 72 97 07 3C,03000300,0.000000
4950,0,0x110,STD,8,2026-01-28T18:49:17.841094,03 00 03 00 A7 D4 8B 47,03000300,0.000000
4951,0,0x10F,STD,8,2026-01-28T18:49:17.898106,03 00 03 00 BC 74 98 3C,03000300,0.000000
4952,0,0x110,STD,8,2026-01-28T18:49:17.922112,03 00 03 00 DD B6 91 47,03000300,0.000000
4953,0,0x10F,STD,8,2026-01-28T18:49:17.979125,03 00 03 00 02 BE 02 3C,03000300,0.000000
4954,0,0x110,STD,8,2026-01-28T18:49:18.002422,03 00 03 00 FB EC CE 47,03000300,0.000000
4955,0,0x10F,STD,8,2026-01-28T18:49:18.058001,03 00 03 00 F2 E3 A2 3C,03000300,0.000000
4956,0,0x110,STD,8,2026-01-28T18:49:18.081512,03 00 03 00 F7 B8 1F 48,03000300,0.000000
4957,0,0x10F,STD,8,2026-01-28T18:49:18.130027,03 00 03 00 0E 30 6D 3C,03000300,0.000000
4958,0,0x110,STD,8,2026-01-28T18:49:18.153537,03 00 03 00 C5 95 A1 47,03000300,0.000000
4959,0,0x10F,STD,8,2026-01-28T18:49:18.210553,03 00 03 00 7B 9A 6E 3C,03000300,0.000000
4960,0,0x110,STD,8,2026-01-28T18:49:18.234558,03 00 03 00 47 6F 93 47,03000300,0.000000
4961,0,0x10F,STD,8,2026-01-28T18:49:18.291075,03 00 03 00 AD C7 3D 3C,03000300,0.000000
4962,0,0x110,STD,8,2026-01-28T18:49:18.314583,03 00 03 00 0F 64 AE 47,03000300,0.000000
4963,0,0x10F,STD,8,2026-01-28T18:49:18.375597,03 00 03 00 5D F4 79 3C,03000300,0.000000
4964,0,0x110,STD,8,2026-01-28T18:49:18.375597,03 00 01 00 00 00 00 00,03000100,0.000000
4965,0,0x10F,STD,8,2026-01-28T18:49:18.375597,03 00 02 00 3F 5F 31 41,03000200,0.000000
4966,0,0x10F,STD,8,2026-01-28T18:49:18.375597,03 00 01 00 00 00 00 00,03000100,0.000000
4967,0,0x110,STD,8,2026-01-28T18:49:18.375597,03 00 01 00 00 00 00 00,03000100,0.000000
4968,0,0x110,STD,8,2026-01-28T18:49:18.399602,03 00 03 00 1B 50 18 48,03000300,0.000000
4969,0,0x10F,STD,8,2026-01-28T18:49:18.456268,03 00 03 00 6F D0 90 3C,03000300,0.000000
4970,0,0x110,STD,8,2026-01-28T18:49:18.480273,03 00 03 00 4F 9E ED 47,03000300,0.000000
4971,0,0x10F,STD,8,2026-01-28T18:49:18.536930,03 00 03 00 84 86 F9 3C,03000300,0.000000
4972,0,0x110,STD,8,2026-01-28T18:49:18.560936,03 00 03 00 9C D0 BA 47,03000300,0.000000
4973,0,0x10F,STD,8,2026-01-28T18:49:18.617455,03 00 03 00 DD F8 C0 3C,03000300,0.000000
4974,0,0x110,STD,8,2026-01-28T18:49:18.641460,03 00 03 00 FB AF D7 47,03000300,0.000000
4975,0,0x10F,STD,8,2026-01-28T18:49:18.691811,03 00 03 00 9F 51 30 3C,03000300,0.000000
4976,0,0x110,STD,8,2026-01-28T18:49:18.715816,03 00 03 00 74 CF 2A 47,03000300,0.000000
4977,0,0x10F,STD,8,2026-01-28T18:49:18.772332,03 00 03 00 C3 CA 56 3C,03000300,0.000000
4978,0,0x110,STD,8,2026-01-28T18:49:18.796337,03 00 03 00 F6 C5 13 48,03000300,0.000000
4979,0,0x10F,STD,8,2026-01-28T18:49:18.852358,03 00 03 00 78 2D B3 3C,03000300,0.000000
4980,0,0x110,STD,8,2026-01-28T18:49:18.876178,03 00 03 00 B2 84 31 48,03000300,0.000000
4981,0,0x10F,STD,8,2026-01-28T18:49:18.932695,03 00 03 00 53 B5 8A 3C,03000300,0.000000
4982,0,0x110,STD,8,2026-01-28T18:49:18.956205,03 00 03 00 C9 75 3B 48,03000300,0.000000
4983,0,0x10F,STD,8,2026-01-28T18:49:19.014456,03 00 03 00 22 82 08 3C,03000300,0.000000
4984,0,0x110,STD,8,2026-01-28T18:49:19.038461,03 00 03 00 0D 55 05 48,03000300,0.000000
4985,0,0x10F,STD,8,2026-01-28T18:49:19.095474,03 00 03 00 B4 0D 30 3C,03000300,0.000000
4986,0,0x110,STD,8,2026-01-28T18:49:19.119480,03 00 03 00 C7 89 28 47,03000300,0.000000
4987,0,0x10F,STD,8,2026-01-28T18:49:19.175997,03 00 03 00 C0 1D 0A 3C,03000300,0.000000
4988,0,0x110,STD,8,2026-01-28T18:49:19.188441,03 00 03 00 95 A2 98 47,03000300,0.000000
4989,0,0x10F,STD,8,2026-01-28T18:49:19.245454,03 00 03 00 6F 79 82 3C,03000300,0.000000
4990,0,0x110,STD,8,2026-01-28T18:49:19.279964,03 00 03 00 1A 4E 8C 48,03000300,0.000000
4991,0,0x10F,STD,8,2026-01-28T18:49:19.325975,03 00 03 00 BF 04 81 3C,03000300,0.000000
4992,0,0x110,STD,8,2026-01-28T18:49:19.349980,03 00 03 00 23 89 9C 48,03000300,0.000000
4993,0,0x10F,STD,8,2026-01-28T18:49:19.406993,03 00 03 00 F6 89 42 3C,03000300,0.000000
4994,0,0x110,STD,8,2026-01-28T18:49:19.430998,03 00 03 00 FB 84 AF 48,03000300,0.000000
4995,0,0x10F,STD,8,2026-01-28T18:49:19.455004,03 00 02 00 3F 5F 31 41,03000200,0.000000
4996,0,0x110,STD,8,2026-01-28T18:49:19.455004,03 00 02 00 3F 5F 31 41,03000200,0.000000
4997,0,0x10F,STD,8,2026-01-28T18:49:19.455004,03 00 02 00 B7 9F 3E 41,03000200,0.000000
4998,0,0x110,STD,8,2026-01-28T18:49:19.455004,03 00 02 00 B7 9F 3E 41,03000200,0.000000
4999,0,0x10F,STD,8,2026-01-28T18:49:19.490011,03 00 03 00 8B EE 4E 3C,03000300,0.000000
5000,0,0x110,STD,8,2026-01-28T18:49:19.514017,03 00 03 00 62 CC AC 48,03000300,0.000000
5001,0,0x10F,STD,8,2026-01-28T18:49:19.571030,03 00 03 00 01 78 E7 3C,03000300,0.000000
5002,0,0x110,STD,8,2026-01-28T18:49:19.595035,03 00 03 00 3F 4B 96 48,03000300,0.000000
5003,0,0x10F,STD,8,2026-01-28T18:49:19.652048,03 00 03 00 C5 1B EC 3C,03000300,0.000000
5004,0,0x110,STD,8,2026-01-28T18:49:19.676053,03 00 03 00 1C 54 CD 47,03000300,0.000000
5005,0,0x10F,STD,8,2026-01-28T18:49:19.733066,03 00 03 00 E0 A8 9C 3C,03000300,0.000000
5006,0,0x110,STD,8,2026-01-28T18:49:19.757072,03 00 03 00 5A 48 85 47,03000300,0.000000
5007,0,0x10F,STD,8,2026-01-28T18:49:19.803082,03 00 03 00 6D EA CD 3C,03000300,0.000000
5008,0,0x110,STD,8,2026-01-28T18:49:19.827088,03 00 03 00 67 79 04 48,03000300,0.000000
5009,0,0x10F,STD,8,2026-01-28T18:49:19.884100,03 00 03 00 32 10 E7 3B,03000300,0.000000
5010,0,0x110,STD,8,2026-01-28T18:49:19.919108,03 00 03 00 28 59 15 48,03000300,0.000000
5011,0,0x10F,STD,8,2026-01-28T18:49:19.965118,03 00 03 00 45 81 95 3C,03000300,0.000000
5012,0,0x110,STD,8,2026-01-28T18:49:19.989124,03 00 03 00 D0 23 66 47,03000300,0.000000
5013,0,0x10F,STD,8,2026-01-28T18:49:20.046137,03 00 03 00 70 1F 29 3C,03000300,0.000000
5014,0,0x110,STD,8,2026-01-28T18:49:20.070142,03 00 03 00 0B 27 C3 47,03000300,0.000000
5015,0,0x10F,STD,8,2026-01-28T18:49:20.127155,03 00 03 00 EB A6 A2 3C,03000300,0.000000
5016,0,0x110,STD,8,2026-01-28T18:49:20.151160,03 00 03 00 6A 24 C9 47,03000300,0.000000
5017,0,0x10F,STD,8,2026-01-28T18:49:20.208173,03 00 03 00 E6 AB 15 3D,03000300,0.000000
5018,0,0x110,STD,8,2026-01-28T18:49:20.232179,03 00 03 00 10 42 AA 47,03000300,0.000000
5019,0,0x10F,STD,8,2026-01-28T18:49:20.289191,03 00 03 00 F9 BF C4 3C,03000300,0.000000
5020,0,0x110,STD,8,2026-01-28T18:49:20.313197,03 00 03 00 FC 31 27 47,03000300,0.000000
5021,0,0x10F,STD,8,2026-01-28T18:49:20.372713,03 00 03 00 DF A2 C3 3C,03000300,0.000000
5022,0,0x110,STD,8,2026-01-28T18:49:20.385716,03 00 03 00 60 73 0B 48,03000300,0.000000
5023,0,0x10F,STD,8,2026-01-28T18:49:20.442730,03 00 03 00 82 98 31 3C,03000300,0.000000
5024,0,0x110,STD,8,2026-01-28T18:49:20.466735,03 00 03 00 90 15 4B 48,03000300,0.000000
5025,0,0x10F,STD,8,2026-01-28T18:49:20.523747,03 00 03 00 B9 2B FF 3C,03000300,0.000000
5026,0,0x10F,STD,8,2026-01-28T18:49:20.547753,03 00 01 00 00 00 00 00,03000100,0.000000
5027,0,0x110,STD,8,2026-01-28T18:49:20.547753,03 00 01 00 00 00 00 00,03000100,0.000000
5028,0,0x10F,STD,8,2026-01-28T18:49:20.547753,03 00 02 00 6D B8 41 41,03000200,0.000000
5029,0,0x110,STD,8,2026-01-28T18:49:20.549753,03 00 02 00 6D B8 41 41,03000200,0.000000
5030,0,0x10F,STD,8,2026-01-28T18:49:20.606766,03 00 03 00 4E A5 8A 3C,03000300,0.000000
5031,0,0x110,STD,8,2026-01-28T18:49:20.630771,03 00 03 00 C0 CB 3D 48,03000300,0.000000
5032,0,0x10F,STD,8,2026-01-28T18:49:20.687784,03 00 03 00 B7 0D 13 3D,03000300,0.000000
5033,0,0x110,STD,8,2026-01-28T18:49:20.711790,03 00 03 00 F4 EC 3C 48,03000300,0.000000
5034,0,0x10F,STD,8,2026-01-28T18:49:20.768265,03 00 03 00 AC 14 E1 3C,03000300,0.000000
5035,0,0x110,STD,8,2026-01-28T18:49:20.792270,03 00 03 00 BD 28 CD 47,03000300,0.000000
5036,0,0x10F,STD,8,2026-01-28T18:49:20.849284,03 00 03 00 75 83 DE 3B,03000300,0.000000
5037,0,0x110,STD,8,2026-01-28T18:49:20.873288,03 00 03 00 98 FD E1 47,03000300,0.000000
5038,0,0x10F,STD,8,2026-01-28T18:49:20.919299,03 00 03 00 FB 3D 9F 3C,03000300,0.000000
5039,0,0x110,STD,8,2026-01-28T18:49:20.954307,03 00 03 00 AD 08 CB 47,03000300,0.000000
5040,0,0x10F,STD,8,2026-01-28T18:49:21.000317,03 00 03 00 24 A3 58 3C,03000300,0.000000
5041,0,0x110,STD,8,2026-01-28T18:49:21.024322,03 00 03 00 7A 0D AA 47,03000300,0.000000
5042,0,0x10F,STD,8,2026-01-28T18:49:21.081335,03 00 03 00 EE 55 72 3C,03000300,0.000000
5043,0,0x110,STD,8,2026-01-28T18:49:21.105341,03 00 03 00 CA BC A3 47,03000300,0.000000
5044,0,0x10F,STD,8,2026-01-28T18:49:21.162368,03 00 03 00 56 5C 9D 3C,03000300,0.000000
5045,0,0x110,STD,8,2026-01-28T18:49:21.186361,03 00 03 00 17 B8 6A 47,03000300,0.000000
5046,0,0x10F,STD,8,2026-01-28T18:49:21.243376,03 00 03 00 E6 B3 32 3C,03000300,0.000000
5047,0,0x110,STD,8,2026-01-28T18:49:21.267381,03 00 03 00 3B F0 F0 47,03000300,0.000000
5048,0,0x10F,STD,8,2026-01-28T18:49:21.324393,03 00 03 00 FD BE CC 3C,03000300,0.000000
5049,0,0x110,STD,8,2026-01-28T18:49:21.348400,03 00 03 00 73 9E DD 47,03000300,0.000000
5050,0,0x10F,STD,8,2026-01-28T18:49:21.404523,03 00 03 00 D5 46 8F 3C,03000300,0.000000
5051,0,0x110,STD,8,2026-01-28T18:49:21.427765,03 00 03 00 DE 4C 85 47,03000300,0.000000
5052,0,0x10F,STD,8,2026-01-28T18:49:21.484778,03 00 03 00 3F 8A 0D 3C,03000300,0.000000
5053,0,0x110,STD,8,2026-01-28T18:49:21.508783,03 00 03 00 3C 0F D5 47,03000300,0.000000
5054,0,0x10F,STD,8,2026-01-28T18:49:21.565301,03 00 03 00 37 AD 05 3C,03000300,0.000000
5055,0,0x110,STD,8,2026-01-28T18:49:21.589306,03 00 03 00 96 EB 1C 48,03000300,0.000000
5056,0,0x10F,STD,8,2026-01-28T18:49:21.635316,03 00 01 00 00 00 00 00,03000100,0.000000
5057,0,0x110,STD,8,2026-01-28T18:49:21.635316,03 00 01 00 00 00 00 00,03000100,0.000000
5058,0,0x10F,STD,8,2026-01-28T18:49:21.635316,03 00 02 00 F9 09 35 41,03000200,0.000000
5059,0,0x110,STD,8,2026-01-28T18:49:21.635316,03 00 02 00 F9 09 35 41,03000200,0.000000
5060,0,0x10F,STD,8,2026-01-28T18:49:21.637317,03 00 03 00 40 34 49 3C,03000300,0.000000
5061,0,0x110,STD,8,2026-01-28T18:49:21.661322,03 00 03 00 57 7F 79 47,03000300,0.000000
5062,0,0x10F,STD,8,2026-01-28T18:49:21.718343,03 00 03 00 F6 B5 BC 3C,03000300,0.000000
5063,0,0x110,STD,8,2026-01-28T18:49:21.741851,03 00 03 00 A7 85 E2 47,03000300,0.000000
5064,0,0x10F,STD,8,2026-01-28T18:49:21.798864,03 00 03 00 EA E1 D8 3C,03000300,0.000000
5065,0,0x110,STD,8,2026-01-28T18:49:21.822870,03 00 03 00 C2 17 6F 47,03000300,0.000000
5066,0,0x10F,STD,8,2026-01-28T18:49:21.879882,03 00 03 00 0B DA 5C 3C,03000300,0.000000
5067,0,0x110,STD,8,2026-01-28T18:49:21.903357,03 00 03 00 97 F3 C1 47,03000300,0.000000
5068,0,0x10F,STD,8,2026-01-28T18:49:21.960371,03 00 03 00 C8 7A C6 3C,03000300,0.000000
5069,0,0x110,STD,8,2026-01-28T18:49:21.978375,03 00 03 00 64 CB 8D 47,03000300,0.000000
5070,0,0x10F,STD,8,2026-01-28T18:49:22.034937,03 00 03 00 30 73 A3 3C,03000300,0.000000
5071,0,0x110,STD,8,2026-01-28T18:49:22.058944,03 00 03 00 50 A6 CD 47,03000300,0.000000
5072,0,0x10F,STD,8,2026-01-28T18:49:22.115956,03 00 03 00 D2 72 11 3C,03000300,0.000000
5073,0,0x110,STD,8,2026-01-28T18:49:22.139752,03 00 03 00 99 AE BF 47,03000300,0.000000
5074,0,0x10F,STD,8,2026-01-28T18:49:22.196765,03 00 03 00 AC 5C 8E 3C,03000300,0.000000
5075,0,0x110,STD,8,2026-01-28T18:49:22.220770,03 00 03 00 56 47 DA 47,03000300,0.000000
5076,0,0x10F,STD,8,2026-01-28T18:49:22.277783,03 00 03 00 DA 5B 16 3C,03000300,0.000000
5077,0,0x110,STD,8,2026-01-28T18:49:22.301317,03 00 03 00 E7 B7 4E 47,03000300,0.000000
5078,0,0x10F,STD,8,2026-01-28T18:49:22.365332,03 00 03 00 D1 69 1D 3C,03000300,0.000000
5079,0,0x110,STD,8,2026-01-28T18:49:22.379337,03 00 03 00 30 56 DD 47,03000300,0.000000
5080,0,0x10F,STD,8,2026-01-28T18:49:22.436349,03 00 03 00 CF 26 AF 3C,03000300,0.000000
5081,0,0x110,STD,8,2026-01-28T18:49:22.460354,03 00 03 00 DB BB FD 47,03000300,0.000000
5082,0,0x10F,STD,8,2026-01-28T18:49:22.516871,03 00 03 00 F2 6E 1F 3C,03000300,0.000000
5083,0,0x110,STD,8,2026-01-28T18:49:22.540877,03 00 03 00 44 CC CF 47,03000300,0.000000
5084,0,0x10F,STD,8,2026-01-28T18:49:22.597890,03 00 03 00 2C 43 6B 3C,03000300,0.000000
5085,0,0x110,STD,8,2026-01-28T18:49:22.621895,03 00 03 00 2B A2 49 48,03000300,0.000000
5086,0,0x10F,STD,8,2026-01-28T18:49:22.678908,03 00 03 00 7C FD 83 3C,03000300,0.000000
5087,0,0x10F,STD,8,2026-01-28T18:49:22.691911,03 00 01 00 00 00 00 00,03000100,0.000000
5088,0,0x110,STD,8,2026-01-28T18:49:22.691911,03 00 01 00 00 00 00 00,03000100,0.000000
5089,0,0x10F,STD,8,2026-01-28T18:49:22.691911,03 00 02 00 19 25 2D 41,03000200,0.000000
5090,0,0x110,STD,8,2026-01-28T18:49:22.691911,03 00 02 00 19 25 2D 41,03000200,0.000000
5091,0,0x110,STD,8,2026-01-28T18:49:22.704914,03 00 03 00 9C 4F 3C 48,03000300,0.000000
5092,0,0x10F,STD,8,2026-01-28T18:49:22.761927,03 00 03 00 1F 6E F2 3B,03000300,0.000000
5093,0,0x110,STD,8,2026-01-28T18:49:22.785932,03 00 03 00 0E E2 02 48,03000300,0.000000
5094,0,0x10F,STD,8,2026-01-28T18:49:22.831943,03 00 03 00 49 F4 21 3C,03000300,0.000000
5095,0,0x110,STD,8,2026-01-28T18:49:22.855948,03 00 03 00 A2 F5 3C 48,03000300,0.000000
5096,0,0x10F,STD,8,2026-01-28T18:49:22.912961,03 00 03 00 72 E7 8A 3C,03000300,0.000000
5097,0,0x110,STD,8,2026-01-28T18:49:22.936966,03 00 03 00 03 26 02 48,03000300,0.000000
5098,0,0x10F,STD,8,2026-01-28T18:49:22.993979,03 00 03 00 44 54 3B 3C,03000300,0.000000
5099,0,0x110,STD,8,2026-01-28T18:49:23.017984,03 00 03 00 0E 48 25 48,03000300,0.000000
5100,0,0x10F,STD,8,2026-01-28T18:49:23.074997,03 00 03 00 73 85 8E 3C,03000300,0.000000
5101,0,0x110,STD,8,2026-01-28T18:49:23.099002,03 00 03 00 9C 3B 14 48,03000300,0.000000
5102,0,0x10F,STD,8,2026-01-28T18:49:23.155021,03 00 03 00 CD 5C 7D 3C,03000300,0.000000
5103,0,0x110,STD,8,2026-01-28T18:49:23.178105,03 00 03 00 CA 2A 5F 47,03000300,0.000000
5104,0,0x10F,STD,8,2026-01-28T18:49:23.235118,03 00 03 00 BA 3A AA 3B,03000300,0.000000
5105,0,0x110,STD,8,2026-01-28T18:49:23.259124,03 00 03 00 BE DD 7A 47,03000300,0.000000
5106,0,0x10F,STD,8,2026-01-28T18:49:23.316136,03 00 03 00 3C 9D 65 3C,03000300,0.000000
5107,0,0x110,STD,8,2026-01-28T18:49:23.339647,03 00 03 00 C9 2E 62 47,03000300,0.000000
5108,0,0x10F,STD,8,2026-01-28T18:49:23.396107,03 00 03 00 FD B3 E0 3B,03000300,0.000000
5109,0,0x110,STD,8,2026-01-28T18:49:23.419642,03 00 03 00 5B 81 11 48,03000300,0.000000
5110,0,0x10F,STD,8,2026-01-28T18:49:23.476100,03 00 03 00 3C BF D8 3B,03000300,0.000000
5111,0,0x110,STD,8,2026-01-28T18:49:23.500105,03 00 03 00 75 EF FA 47,03000300,0.000000
5112,0,0x10F,STD,8,2026-01-28T18:49:23.557118,03 00 03 00 A9 E5 21 3C,03000300,0.000000
5113,0,0x110,STD,8,2026-01-28T18:49:23.580412,03 00 03 00 DD 72 2F 48,03000300,0.000000
5114,0,0x10F,STD,8,2026-01-28T18:49:23.636817,03 00 03 00 1D 51 92 3B,03000300,0.000000
5115,0,0x110,STD,8,2026-01-28T18:49:23.660325,03 00 03 00 87 47 49 48,03000300,0.000000
5116,0,0x10F,STD,8,2026-01-28T18:49:23.717338,03 00 03 00 C1 54 CF 3B,03000300,0.000000
5117,0,0x110,STD,8,2026-01-28T18:49:23.741343,03 00 03 00 26 C6 B0 47,03000300,0.000000
5118,0,0x10F,STD,8,2026-01-28T18:49:23.786855,03 00 01 00 00 00 00 00,03000100,0.000000
5119,0,0x10F,STD,8,2026-01-28T18:49:23.788856,03 00 03 00 82 B9 1F 3C,03000300,0.000000
5120,0,0x110,STD,8,2026-01-28T18:49:23.790315,03 00 01 00 00 00 00 00,03000100,0.000000
5121,0,0x110,STD,8,2026-01-28T18:49:23.790315,03 00 01 00 00 00 00 00,03000100,0.000000
5122,0,0x10F,STD,8,2026-01-28T18:49:23.790315,03 00 02 00 2D 62 36 41,03000200,0.000000
5123,0,0x110,STD,8,2026-01-28T18:49:23.825324,03 00 03 00 78 13 41 48,03000300,0.000000
5124,0,0x10F,STD,8,2026-01-28T18:49:23.869911,03 00 03 00 C4 54 1E 3C,03000300,0.000000
5125,0,0x110,STD,8,2026-01-28T18:49:23.893917,03 00 03 00 2B 1C D6 47,03000300,0.000000
5126,0,0x10F,STD,8,2026-01-28T18:49:23.950930,03 00 03 00 3D 4E 04 3C,03000300,0.000000
5127,0,0x110,STD,8,2026-01-28T18:49:23.974402,03 00 03 00 CB 71 24 48,03000300,0.000000
5128,0,0x10F,STD,8,2026-01-28T18:49:24.031279,03 00 03 00 D9 8C 1B 3C,03000300,0.000000
5129,0,0x110,STD,8,2026-01-28T18:49:24.055284,03 00 03 00 E8 9A 04 48,03000300,0.000000
5130,0,0x10F,STD,8,2026-01-28T18:49:24.111855,03 00 03 00 C5 01 80 3B,03000300,0.000000
5131,0,0x110,STD,8,2026-01-28T18:49:24.135860,03 00 03 00 5E 90 D5 47,03000300,0.000000
5132,0,0x10F,STD,8,2026-01-28T18:49:24.192376,03 00 03 00 AC 20 8E 3C,03000300,0.000000
5133,0,0x110,STD,8,2026-01-28T18:49:24.216381,03 00 03 00 4F E0 54 48,03000300,0.000000
5134,0,0x10F,STD,8,2026-01-28T18:49:24.273394,03 00 03 00 B0 69 E0 3C,03000300,0.000000
5135,0,0x110,STD,8,2026-01-28T18:49:24.297399,03 00 03 00 61 BE D7 47,03000300,0.000000
5136,0,0x10F,STD,8,2026-01-28T18:49:24.362414,03 00 03 00 D1 A6 87 3C,03000300,0.000000
5137,0,0x110,STD,8,2026-01-28T18:49:24.376417,03 00 03 00 00 D1 95 47,03000300,0.000000
5138,0,0x10F,STD,8,2026-01-28T18:49:24.433430,03 00 03 00 94 5C 6F 3C,03000300,0.000000
5139,0,0x110,STD,8,2026-01-28T18:49:24.457436,03 00 03 00 85 C8 AB 47,03000300,0.000000
5140,0,0x10F,STD,8,2026-01-28T18:49:24.514448,03 00 03 00 C5 8E B5 3C,03000300,0.000000
5141,0,0x110,STD,8,2026-01-28T18:49:24.538454,03 00 03 00 BD 73 0A 48,03000300,0.000000
5142,0,0x10F,STD,8,2026-01-28T18:49:24.595467,03 00 03 00 DC 47 C8 3C,03000300,0.000000
5143,0,0x110,STD,8,2026-01-28T18:49:24.619472,03 00 03 00 24 86 41 48,03000300,0.000000
5144,0,0x10F,STD,8,2026-01-28T18:49:24.665483,03 00 03 00 4B 56 B2 3B,03000300,0.000000
5145,0,0x110,STD,8,2026-01-28T18:49:24.688804,03 00 03 00 16 BF B6 47,03000300,0.000000
5146,0,0x10F,STD,8,2026-01-28T18:49:24.745817,03 00 03 00 A2 46 06 3C,03000300,0.000000
5147,0,0x110,STD,8,2026-01-28T18:49:24.769823,03 00 03 00 97 3F 75 47,03000300,0.000000
5148,0,0x10F,STD,8,2026-01-28T18:49:24.826836,03 00 03 00 9A 06 23 3C,03000300,0.000000
5149,0,0x110,STD,8,2026-01-28T18:49:24.850841,03 00 03 00 08 B6 B8 47,03000300,0.000000
5150,0,0x110,STD,8,2026-01-28T18:49:24.863346,03 00 02 00 2D 62 36 41,03000200,0.000000
5151,0,0x10F,STD,8,2026-01-28T18:49:24.863346,03 00 01 00 00 00 00 00,03000100,0.000000
5152,0,0x110,STD,8,2026-01-28T18:49:24.863346,03 00 02 00 0B 36 41 41,03000200,0.000000
5153,0,0x10F,STD,8,2026-01-28T18:49:24.863346,03 00 01 00 00 00 00 00,03000100,0.000000
5154,0,0x10F,STD,8,2026-01-28T18:49:24.909357,03 00 03 00 A4 57 B8 3B,03000300,0.000000
5155,0,0x110,STD,8,2026-01-28T18:49:24.933363,03 00 03 00 0B 89 EC 47,03000300,0.000000
5156,0,0x10F,STD,8,2026-01-28T18:49:24.990375,03 00 03 00 5E A6 41 3B,03000300,0.000000
5157,0,0x110,STD,8,2026-01-28T18:49:25.014380,03 00 03 00 90 A9 C5 47,03000300,0.000000
5158,0,0x10F,STD,8,2026-01-28T18:49:25.071393,03 00 03 00 3B 9F B0 3B,03000300,0.000000
5159,0,0x110,STD,8,2026-01-28T18:49:25.095398,03 00 03 00 47 91 23 47,03000300,0.000000
5160,0,0x10F,STD,8,2026-01-28T18:49:25.152411,03 00 03 00 F1 CC 6D 3C,03000300,0.000000
5161,0,0x110,STD,8,2026-01-28T18:49:25.176417,03 00 03 00 39 C8 B2 47,03000300,0.000000
5162,0,0x10F,STD,8,2026-01-28T18:49:25.233430,03 00 03 00 BD 26 4A 3C,03000300,0.000000
5163,0,0x110,STD,8,2026-01-28T18:49:25.257435,03 00 03 00 C0 F6 54 47,03000300,0.000000
5164,0,0x10F,STD,8,2026-01-28T18:49:25.303445,03 00 03 00 9C 86 C5 3B,03000300,0.000000
5165,0,0x110,STD,8,2026-01-28T18:49:25.327451,03 00 03 00 01 0F 09 48,03000300,0.000000
5166,0,0x10F,STD,8,2026-01-28T18:49:25.384463,03 00 03 00 7C D0 06 3C,03000300,0.000000
5167,0,0x110,STD,8,2026-01-28T18:49:25.408469,03 00 03 00 4C 87 ED 47,03000300,0.000000
5168,0,0x10F,STD,8,2026-01-28T18:49:25.465482,03 00 03 00 8B 25 83 3C,03000300,0.000000
5169,0,0x110,STD,8,2026-01-28T18:49:25.489228,03 00 03 00 28 9E 81 47,03000300,0.000000
5170,0,0x10F,STD,8,2026-01-28T18:49:25.545743,03 00 03 00 CC 75 6C 3C,03000300,0.000000
5171,0,0x110,STD,8,2026-01-28T18:49:25.569750,03 00 03 00 83 5F 4B 47,03000300,0.000000
5172,0,0x10F,STD,8,2026-01-28T18:49:25.626762,03 00 03 00 DE D3 87 3C,03000300,0.000000
5173,0,0x110,STD,8,2026-01-28T18:49:25.650768,03 00 03 00 8B 63 F3 47,03000300,0.000000
5174,0,0x10F,STD,8,2026-01-28T18:49:25.707780,03 00 03 00 68 C6 9B 3C,03000300,0.000000
5175,0,0x110,STD,8,2026-01-28T18:49:25.731786,03 00 03 00 A8 90 71 47,03000300,0.000000
5176,0,0x10F,STD,8,2026-01-28T18:49:25.788799,03 00 03 00 BA 80 55 3C,03000300,0.000000
5177,0,0x110,STD,8,2026-01-28T18:49:25.812804,03 00 03 00 FD 29 13 47,03000300,0.000000
5178,0,0x10F,STD,8,2026-01-28T18:49:25.869817,03 00 03 00 4B 27 2E 3C,03000300,0.000000
5179,0,0x110,STD,8,2026-01-28T18:49:25.893822,03 00 03 00 C1 03 91 47,03000300,0.000000
5180,0,0x110,STD,8,2026-01-28T18:49:25.928830,03 00 01 00 00 00 00 00,03000100,0.000000
5181,0,0x10F,STD,8,2026-01-28T18:49:25.930831,03 00 02 00 0B 36 41 41,03000200,0.000000
5182,0,0x110,STD,8,2026-01-28T18:49:25.932831,03 00 01 00 00 00 00 00,03000100,0.000000
5183,0,0x10F,STD,8,2026-01-28T18:49:25.932831,03 00 02 00 49 02 2F 41,03000200,0.000000
5184,0,0x10F,STD,8,2026-01-28T18:49:25.945834,03 00 03 00 57 76 A4 3C,03000300,0.000000
5185,0,0x110,STD,8,2026-01-28T18:49:25.969839,03 00 03 00 57 1C B6 47,03000300,0.000000
5186,0,0x10F,STD,8,2026-01-28T18:49:26.026852,03 00 03 00 1E 59 9C 3C,03000300,0.000000
5187,0,0x110,STD,8,2026-01-28T18:49:26.050858,03 00 03 00 14 5F 77 48,03000300,0.000000
5188,0,0x10F,STD,8,2026-01-28T18:49:26.107871,03 00 03 00 15 73 EE 3C,03000300,0.000000
5189,0,0x110,STD,8,2026-01-28T18:49:26.131876,03 00 03 00 30 EE 44 48,03000300,0.000000
5190,0,0x10F,STD,8,2026-01-28T18:49:26.188888,03 00 03 00 30 72 FA 3C,03000300,0.000000
5191,0,0x110,STD,8,2026-01-28T18:49:26.212894,03 00 03 00 EA 81 16 48,03000300,0.000000
5192,0,0x10F,STD,8,2026-01-28T18:49:26.269907,03 00 03 00 AB 4C 02 3D,03000300,0.000000
5193,0,0x110,STD,8,2026-01-28T18:49:26.293912,03 00 03 00 9F 4F 04 48,03000300,0.000000
5194,0,0x10F,STD,8,2026-01-28T18:49:26.340237,03 00 03 00 8D CE CF 3C,03000300,0.000000
5195,0,0x110,STD,8,2026-01-28T18:49:26.371245,03 00 03 00 F1 3E A8 47,03000300,0.000000
5196,0,0x10F,STD,8,2026-01-28T18:49:26.428313,03 00 03 00 5C 6E 84 3C,03000300,0.000000
5197,0,0x110,STD,8,2026-01-28T18:49:26.452300,03 00 03 00 92 9A B3 47,03000300,0.000000
5198,0,0x10F,STD,8,2026-01-28T18:49:26.509313,03 00 03 00 D8 BC 25 3C,03000300,0.000000
5199,0,0x110,STD,8,2026-01-28T18:49:26.521903,03 00 03 00 E5 40 57 47,03000300,0.000000
5200,0,0x10F,STD,8,2026-01-28T18:49:26.578918,03 00 03 00 31 AB B3 3C,03000300,0.000000
5201,0,0x110,STD,8,2026-01-28T18:49:26.602923,03 00 03 00 04 DD 97 47,03000300,0.000000
5202,0,0x10F,STD,8,2026-01-28T18:49:26.659936,03 00 03 00 FE D3 D1 3C,03000300,0.000000
5203,0,0x110,STD,8,2026-01-28T18:49:26.683078,03 00 03 00 52 5A 5B 47,03000300,0.000000
5204,0,0x10F,STD,8,2026-01-28T18:49:26.740090,03 00 03 00 35 94 BD 3C,03000300,0.000000
5205,0,0x110,STD,8,2026-01-28T18:49:26.764096,03 00 03 00 94 5E 07 48,03000300,0.000000
5206,0,0x10F,STD,8,2026-01-28T18:49:26.820193,03 00 03 00 84 2C ED 3C,03000300,0.000000
5207,0,0x110,STD,8,2026-01-28T18:49:26.844187,03 00 03 00 D2 3C B9 47,03000300,0.000000
5208,0,0x10F,STD,8,2026-01-28T18:49:26.900794,03 00 03 00 C7 A6 BB 3C,03000300,0.000000
5209,0,0x110,STD,8,2026-01-28T18:49:26.924800,03 00 03 00 31 E6 C7 47,03000300,0.000000
5210,0,0x10F,STD,8,2026-01-28T18:49:26.981318,03 00 03 00 C2 B2 BA 3C,03000300,0.000000
5211,0,0x110,STD,8,2026-01-28T18:49:27.005323,03 00 03 00 AC F8 EF 47,03000300,0.000000
5212,0,0x110,STD,8,2026-01-28T18:49:27.006688,03 00 02 00 49 02 2F 41,03000200,0.000000
5213,0,0x10F,STD,8,2026-01-28T18:49:27.008689,03 00 01 00 00 00 00 00,03000100,0.000000
5214,0,0x10F,STD,8,2026-01-28T18:49:27.010689,03 00 02 00 CC 7E 25 41,03000200,0.000000
5215,0,0x110,STD,8,2026-01-28T18:49:27.010689,03 00 02 00 CC 7E 25 41,03000200,0.000000
5216,0,0x10F,STD,8,2026-01-28T18:49:27.056700,03 00 03 00 DE 82 96 3C,03000300,0.000000
5217,0,0x110,STD,8,2026-01-28T18:49:27.091210,03 00 03 00 13 5B C2 47,03000300,0.000000
5218,0,0x10F,STD,8,2026-01-28T18:49:27.137222,03 00 03 00 E2 7A C3 3C,03000300,0.000000
5219,0,0x110,STD,8,2026-01-28T18:49:27.161227,03 00 03 00 33 DB 20 48,03000300,0.000000
5220,0,0x10F,STD,8,2026-01-28T18:49:27.218240,03 00 03 00 57 6B EF 3C,03000300,0.000000
5221,0,0x110,STD,8,2026-01-28T18:49:27.242246,03 00 03 00 80 F4 DD 47,03000300,0.000000
5222,0,0x10F,STD,8,2026-01-28T18:49:27.299259,03 00 03 00 62 ED C5 3C,03000300,0.000000
5223,0,0x110,STD,8,2026-01-28T18:49:27.323264,03 00 03 00 66 22 19 47,03000300,0.000000
5224,0,0x10F,STD,8,2026-01-28T18:49:27.380277,03 00 03 00 A4 B0 16 3D,03000300,0.000000
5225,0,0x110,STD,8,2026-01-28T18:49:27.404282,03 00 03 00 DC 05 C6 46,03000300,0.000000
5226,0,0x10F,STD,8,2026-01-28T18:49:27.461295,03 00 03 00 DC B1 EB 3C,03000300,0.000000
5227,0,0x110,STD,8,2026-01-28T18:49:27.485300,03 00 03 00 C2 E9 07 48,03000300,0.000000
5228,0,0x10F,STD,8,2026-01-28T18:49:27.542313,03 00 03 00 6B CA B9 3C,03000300,0.000000
5229,0,0x110,STD,8,2026-01-28T18:49:27.566319,03 00 03 00 49 EE FB 47,03000300,0.000000
5230,0,0x10F,STD,8,2026-01-28T18:49:27.623331,03 00 03 00 66 88 C4 3C,03000300,0.000000
5231,0,0x110,STD,8,2026-01-28T18:49:27.647337,03 00 03 00 85 E5 64 47,03000300,0.000000
5232,0,0x10F,STD,8,2026-01-28T18:49:27.704350,03 00 03 00 E1 6D 9F 3C,03000300,0.000000
5233,0,0x110,STD,8,2026-01-28T18:49:27.728355,03 00 03 00 00 09 8F 47,03000300,0.000000
5234,0,0x10F,STD,8,2026-01-28T18:49:27.785368,03 00 03 00 88 51 2E 3C,03000300,0.000000
5235,0,0x110,STD,8,2026-01-28T18:49:27.798371,03 00 03 00 59 54 FB 47,03000300,0.000000
5236,0,0x10F,STD,8,2026-01-28T18:49:27.866386,03 00 03 00 8A B5 B6 3C,03000300,0.000000
5237,0,0x110,STD,8,2026-01-28T18:49:27.879389,03 00 03 00 0D 01 93 48,03000300,0.000000
5238,0,0x10F,STD,8,2026-01-28T18:49:27.935905,03 00 03 00 12 E2 1F 3C,03000300,0.000000
5239,0,0x110,STD,8,2026-01-28T18:49:27.967913,03 00 03 00 0D 75 49 48,03000300,0.000000
5240,0,0x10F,STD,8,2026-01-28T18:49:28.013923,03 00 03 00 C9 5A 8B 3C,03000300,0.000000
5241,0,0x110,STD,8,2026-01-28T18:49:28.037929,03 00 03 00 D1 39 80 47,03000300,0.000000
5242,0,0x10F,STD,8,2026-01-28T18:49:28.094941,03 00 03 00 4F B1 52 3C,03000300,0.000000
5243,0,0x10F,STD,8,2026-01-28T18:49:28.094941,03 00 01 00 00 00 00 00,03000100,0.000000
5244,0,0x110,STD,8,2026-01-28T18:49:28.094941,03 00 01 00 00 00 00 00,03000100,0.000000
5245,0,0x110,STD,8,2026-01-28T18:49:28.094941,03 00 01 00 00 00 00 00,03000100,0.000000
5246,0,0x10F,STD,8,2026-01-28T18:49:28.096942,03 00 02 00 CC 7E 25 41,03000200,0.000000
5247,0,0x110,STD,8,2026-01-28T18:49:28.120948,03 00 03 00 FF 09 4F 48,03000300,0.000000
5248,0,0x10F,STD,8,2026-01-28T18:49:28.177960,03 00 03 00 81 F2 8F 3C,03000300,0.000000
5249,0,0x110,STD,8,2026-01-28T18:49:28.201471,03 00 03 00 95 C7 1B 48,03000300,0.000000
5250,0,0x10F,STD,8,2026-01-28T18:49:28.257810,03 00 03 00 26 7A 8A 3C,03000300,0.000000
5251,0,0x110,STD,8,2026-01-28T18:49:28.281816,03 00 03 00 50 CD 06 48,03000300,0.000000
5252,0,0x10F,STD,8,2026-01-28T18:49:28.338829,03 00 03 00 76 A5 F2 3B,03000300,0.000000
5253,0,0x110,STD,8,2026-01-28T18:49:28.372836,03 00 03 00 89 E0 0A 48,03000300,0.000000
5254,0,0x10F,STD,8,2026-01-28T18:49:28.419847,03 00 03 00 79 68 07 3C,03000300,0.000000
5255,0,0x110,STD,8,2026-01-28T18:49:28.443852,03 00 03 00 02 43 29 47,03000300,0.000000
5256,0,0x10F,STD,8,2026-01-28T18:49:28.500865,03 00 03 00 74 1B 4D 3C,03000300,0.000000
5257,0,0x110,STD,8,2026-01-28T18:49:28.524871,03 00 03 00 66 E1 D5 47,03000300,0.000000
5258,0,0x10F,STD,8,2026-01-28T18:49:28.581883,03 00 03 00 6D 16 BC 3C,03000300,0.000000
5259,0,0x110,STD,8,2026-01-28T18:49:28.605174,03 00 03 00 5C 9F 51 48,03000300,0.000000
5260,0,0x10F,STD,8,2026-01-28T18:49:28.662131,03 00 03 00 6D 18 F3 3C,03000300,0.000000
5261,0,0x110,STD,8,2026-01-28T18:49:28.675134,03 00 03 00 B4 7B D3 47,03000300,0.000000
5262,0,0x10F,STD,8,2026-01-28T18:49:28.732147,03 00 03 00 08 19 91 3C,03000300,0.000000
5263,0,0x110,STD,8,2026-01-28T18:49:28.756152,03 00 03 00 3D 44 34 47,03000300,0.000000
5264,0,0x10F,STD,8,2026-01-28T18:49:28.813155,03 00 03 00 41 73 C7 3C,03000300,0.000000
5265,0,0x110,STD,8,2026-01-28T18:49:28.837160,03 00 03 00 2F 23 8E 47,03000300,0.000000
5266,0,0x10F,STD,8,2026-01-28T18:49:28.894172,03 00 03 00 F8 9D 93 3C,03000300,0.000000
5267,0,0x110,STD,8,2026-01-28T18:49:28.917681,03 00 03 00 EF F3 33 47,03000300,0.000000
5268,0,0x10F,STD,8,2026-01-28T18:49:28.973733,03 00 03 00 11 F1 87 3C,03000300,0.000000
5269,0,0x110,STD,8,2026-01-28T18:49:28.997738,03 00 03 00 AF 31 EA 47,03000300,0.000000
5270,0,0x10F,STD,8,2026-01-28T18:49:29.054751,03 00 03 00 2E 63 11 3C,03000300,0.000000
5271,0,0x110,STD,8,2026-01-28T18:49:29.078757,03 00 03 00 9E 8C 0E 48,03000300,0.000000
5272,0,0x10F,STD,8,2026-01-28T18:49:29.135221,03 00 03 00 29 D5 8B 3C,03000300,0.000000
5273,0,0x110,STD,8,2026-01-28T18:49:29.159226,03 00 03 00 1C 3D 40 48,03000300,0.000000
5274,0,0x110,STD,8,2026-01-28T18:49:29.182764,03 00 02 00 CC 7E 25 41,03000200,0.000000
5275,0,0x10F,STD,8,2026-01-28T18:49:29.182764,03 00 01 00 00 00 00 00,03000100,0.000000
5276,0,0x10F,STD,8,2026-01-28T18:49:29.182764,03 00 01 00 00 00 00 00,03000100,0.000000
5277,0,0x110,STD,8,2026-01-28T18:49:29.182764,03 00 01 00 00 00 00 00,03000100,0.000000
5278,0,0x10F,STD,8,2026-01-28T18:49:29.217772,03 00 03 00 35 86 A6 3C,03000300,0.000000
5279,0,0x110,STD,8,2026-01-28T18:49:29.241777,03 00 03 00 D9 81 04 48,03000300,0.000000
5280,0,0x10F,STD,8,2026-01-28T18:49:29.298790,03 00 03 00 1C 71 94 3C,03000300,0.000000
5281,0,0x110,STD,8,2026-01-28T18:49:29.322795,03 00 03 00 12 40 4D 48,03000300,0.000000
5282,0,0x10F,STD,8,2026-01-28T18:49:29.368806,03 00 03 00 3B EA 87 3C,03000300,0.000000
5283,0,0x110,STD,8,2026-01-28T18:49:29.403814,03 00 03 00 B3 EA 45 48,03000300,0.000000
5284,0,0x10F,STD,8,2026-01-28T18:49:29.449824,03 00 03 00 3B 13 C2 3C,03000300,0.000000
5285,0,0x110,STD,8,2026-01-28T18:49:29.473829,03 00 03 00 8F 19 25 48,03000300,0.000000
5286,0,0x10F,STD,8,2026-01-28T18:49:29.530842,03 00 03 00 AB A4 02 3C,03000300,0.000000
5287,0,0x110,STD,8,2026-01-28T18:49:29.554848,03 00 03 00 29 33 31 48,03000300,0.000000
5288,0,0x10F,STD,8,2026-01-28T18:49:29.611053,03 00 03 00 CE 28 82 3C,03000300,0.000000
5289,0,0x110,STD,8,2026-01-28T18:49:29.635059,03 00 03 00 6C 63 3A 48,03000300,0.000000
5290,0,0x10F,STD,8,2026-01-28T18:49:29.692071,03 00 03 00 D7 E0 A4 3C,03000300,0.000000
5291,0,0x110,STD,8,2026-01-28T18:49:29.716077,03 00 03 00 12 E2 E2 47,03000300,0.000000
5292,0,0x10F,STD,8,2026-01-28T18:49:29.773089,03 00 03 00 9A B6 A4 3B,03000300,0.000000
5293,0,0x110,STD,8,2026-01-28T18:49:29.797095,03 00 03 00 AB 63 C5 47,03000300,0.000000
5294,0,0x10F,STD,8,2026-01-28T18:49:29.854108,03 00 03 00 6D EA 77 3C,03000300,0.000000
5295,0,0x110,STD,8,2026-01-28T18:49:29.878113,03 00 03 00 B8 95 D1 47,03000300,0.000000
5296,0,0x10F,STD,8,2026-01-28T18:49:29.935126,03 00 03 00 90 81 D1 3C,03000300,0.000000
5297,0,0x110,STD,8,2026-01-28T18:49:29.959132,03 00 03 00 9A F8 EA 47,03000300,0.000000
5298,0,0x10F,STD,8,2026-01-28T18:49:30.016144,03 00 03 00 9F 09 83 3C,03000300,0.000000
5299,0,0x110,STD,8,2026-01-28T18:49:30.040150,03 00 03 00 95 87 D2 47,03000300,0.000000
5300,0,0x10F,STD,8,2026-01-28T18:49:30.086160,03 00 03 00 67 98 0B 3C,03000300,0.000000
5301,0,0x110,STD,8,2026-01-28T18:49:30.121168,03 00 03 00 F6 7F BF 47,03000300,0.000000
5302,0,0x10F,STD,8,2026-01-28T18:49:30.167178,03 00 03 00 C4 7B C2 3B,03000300,0.000000
5303,0,0x110,STD,8,2026-01-28T18:49:30.191184,03 00 03 00 88 77 A7 47,03000300,0.000000
5304,0,0x10F,STD,8,2026-01-28T18:49:30.248196,03 00 02 00 F0 F9 46 41,03000200,0.000000
5305,0,0x110,STD,8,2026-01-28T18:49:30.248196,03 00 02 00 F0 F9 46 41,03000200,0.000000
5306,0,0x10F,STD,8,2026-01-28T18:49:30.248196,03 00 03 00 B6 94 04 3C,03000300,0.000000
5307,0,0x110,STD,8,2026-01-28T18:49:30.248196,03 00 01 00 00 00 00 00,03000100,0.000000
5308,0,0x10F,STD,8,2026-01-28T18:49:30.249197,03 00 02 00 3C 13 43 41,03000200,0.000000
5309,0,0x110,STD,8,2026-01-28T18:49:30.273202,03 00 03 00 9D F5 FF 47,03000300,0.000000
5310,0,0x10F,STD,8,2026-01-28T18:49:30.330215,03 00 03 00 F8 33 6F 3C,03000300,0.000000
5311,0,0x110,STD,8,2026-01-28T18:49:30.354220,03 00 03 00 E9 CC E9 47,03000300,0.000000
5312,0,0x10F,STD,8,2026-01-28T18:49:30.407232,03 00 03 00 84 4D 97 3C,03000300,0.000000
5313,0,0x110,STD,8,2026-01-28T18:49:30.430590,03 00 03 00 A7 04 E1 47,03000300,0.000000
5314,0,0x10F,STD,8,2026-01-28T18:49:30.487603,03 00 03 00 38 1A 44 3C,03000300,0.000000
5315,0,0x110,STD,8,2026-01-28T18:49:30.511609,03 00 03 00 55 90 D8 47,03000300,0.000000
5316,0,0x10F,STD,8,2026-01-28T18:49:30.568622,03 00 03 00 C1 E1 A1 3C,03000300,0.000000
5317,0,0x110,STD,8,2026-01-28T18:49:30.592627,03 00 03 00 DD 5E 4B 47,03000300,0.000000
5318,0,0x10F,STD,8,2026-01-28T18:49:30.649640,03 00 03 00 84 83 68 3C,03000300,0.000000
5319,0,0x110,STD,8,2026-01-28T18:49:30.673645,03 00 03 00 52 02 2D 47,03000300,0.000000
5320,0,0x10F,STD,8,2026-01-28T18:49:30.730658,03 00 03 00 13 92 3B 3C,03000300,0.000000
5321,0,0x110,STD,8,2026-01-28T18:49:30.754663,03 00 03 00 1A 28 5C 47,03000300,0.000000
5322,0,0x10F,STD,8,2026-01-28T18:49:30.811677,03 00 03 00 9C 12 67 3C,03000300,0.000000
5323,0,0x110,STD,8,2026-01-28T18:49:30.835682,03 00 03 00 99 EB 80 47,03000300,0.000000
5324,0,0x10F,STD,8,2026-01-28T18:49:30.892695,03 00 03 00 08 B0 88 3C,03000300,0.000000
5325,0,0x110,STD,8,2026-01-28T18:49:30.916700,03 00 03 00 FD 1B 42 47,03000300,0.000000
5326,0,0x10F,STD,8,2026-01-28T18:49:30.972713,03 00 03 00 47 A8 61 3C,03000300,0.000000
5327,0,0x110,STD,8,2026-01-28T18:49:30.997718,03 00 03 00 97 E8 FA 46,03000300,0.000000
5328,0,0x10F,STD,8,2026-01-28T18:49:31.043729,03 00 03 00 61 77 49 3C,03000300,0.000000
5329,0,0x110,STD,8,2026-01-28T18:49:31.067734,03 00 03 00 03 85 9C 47,03000300,0.000000
5330,0,0x10F,STD,8,2026-01-28T18:49:31.124747,03 00 03 00 4F 0B B8 3B,03000300,0.000000
5331,0,0x110,STD,8,2026-01-28T18:49:31.148904,03 00 03 00 27 D4 BA 47,03000300,0.000000
5332,0,0x10F,STD,8,2026-01-28T18:49:31.205918,03 00 03 00 02 CB A3 3C,03000300,0.000000
5333,0,0x110,STD,8,2026-01-28T18:49:31.229923,03 00 03 00 09 FE 1F 47,03000300,0.000000
5334,0,0x10F,STD,8,2026-01-28T18:49:31.286524,03 00 03 00 DD 4F 88 3C,03000300,0.000000
5335,0,0x110,STD,8,2026-01-28T18:49:31.310530,03 00 03 00 35 7E 0D 48,03000300,0.000000
5336,0,0x110,STD,8,2026-01-28T18:49:31.323533,03 00 02 00 3C 13 43 41,03000200,0.000000
5337,0,0x10F,STD,8,2026-01-28T18:49:31.325533,03 00 01 00 00 00 00 00,03000100,0.000000
5338,0,0x110,STD,8,2026-01-28T18:49:31.325533,03 00 01 00 00 00 00 00,03000100,0.000000
5339,0,0x10F,STD,8,2026-01-28T18:49:31.327039,03 00 02 00 5D 16 2B 41,03000200,0.000000
5340,0,0x10F,STD,8,2026-01-28T18:49:31.361550,03 00 03 00 AF EF 82 3C,03000300,0.000000
5341,0,0x110,STD,8,2026-01-28T18:49:31.385555,03 00 03 00 B9 4D 47 48,03000300,0.000000
5342,0,0x10F,STD,8,2026-01-28T18:49:31.442359,03 00 03 00 AE 0F 7A 3C,03000300,0.000000
5343,0,0x110,STD,8,2026-01-28T18:49:31.466366,03 00 03 00 9D 9B B4 47,03000300,0.000000
5344,0,0x10F,STD,8,2026-01-28T18:49:31.522881,03 00 03 00 C6 B8 A7 3C,03000300,0.000000
5345,0,0x110,STD,8,2026-01-28T18:49:31.546886,03 00 03 00 E5 87 80 48,03000300,0.000000
5346,0,0x10F,STD,8,2026-01-28T18:49:31.603199,03 00 03 00 D8 D3 01 3D,03000300,0.000000
5347,0,0x110,STD,8,2026-01-28T18:49:31.627204,03 00 03 00 F4 1B 30 48,03000300,0.000000
5348,0,0x10F,STD,8,2026-01-28T18:49:31.684218,03 00 03 00 2A 62 C6 3C,03000300,0.000000
5349,0,0x110,STD,8,2026-01-28T18:49:31.708223,03 00 03 00 B0 53 B6 47,03000300,0.000000
5350,0,0x10F,STD,8,2026-01-28T18:49:31.765236,03 00 03 00 93 42 E0 3C,03000300,0.000000
5351,0,0x110,STD,8,2026-01-28T18:49:31.788585,03 00 03 00 E4 1B E0 47,03000300,0.000000
5352,0,0x10F,STD,8,2026-01-28T18:49:31.845598,03 00 03 00 29 AA 97 3C,03000300,0.000000
5353,0,0x110,STD,8,2026-01-28T18:49:31.869603,03 00 03 00 A8 C0 88 47,03000300,0.000000
5354,0,0x10F,STD,8,2026-01-28T18:49:31.926616,03 00 03 00 14 BB 98 3C,03000300,0.000000
5355,0,0x110,STD,8,2026-01-28T18:49:31.950621,03 00 03 00 7E FB 31 48,03000300,0.000000
5356,0,0x10F,STD,8,2026-01-28T18:49:32.007634,03 00 03 00 CD 6A EC 3C,03000300,0.000000
5357,0,0x110,STD,8,2026-01-28T18:49:32.031143,03 00 03 00 3A 2F F3 47,03000300,0.000000
5358,0,0x10F,STD,8,2026-01-28T18:49:32.088156,03 00 03 00 01 E8 AA 3C,03000300,0.000000
5359,0,0x110,STD,8,2026-01-28T18:49:32.112162,03 00 03 00 0F 64 E2 47,03000300,0.000000
5360,0,0x10F,STD,8,2026-01-28T18:49:32.169033,03 00 03 00 38 B3 1C 3D,03000300,0.000000
5361,0,0x110,STD,8,2026-01-28T18:49:32.182036,03 00 03 00 FF 71 CE 47,03000300,0.000000
5362,0,0x10F,STD,8,2026-01-28T18:49:32.239049,03 00 03 00 83 53 15 3D,03000300,0.000000
5363,0,0x110,STD,8,2026-01-28T18:49:32.263054,03 00 03 00 F9 D9 F0 46,03000300,0.000000
5364,0,0x10F,STD,8,2026-01-28T18:49:32.320067,03 00 03 00 85 54 0B 3C,03000300,0.000000
5365,0,0x110,STD,8,2026-01-28T18:49:32.344072,03 00 03 00 D3 44 67 47,03000300,0.000000
5366,0,0x10F,STD,8,2026-01-28T18:49:32.400022,03 00 03 00 08 77 6F 3C,03000300,0.000000
5367,0,0x110,STD,8,2026-01-28T18:49:32.413025,03 00 02 00 5D 16 2B 41,03000200,0.000000
5368,0,0x10F,STD,8,2026-01-28T18:49:32.413025,03 00 01 00 00 00 00 00,03000100,0.000000
5369,0,0x10F,STD,8,2026-01-28T18:49:32.413025,03 00 02 00 3D 3C 28 41,03000200,0.000000
5370,0,0x110,STD,8,2026-01-28T18:49:32.413025,03 00 02 00 3D 3C 28 41,03000200,0.000000
5371,0,0x110,STD,8,2026-01-28T18:49:32.426028,03 00 03 00 CC CE E4 47,03000300,0.000000
5372,0,0x10F,STD,8,2026-01-28T18:49:32.483041,03 00 03 00 AA F7 CA 3C,03000300,0.000000
5373,0,0x110,STD,8,2026-01-28T18:49:32.507046,03 00 03 00 39 B7 90 47,03000300,0.000000
5374,0,0x10F,STD,8,2026-01-28T18:49:32.564060,03 00 03 00 56 C7 55 3C,03000300,0.000000
5375,0,0x110,STD,8,2026-01-28T18:49:32.587323,03 00 03 00 AF 23 C5 46,03000300,0.000000
5376,0,0x10F,STD,8,2026-01-28T18:49:32.644336,03 00 03 00 D4 E6 8F 3C,03000300,0.000000
5377,0,0x110,STD,8,2026-01-28T18:49:32.668341,03 00 03 00 CA 92 C2 47,03000300,0.000000
5378,0,0x10F,STD,8,2026-01-28T18:49:32.725354,03 00 03 00 7E 13 1C 3C,03000300,0.000000
5379,0,0x110,STD,8,2026-01-28T18:49:32.749360,03 00 03 00 8E E7 B9 47,03000300,0.000000
5380,0,0x10F,STD,8,2026-01-28T18:49:32.806372,03 00 03 00 3F 49 B7 3C,03000300,0.000000
5381,0,0x110,STD,8,2026-01-28T18:49:32.830378,03 00 03 00 A2 00 E7 47,03000300,0.000000
5382,0,0x10F,STD,8,2026-01-28T18:49:32.876388,03 00 03 00 37 80 86 3C,03000300,0.000000
5383,0,0x110,STD,8,2026-01-28T18:49:32.900394,03 00 03 00 19 19 23 48,03000300,0.000000
5384,0,0x10F,STD,8,2026-01-28T18:49:32.957406,03 00 03 00 3B 5B 92 3C,03000300,0.000000
5385,0,0x110,STD,8,2026-01-28T18:49:32.981412,03 00 03 00 40 8E 93 47,03000300,0.000000
5386,0,0x10F,STD,8,2026-01-28T18:49:33.038425,03 00 03 00 57 0E C4 3C,03000300,0.000000
5387,0,0x110,STD,8,2026-01-28T18:49:33.062430,03 00 03 00 D4 A4 CA 47,03000300,0.000000
5388,0,0x10F,STD,8,2026-01-28T18:49:33.121444,03 00 03 00 03 F0 D3 3C,03000300,0.000000
5389,0,0x110,STD,8,2026-01-28T18:49:33.145449,03 00 03 00 FE 08 DC 47,03000300,0.000000
5390,0,0x10F,STD,8,2026-01-28T18:49:33.201821,03 00 03 00 4E CE 9E 3C,03000300,0.000000
5391,0,0x110,STD,8,2026-01-28T18:49:33.225827,03 00 03 00 96 97 B2 47,03000300,0.000000
5392,0,0x10F,STD,8,2026-01-28T18:49:33.282416,03 00 03 00 DD 4A 98 3C,03000300,0.000000
5393,0,0x110,STD,8,2026-01-28T18:49:33.305924,03 00 03 00 49 C6 42 48,03000300,0.000000
5394,0,0x10F,STD,8,2026-01-28T18:49:33.362847,03 00 03 00 1A 3A 01 3C,03000300,0.000000
5395,0,0x110,STD,8,2026-01-28T18:49:33.386854,03 00 03 00 86 EE FD 47,03000300,0.000000
5396,0,0x10F,STD,8,2026-01-28T18:49:33.443199,03 00 03 00 04 3C 29 3C,03000300,0.000000
5397,0,0x110,STD,8,2026-01-28T18:49:33.466715,03 00 03 00 14 C0 0D 48,03000300,0.000000
5398,0,0x10F,STD,8,2026-01-28T18:49:33.501227,03 00 01 00 00 00 00 00,03000100,0.000000
5399,0,0x110,STD,8,2026-01-28T18:49:33.501227,03 00 01 00 00 00 00 00,03000100,0.000000
5400,0,0x10F,STD,8,2026-01-28T18:49:33.501227,03 00 02 00 8F 10 32 41,03000200,0.000000
5401,0,0x110,STD,8,2026-01-28T18:49:33.501227,03 00 02 00 8F 10 32 41,03000200,0.000000
5402,0,0x10F,STD,8,2026-01-28T18:49:33.525232,03 00 03 00 70 50 19 3C,03000300,0.000000
5403,0,0x110,STD,8,2026-01-28T18:49:33.538235,03 00 03 00 83 12 94 47,03000300,0.000000
5404,0,0x10F,STD,8,2026-01-28T18:49:33.595001,03 00 03 00 74 04 66 3C,03000300,0.000000
5405,0,0x110,STD,8,2026-01-28T18:49:33.619008,03 00 03 00 E7 16 C7 47,03000300,0.000000
5406,0,0x10F,STD,8,2026-01-28T18:49:33.676020,03 00 03 00 76 FD 10 3C,03000300,0.000000
5407,0,0x110,STD,8,2026-01-28T18:49:33.700026,03 00 03 00 FC 7B 7C 47,03000300,0.000000
5408,0,0x10F,STD,8,2026-01-28T18:49:33.757039,03 00 03 00 85 36 9D 3B,03000300,0.000000
5409,0,0x110,STD,8,2026-01-28T18:49:33.781044,03 00 03 00 99 D4 16 47,03000300,0.000000
5410,0,0x10F,STD,8,2026-01-28T18:49:33.838057,03 00 03 00 75 C4 FE 3B,03000300,0.000000
5411,0,0x110,STD,8,2026-01-28T18:49:33.861973,03 00 03 00 C5 A1 3A 47,03000300,0.000000
5412,0,0x10F,STD,8,2026-01-28T18:49:33.918987,03 00 03 00 47 65 82 3C,03000300,0.000000
5413,0,0x110,STD,8,2026-01-28T18:49:33.942992,03 00 03 00 30 52 04 48,03000300,0.000000
5414,0,0x10F,STD,8,2026-01-28T18:49:33.994004,03 00 03 00 94 3F E0 3C,03000300,0.000000
5415,0,0x110,STD,8,2026-01-28T18:49:34.018009,03 00 03 00 F8 95 33 48,03000300,0.000000
5416,0,0x10F,STD,8,2026-01-28T18:49:34.075022,03 00 03 00 92 91 9A 3C,03000300,0.000000
5417,0,0x110,STD,8,2026-01-28T18:49:34.099027,03 00 03 00 12 DC 0E 48,03000300,0.000000
5418,0,0x10F,STD,8,2026-01-28T18:49:34.155962,03 00 03 00 B3 6F E9 3C,03000300,0.000000
5419,0,0x110,STD,8,2026-01-28T18:49:34.179967,03 00 03 00 81 D3 76 48,03000300,0.000000
5420,0,0x10F,STD,8,2026-01-28T18:49:34.236980,03 00 03 00 A6 70 0C 3D,03000300,0.000000
5421,0,0x110,STD,8,2026-01-28T18:49:34.260985,03 00 03 00 39 A7 1F 48,03000300,0.000000
5422,0,0x10F,STD,8,2026-01-28T18:49:34.317998,03 00 03 00 C7 6E 87 3C,03000300,0.000000
5423,0,0x110,STD,8,2026-01-28T18:49:34.342003,03 00 03 00 53 8F 1D 48,03000300,0.000000
5424,0,0x10F,STD,8,2026-01-28T18:49:34.393014,03 00 03 00 65 24 4B 3D,03000300,0.000000
5425,0,0x110,STD,8,2026-01-28T18:49:34.416372,03 00 03 00 CF 03 44 48,03000300,0.000000
5426,0,0x10F,STD,8,2026-01-28T18:49:34.473384,03 00 03 00 03 19 45 3D,03000300,0.000000
5427,0,0x110,STD,8,2026-01-28T18:49:34.497390,03 00 03 00 E7 3C 17 48,03000300,0.000000
5428,0,0x10F,STD,8,2026-01-28T18:49:34.554403,03 00 03 00 3C A4 9E 3C,03000300,0.000000
5429,0,0x110,STD,8,2026-01-28T18:49:34.578408,03 00 03 00 CF 2A 30 48,03000300,0.000000
5430,0,0x10F,STD,8,2026-01-28T18:49:34.578408,03 00 01 00 00 00 00 00,03000100,0.000000
5431,0,0x110,STD,8,2026-01-28T18:49:34.578408,03 00 01 00 00 00 00 00,03000100,0.000000
5432,0,0x10F,STD,8,2026-01-28T18:49:34.578408,03 00 01 00 00 00 00 00,03000100,0.000000
5433,0,0x110,STD,8,2026-01-28T18:49:34.578408,03 00 01 00 00 00 00 00,03000100,0.000000
5434,0,0x10F,STD,8,2026-01-28T18:49:34.635421,03 00 03 00 1F 7C DB 3C,03000300,0.000000
5435,0,0x110,STD,8,2026-01-28T18:49:34.659426,03 00 03 00 FC C6 51 48,03000300,0.000000
5436,0,0x10F,STD,8,2026-01-28T18:49:34.715943,03 00 03 00 7F C9 20 3C,03000300,0.000000
5437,0,0x110,STD,8,2026-01-28T18:49:34.739451,03 00 03 00 9E 6A 5C 48,03000300,0.000000
5438,0,0x10F,STD,8,2026-01-28T18:49:34.796464,03 00 03 00 24 E4 EF 3C,03000300,0.000000
5439,0,0x110,STD,8,2026-01-28T18:49:34.820470,03 00 03 00 67 A6 BD 47,03000300,0.000000
5440,0,0x10F,STD,8,2026-01-28T18:49:34.877483,03 00 03 00 99 A4 35 3C,03000300,0.000000
5441,0,0x110,STD,8,2026-01-28T18:49:34.901488,03 00 03 00 88 7A 76 47,03000300,0.000000
5442,0,0x10F,STD,8,2026-01-28T18:49:34.958501,03 00 03 00 34 2B 9F 3C,03000300,0.000000
5443,0,0x110,STD,8,2026-01-28T18:49:34.982506,03 00 03 00 5E 55 BF 47,03000300,0.000000
5444,0,0x10F,STD,8,2026-01-28T18:49:35.028517,03 00 03 00 7C 8B 87 3C,03000300,0.000000
5445,0,0x110,STD,8,2026-01-28T18:49:35.052522,03 00 03 00 C1 34 98 47,03000300,0.000000
5446,0,0x10F,STD,8,2026-01-28T18:49:35.120537,03 00 03 00 CC D8 78 3C,03000300,0.000000
5447,0,0x110,STD,8,2026-01-28T18:49:35.133540,03 00 03 00 2C 7C 20 48,03000300,0.000000
5448,0,0x10F,STD,8,2026-01-28T18:49:35.190553,03 00 03 00 21 DE 12 3D,03000300,0.000000
5449,0,0x110,STD,8,2026-01-28T18:49:35.214558,03 00 03 00 16 57 C8 47,03000300,0.000000
5450,0,0x10F,STD,8,2026-01-28T18:49:35.271571,03 00 03 00 B5 95 7B 3C,03000300,0.000000
5451,0,0x110,STD,8,2026-01-28T18:49:35.295577,03 00 03 00 44 2D 05 47,03000300,0.000000
5452,0,0x10F,STD,8,2026-01-28T18:49:35.352589,03 00 03 00 8E 24 3D 3B,03000300,0.000000
5453,0,0x110,STD,8,2026-01-28T18:49:35.376595,03 00 03 00 DA 81 13 48,03000300,0.000000
5454,0,0x10F,STD,8,2026-01-28T18:49:35.433608,03 00 03 00 8C BA F8 3B,03000300,0.000000
5455,0,0x110,STD,8,2026-01-28T18:49:35.457613,03 00 03 00 EC 97 36 48,03000300,0.000000
5456,0,0x10F,STD,8,2026-01-28T18:49:35.514626,03 00 03 00 41 EC 90 3C,03000300,0.000000
5457,0,0x110,STD,8,2026-01-28T18:49:35.538631,03 00 03 00 4E 0C 35 48,03000300,0.000000
5458,0,0x10F,STD,8,2026-01-28T18:49:35.595644,03 00 03 00 1B DD 46 3C,03000300,0.000000
5459,0,0x110,STD,8,2026-01-28T18:49:35.619650,03 00 03 00 65 E3 5C 48,03000300,0.000000
5460,0,0x10F,STD,8,2026-01-28T18:49:35.654657,03 00 02 00 97 2C 28 41,03000200,0.000000
5461,0,0x110,STD,8,2026-01-28T18:49:35.654657,03 00 02 00 97 2C 28 41,03000200,0.000000
5462,0,0x10F,STD,8,2026-01-28T18:49:35.654657,03 00 02 00 04 AA 44 41,03000200,0.000000
5463,0,0x110,STD,8,2026-01-28T18:49:35.654657,03 00 02 00 04 AA 44 41,03000200,0.000000
5464,0,0x10F,STD,8,2026-01-28T18:49:35.667661,03 00 03 00 5D DB 62 3C,03000300,0.000000
5465,0,0x110,STD,8,2026-01-28T18:49:35.691666,03 00 03 00 B7 80 E9 47,03000300,0.000000
5466,0,0x10F,STD,8,2026-01-28T18:49:35.748679,03 00 03 00 63 77 9B 3C,03000300,0.000000
5467,0,0x110,STD,8,2026-01-28T18:49:35.772684,03 00 03 00 6E 9F 31 48,03000300,0.000000
5468,0,0x10F,STD,8,2026-01-28T18:49:35.829697,03 00 03 00 8F 94 13 3C,03000300,0.000000
5469,0,0x110,STD,8,2026-01-28T18:49:35.853702,03 00 03 00 1A 2A 21 48,03000300,0.000000
5470,0,0x10F,STD,8,2026-01-28T18:49:35.910219,03 00 03 00 2B F5 DA 3B,03000300,0.000000
5471,0,0x110,STD,8,2026-01-28T18:49:35.934225,03 00 03 00 84 30 FA 47,03000300,0.000000
5472,0,0x10F,STD,8,2026-01-28T18:49:35.991238,03 00 03 00 F2 38 1A 3C,03000300,0.000000
5473,0,0x110,STD,8,2026-01-28T18:49:36.014907,03 00 03 00 65 8B 9B 47,03000300,0.000000
5474,0,0x10F,STD,8,2026-01-28T18:49:36.071919,03 00 03 00 AC 1F 7A 3C,03000300,0.000000
5475,0,0x110,STD,8,2026-01-28T18:49:36.095926,03 00 03 00 4A BA 94 46,03000300,0.000000
5476,0,0x10F,STD,8,2026-01-28T18:49:36.152938,03 00 03 00 CE 90 A3 3B,03000300,0.000000
5477,0,0x110,STD,8,2026-01-28T18:49:36.176944,03 00 03 00 96 89 1C 47,03000300,0.000000
5478,0,0x10F,STD,8,2026-01-28T18:49:36.233956,03 00 03 00 B8 8F 2D 3C,03000300,0.000000
5479,0,0x110,STD,8,2026-01-28T18:49:36.257650,03 00 03 00 92 49 B5 47,03000300,0.000000
5480,0,0x10F,STD,8,2026-01-28T18:49:36.314193,03 00 03 00 19 8A 2A 3C,03000300,0.000000
5481,0,0x110,STD,8,2026-01-28T18:49:36.338199,03 00 03 00 DD 36 84 47,03000300,0.000000
5482,0,0x10F,STD,8,2026-01-28T18:49:36.384714,03 00 03 00 F4 30 3F 3C,03000300,0.000000
5483,0,0x110,STD,8,2026-01-28T18:49:36.408336,03 00 03 00 71 88 A8 47,03000300,0.000000
5484,0,0x10F,STD,8,2026-01-28T18:49:36.464937,03 00 03 00 48 5E 80 3C,03000300,0.000000
5485,0,0x110,STD,8,2026-01-28T18:49:36.488944,03 00 03 00 AA 2C C4 47,03000300,0.000000
5486,0,0x10F,STD,8,2026-01-28T18:49:36.545957,03 00 03 00 D4 EF 54 3C,03000300,0.000000
5487,0,0x110,STD,8,2026-01-28T18:49:36.569467,03 00 03 00 E2 4E 21 48,03000300,0.000000
5488,0,0x10F,STD,8,2026-01-28T18:49:36.626013,03 00 03 00 0E 90 8B 3C,03000300,0.000000
5489,0,0x110,STD,8,2026-01-28T18:49:36.650018,03 00 03 00 2F 29 F4 47,03000300,0.000000
5490,0,0x10F,STD,8,2026-01-28T18:49:36.706902,03 00 03 00 B3 7F 7F 3C,03000300,0.000000
5491,0,0x110,STD,8,2026-01-28T18:49:36.730907,03 00 03 00 9D DE 5F 48,03000300,0.000000
5492,0,0x10F,STD,8,2026-01-28T18:49:36.730907,03 00 01 00 00 00 00 00,03000100,0.000000
5493,0,0x110,STD,8,2026-01-28T18:49:36.730907,03 00 01 00 00 00 00 00,03000100,0.000000
5494,0,0x10F,STD,8,2026-01-28T18:49:36.743911,03 00 02 00 D4 C6 3E 41,03000200,0.000000
5495,0,0x110,STD,8,2026-01-28T18:49:36.743911,03 00 02 00 D4 C6 3E 41,03000200,0.000000
5496,0,0x10F,STD,8,2026-01-28T18:49:36.789424,03 00 03 00 7F BE 63 3C,03000300,0.000000
5497,0,0x110,STD,8,2026-01-28T18:49:36.813430,03 00 03 00 BC CC 2E 48,03000300,0.000000
5498,0,0x10F,STD,8,2026-01-28T18:49:36.869893,03 00 03 00 19 FF 32 3C,03000300,0.000000
5499,0,0x110,STD,8,2026-01-28T18:49:36.892884,03 00 03 00 63 69 28 48,03000300,0.000000
5500,0,0x10F,STD,8,2026-01-28T18:49:36.949896,03 00 03 00 9D E4 01 3C,03000300,0.000000
5501,0,0x110,STD,8,2026-01-28T18:49:36.973902,03 00 03 00 57 C9 08 48,03000300,0.000000
5502,0,0x10F,STD,8,2026-01-28T18:49:37.030915,03 00 03 00 8B 34 CC 3B,03000300,0.000000
5503,0,0x110,STD,8,2026-01-28T18:49:37.054920,03 00 03 00 65 59 38 48,03000300,0.000000
5504,0,0x10F,STD,8,2026-01-28T18:49:37.111286,03 00 03 00 30 6C 93 3B,03000300,0.000000
5505,0,0x110,STD,8,2026-01-28T18:49:37.124289,03 00 03 00 32 42 8B 48,03000300,0.000000
5506,0,0x10F,STD,8,2026-01-28T18:49:37.181301,03 00 03 00 D4 E0 86 3C,03000300,0.000000
5507,0,0x110,STD,8,2026-01-28T18:49:37.205307,03 00 03 00 DF E1 CF 47,03000300,0.000000
5508,0,0x10F,STD,8,2026-01-28T18:49:37.262320,03 00 03 00 BA A3 37 3C,03000300,0.000000
5509,0,0x110,STD,8,2026-01-28T18:49:37.286325,03 00 03 00 DC 4C 09 48,03000300,0.000000
5510,0,0x10F,STD,8,2026-01-28T18:49:37.343338,03 00 03 00 A4 F8 1B 3C,03000300,0.000000
5511,0,0x110,STD,8,2026-01-28T18:49:37.367343,03 00 03 00 2F AB 82 47,03000300,0.000000
5512,0,0x10F,STD,8,2026-01-28T18:49:37.424356,03 00 03 00 19 B8 A2 3B,03000300,0.000000
5513,0,0x110,STD,8,2026-01-28T18:49:37.448362,03 00 03 00 18 EA 31 48,03000300,0.000000
5514,0,0x10F,STD,8,2026-01-28T18:49:37.505375,03 00 03 00 46 5D 08 3C,03000300,0.000000
5515,0,0x110,STD,8,2026-01-28T18:49:37.529379,03 00 03 00 DF FF BD 47,03000300,0.000000
5516,0,0x10F,STD,8,2026-01-28T18:49:37.586393,03 00 03 00 81 17 03 3C,03000300,0.000000
5517,0,0x110,STD,8,2026-01-28T18:49:37.610398,03 00 03 00 B9 A5 31 48,03000300,0.000000
5518,0,0x10F,STD,8,2026-01-28T18:49:37.667411,03 00 03 00 2F 39 10 3C,03000300,0.000000
5519,0,0x110,STD,8,2026-01-28T18:49:37.691416,03 00 03 00 C4 FA 7E 48,03000300,0.000000
5520,0,0x10F,STD,8,2026-01-28T18:49:37.748430,03 00 03 00 A2 14 6A 3C,03000300,0.000000
5521,0,0x110,STD,8,2026-01-28T18:49:37.772435,03 00 03 00 9D 3E 2E 48,03000300,0.000000
5522,0,0x10F,STD,8,2026-01-28T18:49:37.818445,03 00 01 00 00 00 00 00,03000100,0.000000
5523,0,0x110,STD,8,2026-01-28T18:49:37.818445,03 00 01 00 00 00 00 00,03000100,0.000000
5524,0,0x110,STD,8,2026-01-28T18:49:37.818445,03 00 01 00 00 00 00 00,03000100,0.000000
5525,0,0x10F,STD,8,2026-01-28T18:49:37.818445,03 00 02 00 17 5D 30 41,03000200,0.000000
5526,0,0x110,STD,8,2026-01-28T18:49:37.820445,03 00 02 00 17 5D 30 41,03000200,0.000000
5527,0,0x110,STD,8,2026-01-28T18:49:37.843677,03 00 03 00 AC 7D 86 48,03000300,0.000000
5528,0,0x10F,STD,8,2026-01-28T18:49:37.900690,03 00 03 00 E7 42 CE 3C,03000300,0.000000
5529,0,0x110,STD,8,2026-01-28T18:49:37.924695,03 00 03 00 A3 3D E5 47,03000300,0.000000
5530,0,0x10F,STD,8,2026-01-28T18:49:37.981708,03 00 03 00 23 87 C5 3C,03000300,0.000000
5531,0,0x110,STD,8,2026-01-28T18:49:38.005713,03 00 03 00 09 51 32 47,03000300,0.000000
5532,0,0x10F,STD,8,2026-01-28T18:49:38.062726,03 00 03 00 8F CB A3 3C,03000300,0.000000
5533,0,0x110,STD,8,2026-01-28T18:49:38.091733,03 00 03 00 E4 90 2A 47,03000300,0.000000
5534,0,0x10F,STD,8,2026-01-28T18:49:38.141744,03 00 03 00 13 BB D2 3C,03000300,0.000000
5535,0,0x110,STD,8,2026-01-28T18:49:38.165750,03 00 03 00 8F 3B A3 47,03000300,0.000000
5536,0,0x10F,STD,8,2026-01-28T18:49:38.222762,03 00 03 00 DC B5 39 3C,03000300,0.000000
5537,0,0x110,STD,8,2026-01-28T18:49:38.246025,03 00 03 00 06 47 D3 47,03000300,0.000000
5538,0,0x10F,STD,8,2026-01-28T18:49:38.303039,03 00 03 00 EA AE 21 3C,03000300,0.000000
5539,0,0x110,STD,8,2026-01-28T18:49:38.326910,03 00 03 00 71 2C 3A 48,03000300,0.000000
5540,0,0x10F,STD,8,2026-01-28T18:49:38.386923,03 00 03 00 1D A0 A0 3C,03000300,0.000000
5541,0,0x110,STD,8,2026-01-28T18:49:38.410929,03 00 03 00 42 5E F4 47,03000300,0.000000
5542,0,0x10F,STD,8,2026-01-28T18:49:38.455969,03 00 03 00 00 43 C8 3C,03000300,0.000000
5543,0,0x110,STD,8,2026-01-28T18:49:38.490977,03 00 03 00 B6 31 D4 47,03000300,0.000000
5544,0,0x10F,STD,8,2026-01-28T18:49:38.536987,03 00 03 00 C4 CB C7 3C,03000300,0.000000
5545,0,0x110,STD,8,2026-01-28T18:49:38.560993,03 00 03 00 A9 45 EF 47,03000300,0.000000
5546,0,0x10F,STD,8,2026-01-28T18:49:38.618006,03 00 03 00 85 15 9D 3C,03000300,0.000000
5547,0,0x110,STD,8,2026-01-28T18:49:38.642011,03 00 03 00 65 63 17 47,03000300,0.000000
5548,0,0x10F,STD,8,2026-01-28T18:49:38.699248,03 00 03 00 B1 54 9C 3B,03000300,0.000000
5549,0,0x110,STD,8,2026-01-28T18:49:38.723255,03 00 03 00 5D EA 91 47,03000300,0.000000
5550,0,0x10F,STD,8,2026-01-28T18:49:38.780268,03 00 03 00 B3 9F A5 3B,03000300,0.000000
5551,0,0x110,STD,8,2026-01-28T18:49:38.804839,03 00 03 00 87 FB A4 47,03000300,0.000000
5552,0,0x10F,STD,8,2026-01-28T18:49:38.861852,03 00 03 00 42 D0 15 3C,03000300,0.000000
5553,0,0x110,STD,8,2026-01-28T18:49:38.885857,03 00 03 00 00 29 A6 47,03000300,0.000000
5554,0,0x10F,STD,8,2026-01-28T18:49:38.887857,03 00 01 00 00 00 00 00,03000100,0.000000
5555,0,0x110,STD,8,2026-01-28T18:49:38.887857,03 00 01 00 00 00 00 00,03000100,0.000000
5556,0,0x10F,STD,8,2026-01-28T18:49:38.889858,03 00 02 00 53 73 2D 41,03000200,0.000000
5557,0,0x110,STD,8,2026-01-28T18:49:38.889858,03 00 02 00 53 73 2D 41,03000200,0.000000
5558,0,0x10F,STD,8,2026-01-28T18:49:38.935868,03 00 03 00 C0 E4 00 3C,03000300,0.000000
5559,0,0x110,STD,8,2026-01-28T18:49:38.959873,03 00 03 00 DD 06 8D 47,03000300,0.000000
5560,0,0x10F,STD,8,2026-01-28T18:49:39.015664,03 00 03 00 B5 BF 72 3C,03000300,0.000000
5561,0,0x110,STD,8,2026-01-28T18:49:39.040669,03 00 03 00 44 07 BC 47,03000300,0.000000
5562,0,0x10F,STD,8,2026-01-28T18:49:39.097682,03 00 03 00 15 9C D4 3B,03000300,0.000000
5563,0,0x110,STD,8,2026-01-28T18:49:39.121192,03 00 03 00 41 E3 16 48,03000300,0.000000
5564,0,0x10F,STD,8,2026-01-28T18:49:39.178205,03 00 03 00 B8 6D 55 3C,03000300,0.000000
5565,0,0x110,STD,8,2026-01-28T18:49:39.202211,03 00 03 00 78 DD A4 47,03000300,0.000000
5566,0,0x10F,STD,8,2026-01-28T18:49:39.259224,03 00 03 00 BE B4 A7 3C,03000300,0.000000
5567,0,0x110,STD,8,2026-01-28T18:49:39.283229,03 00 03 00 AE C8 02 48,03000300,0.000000
5568,0,0x10F,STD,8,2026-01-28T18:49:39.340242,03 00 03 00 C6 AE 93 3C,03000300,0.000000
5569,0,0x110,STD,8,2026-01-28T18:49:39.364251,03 00 03 00 2B 14 5A 48,03000300,0.000000
5570,0,0x10F,STD,8,2026-01-28T18:49:39.421260,03 00 03 00 F2 1D BD 3C,03000300,0.000000
5571,0,0x110,STD,8,2026-01-28T18:49:39.445266,03 00 03 00 F1 46 35 48,03000300,0.000000
5572,0,0x10F,STD,8,2026-01-28T18:49:39.502278,03 00 03 00 33 9A 32 3C,03000300,0.000000
5573,0,0x110,STD,8,2026-01-28T18:49:39.515281,03 00 03 00 4C 3C D8 47,03000300,0.000000
5574,0,0x10F,STD,8,2026-01-28T18:49:39.572293,03 00 03 00 9B 1C 93 3C,03000300,0.000000
5575,0,0x110,STD,8,2026-01-28T18:49:39.595803,03 00 03 00 DB 19 49 47,03000300,0.000000
5576,0,0x10F,STD,8,2026-01-28T18:49:39.652815,03 00 03 00 2F F9 72 3C,03000300,0.000000
5577,0,0x110,STD,8,2026-01-28T18:49:39.676821,03 00 03 00 D8 3D C7 46,03000300,0.000000
5578,0,0x10F,STD,8,2026-01-28T18:49:39.733833,03 00 03 00 39 43 CA 3C,03000300,0.000000
5579,0,0x110,STD,8,2026-01-28T18:49:39.757838,03 00 03 00 92 FF 7C 47,03000300,0.000000
5580,0,0x10F,STD,8,2026-01-28T18:49:39.814851,03 00 03 00 FA 9F 28 3C,03000300,0.000000
5581,0,0x110,STD,8,2026-01-28T18:49:39.838857,03 00 03 00 95 C8 0D 47,03000300,0.000000
5582,0,0x10F,STD,8,2026-01-28T18:49:39.895870,03 00 03 00 B5 66 90 3C,03000300,0.000000
5583,0,0x110,STD,8,2026-01-28T18:49:39.919875,03 00 03 00 CD 6E B7 47,03000300,0.000000
5584,0,0x10F,STD,8,2026-01-28T18:49:39.978888,03 00 03 00 02 1E AD 3C,03000300,0.000000
5585,0,0x10F,STD,8,2026-01-28T18:49:39.978888,03 00 01 00 00 00 00 00,03000100,0.000000
5586,0,0x110,STD,8,2026-01-28T18:49:39.978888,03 00 01 00 00 00 00 00,03000100,0.000000
5587,0,0x10F,STD,8,2026-01-28T18:49:39.978888,03 00 01 00 00 00 00 00,03000100,0.000000
5588,0,0x110,STD,8,2026-01-28T18:49:39.978888,03 00 01 00 00 00 00 00,03000100,0.000000
5589,0,0x110,STD,8,2026-01-28T18:49:40.002894,03 00 03 00 E1 35 F2 47,03000300,0.000000
5590,0,0x10F,STD,8,2026-01-28T18:49:40.048904,03 00 03 00 4F 54 7B 3C,03000300,0.000000
5591,0,0x110,STD,8,2026-01-28T18:49:40.083912,03 00 03 00 A7 93 42 48,03000300,0.000000
5592,0,0x10F,STD,8,2026-01-28T18:49:40.140925,03 00 03 00 5C 02 75 3C,03000300,0.000000
5593,0,0x110,STD,8,2026-01-28T18:49:40.153928,03 00 03 00 A3 4E 9B 48,03000300,0.000000
5594,0,0x10F,STD,8,2026-01-28T18:49:40.210940,03 00 03 00 1C 6D C7 3C,03000300,0.000000
5595,0,0x110,STD,8,2026-01-28T18:49:40.234946,03 00 03 00 AA 6C 04 48,03000300,0.000000
5596,0,0x10F,STD,8,2026-01-28T18:49:40.291959,03 00 03 00 95 DD 19 3D,03000300,0.000000
5597,0,0x110,STD,8,2026-01-28T18:49:40.315964,03 00 03 00 16 98 26 48,03000300,0.000000
5598,0,0x10F,STD,8,2026-01-28T18:49:40.374977,03 00 03 00 22 DD 04 3D,03000300,0.000000
5599,0,0x110,STD,8,2026-01-28T18:49:40.398982,03 00 03 00 A1 05 16 48,03000300,0.000000
5600,0,0x10F,STD,8,2026-01-28T18:49:40.455996,03 00 03 00 C4 F7 C9 3C,03000300,0.000000
5601,0,0x110,STD,8,2026-01-28T18:49:40.480001,03 00 03 00 98 AE 5E 47,03000300,0.000000
5602,0,0x10F,STD,8,2026-01-28T18:49:40.537014,03 00 03 00 A1 88 3E 3C,03000300,0.000000
5603,0,0x110,STD,8,2026-01-28T18:49:40.561020,03 00 03 00 59 1B 20 47,03000300,0.000000
5604,0,0x10F,STD,8,2026-01-28T18:49:40.618032,03 00 03 00 65 88 70 3C,03000300,0.000000
5605,0,0x110,STD,8,2026-01-28T18:49:40.631034,03 00 03 00 7E 8C 18 48,03000300,0.000000
5606,0,0x10F,STD,8,2026-01-28T18:49:40.698552,03 00 03 00 65 DA 7B 3C,03000300,0.000000
5607,0,0x110,STD,8,2026-01-28T18:49:40.711555,03 00 03 00 99 80 F2 47,03000300,0.000000
5608,0,0x10F,STD,8,2026-01-28T18:49:40.779571,03 00 03 00 74 3A 9E 3C,03000300,0.000000
5609,0,0x110,STD,8,2026-01-28T18:49:40.792574,03 00 03 00 D2 48 0B 48,03000300,0.000000
5610,0,0x10F,STD,8,2026-01-28T18:49:40.849586,03 00 03 00 B5 01 F0 3C,03000300,0.000000
5611,0,0x110,STD,8,2026-01-28T18:49:40.873592,03 00 03 00 93 AD 03 48,03000300,0.000000
5612,0,0x10F,STD,8,2026-01-28T18:49:40.930605,03 00 03 00 A6 95 6A 3C,03000300,0.000000
5613,0,0x110,STD,8,2026-01-28T18:49:40.954610,03 00 03 00 7C BD BC 47,03000300,0.000000
5614,0,0x10F,STD,8,2026-01-28T18:49:41.011623,03 00 03 00 5F 23 D5 3C,03000300,0.000000
5615,0,0x110,STD,8,2026-01-28T18:49:41.035628,03 00 03 00 02 36 F3 47,03000300,0.000000
5616,0,0x10F,STD,8,2026-01-28T18:49:41.048631,03 00 02 00 53 73 2D 41,03000200,0.000000
5617,0,0x110,STD,8,2026-01-28T18:49:41.048631,03 00 02 00 53 73 2D 41,03000200,0.000000
5618,0,0x10F,STD,8,2026-01-28T18:49:41.048631,03 00 01 00 00 00 00 00,03000100,0.000000
5619,0,0x110,STD,8,2026-01-28T18:49:41.050632,03 00 01 00 00 00 00 00,03000100,0.000000
5620,0,0x10F,STD,8,2026-01-28T18:49:41.085640,03 00 03 00 DF D2 FB 3C,03000300,0.000000
5621,0,0x110,STD,8,2026-01-28T18:49:41.120647,03 00 03 00 F4 1D 2D 48,03000300,0.000000
5622,0,0x10F,STD,8,2026-01-28T18:49:41.166573,03 00 03 00 38 11 31 3C,03000300,0.000000
5623,0,0x110,STD,8,2026-01-28T18:49:41.190169,03 00 03 00 C6 E2 FD 47,03000300,0.000000
5624,0,0x10F,STD,8,2026-01-28T18:49:41.247447,03 00 03 00 9B 2F 9D 3C,03000300,0.000000
5625,0,0x110,STD,8,2026-01-28T18:49:41.271452,03 00 03 00 C7 CF 2D 48,03000300,0.000000
5626,0,0x10F,STD,8,2026-01-28T18:49:41.328465,03 00 03 00 2C 35 19 3C,03000300,0.000000
5627,0,0x110,STD,8,2026-01-28T18:49:41.351752,03 00 03 00 62 82 53 48,03000300,0.000000
5628,0,0x10F,STD,8,2026-01-28T18:49:41.408767,03 00 03 00 54 C2 7E 3C,03000300,0.000000
5629,0,0x110,STD,8,2026-01-28T18:49:41.432773,03 00 03 00 91 D0 0B 48,03000300,0.000000
5630,0,0x10F,STD,8,2026-01-28T18:49:41.488935,03 00 03 00 F9 85 4C 3C,03000300,0.000000
5631,0,0x110,STD,8,2026-01-28T18:49:41.512940,03 00 03 00 83 BA 4B 48,03000300,0.000000
5632,0,0x10F,STD,8,2026-01-28T18:49:41.569954,03 00 03 00 4C 8B 78 3C,03000300,0.000000
5633,0,0x110,STD,8,2026-01-28T18:49:41.593958,03 00 03 00 21 A3 22 48,03000300,0.000000
5634,0,0x10F,STD,8,2026-01-28T18:49:41.650972,03 00 03 00 F6 02 9D 3C,03000300,0.000000
5635,0,0x110,STD,8,2026-01-28T18:49:41.674977,03 00 03 00 98 EF 15 48,03000300,0.000000
5636,0,0x10F,STD,8,2026-01-28T18:49:41.731990,03 00 03 00 1B 49 DC 3C,03000300,0.000000
5637,0,0x110,STD,8,2026-01-28T18:49:41.755995,03 00 03 00 AF 9C 12 48,03000300,0.000000
5638,0,0x10F,STD,8,2026-01-28T18:49:41.812523,03 00 03 00 EE 16 15 3D,03000300,0.000000
5639,0,0x110,STD,8,2026-01-28T18:49:41.836147,03 00 03 00 09 3C 2C 48,03000300,0.000000
5640,0,0x10F,STD,8,2026-01-28T18:49:41.893161,03 00 03 00 37 05 BF 3C,03000300,0.000000
5641,0,0x110,STD,8,2026-01-28T18:49:41.917167,03 00 03 00 79 FB F3 47,03000300,0.000000
5642,0,0x10F,STD,8,2026-01-28T18:49:41.973742,03 00 03 00 B9 20 B5 3C,03000300,0.000000
5643,0,0x110,STD,8,2026-01-28T18:49:41.997748,03 00 03 00 44 B3 A8 47,03000300,0.000000
5644,0,0x10F,STD,8,2026-01-28T18:49:42.043757,03 00 03 00 F1 F6 DC 3C,03000300,0.000000
5645,0,0x110,STD,8,2026-01-28T18:49:42.067763,03 00 03 00 E2 F8 B5 47,03000300,0.000000
5646,0,0x10F,STD,8,2026-01-28T18:49:42.124306,03 00 03 00 14 8C 14 3D,03000300,0.000000
5647,0,0x10F,STD,8,2026-01-28T18:49:42.124306,03 00 02 00 A2 9A 38 41,03000200,0.000000
5648,0,0x110,STD,8,2026-01-28T18:49:42.126306,03 00 02 00 A2 9A 38 41,03000200,0.000000
5649,0,0x110,STD,8,2026-01-28T18:49:42.128307,03 00 02 00 FB CE 43 41,03000200,0.000000
5650,0,0x10F,STD,8,2026-01-28T18:49:42.128307,03 00 01 00 00 00 00 00,03000100,0.000000
5651,0,0x110,STD,8,2026-01-28T18:49:42.152312,03 00 03 00 5E 49 1F 48,03000300,0.000000
5652,0,0x10F,STD,8,2026-01-28T18:49:42.208830,03 00 03 00 0B 72 11 3D,03000300,0.000000
5653,0,0x110,STD,8,2026-01-28T18:49:42.232836,03 00 03 00 B9 D6 22 48,03000300,0.000000
5654,0,0x10F,STD,8,2026-01-28T18:49:42.289848,03 00 03 00 E9 1D EE 3C,03000300,0.000000
5655,0,0x110,STD,8,2026-01-28T18:49:42.313854,03 00 03 00 CD 5D 83 47,03000300,0.000000
5656,0,0x10F,STD,8,2026-01-28T18:49:42.369866,03 00 03 00 73 5A A2 3C,03000300,0.000000
5657,0,0x110,STD,8,2026-01-28T18:49:42.393872,03 00 03 00 42 D2 E5 47,03000300,0.000000
5658,0,0x10F,STD,8,2026-01-28T18:49:42.450884,03 00 03 00 CC A5 59 3C,03000300,0.000000
5659,0,0x110,STD,8,2026-01-28T18:49:42.474890,03 00 03 00 BE 1D 3F 48,03000300,0.000000
5660,0,0x10F,STD,8,2026-01-28T18:49:42.520900,03 00 03 00 BE 13 3E 3C,03000300,0.000000
5661,0,0x110,STD,8,2026-01-28T18:49:42.544906,03 00 03 00 57 7D 31 48,03000300,0.000000
5662,0,0x10F,STD,8,2026-01-28T18:49:42.601919,03 00 03 00 52 85 7D 3C,03000300,0.000000
5663,0,0x110,STD,8,2026-01-28T18:49:42.625924,03 00 03 00 D9 3E 55 48,03000300,0.000000
5664,0,0x10F,STD,8,2026-01-28T18:49:42.682937,03 00 03 00 94 85 89 3C,03000300,0.000000
5665,0,0x110,STD,8,2026-01-28T18:49:42.706942,03 00 03 00 83 EC 25 48,03000300,0.000000
5666,0,0x10F,STD,8,2026-01-28T18:49:42.763955,03 00 03 00 0A 54 0E 3C,03000300,0.000000
5667,0,0x110,STD,8,2026-01-28T18:49:42.787960,03 00 03 00 CB B4 A8 47,03000300,0.000000
5668,0,0x10F,STD,8,2026-01-28T18:49:42.844973,03 00 03 00 67 B8 2C 3C,03000300,0.000000
5669,0,0x110,STD,8,2026-01-28T18:49:42.868979,03 00 03 00 4B 3E 9E 47,03000300,0.000000
5670,0,0x10F,STD,8,2026-01-28T18:49:42.925992,03 00 03 00 A2 DE 4F 3C,03000300,0.000000
5671,0,0x110,STD,8,2026-01-28T18:49:42.949997,03 00 03 00 73 2C BB 47,03000300,0.000000
5672,0,0x10F,STD,8,2026-01-28T18:49:42.999009,03 00 03 00 5E 2F 5E 3C,03000300,0.000000
5673,0,0x110,STD,8,2026-01-28T18:49:43.023013,03 00 03 00 49 B6 F4 47,03000300,0.000000
5674,0,0x10F,STD,8,2026-01-28T18:49:43.080026,03 00 03 00 B3 E5 32 3C,03000300,0.000000
5675,0,0x110,STD,8,2026-01-28T18:49:43.107032,03 00 03 00 26 C6 2B 48,03000300,0.000000
5676,0,0x10F,STD,8,2026-01-28T18:49:43.162759,03 00 03 00 72 3F DA 3B,03000300,0.000000
5677,0,0x110,STD,8,2026-01-28T18:49:43.186705,03 00 03 00 70 73 A3 47,03000300,0.000000
5678,0,0x110,STD,8,2026-01-28T18:49:43.210712,03 00 01 00 00 00 00 00,03000100,0.000000
5679,0,0x10F,STD,8,2026-01-28T18:49:43.212712,03 00 02 00 FB CE 43 41,03000200,0.000000
5680,0,0x110,STD,8,2026-01-28T18:49:43.212712,03 00 01 00 00 00 00 00,03000100,0.000000
5681,0,0x10F,STD,8,2026-01-28T18:49:43.214713,03 00 02 00 2D FE 23 41,03000200,0.000000
5682,0,0x10F,STD,8,2026-01-28T18:49:43.238718,03 00 03 00 E2 F7 47 3C,03000300,0.000000
5683,0,0x110,STD,8,2026-01-28T18:49:43.262724,03 00 03 00 3E 2E 5A 48,03000300,0.000000
5684,0,0x10F,STD,8,2026-01-28T18:49:43.319736,03 00 03 00 0D E6 C1 3C,03000300,0.000000
5685,0,0x110,STD,8,2026-01-28T18:49:43.343742,03 00 03 00 29 78 38 48,03000300,0.000000
5686,0,0x10F,STD,8,2026-01-28T18:49:43.400754,03 00 03 00 58 9B EA 3C,03000300,0.000000
5687,0,0x110,STD,8,2026-01-28T18:49:43.423685,03 00 03 00 90 53 06 48,03000300,0.000000
5688,0,0x10F,STD,8,2026-01-28T18:49:43.479739,03 00 03 00 6B 09 28 3C,03000300,0.000000
5689,0,0x110,STD,8,2026-01-28T18:49:43.503249,03 00 03 00 C3 13 59 48,03000300,0.000000
5690,0,0x10F,STD,8,2026-01-28T18:49:43.560263,03 00 03 00 44 BB AE 3C,03000300,0.000000
5691,0,0x110,STD,8,2026-01-28T18:49:43.584268,03 00 03 00 A3 87 92 47,03000300,0.000000
5692,0,0x10F,STD,8,2026-01-28T18:49:43.640655,03 00 03 00 3D 2B 59 3C,03000300,0.000000
5693,0,0x110,STD,8,2026-01-28T18:49:43.664661,03 00 03 00 6E 2D 0E 48,03000300,0.000000
5694,0,0x10F,STD,8,2026-01-28T18:49:43.721675,03 00 03 00 EB C1 8F 3C,03000300,0.000000
5695,0,0x110,STD,8,2026-01-28T18:49:43.745275,03 00 03 00 6E B9 0F 48,03000300,0.000000
5696,0,0x10F,STD,8,2026-01-28T18:49:43.802288,03 00 03 00 B0 7D 4B 3C,03000300,0.000000
5697,0,0x110,STD,8,2026-01-28T18:49:43.826293,03 00 03 00 E6 90 63 48,03000300,0.000000
5698,0,0x10F,STD,8,2026-01-28T18:49:43.883306,03 00 03 00 89 03 B2 3C,03000300,0.000000
5699,0,0x110,STD,8,2026-01-28T18:49:43.907312,03 00 03 00 A8 F1 48 48,03000300,0.000000
5700,0,0x10F,STD,8,2026-01-28T18:49:43.964326,03 00 03 00 D6 18 9B 3C,03000300,0.000000
5701,0,0x110,STD,8,2026-01-28T18:49:43.988332,03 00 03 00 6B A1 25 48,03000300,0.000000
5702,0,0x10F,STD,8,2026-01-28T18:49:44.045020,03 00 03 00 E7 56 7A 3C,03000300,0.000000
5703,0,0x110,STD,8,2026-01-28T18:49:44.069025,03 00 03 00 39 C6 6D 48,03000300,0.000000
5704,0,0x10F,STD,8,2026-01-28T18:49:44.126038,03 00 03 00 A1 54 7A 3C,03000300,0.000000
5705,0,0x110,STD,8,2026-01-28T18:49:44.150043,03 00 03 00 C0 79 70 47,03000300,0.000000
5706,0,0x10F,STD,8,2026-01-28T18:49:44.196054,03 00 03 00 C1 AC 03 3D,03000300,0.000000
5707,0,0x110,STD,8,2026-01-28T18:49:44.231061,03 00 03 00 A3 2D B2 47,03000300,0.000000
5708,0,0x10F,STD,8,2026-01-28T18:49:44.277072,03 00 03 00 E5 A5 D2 3C,03000300,0.000000
5709,0,0x110,STD,8,2026-01-28T18:49:44.290075,03 00 02 00 2D FE 23 41,03000200,0.000000
5710,0,0x10F,STD,8,2026-01-28T18:49:44.290075,03 00 01 00 00 00 00 00,03000100,0.000000
5711,0,0x110,STD,8,2026-01-28T18:49:44.290075,03 00 01 00 00 00 00 00,03000100,0.000000
5712,0,0x10F,STD,8,2026-01-28T18:49:44.290075,03 00 02 00 6F D2 30 41,03000200,0.000000
5713,0,0x110,STD,8,2026-01-28T18:49:44.303078,03 00 03 00 1E 34 E9 47,03000300,0.000000
5714,0,0x10F,STD,8,2026-01-28T18:49:44.360091,03 00 03 00 15 19 5B 3C,03000300,0.000000
5715,0,0x110,STD,8,2026-01-28T18:49:44.389097,03 00 03 00 A2 2A 0F 48,03000300,0.000000
5716,0,0x10F,STD,8,2026-01-28T18:49:44.435107,03 00 03 00 6A 6A 36 3C,03000300,0.000000
5717,0,0x110,STD,8,2026-01-28T18:49:44.458616,03 00 03 00 51 91 AB 47,03000300,0.000000
5718,0,0x10F,STD,8,2026-01-28T18:49:44.515629,03 00 03 00 B0 58 5F 3C,03000300,0.000000
5719,0,0x110,STD,8,2026-01-28T18:49:44.539138,03 00 03 00 9E 41 1D 48,03000300,0.000000
5720,0,0x10F,STD,8,2026-01-28T18:49:44.596151,03 00 03 00 3C B9 BC 3C,03000300,0.000000
5721,0,0x110,STD,8,2026-01-28T18:49:44.620156,03 00 03 00 69 A4 AA 47,03000300,0.000000
5722,0,0x10F,STD,8,2026-01-28T18:49:44.677170,03 00 03 00 B9 A3 A5 3C,03000300,0.000000
5723,0,0x110,STD,8,2026-01-28T18:49:44.701175,03 00 03 00 70 05 56 48,03000300,0.000000
5724,0,0x10F,STD,8,2026-01-28T18:49:44.758188,03 00 03 00 0A 7A 0F 3D,03000300,0.000000
5725,0,0x110,STD,8,2026-01-28T18:49:44.782193,03 00 03 00 E9 3E DD 47,03000300,0.000000
5726,0,0x10F,STD,8,2026-01-28T18:49:44.839206,03 00 03 00 65 59 A1 3C,03000300,0.000000
5727,0,0x110,STD,8,2026-01-28T18:49:44.863211,03 00 03 00 EC 81 18 48,03000300,0.000000
5728,0,0x10F,STD,8,2026-01-28T18:49:44.920224,03 00 03 00 C0 18 17 3D,03000300,0.000000
5729,0,0x110,STD,8,2026-01-28T18:49:44.944230,03 00 03 00 9A F9 B5 47,03000300,0.000000
5730,0,0x10F,STD,8,2026-01-28T18:49:45.001242,03 00 03 00 2D EE EA 3C,03000300,0.000000
5731,0,0x110,STD,8,2026-01-28T18:49:45.025248,03 00 03 00 E6 E3 30 48,03000300,0.000000
5732,0,0x10F,STD,8,2026-01-28T18:49:45.071258,03 00 03 00 EB EC 5F 3C,03000300,0.000000
5733,0,0x110,STD,8,2026-01-28T18:49:45.095264,03 00 03 00 C6 EA FE 47,03000300,0.000000
5734,0,0x10F,STD,8,2026-01-28T18:49:45.152276,03 00 03 00 79 34 5E 3C,03000300,0.000000
5735,0,0x110,STD,8,2026-01-28T18:49:45.176282,03 00 03 00 48 19 DE 47,03000300,0.000000
5736,0,0x10F,STD,8,2026-01-28T18:49:45.233294,03 00 03 00 27 6C 0C 3C,03000300,0.000000
5737,0,0x110,STD,8,2026-01-28T18:49:45.257300,03 00 03 00 D1 FD 42 48,03000300,0.000000
5738,0,0x10F,STD,8,2026-01-28T18:49:45.314313,03 00 03 00 EE 52 CD 3B,03000300,0.000000
5739,0,0x110,STD,8,2026-01-28T18:49:45.338318,03 00 03 00 4B 72 A4 47,03000300,0.000000
5740,0,0x110,STD,8,2026-01-28T18:49:45.395455,03 00 02 00 6F D2 30 41,03000200,0.000000
5741,0,0x110,STD,8,2026-01-28T18:49:45.395455,03 00 02 00 6F D2 30 41,03000200,0.000000
5742,0,0x10F,STD,8,2026-01-28T18:49:45.395455,03 00 01 00 00 00 00 00,03000100,0.000000
5743,0,0x10F,STD,8,2026-01-28T18:49:45.395455,03 00 02 00 7A 9E 3B 41,03000200,0.000000
5744,0,0x110,STD,8,2026-01-28T18:49:45.408458,03 00 02 00 7A 9E 3B 41,03000200,0.000000
5745,0,0x110,STD,8,2026-01-28T18:49:45.421461,03 00 03 00 6D EC A7 47,03000300,0.000000
5746,0,0x10F,STD,8,2026-01-28T18:49:45.478117,03 00 03 00 2D 62 AD 3B,03000300,0.000000
5747,0,0x110,STD,8,2026-01-28T18:49:45.502123,03 00 03 00 19 89 8A 47,03000300,0.000000
5748,0,0x10F,STD,8,2026-01-28T18:49:45.559135,03 00 03 00 E2 C3 74 3C,03000300,0.000000
5749,0,0x110,STD,8,2026-01-28T18:49:45.583141,03 00 03 00 75 74 1A 48,03000300,0.000000
5750,0,0x10F,STD,8,2026-01-28T18:49:45.640153,03 00 03 00 F8 3D 99 3C,03000300,0.000000
5751,0,0x110,STD,8,2026-01-28T18:49:45.653156,03 00 03 00 4A BC A7 47,03000300,0.000000
5752,0,0x10F,STD,8,2026-01-28T18:49:45.720132,03 00 03 00 ED 50 CB 3B,03000300,0.000000
5753,0,0x110,STD,8,2026-01-28T18:49:45.744137,03 00 03 00 59 B2 D4 47,03000300,0.000000
5754,0,0x10F,STD,8,2026-01-28T18:49:45.792148,03 00 03 00 F7 C3 32 3C,03000300,0.000000
5755,0,0x110,STD,8,2026-01-28T18:49:45.816153,03 00 03 00 B4 26 CB 47,03000300,0.000000
5756,0,0x10F,STD,8,2026-01-28T18:49:45.876167,03 00 03 00 11 29 A9 3C,03000300,0.000000
5757,0,0x110,STD,8,2026-01-28T18:49:45.900172,03 00 03 00 46 87 69 47,03000300,0.000000
5758,0,0x10F,STD,8,2026-01-28T18:49:45.956621,03 00 03 00 C9 A2 EC 3B,03000300,0.000000
5759,0,0x110,STD,8,2026-01-28T18:49:45.976130,03 00 03 00 E6 41 2E 48,03000300,0.000000
5760,0,0x10F,STD,8,2026-01-28T18:49:46.036144,03 00 03 00 E3 D3 6A 3C,03000300,0.000000
5761,0,0x110,STD,8,2026-01-28T18:49:46.064150,03 00 03 00 55 6D 0F 48,03000300,0.000000
5762,0,0x10F,STD,8,2026-01-28T18:49:46.110160,03 00 03 00 56 F2 2F 3C,03000300,0.000000
5763,0,0x110,STD,8,2026-01-28T18:49:46.133671,03 00 03 00 BA CD 38 47,03000300,0.000000
5764,0,0x10F,STD,8,2026-01-28T18:49:46.190189,03 00 03 00 88 D6 48 3C,03000300,0.000000
5765,0,0x110,STD,8,2026-01-28T18:49:46.216195,03 00 03 00 3A 15 80 47,03000300,0.000000
5766,0,0x10F,STD,8,2026-01-28T18:49:46.274208,03 00 03 00 3A 9D DD 3B,03000300,0.000000
5767,0,0x110,STD,8,2026-01-28T18:49:46.298213,03 00 03 00 6F 3D 9F 47,03000300,0.000000
5768,0,0x10F,STD,8,2026-01-28T18:49:46.359502,03 00 03 00 C9 A8 F7 3B,03000300,0.000000
5769,0,0x110,STD,8,2026-01-28T18:49:46.378506,03 00 03 00 18 EF D2 46,03000300,0.000000
5770,0,0x10F,STD,8,2026-01-28T18:49:46.435023,03 00 03 00 31 6F 8D 3B,03000300,0.000000
5771,0,0x110,STD,8,2026-01-28T18:49:46.459029,03 00 03 00 17 B7 46 47,03000300,0.000000
5772,0,0x10F,STD,8,2026-01-28T18:49:46.482539,03 00 01 00 00 00 00 00,03000100,0.000000
5773,0,0x110,STD,8,2026-01-28T18:49:46.484540,03 00 01 00 00 00 00 00,03000100,0.000000
5774,0,0x10F,STD,8,2026-01-28T18:49:46.484540,03 00 02 00 37 78 28 41,03000200,0.000000
5775,0,0x110,STD,8,2026-01-28T18:49:46.486043,03 00 02 00 37 78 28 41,03000200,0.000000
5776,0,0x10F,STD,8,2026-01-28T18:49:46.510051,03 00 03 00 66 E6 26 3C,03000300,0.000000
5777,0,0x110,STD,8,2026-01-28T18:49:46.533187,03 00 03 00 5D 40 5E 47,03000300,0.000000
5778,0,0x10F,STD,8,2026-01-28T18:49:46.589706,03 00 03 00 6C 3C 9A 3C,03000300,0.000000
5779,0,0x110,STD,8,2026-01-28T18:49:46.612593,03 00 03 00 2F 59 F4 47,03000300,0.000000
5780,0,0x10F,STD,8,2026-01-28T18:49:46.669781,03 00 03 00 13 D8 9E 3C,03000300,0.000000
5781,0,0x110,STD,8,2026-01-28T18:49:46.693685,03 00 03 00 56 E7 B1 47,03000300,0.000000
5782,0,0x10F,STD,8,2026-01-28T18:49:46.750018,03 00 03 00 0A 99 EA 3B,03000300,0.000000
5783,0,0x110,STD,8,2026-01-28T18:49:46.773529,03 00 03 00 B5 81 32 47,03000300,0.000000
5784,0,0x10F,STD,8,2026-01-28T18:49:46.830542,03 00 03 00 EF 46 16 3C,03000300,0.000000
5785,0,0x110,STD,8,2026-01-28T18:49:46.854092,03 00 03 00 B6 7F 13 48,03000300,0.000000
5786,0,0x10F,STD,8,2026-01-28T18:49:46.911104,03 00 03 00 09 94 A4 3C,03000300,0.000000
5787,0,0x110,STD,8,2026-01-28T18:49:46.934582,03 00 03 00 15 5B 2D 48,03000300,0.000000
5788,0,0x10F,STD,8,2026-01-28T18:49:46.991231,03 00 03 00 B4 BF DE 3C,03000300,0.000000
5789,0,0x110,STD,8,2026-01-28T18:49:47.014134,03 00 03 00 D1 F9 B5 47,03000300,0.000000
5790,0,0x10F,STD,8,2026-01-28T18:49:47.070652,03 00 03 00 A6 0F D0 3C,03000300,0.000000
5791,0,0x110,STD,8,2026-01-28T18:49:47.094617,03 00 03 00 D3 A5 BB 47,03000300,0.000000
5792,0,0x10F,STD,8,2026-01-28T18:49:47.151176,03 00 03 00 50 D5 E0 3C,03000300,0.000000
5793,0,0x110,STD,8,2026-01-28T18:49:47.174993,03 00 03 00 59 14 52 47,03000300,0.000000
5794,0,0x10F,STD,8,2026-01-28T18:49:47.232006,03 00 03 00 08 5D 81 3C,03000300,0.000000
5795,0,0x110,STD,8,2026-01-28T18:49:47.255544,03 00 03 00 9F 84 AC 47,03000300,0.000000
5796,0,0x10F,STD,8,2026-01-28T18:49:47.312556,03 00 03 00 91 62 5C 3C,03000300,0.000000
5797,0,0x110,STD,8,2026-01-28T18:49:47.335584,03 00 03 00 38 E6 46 47,03000300,0.000000
5798,0,0x10F,STD,8,2026-01-28T18:49:47.392597,03 00 03 00 DE 66 B8 3C,03000300,0.000000
5799,0,0x110,STD,8,2026-01-28T18:49:47.416140,03 00 03 00 64 EA CE 47,03000300,0.000000
5800,0,0x10F,STD,8,2026-01-28T18:49:47.472875,03 00 03 00 F2 98 22 3C,03000300,0.000000
5801,0,0x110,STD,8,2026-01-28T18:49:47.496880,03 00 03 00 48 3E 78 48,03000300,0.000000
5802,0,0x10F,STD,8,2026-01-28T18:49:47.553008,03 00 03 00 D3 81 6A 3C,03000300,0.000000
5803,0,0x110,STD,8,2026-01-28T18:49:47.577013,03 00 03 00 AB 49 2A 48,03000300,0.000000
5804,0,0x10F,STD,8,2026-01-28T18:49:47.577013,03 00 01 00 00 00 00 00,03000100,0.000000
5805,0,0x110,STD,8,2026-01-28T18:49:47.577013,03 00 01 00 00 00 00 00,03000100,0.000000
5806,0,0x110,STD,8,2026-01-28T18:49:47.577013,03 00 02 00 49 31 40 41,03000200,0.000000
5807,0,0x10F,STD,8,2026-01-28T18:49:47.577013,03 00 01 00 00 00 00 00,03000100,0.000000
5808,0,0x10F,STD,8,2026-01-28T18:49:47.623023,03 00 03 00 2E D6 5E 3C,03000300,0.000000
5809,0,0x110,STD,8,2026-01-28T18:49:47.647029,03 00 03 00 6F 12 0E 48,03000300,0.000000
5810,0,0x10F,STD,8,2026-01-28T18:49:47.703651,03 00 03 00 BD A1 A9 3B,03000300,0.000000
5811,0,0x110,STD,8,2026-01-28T18:49:47.727652,03 00 03 00 00 00 18 48,03000300,0.000000
5812,0,0x10F,STD,8,2026-01-28T18:49:47.784154,03 00 03 00 61 84 04 3C,03000300,0.000000
5813,0,0x110,STD,8,2026-01-28T18:49:47.808156,03 00 03 00 74 0D D3 47,03000300,0.000000
5814,0,0x10F,STD,8,2026-01-28T18:49:47.864510,03 00 03 00 39 96 A7 3C,03000300,0.000000
5815,0,0x110,STD,8,2026-01-28T18:49:47.888508,03 00 03 00 41 69 AE 47,03000300,0.000000
5816,0,0x10F,STD,8,2026-01-28T18:49:47.945095,03 00 03 00 C7 29 81 3C,03000300,0.000000
5817,0,0x110,STD,8,2026-01-28T18:49:47.969101,03 00 03 00 D5 CE 23 48,03000300,0.000000
5818,0,0x10F,STD,8,2026-01-28T18:49:48.025507,03 00 03 00 66 D4 A4 3C,03000300,0.000000
5819,0,0x110,STD,8,2026-01-28T18:49:48.049039,03 00 03 00 BD DE 98 47,03000300,0.000000
5820,0,0x10F,STD,8,2026-01-28T18:49:48.105167,03 00 03 00 14 8B ED 3B,03000300,0.000000
5821,0,0x110,STD,8,2026-01-28T18:49:48.129172,03 00 03 00 9C 2E 2D 48,03000300,0.000000
5822,0,0x10F,STD,8,2026-01-28T18:49:48.184507,03 00 03 00 9C D9 3D 3C,03000300,0.000000
5823,0,0x110,STD,8,2026-01-28T18:49:48.208508,03 00 03 00 7E 01 3C 48,03000300,0.000000
5824,0,0x10F,STD,8,2026-01-28T18:49:48.264940,03 00 03 00 25 88 80 3C,03000300,0.000000
5825,0,0x110,STD,8,2026-01-28T18:49:48.288946,03 00 03 00 39 38 D1 47,03000300,0.000000
5826,0,0x10F,STD,8,2026-01-28T18:49:48.361721,03 00 03 00 B7 8C 2F 3C,03000300,0.000000
5827,0,0x110,STD,8,2026-01-28T18:49:48.374733,03 00 03 00 0B 59 6D 48,03000300,0.000000
5828,0,0x10F,STD,8,2026-01-28T18:49:48.420738,03 00 03 00 77 D0 AD 3C,03000300,0.000000
5829,0,0x110,STD,8,2026-01-28T18:49:48.444519,03 00 03 00 E7 53 10 48,03000300,0.000000
5830,0,0x10F,STD,8,2026-01-28T18:49:48.501901,03 00 03 00 8B 79 73 3C,03000300,0.000000
5831,0,0x110,STD,8,2026-01-28T18:49:48.525906,03 00 03 00 F8 AB 2B 48,03000300,0.000000
5832,0,0x10F,STD,8,2026-01-28T18:49:48.582540,03 00 03 00 27 63 6B 3C,03000300,0.000000
5833,0,0x110,STD,8,2026-01-28T18:49:48.606080,03 00 03 00 13 E8 80 48,03000300,0.000000
5834,0,0x10F,STD,8,2026-01-28T18:49:48.663093,03 00 03 00 00 58 AF 3B,03000300,0.000000
5835,0,0x110,STD,8,2026-01-28T18:49:48.663093,03 00 01 00 00 00 00 00,03000100,0.000000
5836,0,0x10F,STD,8,2026-01-28T18:49:48.663093,03 00 02 00 49 31 40 41,03000200,0.000000
5837,0,0x10F,STD,8,2026-01-28T18:49:48.663093,03 00 02 00 25 E5 2F 41,03000200,0.000000
5838,0,0x110,STD,8,2026-01-28T18:49:48.663093,03 00 02 00 25 E5 2F 41,03000200,0.000000
5839,0,0x110,STD,8,2026-01-28T18:49:48.687098,03 00 03 00 70 F9 F8 47,03000300,0.000000
5840,0,0x10F,STD,8,2026-01-28T18:49:48.743555,03 00 03 00 F8 16 04 3C,03000300,0.000000
5841,0,0x110,STD,8,2026-01-28T18:49:48.767560,03 00 03 00 2C 9A 15 48,03000300,0.000000
5842,0,0x10F,STD,8,2026-01-28T18:49:48.824552,03 00 03 00 CB 66 3D 3C,03000300,0.000000
5843,0,0x110,STD,8,2026-01-28T18:49:48.848552,03 00 03 00 DA 43 52 47,03000300,0.000000
5844,0,0x10F,STD,8,2026-01-28T18:49:48.903730,03 00 03 00 DA 9B 16 3C,03000300,0.000000
5845,0,0x110,STD,8,2026-01-28T18:49:48.927375,03 00 03 00 6C 93 D5 46,03000300,0.000000
5846,0,0x10F,STD,8,2026-01-28T18:49:48.978509,03 00 03 00 FA 25 6B 3C,03000300,0.000000
5847,0,0x110,STD,8,2026-01-28T18:49:49.002515,03 00 03 00 40 41 4B 47,03000300,0.000000
5848,0,0x10F,STD,8,2026-01-28T18:49:49.058513,03 00 03 00 95 0A 89 3C,03000300,0.000000
5849,0,0x110,STD,8,2026-01-28T18:49:49.082518,03 00 03 00 05 13 90 47,03000300,0.000000
5850,0,0x10F,STD,8,2026-01-28T18:49:49.139131,03 00 03 00 13 5F 49 3C,03000300,0.000000
5851,0,0x110,STD,8,2026-01-28T18:49:49.163044,03 00 03 00 82 05 CE 47,03000300,0.000000
5852,0,0x10F,STD,8,2026-01-28T18:49:49.219525,03 00 03 00 E2 30 9C 3C,03000300,0.000000
5853,0,0x110,STD,8,2026-01-28T18:49:49.243057,03 00 03 00 50 32 B1 47,03000300,0.000000
5854,0,0x10F,STD,8,2026-01-28T18:49:49.300070,03 00 03 00 18 45 D6 3C,03000300,0.000000
5855,0,0x110,STD,8,2026-01-28T18:49:49.323757,03 00 03 00 46 C5 0A 48,03000300,0.000000
5856,0,0x10F,STD,8,2026-01-28T18:49:49.380765,03 00 03 00 5E 2A 5A 3C,03000300,0.000000
5857,0,0x110,STD,8,2026-01-28T18:49:49.404202,03 00 03 00 DB 99 16 48,03000300,0.000000
5858,0,0x10F,STD,8,2026-01-28T18:49:49.460926,03 00 03 00 9D FA D3 3C,03000300,0.000000
5859,0,0x110,STD,8,2026-01-28T18:49:49.484506,03 00 03 00 07 74 06 48,03000300,0.000000
5860,0,0x10F,STD,8,2026-01-28T18:49:49.541514,03 00 03 00 DB 09 B1 3C,03000300,0.000000
5861,0,0x110,STD,8,2026-01-28T18:49:49.564520,03 00 03 00 0D 8E EF 47,03000300,0.000000
5862,0,0x10F,STD,8,2026-01-28T18:49:49.621511,03 00 03 00 0C 1A A7 3C,03000300,0.000000
5863,0,0x110,STD,8,2026-01-28T18:49:49.645044,03 00 03 00 A6 FF 1F 47,03000300,0.000000
5864,0,0x10F,STD,8,2026-01-28T18:49:49.702057,03 00 03 00 E0 4C F2 3C,03000300,0.000000
5865,0,0x110,STD,8,2026-01-28T18:49:49.725093,03 00 03 00 DD 48 24 47,03000300,0.000000
5866,0,0x10F,STD,8,2026-01-28T18:49:49.760100,03 00 01 00 00 00 00 00,03000100,0.000000
5867,0,0x110,STD,8,2026-01-28T18:49:49.760100,03 00 01 00 00 00 00 00,03000100,0.000000
5868,0,0x10F,STD,8,2026-01-28T18:49:49.760100,03 00 01 00 00 00 00 00,03000100,0.000000
5869,0,0x110,STD,8,2026-01-28T18:49:49.760100,03 00 01 00 00 00 00 00,03000100,0.000000
5870,0,0x10F,STD,8,2026-01-28T18:49:49.783520,03 00 03 00 8A 9D 84 3C,03000300,0.000000
5871,0,0x110,STD,8,2026-01-28T18:49:49.807520,03 00 03 00 C0 A8 1A 48,03000300,0.000000
5872,0,0x10F,STD,8,2026-01-28T18:49:49.863108,03 00 03 00 FB 6D 09 3C,03000300,0.000000
5873,0,0x110,STD,8,2026-01-28T18:49:49.886617,03 00 03 00 03 48 06 48,03000300,0.000000
5874,0,0x10F,STD,8,2026-01-28T18:49:49.942988,03 00 03 00 B2 DE 9C 3C,03000300,0.000000
5875,0,0x110,STD,8,2026-01-28T18:49:49.966994,03 00 03 00 12 83 BF 47,03000300,0.000000
5876,0,0x10F,STD,8,2026-01-28T18:49:50.013003,03 00 03 00 A8 4E 47 3C,03000300,0.000000
5877,0,0x110,STD,8,2026-01-28T18:49:50.048011,03 00 03 00 22 63 3D 48,03000300,0.000000
5878,0,0x10F,STD,8,2026-01-28T18:49:50.104207,03 00 03 00 BC 19 6B 3B,03000300,0.000000
5879,0,0x110,STD,8,2026-01-28T18:49:50.117207,03 00 03 00 F3 64 91 47,03000300,0.000000
5880,0,0x10F,STD,8,2026-01-28T18:49:50.173272,03 00 03 00 0E A1 BE 3B,03000300,0.000000
5881,0,0x110,STD,8,2026-01-28T18:49:50.197277,03 00 03 00 69 D0 14 48,03000300,0.000000
5882,0,0x10F,STD,8,2026-01-28T18:49:50.253961,03 00 03 00 F7 4B 88 3C,03000300,0.000000
5883,0,0x110,STD,8,2026-01-28T18:49:50.277957,03 00 03 00 AC 66 66 48,03000300,0.000000
5884,0,0x10F,STD,8,2026-01-28T18:49:50.334898,03 00 03 00 61 31 8D 3C,03000300,0.000000
5885,0,0x110,STD,8,2026-01-28T18:49:50.372907,03 00 03 00 6F 18 43 48,03000300,0.000000
5886,0,0x10F,STD,8,2026-01-28T18:49:50.419919,03 00 03 00 AD 38 92 3C,03000300,0.000000
5887,0,0x110,STD,8,2026-01-28T18:49:50.443955,03 00 03 00 62 D0 43 48,03000300,0.000000
5888,0,0x10F,STD,8,2026-01-28T18:49:50.500949,03 00 03 00 84 68 E0 3C,03000300,0.000000
5889,0,0x110,STD,8,2026-01-28T18:49:50.524895,03 00 03 00 C5 A7 D7 47,03000300,0.000000
5890,0,0x10F,STD,8,2026-01-28T18:49:50.570905,03 00 03 00 7D 78 31 3C,03000300,0.000000
5891,0,0x110,STD,8,2026-01-28T18:49:50.605441,03 00 03 00 42 D3 A7 47,03000300,0.000000
5892,0,0x10F,STD,8,2026-01-28T18:49:50.661972,03 00 03 00 F7 02 53 3C,03000300,0.000000
5893,0,0x110,STD,8,2026-01-28T18:49:50.684945,03 00 03 00 9C 59 19 48,03000300,0.000000
5894,0,0x10F,STD,8,2026-01-28T18:49:50.730955,03 00 03 00 72 3C 6A 3C,03000300,0.000000
5895,0,0x110,STD,8,2026-01-28T18:49:50.765058,03 00 03 00 A4 94 95 47,03000300,0.000000
5896,0,0x10F,STD,8,2026-01-28T18:49:50.811068,03 00 03 00 AA 25 10 3C,03000300,0.000000
5897,0,0x110,STD,8,2026-01-28T18:49:50.845465,03 00 03 00 8C F9 E1 47,03000300,0.000000
5898,0,0x10F,STD,8,2026-01-28T18:49:50.845465,03 00 02 00 04 DC 43 41,03000200,0.000000
5899,0,0x110,STD,8,2026-01-28T18:49:50.845465,03 00 02 00 04 DC 43 41,03000200,0.000000
5900,0,0x10F,STD,8,2026-01-28T18:49:50.845465,03 00 02 00 04 DC 43 41,03000200,0.000000
5901,0,0x110,STD,8,2026-01-28T18:49:50.845465,03 00 02 00 04 DC 43 41,03000200,0.000000
5902,0,0x10F,STD,8,2026-01-28T18:49:50.891471,03 00 03 00 82 39 87 3C,03000300,0.000000
5903,0,0x110,STD,8,2026-01-28T18:49:50.926480,03 00 03 00 EA BB B5 47,03000300,0.000000
5904,0,0x10F,STD,8,2026-01-28T18:49:50.972490,03 00 03 00 93 F7 AB 3C,03000300,0.000000
5905,0,0x110,STD,8,2026-01-28T18:49:50.995417,03 00 03 00 27 6E 9A 47,03000300,0.000000
5906,0,0x10F,STD,8,2026-01-28T18:49:51.052428,03 00 03 00 B0 82 A2 3C,03000300,0.000000
5907,0,0x110,STD,8,2026-01-28T18:49:51.076064,03 00 03 00 0C DB BB 47,03000300,0.000000
5908,0,0x10F,STD,8,2026-01-28T18:49:51.133076,03 00 03 00 09 DB F9 3B,03000300,0.000000
5909,0,0x110,STD,8,2026-01-28T18:49:51.155668,03 00 03 00 20 ED 75 47,03000300,0.000000
5910,0,0x10F,STD,8,2026-01-28T18:49:51.212183,03 00 03 00 A8 CA B3 3C,03000300,0.000000
5911,0,0x110,STD,8,2026-01-28T18:49:51.236213,03 00 03 00 95 DC 9E 47,03000300,0.000000
5912,0,0x10F,STD,8,2026-01-28T18:49:51.292867,03 00 03 00 E0 EB AD 3C,03000300,0.000000
5913,0,0x110,STD,8,2026-01-28T18:49:51.316474,03 00 03 00 E3 F3 81 47,03000300,0.000000
5914,0,0x10F,STD,8,2026-01-28T18:49:51.373029,03 00 03 00 BE 67 35 3C,03000300,0.000000
5915,0,0x110,STD,8,2026-01-28T18:49:51.396595,03 00 03 00 79 8E 12 48,03000300,0.000000
5916,0,0x10F,STD,8,2026-01-28T18:49:51.451867,03 00 03 00 00 20 B7 3C,03000300,0.000000
5917,0,0x110,STD,8,2026-01-28T18:49:51.475938,03 00 03 00 BE 29 83 48,03000300,0.000000
5918,0,0x10F,STD,8,2026-01-28T18:49:51.532950,03 00 03 00 23 2D FE 3C,03000300,0.000000
5919,0,0x110,STD,8,2026-01-28T18:49:51.556956,03 00 03 00 75 65 98 48,03000300,0.000000
5920,0,0x10F,STD,8,2026-01-28T18:49:51.613194,03 00 03 00 CE B0 D1 3C,03000300,0.000000
5921,0,0x110,STD,8,2026-01-28T18:49:51.637200,03 00 03 00 EF 52 C7 48,03000300,0.000000
5922,0,0x10F,STD,8,2026-01-28T18:49:51.692811,03 00 03 00 BE 30 28 3D,03000300,0.000000
5923,0,0x110,STD,8,2026-01-28T18:49:51.716379,03 00 03 00 6C A7 53 48,03000300,0.000000
5924,0,0x10F,STD,8,2026-01-28T18:49:51.772896,03 00 03 00 0D F4 5D 3D,03000300,0.000000
5925,0,0x110,STD,8,2026-01-28T18:49:51.795536,03 00 03 00 C0 67 8D 48,03000300,0.000000
5926,0,0x10F,STD,8,2026-01-28T18:49:51.851939,03 00 03 00 35 1D FC 3C,03000300,0.000000
5927,0,0x110,STD,8,2026-01-28T18:49:51.875884,03 00 03 00 D3 CB 84 48,03000300,0.000000
5928,0,0x10F,STD,8,2026-01-28T18:49:51.910892,03 00 01 00 00 00 00 00,03000100,0.000000
5929,0,0x110,STD,8,2026-01-28T18:49:51.910892,03 00 01 00 00 00 00 00,03000100,0.000000
5930,0,0x110,STD,8,2026-01-28T18:49:51.910892,03 00 02 00 50 E9 37 41,03000200,0.000000
5931,0,0x10F,STD,8,2026-01-28T18:49:51.910892,03 00 01 00 00 00 00 00,03000100,0.000000
5932,0,0x10F,STD,8,2026-01-28T18:49:51.934429,03 00 03 00 AA 41 04 3D,03000300,0.000000
5933,0,0x110,STD,8,2026-01-28T18:49:51.958301,03 00 03 00 DE 6C 37 48,03000300,0.000000
5934,0,0x10F,STD,8,2026-01-28T18:49:52.006911,03 00 03 00 68 71 0F 3D,03000300,0.000000
5935,0,0x110,STD,8,2026-01-28T18:49:52.030916,03 00 03 00 34 B2 4C 48,03000300,0.000000
5936,0,0x10F,STD,8,2026-01-28T18:49:52.086936,03 00 03 00 07 E4 AE 3C,03000300,0.000000
5937,0,0x110,STD,8,2026-01-28T18:49:52.110941,03 00 03 00 BF 99 00 48,03000300,0.000000
5938,0,0x10F,STD,8,2026-01-28T18:49:52.166724,03 00 03 00 41 ED F3 3C,03000300,0.000000
5939,0,0x110,STD,8,2026-01-28T18:49:52.190730,03 00 03 00 9C 3B AE 47,03000300,0.000000
5940,0,0x10F,STD,8,2026-01-28T18:49:52.257834,03 00 03 00 2C 3D 01 3D,03000300,0.000000
5941,0,0x110,STD,8,2026-01-28T18:49:52.270836,03 00 03 00 59 D7 2C 48,03000300,0.000000
5942,0,0x10F,STD,8,2026-01-28T18:49:52.325962,03 00 03 00 CF 67 26 3C,03000300,0.000000
5943,0,0x110,STD,8,2026-01-28T18:49:52.349513,03 00 03 00 DF 4D 26 48,03000300,0.000000
5944,0,0x10F,STD,8,2026-01-28T18:49:52.415832,03 00 03 00 25 DA 8C 3C,03000300,0.000000
5945,0,0x110,STD,8,2026-01-28T18:49:52.428835,03 00 03 00 64 94 08 48,03000300,0.000000
5946,0,0x10F,STD,8,2026-01-28T18:49:52.485900,03 00 03 00 31 73 17 3D,03000300,0.000000
5947,0,0x110,STD,8,2026-01-28T18:49:52.509906,03 00 03 00 47 C6 26 48,03000300,0.000000
5948,0,0x10F,STD,8,2026-01-28T18:49:52.566324,03 00 03 00 A2 97 D9 3C,03000300,0.000000
5949,0,0x110,STD,8,2026-01-28T18:49:52.590330,03 00 03 00 70 57 E7 47,03000300,0.000000
5950,0,0x10F,STD,8,2026-01-28T18:49:52.646410,03 00 03 00 60 FF D5 3C,03000300,0.000000
5951,0,0x110,STD,8,2026-01-28T18:49:52.670415,03 00 03 00 4A 95 19 48,03000300,0.000000
5952,0,0x10F,STD,8,2026-01-28T18:49:52.726005,03 00 03 00 A5 E0 F6 3C,03000300,0.000000
5953,0,0x110,STD,8,2026-01-28T18:49:52.750011,03 00 03 00 B3 AE AC 47,03000300,0.000000
5954,0,0x10F,STD,8,2026-01-28T18:49:52.806405,03 00 03 00 0B 65 6F 3C,03000300,0.000000
5955,0,0x110,STD,8,2026-01-28T18:49:52.830410,03 00 03 00 B5 71 B6 46,03000300,0.000000
5956,0,0x10F,STD,8,2026-01-28T18:49:52.886825,03 00 03 00 80 CF 22 3C,03000300,0.000000
5957,0,0x110,STD,8,2026-01-28T18:49:52.910831,03 00 03 00 A2 0E A4 46,03000300,0.000000
5958,0,0x10F,STD,8,2026-01-28T18:49:52.967404,03 00 03 00 8E E2 1B 3C,03000300,0.000000
5959,0,0x110,STD,8,2026-01-28T18:49:52.980407,03 00 01 00 00 00 00 00,03000100,0.000000
5960,0,0x10F,STD,8,2026-01-28T18:49:52.980407,03 00 02 00 50 E9 37 41,03000200,0.000000
5961,0,0x110,STD,8,2026-01-28T18:49:52.982408,03 00 01 00 00 00 00 00,03000100,0.000000
5962,0,0x10F,STD,8,2026-01-28T18:49:52.982408,03 00 02 00 16 72 2A 41,03000200,0.000000
5963,0,0x110,STD,8,2026-01-28T18:49:52.994980,03 00 03 00 C0 C6 19 47,03000300,0.000000
5964,0,0x10F,STD,8,2026-01-28T18:49:53.051812,03 00 03 00 37 60 42 3C,03000300,0.000000
5965,0,0x110,STD,8,2026-01-28T18:49:53.075396,03 00 03 00 08 AC BE 47,03000300,0.000000
5966,0,0x10F,STD,8,2026-01-28T18:49:53.132410,03 00 03 00 80 0F 62 3C,03000300,0.000000
5967,0,0x110,STD,8,2026-01-28T18:49:53.155391,03 00 03 00 49 0C B4 47,03000300,0.000000
5968,0,0x10F,STD,8,2026-01-28T18:49:53.212404,03 00 03 00 89 CA B5 3C,03000300,0.000000
5969,0,0x110,STD,8,2026-01-28T18:49:53.235943,03 00 03 00 1A E7 F0 47,03000300,0.000000
5970,0,0x10F,STD,8,2026-01-28T18:49:53.281954,03 00 03 00 43 67 8F 3C,03000300,0.000000
5971,0,0x110,STD,8,2026-01-28T18:49:53.316501,03 00 03 00 3F F3 37 48,03000300,0.000000
5972,0,0x10F,STD,8,2026-01-28T18:49:53.361818,03 00 03 00 9F C5 7D 3C,03000300,0.000000
5973,0,0x110,STD,8,2026-01-28T18:49:53.396826,03 00 03 00 28 BA 9D 47,03000300,0.000000
5974,0,0x10F,STD,8,2026-01-28T18:49:53.452500,03 00 03 00 4C 1F B7 3C,03000300,0.000000
5975,0,0x110,STD,8,2026-01-28T18:49:53.475903,03 00 03 00 E2 BB 06 48,03000300,0.000000
5976,0,0x10F,STD,8,2026-01-28T18:49:53.521913,03 00 03 00 06 6A F8 3C,03000300,0.000000
5977,0,0x110,STD,8,2026-01-28T18:49:53.555038,03 00 03 00 72 9A CB 47,03000300,0.000000
5978,0,0x10F,STD,8,2026-01-28T18:49:53.601181,03 00 03 00 F4 04 F6 3C,03000300,0.000000
5979,0,0x110,STD,8,2026-01-28T18:49:53.634783,03 00 03 00 33 D3 2A 48,03000300,0.000000
5980,0,0x10F,STD,8,2026-01-28T18:49:53.680797,03 00 03 00 38 AA 19 3D,03000300,0.000000
5981,0,0x110,STD,8,2026-01-28T18:49:53.704252,03 00 03 00 B9 EC 14 48,03000300,0.000000
5982,0,0x10F,STD,8,2026-01-28T18:49:53.760396,03 00 03 00 DF 1A A4 3C,03000300,0.000000
5983,0,0x110,STD,8,2026-01-28T18:49:53.793859,03 00 03 00 00 05 D2 47,03000300,0.000000
5984,0,0x10F,STD,8,2026-01-28T18:49:53.850510,03 00 03 00 61 60 8D 3C,03000300,0.000000
5985,0,0x110,STD,8,2026-01-28T18:49:53.874018,03 00 03 00 27 E9 8D 47,03000300,0.000000
5986,0,0x10F,STD,8,2026-01-28T18:49:53.930038,03 00 03 00 76 A8 E5 3C,03000300,0.000000
5987,0,0x110,STD,8,2026-01-28T18:49:53.952673,03 00 03 00 34 5D A3 47,03000300,0.000000
5988,0,0x10F,STD,8,2026-01-28T18:49:54.008367,03 00 03 00 C0 47 BD 3C,03000300,0.000000
5989,0,0x110,STD,8,2026-01-28T18:49:54.032372,03 00 03 00 60 82 24 48,03000300,0.000000
5990,0,0x110,STD,8,2026-01-28T18:49:54.065957,03 00 02 00 16 72 2A 41,03000200,0.000000
5991,0,0x10F,STD,8,2026-01-28T18:49:54.065957,03 00 01 00 00 00 00 00,03000100,0.000000
5992,0,0x10F,STD,8,2026-01-28T18:49:54.067958,03 00 01 00 00 00 00 00,03000100,0.000000
5993,0,0x110,STD,8,2026-01-28T18:49:54.069958,03 00 01 00 00 00 00 00,03000100,0.000000
5994,0,0x10F,STD,8,2026-01-28T18:49:54.082961,03 00 03 00 DE 7A A5 3C,03000300,0.000000
5995,0,0x110,STD,8,2026-01-28T18:49:54.106378,03 00 03 00 26 68 FF 47,03000300,0.000000
5996,0,0x10F,STD,8,2026-01-28T18:49:54.162745,03 00 03 00 10 27 F0 3C,03000300,0.000000
5997,0,0x110,STD,8,2026-01-28T18:49:54.186288,03 00 03 00 41 EE 0F 48,03000300,0.000000
5998,0,0x10F,STD,8,2026-01-28T18:49:54.242859,03 00 03 00 F2 B7 7F 3C,03000300,0.000000
5999,0,0x110,STD,8,2026-01-28T18:49:54.266618,03 00 03 00 D4 22 B4 47,03000300,0.000000
6000,0,0x10F,STD,8,2026-01-28T18:49:54.323631,03 00 03 00 5D 6F 9C 3C,03000300,0.000000
6001,0,0x110,STD,8,2026-01-28T18:49:54.347636,03 00 03 00 2E 99 8D 47,03000300,0.000000
6002,0,0x10F,STD,8,2026-01-28T18:49:54.407448,03 00 03 00 36 33 B0 3C,03000300,0.000000
6003,0,0x110,STD,8,2026-01-28T18:49:54.430957,03 00 03 00 41 EB A3 47,03000300,0.000000
6004,0,0x10F,STD,8,2026-01-28T18:49:54.486051,03 00 03 00 09 26 55 3C,03000300,0.000000
6005,0,0x110,STD,8,2026-01-28T18:49:54.510056,03 00 03 00 91 CA 99 47,03000300,0.000000
6006,0,0x10F,STD,8,2026-01-28T18:49:54.565769,03 00 03 00 0C 18 C1 3C,03000300,0.000000
6007,0,0x110,STD,8,2026-01-28T18:49:54.589774,03 00 03 00 2F 7A 03 47,03000300,0.000000
6008,0,0x10F,STD,8,2026-01-28T18:49:54.646361,03 00 03 00 68 8B 46 3C,03000300,0.000000
6009,0,0x110,STD,8,2026-01-28T18:49:54.670366,03 00 03 00 9C 5F 2B 48,03000300,0.000000
6010,0,0x10F,STD,8,2026-01-28T18:49:54.727203,03 00 03 00 6B CE 51 3C,03000300,0.000000
6011,0,0x110,STD,8,2026-01-28T18:49:54.751209,03 00 03 00 48 2D 38 48,03000300,0.000000
6012,0,0x10F,STD,8,2026-01-28T18:49:54.796345,03 00 03 00 AC 3C 48 3C,03000300,0.000000
6013,0,0x110,STD,8,2026-01-28T18:49:54.831354,03 00 03 00 A7 FB 2E 48,03000300,0.000000
6014,0,0x10F,STD,8,2026-01-28T18:49:54.877366,03 00 03 00 3F F8 14 3C,03000300,0.000000
6015,0,0x110,STD,8,2026-01-28T18:49:54.901372,03 00 03 00 B0 D9 5D 48,03000300,0.000000
6016,0,0x10F,STD,8,2026-01-28T18:49:54.958186,03 00 03 00 B0 7B EB 3B,03000300,0.000000
6017,0,0x110,STD,8,2026-01-28T18:49:54.979190,03 00 03 00 29 4F B1 47,03000300,0.000000
6018,0,0x10F,STD,8,2026-01-28T18:49:55.036375,03 00 03 00 A6 6E 9E 3B,03000300,0.000000
6019,0,0x110,STD,8,2026-01-28T18:49:55.060380,03 00 03 00 3F 2B 0D 48,03000300,0.000000
6020,0,0x10F,STD,8,2026-01-28T18:49:55.116472,03 00 03 00 55 B1 1C 3C,03000300,0.000000
6021,0,0x110,STD,8,2026-01-28T18:49:55.140478,03 00 03 00 5C 55 F3 47,03000300,0.000000
6022,0,0x10F,STD,8,2026-01-28T18:49:55.163996,03 00 02 00 2E F2 2F 41,03000200,0.000000
6023,0,0x110,STD,8,2026-01-28T18:49:55.163996,03 00 02 00 2E F2 2F 41,03000200,0.000000
6024,0,0x10F,STD,8,2026-01-28T18:49:55.163996,03 00 02 00 9D 66 32 41,03000200,0.000000
6025,0,0x110,STD,8,2026-01-28T18:49:55.163996,03 00 02 00 9D 66 32 41,03000200,0.000000
6026,0,0x10F,STD,8,2026-01-28T18:49:55.199001,03 00 03 00 86 C1 07 3C,03000300,0.000000
6027,0,0x110,STD,8,2026-01-28T18:49:55.223005,03 00 03 00 CA 22 ED 47,03000300,0.000000
6028,0,0x10F,STD,8,2026-01-28T18:49:55.279130,03 00 03 00 CA AF 4E 3C,03000300,0.000000
6029,0,0x110,STD,8,2026-01-28T18:49:55.302842,03 00 03 00 2D E2 BE 47,03000300,0.000000
6030,0,0x10F,STD,8,2026-01-28T18:49:55.359856,03 00 03 00 AE 9E 51 3C,03000300,0.000000
6031,0,0x110,STD,8,2026-01-28T18:49:55.383559,03 00 03 00 BC E2 2F 48,03000300,0.000000
6032,0,0x10F,STD,8,2026-01-28T18:49:55.440538,03 00 03 00 8A 5D 1B 3C,03000300,0.000000
6033,0,0x110,STD,8,2026-01-28T18:49:55.463896,03 00 03 00 71 74 41 48,03000300,0.000000
6034,0,0x10F,STD,8,2026-01-28T18:49:55.520906,03 00 03 00 F5 74 50 3C,03000300,0.000000
6035,0,0x110,STD,8,2026-01-28T18:49:55.544448,03 00 03 00 E5 1E C2 47,03000300,0.000000
6036,0,0x10F,STD,8,2026-01-28T18:49:55.601457,03 00 03 00 85 14 C3 3C,03000300,0.000000
6037,0,0x110,STD,8,2026-01-28T18:49:55.625023,03 00 03 00 5C 16 22 48,03000300,0.000000
6038,0,0x10F,STD,8,2026-01-28T18:49:55.682037,03 00 03 00 70 E8 52 3C,03000300,0.000000
6039,0,0x110,STD,8,2026-01-28T18:49:55.705147,03 00 03 00 4A F2 47 48,03000300,0.000000
6040,0,0x10F,STD,8,2026-01-28T18:49:55.762160,03 00 03 00 08 F9 B2 3C,03000300,0.000000
6041,0,0x110,STD,8,2026-01-28T18:49:55.786165,03 00 03 00 83 AB 0B 48,03000300,0.000000
6042,0,0x10F,STD,8,2026-01-28T18:49:55.832177,03 00 03 00 D2 AE 7A 3C,03000300,0.000000
6043,0,0x110,STD,8,2026-01-28T18:49:55.866619,03 00 03 00 DE 54 E1 47,03000300,0.000000
6044,0,0x10F,STD,8,2026-01-28T18:49:55.912630,03 00 03 00 45 F1 AE 3C,03000300,0.000000
6045,0,0x110,STD,8,2026-01-28T18:49:55.947167,03 00 03 00 D0 ED F4 47,03000300,0.000000
6046,0,0x10F,STD,8,2026-01-28T18:49:55.993116,03 00 03 00 AD 67 B7 3C,03000300,0.000000
6047,0,0x110,STD,8,2026-01-28T18:49:56.017122,03 00 03 00 7E 6A AA 47,03000300,0.000000
6048,0,0x10F,STD,8,2026-01-28T18:49:56.073222,03 00 03 00 C7 ED F3 3C,03000300,0.000000
6049,0,0x110,STD,8,2026-01-28T18:49:56.097228,03 00 03 00 87 D0 24 48,03000300,0.000000
6050,0,0x10F,STD,8,2026-01-28T18:49:56.153525,03 00 03 00 0B A1 BA 3C,03000300,0.000000
6051,0,0x110,STD,8,2026-01-28T18:49:56.177528,03 00 03 00 49 9C 64 48,03000300,0.000000
6052,0,0x10F,STD,8,2026-01-28T18:49:56.233717,03 00 03 00 4B F0 C8 3B,03000300,0.000000
6053,0,0x10F,STD,8,2026-01-28T18:49:56.257719,03 00 01 00 00 00 00 00,03000100,0.000000
6054,0,0x110,STD,8,2026-01-28T18:49:56.257719,03 00 01 00 00 00 00 00,03000100,0.000000
6055,0,0x110,STD,8,2026-01-28T18:49:56.257719,03 00 01 00 00 00 00 00,03000100,0.000000
6056,0,0x10F,STD,8,2026-01-28T18:49:56.257719,03 00 02 00 3F 5F 31 41,03000200,0.000000
6057,0,0x110,STD,8,2026-01-28T18:49:56.257719,03 00 03 00 5A 4D 46 48,03000300,0.000000
6058,0,0x10F,STD,8,2026-01-28T18:49:56.313718,03 00 03 00 C3 29 B8 3B,03000300,0.000000
6059,0,0x110,STD,8,2026-01-28T18:49:56.337719,03 00 03 00 10 00 33 48,03000300,0.000000
6060,0,0x10F,STD,8,2026-01-28T18:49:56.395272,03 00 03 00 3F 43 50 3C,03000300,0.000000
6061,0,0x110,STD,8,2026-01-28T18:49:56.419277,03 00 03 00 3F 4F 82 47,03000300,0.000000
6062,0,0x10F,STD,8,2026-01-28T18:49:56.474098,03 00 03 00 26 D1 75 3C,03000300,0.000000
6063,0,0x110,STD,8,2026-01-28T18:49:56.498101,03 00 03 00 BF 92 9F 46,03000300,0.000000
6064,0,0x10F,STD,8,2026-01-28T18:49:56.555039,03 00 03 00 8F E4 E9 3C,03000300,0.000000
6065,0,0x110,STD,8,2026-01-28T18:49:56.579045,03 00 03 00 25 25 C3 47,03000300,0.000000
6066,0,0x10F,STD,8,2026-01-28T18:49:56.633981,03 00 03 00 68 DB 0C 3D,03000300,0.000000
6067,0,0x110,STD,8,2026-01-28T18:49:56.657981,03 00 03 00 47 49 DD 47,03000300,0.000000
6068,0,0x10F,STD,8,2026-01-28T18:49:56.713379,03 00 03 00 81 96 E7 3C,03000300,0.000000
6069,0,0x110,STD,8,2026-01-28T18:49:56.737381,03 00 03 00 73 3D 6C 47,03000300,0.000000
6070,0,0x10F,STD,8,2026-01-28T18:49:56.793628,03 00 03 00 0D DD 08 3D,03000300,0.000000
6071,0,0x110,STD,8,2026-01-28T18:49:56.817629,03 00 03 00 26 2A B9 47,03000300,0.000000
6072,0,0x10F,STD,8,2026-01-28T18:49:56.873377,03 00 03 00 91 6D A0 3C,03000300,0.000000
6073,0,0x110,STD,8,2026-01-28T18:49:56.897380,03 00 03 00 B1 F2 9D 47,03000300,0.000000
6074,0,0x10F,STD,8,2026-01-28T18:49:56.953330,03 00 03 00 B1 D5 B1 3C,03000300,0.000000
6075,0,0x110,STD,8,2026-01-28T18:49:56.977335,03 00 03 00 0C 67 16 48,03000300,0.000000
6076,0,0x10F,STD,8,2026-01-28T18:49:57.033693,03 00 03 00 7D F2 14 3D,03000300,0.000000
6077,0,0x110,STD,8,2026-01-28T18:49:57.057695,03 00 03 00 1C 84 6C 47,03000300,0.000000
6078,0,0x10F,STD,8,2026-01-28T18:49:57.114507,03 00 03 00 27 71 C9 3C,03000300,0.000000
6079,0,0x110,STD,8,2026-01-28T18:49:57.138508,03 00 03 00 3B 5A 24 48,03000300,0.000000
6080,0,0x10F,STD,8,2026-01-28T18:49:57.194690,03 00 03 00 3D 73 AC 3C,03000300,0.000000
6081,0,0x110,STD,8,2026-01-28T18:49:57.218695,03 00 03 00 7A 6F 54 48,03000300,0.000000
6082,0,0x10F,STD,8,2026-01-28T18:49:57.275708,03 00 03 00 20 6F C2 3C,03000300,0.000000
6083,0,0x110,STD,8,2026-01-28T18:49:57.299713,03 00 03 00 37 50 E5 47,03000300,0.000000
6084,0,0x110,STD,8,2026-01-28T18:49:57.334721,03 00 02 00 3F 5F 31 41,03000200,0.000000
6085,0,0x10F,STD,8,2026-01-28T18:49:57.334721,03 00 01 00 00 00 00 00,03000100,0.000000
6086,0,0x110,STD,8,2026-01-28T18:49:57.334721,03 00 01 00 00 00 00 00,03000100,0.000000
6087,0,0x10F,STD,8,2026-01-28T18:49:57.334721,03 00 02 00 F6 9A 3D 41,03000200,0.000000
6088,0,0x10F,STD,8,2026-01-28T18:49:57.347724,03 00 03 00 86 70 0C 3C,03000300,0.000000
6089,0,0x110,STD,8,2026-01-28T18:49:57.371730,03 00 03 00 F4 C6 A8 47,03000300,0.000000
6090,0,0x10F,STD,8,2026-01-28T18:49:57.439745,03 00 03 00 D4 5A F1 3B,03000300,0.000000
6091,0,0x110,STD,8,2026-01-28T18:49:57.452748,03 00 03 00 65 6F 05 48,03000300,0.000000
6092,0,0x10F,STD,8,2026-01-28T18:49:57.509761,03 00 03 00 03 B4 AD 3C,03000300,0.000000
6093,0,0x110,STD,8,2026-01-28T18:49:57.533766,03 00 03 00 7D 46 8D 47,03000300,0.000000
6094,0,0x10F,STD,8,2026-01-28T18:49:57.590778,03 00 03 00 70 8D 5A 3C,03000300,0.000000
6095,0,0x110,STD,8,2026-01-28T18:49:57.614287,03 00 03 00 63 C8 28 48,03000300,0.000000
6096,0,0x10F,STD,8,2026-01-28T18:49:57.671301,03 00 03 00 00 F1 87 3C,03000300,0.000000
6097,0,0x110,STD,8,2026-01-28T18:49:57.695306,03 00 03 00 6A 08 2E 48,03000300,0.000000
6098,0,0x10F,STD,8,2026-01-28T18:49:57.752319,03 00 03 00 89 89 97 3C,03000300,0.000000
6099,0,0x110,STD,8,2026-01-28T18:49:57.776325,03 00 03 00 84 96 DB 47,03000300,0.000000
6100,0,0x10F,STD,8,2026-01-28T18:49:57.833337,03 00 03 00 B6 12 85 3C,03000300,0.000000
6101,0,0x110,STD,8,2026-01-28T18:49:57.857343,03 00 03 00 EC 14 14 47,03000300,0.000000
6102,0,0x10F,STD,8,2026-01-28T18:49:57.914356,03 00 03 00 CC 68 00 3D,03000300,0.000000
6103,0,0x110,STD,8,2026-01-28T18:49:57.938361,03 00 03 00 BA 11 AD 47,03000300,0.000000
6104,0,0x10F,STD,8,2026-01-28T18:49:57.991373,03 00 03 00 8B EE D7 3C,03000300,0.000000
6105,0,0x110,STD,8,2026-01-28T18:49:58.015379,03 00 03 00 D0 3D D6 47,03000300,0.000000
6106,0,0x10F,STD,8,2026-01-28T18:49:58.072391,03 00 03 00 C2 8D 9B 3C,03000300,0.000000
6107,0,0x110,STD,8,2026-01-28T18:49:58.096397,03 00 03 00 32 EC C8 47,03000300,0.000000
6108,0,0x10F,STD,8,2026-01-28T18:49:58.152987,03 00 03 00 F0 7E CA 3C,03000300,0.000000
6109,0,0x110,STD,8,2026-01-28T18:49:58.176946,03 00 03 00 6D D1 25 48,03000300,0.000000
6110,0,0x10F,STD,8,2026-01-28T18:49:58.233959,03 00 03 00 7D E4 88 3C,03000300,0.000000
6111,0,0x110,STD,8,2026-01-28T18:49:58.257964,03 00 03 00 88 19 20 48,03000300,0.000000
6112,0,0x10F,STD,8,2026-01-28T18:49:58.303974,03 00 03 00 07 CA CC 3C,03000300,0.000000
6113,0,0x110,STD,8,2026-01-28T18:49:58.338486,03 00 03 00 06 E7 A5 47,03000300,0.000000
6114,0,0x10F,STD,8,2026-01-28T18:49:58.410502,03 00 03 00 A0 E5 80 3C,03000300,0.000000
6115,0,0x110,STD,8,2026-01-28T18:49:58.410502,03 00 03 00 DE 25 E3 47,03000300,0.000000
6116,0,0x110,STD,8,2026-01-28T18:49:58.429506,03 00 02 00 F6 9A 3D 41,03000200,0.000000
6117,0,0x10F,STD,8,2026-01-28T18:49:58.430506,03 00 01 00 00 00 00 00,03000100,0.000000
6118,0,0x10F,STD,8,2026-01-28T18:49:58.430506,03 00 02 00 38 9B 31 41,03000200,0.000000
6119,0,0x110,STD,8,2026-01-28T18:49:58.430506,03 00 02 00 38 9B 31 41,03000200,0.000000
6120,0,0x10F,STD,8,2026-01-28T18:49:58.465514,03 00 03 00 3E 1C A3 3C,03000300,0.000000
6121,0,0x110,STD,8,2026-01-28T18:49:58.489520,03 00 03 00 24 C3 92 47,03000300,0.000000
6122,0,0x10F,STD,8,2026-01-28T18:49:58.546532,03 00 03 00 12 41 1A 3C,03000300,0.000000
6123,0,0x110,STD,8,2026-01-28T18:49:58.569227,03 00 03 00 D0 0F 28 48,03000300,0.000000
6124,0,0x10F,STD,8,2026-01-28T18:49:58.625742,03 00 03 00 39 E8 C2 3C,03000300,0.000000
6125,0,0x110,STD,8,2026-01-28T18:49:58.649229,03 00 03 00 28 C8 D0 47,03000300,0.000000
6126,0,0x10F,STD,8,2026-01-28T18:49:58.705772,03 00 03 00 72 6C 9A 3C,03000300,0.000000
6127,0,0x110,STD,8,2026-01-28T18:49:58.729280,03 00 03 00 DF F8 45 48,03000300,0.000000
6128,0,0x10F,STD,8,2026-01-28T18:49:58.785420,03 00 03 00 9A F3 68 3C,03000300,0.000000
6129,0,0x110,STD,8,2026-01-28T18:49:58.808928,03 00 03 00 E8 30 35 48,03000300,0.000000
6130,0,0x10F,STD,8,2026-01-28T18:49:58.865267,03 00 03 00 96 10 9E 3C,03000300,0.000000
6131,0,0x110,STD,8,2026-01-28T18:49:58.889274,03 00 03 00 1E B0 8E 47,03000300,0.000000
6132,0,0x10F,STD,8,2026-01-28T18:49:58.946287,03 00 03 00 36 7C 90 3C,03000300,0.000000
6133,0,0x110,STD,8,2026-01-28T18:49:58.969899,03 00 03 00 8B 3E 68 48,03000300,0.000000
6134,0,0x10F,STD,8,2026-01-28T18:49:59.026470,03 00 03 00 4F FB A1 3C,03000300,0.000000
6135,0,0x110,STD,8,2026-01-28T18:49:59.050475,03 00 03 00 9F CA 12 48,03000300,0.000000
6136,0,0x10F,STD,8,2026-01-28T18:49:59.106929,03 00 03 00 A7 5D AF 3C,03000300,0.000000
6137,0,0x110,STD,8,2026-01-28T18:49:59.130934,03 00 03 00 A7 5A 5F 48,03000300,0.000000
6138,0,0x10F,STD,8,2026-01-28T18:49:59.187947,03 00 03 00 18 FA C4 3C,03000300,0.000000
6139,0,0x110,STD,8,2026-01-28T18:49:59.211952,03 00 03 00 49 98 92 48,03000300,0.000000
6140,0,0x10F,STD,8,2026-01-28T18:49:59.268965,03 00 03 00 11 72 E0 3B,03000300,0.000000
6141,0,0x110,STD,8,2026-01-28T18:49:59.292971,03 00 03 00 CC F6 DF 47,03000300,0.000000
6142,0,0x10F,STD,8,2026-01-28T18:49:59.349631,03 00 03 00 A8 0B C1 3C,03000300,0.000000
6143,0,0x110,STD,8,2026-01-28T18:49:59.373636,03 00 03 00 84 AB BA 47,03000300,0.000000
6144,0,0x10F,STD,8,2026-01-28T18:49:59.419646,03 00 03 00 04 4D D6 3C,03000300,0.000000
6145,0,0x110,STD,8,2026-01-28T18:49:59.454654,03 00 03 00 CB 6D 94 47,03000300,0.000000
6146,0,0x10F,STD,8,2026-01-28T18:49:59.500648,03 00 03 00 5A 1A 03 3C,03000300,0.000000
6147,0,0x10F,STD,8,2026-01-28T18:49:59.512730,03 00 01 00 00 00 00 00,03000100,0.000000
6148,0,0x110,STD,8,2026-01-28T18:49:59.512730,03 00 01 00 00 00 00 00,03000100,0.000000
6149,0,0x10F,STD,8,2026-01-28T18:49:59.512730,03 00 02 00 0E F2 35 41,03000200,0.000000
6150,0,0x110,STD,8,2026-01-28T18:49:59.514730,03 00 02 00 0E F2 35 41,03000200,0.000000
6151,0,0x110,STD,8,2026-01-28T18:49:59.526831,03 00 03 00 25 5B BB 46,03000300,0.000000
6152,0,0x10F,STD,8,2026-01-28T18:49:59.583844,03 00 03 00 D1 29 B1 3C,03000300,0.000000
6153,0,0x110,STD,8,2026-01-28T18:49:59.607850,03 00 03 00 11 9A 57 47,03000300,0.000000
6154,0,0x10F,STD,8,2026-01-28T18:49:59.664862,03 00 03 00 0F 7D 71 3C,03000300,0.000000
6155,0,0x110,STD,8,2026-01-28T18:49:59.688868,03 00 03 00 48 42 5D 47,03000300,0.000000
6156,0,0x10F,STD,8,2026-01-28T18:49:59.745881,03 00 03 00 31 C2 C8 3B,03000300,0.000000
6157,0,0x110,STD,8,2026-01-28T18:49:59.769886,03 00 03 00 7B AE A0 47,03000300,0.000000
6158,0,0x10F,STD,8,2026-01-28T18:49:59.826900,03 00 03 00 59 17 81 3C,03000300,0.000000
6159,0,0x110,STD,8,2026-01-28T18:49:59.850905,03 00 03 00 1C 84 BC 47,03000300,0.000000
6160,0,0x10F,STD,8,2026-01-28T18:49:59.907421,03 00 03 00 9A B0 F6 3C,03000300,0.000000
6161,0,0x110,STD,8,2026-01-28T18:49:59.931427,03 00 03 00 D7 0C D0 46,03000300,0.000000
6162,0,0x10F,STD,8,2026-01-28T18:49:59.988440,03 00 03 00 32 D0 4F 3C,03000300,0.000000
6163,0,0x110,STD,8,2026-01-28T18:50:00.012445,03 00 03 00 6C 77 D0 46,03000300,0.000000
6164,0,0x10F,STD,8,2026-01-28T18:50:00.057959,03 00 03 00 E5 F4 02 3D,03000300,0.000000
6165,0,0x110,STD,8,2026-01-28T18:50:00.081965,03 00 03 00 17 A4 0B 48,03000300,0.000000
6166,0,0x10F,STD,8,2026-01-28T18:50:00.138605,03 00 03 00 78 81 B0 3C,03000300,0.000000
6167,0,0x110,STD,8,2026-01-28T18:50:00.162611,03 00 03 00 2C 63 2B 48,03000300,0.000000
6168,0,0x10F,STD,8,2026-01-28T18:50:00.219624,03 00 03 00 12 15 0D 3D,03000300,0.000000
6169,0,0x110,STD,8,2026-01-28T18:50:00.243629,03 00 03 00 D2 CB 2F 48,03000300,0.000000
6170,0,0x10F,STD,8,2026-01-28T18:50:00.300642,03 00 03 00 5B 1F C4 3C,03000300,0.000000
6171,0,0x110,STD,8,2026-01-28T18:50:00.324647,03 00 03 00 CC 55 0D 48,03000300,0.000000
6172,0,0x10F,STD,8,2026-01-28T18:50:00.384230,03 00 03 00 26 2C C0 3B,03000300,0.000000
6173,0,0x110,STD,8,2026-01-28T18:50:00.407775,03 00 03 00 B9 09 36 48,03000300,0.000000
6174,0,0x10F,STD,8,2026-01-28T18:50:00.464788,03 00 03 00 57 01 05 3C,03000300,0.000000
6175,0,0x110,STD,8,2026-01-28T18:50:00.488793,03 00 03 00 78 3B CD 47,03000300,0.000000
6176,0,0x10F,STD,8,2026-01-28T18:50:00.545806,03 00 03 00 1F 64 C3 3B,03000300,0.000000
6177,0,0x110,STD,8,2026-01-28T18:50:00.569355,03 00 03 00 D0 43 0A 48,03000300,0.000000
6178,0,0x10F,STD,8,2026-01-28T18:50:00.625870,03 00 01 00 00 00 00 00,03000100,0.000000
6179,0,0x10F,STD,8,2026-01-28T18:50:00.625870,03 00 01 00 00 00 00 00,03000100,0.000000
6180,0,0x110,STD,8,2026-01-28T18:50:00.625870,03 00 01 00 00 00 00 00,03000100,0.000000
6181,0,0x10F,STD,8,2026-01-28T18:50:00.625870,03 00 02 00 C4 59 3D 41,03000200,0.000000
6182,0,0x110,STD,8,2026-01-28T18:50:00.625870,03 00 02 00 C4 59 3D 41,03000200,0.000000
6183,0,0x110,STD,8,2026-01-28T18:50:00.649875,03 00 03 00 AD E1 2F 48,03000300,0.000000
6184,0,0x10F,STD,8,2026-01-28T18:50:00.706888,03 00 03 00 FE C5 85 3C,03000300,0.000000
6185,0,0x110,STD,8,2026-01-28T18:50:00.719334,03 00 03 00 C2 5F EC 47,03000300,0.000000
6186,0,0x10F,STD,8,2026-01-28T18:50:00.776347,03 00 03 00 32 B5 75 3C,03000300,0.000000
6187,0,0x110,STD,8,2026-01-28T18:50:00.800353,03 00 03 00 C2 75 61 47,03000300,0.000000
6188,0,0x10F,STD,8,2026-01-28T18:50:00.857365,03 00 03 00 B1 55 DD 3C,03000300,0.000000
6189,0,0x110,STD,8,2026-01-28T18:50:00.881371,03 00 03 00 F5 A4 5A 47,03000300,0.000000
6190,0,0x10F,STD,8,2026-01-28T18:50:00.938384,03 00 03 00 BC 96 4E 3C,03000300,0.000000
6191,0,0x110,STD,8,2026-01-28T18:50:00.969391,03 00 03 00 89 F4 56 47,03000300,0.000000
6192,0,0x10F,STD,8,2026-01-28T18:50:01.015401,03 00 03 00 7C F9 1A 3D,03000300,0.000000
6193,0,0x110,STD,8,2026-01-28T18:50:01.039406,03 00 03 00 42 55 CA 47,03000300,0.000000
6194,0,0x10F,STD,8,2026-01-28T18:50:01.095923,03 00 03 00 94 32 CB 3C,03000300,0.000000
6195,0,0x110,STD,8,2026-01-28T18:50:01.119532,03 00 03 00 FD 53 F8 47,03000300,0.000000
6196,0,0x10F,STD,8,2026-01-28T18:50:01.176546,03 00 03 00 6D B0 92 3C,03000300,0.000000
6197,0,0x110,STD,8,2026-01-28T18:50:01.200551,03 00 03 00 41 6F 20 48,03000300,0.000000
6198,0,0x10F,STD,8,2026-01-28T18:50:01.257070,03 00 03 00 F6 5F E5 3C,03000300,0.000000
6199,0,0x110,STD,8,2026-01-28T18:50:01.280194,03 00 03 00 71 6A 12 48,03000300,0.000000
6200,0,0x10F,STD,8,2026-01-28T18:50:01.337207,03 00 03 00 7D 55 8C 3C,03000300,0.000000
6201,0,0x110,STD,8,2026-01-28T18:50:01.361213,03 00 03 00 67 A9 F8 47,03000300,0.000000
6202,0,0x10F,STD,8,2026-01-28T18:50:01.417169,03 00 03 00 30 6F F2 3C,03000300,0.000000
6203,0,0x110,STD,8,2026-01-28T18:50:01.441182,03 00 03 00 8F 57 4F 48,03000300,0.000000
6204,0,0x10F,STD,8,2026-01-28T18:50:01.498194,03 00 03 00 04 BE CE 3C,03000300,0.000000
6205,0,0x110,STD,8,2026-01-28T18:50:01.521584,03 00 03 00 37 BD 1B 48,03000300,0.000000
6206,0,0x10F,STD,8,2026-01-28T18:50:01.578596,03 00 03 00 E6 7C D3 3C,03000300,0.000000
6207,0,0x110,STD,8,2026-01-28T18:50:01.602177,03 00 03 00 A6 E5 3A 48,03000300,0.000000
6208,0,0x10F,STD,8,2026-01-28T18:50:01.658776,03 00 03 00 8B 1C CD 3C,03000300,0.000000
6209,0,0x110,STD,8,2026-01-28T18:50:01.682781,03 00 03 00 3D 30 0A 48,03000300,0.000000
6210,0,0x10F,STD,8,2026-01-28T18:50:01.706787,03 00 01 00 00 00 00 00,03000100,0.000000
6211,0,0x110,STD,8,2026-01-28T18:50:01.706787,03 00 01 00 00 00 00 00,03000100,0.000000
6212,0,0x110,STD,8,2026-01-28T18:50:01.706787,03 00 02 00 67 BF 2C 41,03000200,0.000000
6213,0,0x10F,STD,8,2026-01-28T18:50:01.706787,03 00 01 00 00 00 00 00,03000100,0.000000
6214,0,0x10F,STD,8,2026-01-28T18:50:01.741143,03 00 03 00 2C 5D 06 3C,03000300,0.000000
6215,0,0x110,STD,8,2026-01-28T18:50:01.765148,03 00 03 00 3E A5 1B 48,03000300,0.000000
6216,0,0x10F,STD,8,2026-01-28T18:50:01.821547,03 00 03 00 0A 6E 91 3C,03000300,0.000000
6217,0,0x110,STD,8,2026-01-28T18:50:01.834550,03 00 03 00 AC F1 D2 47,03000300,0.000000
6218,0,0x10F,STD,8,2026-01-28T18:50:01.901977,03 00 03 00 EA 07 66 3C,03000300,0.000000
6219,0,0x110,STD,8,2026-01-28T18:50:01.925487,03 00 03 00 72 54 F4 47,03000300,0.000000
6220,0,0x10F,STD,8,2026-01-28T18:50:01.971497,03 00 03 00 13 41 35 3C,03000300,0.000000
6221,0,0x110,STD,8,2026-01-28T18:50:01.995502,03 00 03 00 84 C7 D5 47,03000300,0.000000
6222,0,0x10F,STD,8,2026-01-28T18:50:02.052116,03 00 03 00 62 1E D9 3C,03000300,0.000000
6223,0,0x110,STD,8,2026-01-28T18:50:02.076123,03 00 03 00 20 74 25 48,03000300,0.000000
6224,0,0x10F,STD,8,2026-01-28T18:50:02.133135,03 00 03 00 70 D1 BB 3C,03000300,0.000000
6225,0,0x110,STD,8,2026-01-28T18:50:02.156744,03 00 03 00 6D 42 40 48,03000300,0.000000
6226,0,0x10F,STD,8,2026-01-28T18:50:02.213757,03 00 03 00 DA 75 7C 3C,03000300,0.000000
6227,0,0x110,STD,8,2026-01-28T18:50:02.237762,03 00 03 00 D7 88 26 48,03000300,0.000000
6228,0,0x10F,STD,8,2026-01-28T18:50:02.294775,03 00 03 00 AC E8 8A 3C,03000300,0.000000
6229,0,0x110,STD,8,2026-01-28T18:50:02.318780,03 00 03 00 09 86 30 48,03000300,0.000000
6230,0,0x10F,STD,8,2026-01-28T18:50:02.374793,03 00 03 00 5E FD AE 3C,03000300,0.000000
6231,0,0x110,STD,8,2026-01-28T18:50:02.398799,03 00 03 00 88 D1 3C 48,03000300,0.000000
6232,0,0x10F,STD,8,2026-01-28T18:50:02.455811,03 00 03 00 E6 A0 06 3C,03000300,0.000000
6233,0,0x110,STD,8,2026-01-28T18:50:02.479817,03 00 03 00 44 9A 18 48,03000300,0.000000
6234,0,0x10F,STD,8,2026-01-28T18:50:02.536830,03 00 03 00 BF 96 8F 3C,03000300,0.000000
6235,0,0x110,STD,8,2026-01-28T18:50:02.560119,03 00 03 00 8C 07 2B 48,03000300,0.000000
6236,0,0x10F,STD,8,2026-01-28T18:50:02.616634,03 00 03 00 80 98 C2 3B,03000300,0.000000
6237,0,0x110,STD,8,2026-01-28T18:50:02.640639,03 00 03 00 F8 E1 2F 48,03000300,0.000000
6238,0,0x10F,STD,8,2026-01-28T18:50:02.697652,03 00 03 00 D6 4B 70 3B,03000300,0.000000
6239,0,0x110,STD,8,2026-01-28T18:50:02.721658,03 00 03 00 C4 3F 2F 48,03000300,0.000000
6240,0,0x10F,STD,8,2026-01-28T18:50:02.778670,03 00 03 00 4F 11 59 3C,03000300,0.000000
6241,0,0x110,STD,8,2026-01-28T18:50:02.802676,03 00 03 00 6D 6C 36 48,03000300,0.000000
6242,0,0x110,STD,8,2026-01-28T18:50:02.802676,03 00 01 00 00 00 00 00,03000100,0.000000
6243,0,0x10F,STD,8,2026-01-28T18:50:02.802676,03 00 02 00 67 BF 2C 41,03000200,0.000000
6244,0,0x10F,STD,8,2026-01-28T18:50:02.802676,03 00 01 00 00 00 00 00,03000100,0.000000
6245,0,0x110,STD,8,2026-01-28T18:50:02.802676,03 00 01 00 00 00 00 00,03000100,0.000000
6246,0,0x10F,STD,8,2026-01-28T18:50:02.848686,03 00 03 00 9A 97 8C 3C,03000300,0.000000
6247,0,0x110,STD,8,2026-01-28T18:50:02.872691,03 00 03 00 1F B1 4E 47,03000300,0.000000
6248,0,0x10F,STD,8,2026-01-28T18:50:02.929704,03 00 03 00 7D EE 8D 3C,03000300,0.000000
6249,0,0x110,STD,8,2026-01-28T18:50:02.953710,03 00 03 00 03 5D 35 47,03000300,0.000000
6250,0,0x10F,STD,8,2026-01-28T18:50:03.010723,03 00 03 00 2D C6 05 3C,03000300,0.000000
6251,0,0x110,STD,8,2026-01-28T18:50:03.034728,03 00 03 00 B6 27 5E 47,03000300,0.000000
6252,0,0x10F,STD,8,2026-01-28T18:50:03.091741,03 00 03 00 5E 54 55 3C,03000300,0.000000
6253,0,0x110,STD,8,2026-01-28T18:50:03.115746,03 00 03 00 43 97 24 48,03000300,0.000000
6254,0,0x10F,STD,8,2026-01-28T18:50:03.172262,03 00 03 00 67 22 71 3C,03000300,0.000000
6255,0,0x110,STD,8,2026-01-28T18:50:03.196088,03 00 03 00 5F 4A 5F 48,03000300,0.000000
6256,0,0x10F,STD,8,2026-01-28T18:50:03.253101,03 00 03 00 01 7B CA 3C,03000300,0.000000
6257,0,0x110,STD,8,2026-01-28T18:50:03.277107,03 00 03 00 3D C4 C8 47,03000300,0.000000
6258,0,0x10F,STD,8,2026-01-28T18:50:03.333900,03 00 03 00 3D 02 54 3C,03000300,0.000000
6259,0,0x110,STD,8,2026-01-28T18:50:03.357599,03 00 03 00 42 E0 30 48,03000300,0.000000
6260,0,0x10F,STD,8,2026-01-28T18:50:03.414531,03 00 03 00 D2 37 20 3C,03000300,0.000000
6261,0,0x110,STD,8,2026-01-28T18:50:03.438537,03 00 03 00 7F 15 3F 48,03000300,0.000000
6262,0,0x10F,STD,8,2026-01-28T18:50:03.484547,03 00 03 00 D5 63 65 3C,03000300,0.000000
6263,0,0x110,STD,8,2026-01-28T18:50:03.519125,03 00 03 00 A0 D6 77 47,03000300,0.000000
6264,0,0x10F,STD,8,2026-01-28T18:50:03.565135,03 00 03 00 E9 15 DD 3C,03000300,0.000000
6265,0,0x110,STD,8,2026-01-28T18:50:03.589141,03 00 03 00 77 5A 48 48,03000300,0.000000
6266,0,0x10F,STD,8,2026-01-28T18:50:03.645503,03 00 03 00 BE 47 9F 3C,03000300,0.000000
6267,0,0x110,STD,8,2026-01-28T18:50:03.680058,03 00 03 00 E7 0A C9 47,03000300,0.000000
6268,0,0x10F,STD,8,2026-01-28T18:50:03.725649,03 00 03 00 3A 22 76 3C,03000300,0.000000
6269,0,0x110,STD,8,2026-01-28T18:50:03.749654,03 00 03 00 AD F3 FC 47,03000300,0.000000
6270,0,0x10F,STD,8,2026-01-28T18:50:03.806548,03 00 03 00 D1 E1 D8 3C,03000300,0.000000
6271,0,0x110,STD,8,2026-01-28T18:50:03.830553,03 00 03 00 7B E1 D3 47,03000300,0.000000
6272,0,0x10F,STD,8,2026-01-28T18:50:03.887565,03 00 03 00 A6 F6 CC 3C,03000300,0.000000
6273,0,0x10F,STD,8,2026-01-28T18:50:03.889566,03 00 02 00 83 E0 28 41,03000200,0.000000
6274,0,0x110,STD,8,2026-01-28T18:50:03.891566,03 00 02 00 83 E0 28 41,03000200,0.000000
6275,0,0x10F,STD,8,2026-01-28T18:50:03.891566,03 00 02 00 58 0E 48 41,03000200,0.000000
6276,0,0x110,STD,8,2026-01-28T18:50:03.891566,03 00 02 00 58 0E 48 41,03000200,0.000000
6277,0,0x110,STD,8,2026-01-28T18:50:03.915572,03 00 03 00 EF 2A 36 48,03000300,0.000000
6278,0,0x10F,STD,8,2026-01-28T18:50:03.976090,03 00 03 00 40 B0 95 3C,03000300,0.000000
6279,0,0x110,STD,8,2026-01-28T18:50:03.989093,03 00 03 00 9E 95 27 48,03000300,0.000000
6280,0,0x10F,STD,8,2026-01-28T18:50:04.046106,03 00 03 00 83 44 11 3D,03000300,0.000000
6281,0,0x110,STD,8,2026-01-28T18:50:04.070111,03 00 03 00 4E 24 77 47,03000300,0.000000
6282,0,0x10F,STD,8,2026-01-28T18:50:04.127124,03 00 03 00 46 8F A2 3C,03000300,0.000000
6283,0,0x110,STD,8,2026-01-28T18:50:04.151129,03 00 03 00 49 D7 B3 47,03000300,0.000000
6284,0,0x10F,STD,8,2026-01-28T18:50:04.207757,03 00 03 00 B5 D9 E9 3C,03000300,0.000000
6285,0,0x110,STD,8,2026-01-28T18:50:04.231762,03 00 03 00 99 93 FC 47,03000300,0.000000
6286,0,0x10F,STD,8,2026-01-28T18:50:04.288775,03 00 03 00 27 A7 81 3C,03000300,0.000000
6287,0,0x110,STD,8,2026-01-28T18:50:04.312780,03 00 03 00 2C 8C 48 47,03000300,0.000000
6288,0,0x10F,STD,8,2026-01-28T18:50:04.374794,03 00 03 00 41 CF F9 3C,03000300,0.000000
6289,0,0x110,STD,8,2026-01-28T18:50:04.387797,03 00 03 00 53 4F BE 47,03000300,0.000000
6290,0,0x10F,STD,8,2026-01-28T18:50:04.444810,03 00 03 00 64 CB B9 3C,03000300,0.000000
6291,0,0x110,STD,8,2026-01-28T18:50:04.468815,03 00 03 00 4D 6C D5 47,03000300,0.000000
6292,0,0x10F,STD,8,2026-01-28T18:50:04.525828,03 00 03 00 7D 87 87 3C,03000300,0.000000
6293,0,0x110,STD,8,2026-01-28T18:50:04.549834,03 00 03 00 50 3D 71 47,03000300,0.000000
6294,0,0x10F,STD,8,2026-01-28T18:50:04.606846,03 00 03 00 7C 86 05 3D,03000300,0.000000
6295,0,0x110,STD,8,2026-01-28T18:50:04.630852,03 00 03 00 8E F9 DB 47,03000300,0.000000
6296,0,0x10F,STD,8,2026-01-28T18:50:04.687865,03 00 03 00 F3 B0 47 3C,03000300,0.000000
6297,0,0x110,STD,8,2026-01-28T18:50:04.711870,03 00 03 00 11 4A 42 48,03000300,0.000000
6298,0,0x10F,STD,8,2026-01-28T18:50:04.768883,03 00 03 00 B8 5F A8 3C,03000300,0.000000
6299,0,0x110,STD,8,2026-01-28T18:50:04.792888,03 00 03 00 56 68 21 48,03000300,0.000000
6300,0,0x10F,STD,8,2026-01-28T18:50:04.849902,03 00 03 00 6D BE 2A 3C,03000300,0.000000
6301,0,0x110,STD,8,2026-01-28T18:50:04.873907,03 00 03 00 26 8A 0F 48,03000300,0.000000
6302,0,0x10F,STD,8,2026-01-28T18:50:04.930422,03 00 03 00 0B 54 91 3C,03000300,0.000000
6303,0,0x110,STD,8,2026-01-28T18:50:04.954428,03 00 03 00 02 B2 65 48,03000300,0.000000
6304,0,0x10F,STD,8,2026-01-28T18:50:04.967431,03 00 01 00 00 00 00 00,03000100,0.000000
6305,0,0x110,STD,8,2026-01-28T18:50:04.967431,03 00 01 00 00 00 00 00,03000100,0.000000
6306,0,0x10F,STD,8,2026-01-28T18:50:04.969431,03 00 02 00 EE 3A 3C 41,03000200,0.000000
6307,0,0x110,STD,8,2026-01-28T18:50:04.969431,03 00 02 00 EE 3A 3C 41,03000200,0.000000
6308,0,0x10F,STD,8,2026-01-28T18:50:05.004439,03 00 03 00 64 BB 20 3C,03000300,0.000000
6309,0,0x110,STD,8,2026-01-28T18:50:05.028444,03 00 03 00 1D 96 4A 48,03000300,0.000000
6310,0,0x10F,STD,8,2026-01-28T18:50:05.085457,03 00 03 00 41 14 AB 3C,03000300,0.000000
6311,0,0x110,STD,8,2026-01-28T18:50:05.109462,03 00 03 00 20 DC 30 48,03000300,0.000000
6312,0,0x10F,STD,8,2026-01-28T18:50:05.166476,03 00 03 00 5A 76 D9 3C,03000300,0.000000
6313,0,0x110,STD,8,2026-01-28T18:50:05.190481,03 00 03 00 41 2B 18 48,03000300,0.000000
6314,0,0x10F,STD,8,2026-01-28T18:50:05.247493,03 00 03 00 53 10 96 3C,03000300,0.000000
6315,0,0x110,STD,8,2026-01-28T18:50:05.272498,03 00 03 00 F2 C3 6D 47,03000300,0.000000
6316,0,0x10F,STD,8,2026-01-28T18:50:05.318510,03 00 03 00 6B AB C2 3C,03000300,0.000000
6317,0,0x110,STD,8,2026-01-28T18:50:05.342515,03 00 03 00 DD 88 8F 47,03000300,0.000000
6318,0,0x10F,STD,8,2026-01-28T18:50:05.399527,03 00 03 00 2D F6 C8 3C,03000300,0.000000
6319,0,0x110,STD,8,2026-01-28T18:50:05.423533,03 00 03 00 C1 B6 20 48,03000300,0.000000
6320,0,0x10F,STD,8,2026-01-28T18:50:05.480546,03 00 03 00 02 D2 A5 3C,03000300,0.000000
6321,0,0x110,STD,8,2026-01-28T18:50:05.504552,03 00 03 00 4C 5D 91 47,03000300,0.000000
6322,0,0x10F,STD,8,2026-01-28T18:50:05.561564,03 00 03 00 49 7B C7 3C,03000300,0.000000
6323,0,0x110,STD,8,2026-01-28T18:50:05.585570,03 00 03 00 84 18 D8 47,03000300,0.000000
6324,0,0x10F,STD,8,2026-01-28T18:50:05.642582,03 00 03 00 A6 8F D1 3C,03000300,0.000000
6325,0,0x110,STD,8,2026-01-28T18:50:05.666588,03 00 03 00 87 5C 15 48,03000300,0.000000
6326,0,0x10F,STD,8,2026-01-28T18:50:05.723601,03 00 03 00 24 3E A5 3C,03000300,0.000000
6327,0,0x110,STD,8,2026-01-28T18:50:05.747606,03 00 03 00 CA 57 D7 47,03000300,0.000000
6328,0,0x10F,STD,8,2026-01-28T18:50:05.803634,03 00 03 00 89 C4 5C 3C,03000300,0.000000
6329,0,0x110,STD,8,2026-01-28T18:50:05.827640,03 00 03 00 05 7C 79 47,03000300,0.000000
6330,0,0x10F,STD,8,2026-01-28T18:50:05.884008,03 00 03 00 5A 63 7A 3C,03000300,0.000000
6331,0,0x110,STD,8,2026-01-28T18:50:05.908014,03 00 03 00 56 B7 A9 47,03000300,0.000000
6332,0,0x10F,STD,8,2026-01-28T18:50:05.965026,03 00 03 00 9A 23 A1 3C,03000300,0.000000
6333,0,0x110,STD,8,2026-01-28T18:50:05.989032,03 00 03 00 77 15 AD 46,03000300,0.000000
6334,0,0x10F,STD,8,2026-01-28T18:50:06.035042,03 00 01 00 00 00 00 00,03000100,0.000000
6335,0,0x110,STD,8,2026-01-28T18:50:06.035042,03 00 01 00 00 00 00 00,03000100,0.000000
6336,0,0x10F,STD,8,2026-01-28T18:50:06.035042,03 00 02 00 3C D5 3B 41,03000200,0.000000
6337,0,0x110,STD,8,2026-01-28T18:50:06.035042,03 00 02 00 3C D5 3B 41,03000200,0.000000
6338,0,0x10F,STD,8,2026-01-28T18:50:06.037042,03 00 03 00 91 63 9C 3C,03000300,0.000000
6339,0,0x110,STD,8,2026-01-28T18:50:06.061048,03 00 03 00 13 FE 72 47,03000300,0.000000
6340,0,0x10F,STD,8,2026-01-28T18:50:06.118061,03 00 03 00 61 9F B7 3B,03000300,0.000000
6341,0,0x110,STD,8,2026-01-28T18:50:06.142066,03 00 03 00 16 A6 7E 48,03000300,0.000000
6342,0,0x10F,STD,8,2026-01-28T18:50:06.198613,03 00 03 00 7A AE 8B 3C,03000300,0.000000
6343,0,0x110,STD,8,2026-01-28T18:50:06.222618,03 00 03 00 44 C0 45 48,03000300,0.000000
6344,0,0x10F,STD,8,2026-01-28T18:50:06.279631,03 00 03 00 DF 52 3C 3C,03000300,0.000000
6345,0,0x110,STD,8,2026-01-28T18:50:06.303636,03 00 03 00 6E 03 72 48,03000300,0.000000
6346,0,0x10F,STD,8,2026-01-28T18:50:06.371655,03 00 03 00 9F 2B 20 3D,03000300,0.000000
6347,0,0x110,STD,8,2026-01-28T18:50:06.384384,03 00 03 00 29 C0 40 48,03000300,0.000000
6348,0,0x10F,STD,8,2026-01-28T18:50:06.441419,03 00 03 00 45 C0 E2 3C,03000300,0.000000
6349,0,0x110,STD,8,2026-01-28T18:50:06.465426,03 00 03 00 02 62 63 48,03000300,0.000000
6350,0,0x10F,STD,8,2026-01-28T18:50:06.521994,03 00 03 00 A6 93 A0 3C,03000300,0.000000
6351,0,0x110,STD,8,2026-01-28T18:50:06.545999,03 00 03 00 06 9F 0B 48,03000300,0.000000
6352,0,0x10F,STD,8,2026-01-28T18:50:06.603012,03 00 03 00 B7 93 D4 3C,03000300,0.000000
6353,0,0x110,STD,8,2026-01-28T18:50:06.626522,03 00 03 00 AB B5 A6 47,03000300,0.000000
6354,0,0x10F,STD,8,2026-01-28T18:50:06.683084,03 00 03 00 BF A8 36 3C,03000300,0.000000
6355,0,0x110,STD,8,2026-01-28T18:50:06.706165,03 00 03 00 FD 4E C4 47,03000300,0.000000
6356,0,0x10F,STD,8,2026-01-28T18:50:06.763179,03 00 03 00 93 1C 8C 3C,03000300,0.000000
6357,0,0x110,STD,8,2026-01-28T18:50:06.787185,03 00 03 00 F9 25 A5 47,03000300,0.000000
6358,0,0x10F,STD,8,2026-01-28T18:50:06.844197,03 00 03 00 A3 2A 95 3C,03000300,0.000000
6359,0,0x110,STD,8,2026-01-28T18:50:06.857200,03 00 03 00 FB 0F 82 47,03000300,0.000000
6360,0,0x10F,STD,8,2026-01-28T18:50:06.914213,03 00 03 00 D6 18 64 3C,03000300,0.000000
6361,0,0x110,STD,8,2026-01-28T18:50:06.938219,03 00 03 00 D4 C0 42 47,03000300,0.000000
6362,0,0x10F,STD,8,2026-01-28T18:50:07.001233,03 00 03 00 BA 17 17 3C,03000300,0.000000
6363,0,0x110,STD,8,2026-01-28T18:50:07.025238,03 00 03 00 72 D3 AD 46,03000300,0.000000
6364,0,0x10F,STD,8,2026-01-28T18:50:07.082251,03 00 03 00 FB ED 27 3C,03000300,0.000000
6365,0,0x110,STD,8,2026-01-28T18:50:07.105968,03 00 03 00 9C A4 A2 47,03000300,0.000000
6366,0,0x10F,STD,8,2026-01-28T18:50:07.118972,03 00 01 00 00 00 00 00,03000100,0.000000
6367,0,0x110,STD,8,2026-01-28T18:50:07.118972,03 00 01 00 00 00 00 00,03000100,0.000000
6368,0,0x10F,STD,8,2026-01-28T18:50:07.118972,03 00 02 00 57 A7 33 41,03000200,0.000000
6369,0,0x110,STD,8,2026-01-28T18:50:07.118972,03 00 02 00 57 A7 33 41,03000200,0.000000
6370,0,0x10F,STD,8,2026-01-28T18:50:07.153964,03 00 03 00 CA 6B 90 3C,03000300,0.000000
6371,0,0x110,STD,8,2026-01-28T18:50:07.177969,03 00 03 00 88 AA DE 47,03000300,0.000000
6372,0,0x10F,STD,8,2026-01-28T18:50:07.234982,03 00 03 00 34 5B 21 3C,03000300,0.000000
6373,0,0x110,STD,8,2026-01-28T18:50:07.258988,03 00 03 00 C7 0C 90 47,03000300,0.000000
6374,0,0x10F,STD,8,2026-01-28T18:50:07.316000,03 00 03 00 3B 1A 32 3C,03000300,0.000000
6375,0,0x110,STD,8,2026-01-28T18:50:07.340006,03 00 03 00 05 7E 05 48,03000300,0.000000
6376,0,0x10F,STD,8,2026-01-28T18:50:07.396546,03 00 03 00 19 A0 4A 3C,03000300,0.000000
6377,0,0x110,STD,8,2026-01-28T18:50:07.420551,03 00 03 00 8B B7 C9 47,03000300,0.000000
6378,0,0x10F,STD,8,2026-01-28T18:50:07.477564,03 00 03 00 84 55 65 3C,03000300,0.000000
6379,0,0x110,STD,8,2026-01-28T18:50:07.501569,03 00 03 00 35 13 EB 47,03000300,0.000000
6380,0,0x10F,STD,8,2026-01-28T18:50:07.558582,03 00 03 00 D2 DB 2D 3C,03000300,0.000000
6381,0,0x110,STD,8,2026-01-28T18:50:07.582587,03 00 03 00 81 C6 1A 48,03000300,0.000000
6382,0,0x10F,STD,8,2026-01-28T18:50:07.639600,03 00 03 00 48 CA 93 3C,03000300,0.000000
6383,0,0x110,STD,8,2026-01-28T18:50:07.663606,03 00 03 00 8B 38 1B 48,03000300,0.000000
6384,0,0x10F,STD,8,2026-01-28T18:50:07.709616,03 00 03 00 FA B9 94 3C,03000300,0.000000
6385,0,0x110,STD,8,2026-01-28T18:50:07.733621,03 00 03 00 55 87 39 48,03000300,0.000000
6386,0,0x10F,STD,8,2026-01-28T18:50:07.801637,03 00 03 00 FA 1E 89 3C,03000300,0.000000
6387,0,0x110,STD,8,2026-01-28T18:50:07.814640,03 00 03 00 AC E1 DF 47,03000300,0.000000
6388,0,0x10F,STD,8,2026-01-28T18:50:07.871652,03 00 03 00 97 11 1B 3C,03000300,0.000000
6389,0,0x110,STD,8,2026-01-28T18:50:07.895658,03 00 03 00 6F 3B 4F 48,03000300,0.000000
6390,0,0x10F,STD,8,2026-01-28T18:50:07.951964,03 00 03 00 0D AF 77 3C,03000300,0.000000
6391,0,0x110,STD,8,2026-01-28T18:50:07.975970,03 00 03 00 9A B7 F7 47,03000300,0.000000
6392,0,0x10F,STD,8,2026-01-28T18:50:08.032983,03 00 03 00 FD 58 91 3C,03000300,0.000000
6393,0,0x110,STD,8,2026-01-28T18:50:08.056988,03 00 03 00 8D A2 22 47,03000300,0.000000
6394,0,0x10F,STD,8,2026-01-28T18:50:08.113406,03 00 03 00 1C 2F FF 3C,03000300,0.000000
6395,0,0x110,STD,8,2026-01-28T18:50:08.136914,03 00 03 00 FB 59 06 48,03000300,0.000000
6396,0,0x10F,STD,8,2026-01-28T18:50:08.193927,03 00 03 00 9C 08 C7 3C,03000300,0.000000
6397,0,0x10F,STD,8,2026-01-28T18:50:08.195927,03 00 01 00 00 00 00 00,03000100,0.000000
6398,0,0x110,STD,8,2026-01-28T18:50:08.195927,03 00 01 00 00 00 00 00,03000100,0.000000
6399,0,0x10F,STD,8,2026-01-28T18:50:08.208930,03 00 02 00 7F 0A 45 41,03000200,0.000000
6400,0,0x110,STD,8,2026-01-28T18:50:08.208930,03 00 02 00 7F 0A 45 41,03000200,0.000000
6401,0,0x110,STD,8,2026-01-28T18:50:08.221932,03 00 03 00 D6 7E C6 47,03000300,0.000000
6402,0,0x10F,STD,8,2026-01-28T18:50:08.267934,03 00 03 00 2B 53 18 3C,03000300,0.000000
6403,0,0x110,STD,8,2026-01-28T18:50:08.291939,03 00 03 00 57 F6 2A 47,03000300,0.000000
6404,0,0x10F,STD,8,2026-01-28T18:50:08.348953,03 00 03 00 D9 9F AA 3C,03000300,0.000000
6405,0,0x110,STD,8,2026-01-28T18:50:08.378959,03 00 03 00 ED 8C 53 47,03000300,0.000000
6406,0,0x10F,STD,8,2026-01-28T18:50:08.434452,03 00 03 00 3B DB B2 3C,03000300,0.000000
6407,0,0x110,STD,8,2026-01-28T18:50:08.457842,03 00 03 00 F7 28 33 48,03000300,0.000000
6408,0,0x10F,STD,8,2026-01-28T18:50:08.514358,03 00 03 00 6A 3D 80 3C,03000300,0.000000
6409,0,0x110,STD,8,2026-01-28T18:50:08.538363,03 00 03 00 03 FB 22 48,03000300,0.000000
6410,0,0x10F,STD,8,2026-01-28T18:50:08.594968,03 00 03 00 26 C6 C6 3C,03000300,0.000000
6411,0,0x110,STD,8,2026-01-28T18:50:08.618973,03 00 03 00 0C 53 98 47,03000300,0.000000
6412,0,0x10F,STD,8,2026-01-28T18:50:08.675986,03 00 03 00 21 5D A3 3C,03000300,0.000000
6413,0,0x110,STD,8,2026-01-28T18:50:08.699992,03 00 03 00 4C 03 D1 47,03000300,0.000000
6414,0,0x10F,STD,8,2026-01-28T18:50:08.755944,03 00 03 00 85 90 13 3C,03000300,0.000000
6415,0,0x110,STD,8,2026-01-28T18:50:08.779951,03 00 03 00 08 66 D4 46,03000300,0.000000
6416,0,0x10F,STD,8,2026-01-28T18:50:08.825962,03 00 03 00 25 0C A0 3C,03000300,0.000000
6417,0,0x110,STD,8,2026-01-28T18:50:08.849967,03 00 03 00 12 71 23 47,03000300,0.000000
6418,0,0x10F,STD,8,2026-01-28T18:50:08.906947,03 00 03 00 32 E4 EC 3C,03000300,0.000000
6419,0,0x110,STD,8,2026-01-28T18:50:08.930953,03 00 03 00 53 2A D2 47,03000300,0.000000
6420,0,0x10F,STD,8,2026-01-28T18:50:08.987966,03 00 03 00 F9 0A A1 3C,03000300,0.000000
6421,0,0x110,STD,8,2026-01-28T18:50:09.011971,03 00 03 00 BA E3 C2 47,03000300,0.000000
6422,0,0x10F,STD,8,2026-01-28T18:50:09.068912,03 00 03 00 E8 4F 09 3D,03000300,0.000000
6423,0,0x110,STD,8,2026-01-28T18:50:09.092917,03 00 03 00 40 B6 C7 47,03000300,0.000000
6424,0,0x10F,STD,8,2026-01-28T18:50:09.149240,03 00 03 00 6F B9 C9 3C,03000300,0.000000
6425,0,0x110,STD,8,2026-01-28T18:50:09.177246,03 00 03 00 DA 23 FC 47,03000300,0.000000
6426,0,0x10F,STD,8,2026-01-28T18:50:09.226257,03 00 03 00 AF C4 2C 3C,03000300,0.000000
6427,0,0x110,STD,8,2026-01-28T18:50:09.250262,03 00 03 00 51 DC 04 47,03000300,0.000000
6428,0,0x10F,STD,8,2026-01-28T18:50:09.296273,03 00 01 00 00 00 00 00,03000100,0.000000
6429,0,0x110,STD,8,2026-01-28T18:50:09.296273,03 00 01 00 00 00 00 00,03000100,0.000000
6430,0,0x110,STD,8,2026-01-28T18:50:09.296273,03 00 02 00 22 9F 45 41,03000200,0.000000
6431,0,0x10F,STD,8,2026-01-28T18:50:09.296273,03 00 01 00 00 00 00 00,03000100,0.000000
6432,0,0x10F,STD,8,2026-01-28T18:50:09.309275,03 00 03 00 CB 0D A6 3C,03000300,0.000000
6433,0,0x110,STD,8,2026-01-28T18:50:09.333281,03 00 03 00 20 7C B5 47,03000300,0.000000
6434,0,0x10F,STD,8,2026-01-28T18:50:09.390294,03 00 03 00 88 C6 DA 3B,03000300,0.000000
6435,0,0x110,STD,8,2026-01-28T18:50:09.414299,03 00 03 00 37 30 E0 47,03000300,0.000000
6436,0,0x10F,STD,8,2026-01-28T18:50:09.471312,03 00 03 00 4C FE 81 3C,03000300,0.000000
6437,0,0x110,STD,8,2026-01-28T18:50:09.495317,03 00 03 00 3E 1C 83 47,03000300,0.000000
6438,0,0x10F,STD,8,2026-01-28T18:50:09.552330,03 00 03 00 AA 02 99 3C,03000300,0.000000
6439,0,0x110,STD,8,2026-01-28T18:50:09.576336,03 00 03 00 E3 9C BA 47,03000300,0.000000
6440,0,0x10F,STD,8,2026-01-28T18:50:09.633348,03 00 03 00 D9 5C 43 3C,03000300,0.000000
6441,0,0x110,STD,8,2026-01-28T18:50:09.657354,03 00 03 00 45 6C 3D 47,03000300,0.000000
6442,0,0x10F,STD,8,2026-01-28T18:50:09.703364,03 00 03 00 6F F8 20 3C,03000300,0.000000
6443,0,0x110,STD,8,2026-01-28T18:50:09.727370,03 00 03 00 0E D6 80 47,03000300,0.000000
6444,0,0x10F,STD,8,2026-01-28T18:50:09.784382,03 00 03 00 9F 23 90 3C,03000300,0.000000
6445,0,0x110,STD,8,2026-01-28T18:50:09.808388,03 00 03 00 D3 C6 83 47,03000300,0.000000
6446,0,0x10F,STD,8,2026-01-28T18:50:09.865401,03 00 03 00 CB B0 B9 3C,03000300,0.000000
6447,0,0x110,STD,8,2026-01-28T18:50:09.889406,03 00 03 00 06 1F B7 46,03000300,0.000000
6448,0,0x10F,STD,8,2026-01-28T18:50:09.946419,03 00 03 00 4B B6 4D 3C,03000300,0.000000
6449,0,0x110,STD,8,2026-01-28T18:50:09.979426,03 00 03 00 28 7D A7 46,03000300,0.000000
6450,0,0x10F,STD,8,2026-01-28T18:50:10.025074,03 00 03 00 96 6E 00 3C,03000300,0.000000
6451,0,0x110,STD,8,2026-01-28T18:50:10.049080,03 00 03 00 6E 53 F1 46,03000300,0.000000
6452,0,0x10F,STD,8,2026-01-28T18:50:10.106093,03 00 03 00 A2 84 AC 3B,03000300,0.000000
6453,0,0x110,STD,8,2026-01-28T18:50:10.130098,03 00 03 00 F4 95 92 47,03000300,0.000000
6454,0,0x10F,STD,8,2026-01-28T18:50:10.187111,03 00 03 00 61 3B 01 3C,03000300,0.000000
6455,0,0x110,STD,8,2026-01-28T18:50:10.211116,03 00 03 00 14 75 4E 47,03000300,0.000000
6456,0,0x10F,STD,8,2026-01-28T18:50:10.268129,03 00 03 00 99 48 D9 3C,03000300,0.000000
6457,0,0x110,STD,8,2026-01-28T18:50:10.292135,03 00 03 00 A8 24 83 47,03000300,0.000000
6458,0,0x10F,STD,8,2026-01-28T18:50:10.349148,03 00 03 00 E1 1A 24 3D,03000300,0.000000
6459,0,0x110,STD,8,2026-01-28T18:50:10.384156,03 00 03 00 2A 4E A8 47,03000300,0.000000
6460,0,0x110,STD,8,2026-01-28T18:50:10.387156,03 00 01 00 00 00 00 00,03000100,0.000000
6461,0,0x10F,STD,8,2026-01-28T18:50:10.387156,03 00 02 00 22 9F 45 41,03000200,0.000000
6462,0,0x10F,STD,8,2026-01-28T18:50:10.387156,03 00 02 00 5C B8 30 41,03000200,0.000000
6463,0,0x110,STD,8,2026-01-28T18:50:10.387156,03 00 02 00 5C B8 30 41,03000200,0.000000
6464,0,0x10F,STD,8,2026-01-28T18:50:10.422164,03 00 03 00 71 25 25 3D,03000300,0.000000
6465,0,0x110,STD,8,2026-01-28T18:50:10.445239,03 00 03 00 90 F9 FD 46,03000300,0.000000
6466,0,0x10F,STD,8,2026-01-28T18:50:10.502252,03 00 03 00 8C 82 20 3D,03000300,0.000000
6467,0,0x110,STD,8,2026-01-28T18:50:10.525892,03 00 03 00 61 F6 AE 47,03000300,0.000000
6468,0,0x10F,STD,8,2026-01-28T18:50:10.581706,03 00 03 00 23 83 C9 3C,03000300,0.000000
6469,0,0x110,STD,8,2026-01-28T18:50:10.605055,03 00 03 00 BC 20 08 48,03000300,0.000000
6470,0,0x10F,STD,8,2026-01-28T18:50:10.662067,03 00 03 00 CE C5 8D 3C,03000300,0.000000
6471,0,0x110,STD,8,2026-01-28T18:50:10.686072,03 00 03 00 ED 57 11 48,03000300,0.000000
6472,0,0x10F,STD,8,2026-01-28T18:50:10.743085,03 00 03 00 7B 47 09 3C,03000300,0.000000
6473,0,0x110,STD,8,2026-01-28T18:50:10.767091,03 00 03 00 6C 67 6E 47,03000300,0.000000
6474,0,0x10F,STD,8,2026-01-28T18:50:10.824104,03 00 03 00 7C 3C B7 3C,03000300,0.000000
6475,0,0x110,STD,8,2026-01-28T18:50:10.848109,03 00 03 00 71 2B 63 47,03000300,0.000000
6476,0,0x10F,STD,8,2026-01-28T18:50:10.905122,03 00 03 00 12 01 CF 3C,03000300,0.000000
6477,0,0x110,STD,8,2026-01-28T18:50:10.929128,03 00 03 00 57 38 8C 47,03000300,0.000000
6478,0,0x10F,STD,8,2026-01-28T18:50:10.986140,03 00 03 00 9A 26 15 3C,03000300,0.000000
6479,0,0x110,STD,8,2026-01-28T18:50:11.010146,03 00 03 00 16 C0 16 48,03000300,0.000000
6480,0,0x10F,STD,8,2026-01-28T18:50:11.067159,03 00 03 00 96 5D 9B 3C,03000300,0.000000
6481,0,0x110,STD,8,2026-01-28T18:50:11.091164,03 00 03 00 CC E9 E0 47,03000300,0.000000
6482,0,0x10F,STD,8,2026-01-28T18:50:11.136779,03 00 03 00 29 94 B0 3C,03000300,0.000000
6483,0,0x110,STD,8,2026-01-28T18:50:11.171292,03 00 03 00 1D 08 B0 47,03000300,0.000000
6484,0,0x10F,STD,8,2026-01-28T18:50:11.220303,03 00 03 00 4E EE 1F 3C,03000300,0.000000
6485,0,0x110,STD,8,2026-01-28T18:50:11.244308,03 00 03 00 D5 C8 32 48,03000300,0.000000
6486,0,0x10F,STD,8,2026-01-28T18:50:11.301321,03 00 03 00 E1 31 D9 3B,03000300,0.000000
6487,0,0x110,STD,8,2026-01-28T18:50:11.324831,03 00 03 00 DF 80 72 47,03000300,0.000000
6488,0,0x10F,STD,8,2026-01-28T18:50:11.381848,03 00 03 00 68 C2 CB 3C,03000300,0.000000
6489,0,0x110,STD,8,2026-01-28T18:50:11.405854,03 00 03 00 B5 D4 B8 47,03000300,0.000000
6490,0,0x10F,STD,8,2026-01-28T18:50:11.461960,03 00 03 00 AC 91 F0 3C,03000300,0.000000
6491,0,0x10F,STD,8,2026-01-28T18:50:11.475467,03 00 01 00 00 00 00 00,03000100,0.000000
6492,0,0x110,STD,8,2026-01-28T18:50:11.475467,03 00 01 00 00 00 00 00,03000100,0.000000
6493,0,0x10F,STD,8,2026-01-28T18:50:11.475467,03 00 02 00 66 84 3B 41,03000200,0.000000
6494,0,0x110,STD,8,2026-01-28T18:50:11.475467,03 00 02 00 66 84 3B 41,03000200,0.000000
6495,0,0x110,STD,8,2026-01-28T18:50:11.488470,03 00 03 00 FC BE 8F 47,03000300,0.000000
6496,0,0x10F,STD,8,2026-01-28T18:50:11.544987,03 00 03 00 86 C4 17 3D,03000300,0.000000
6497,0,0x110,STD,8,2026-01-28T18:50:11.568992,03 00 03 00 A2 4C E2 47,03000300,0.000000
6498,0,0x10F,STD,8,2026-01-28T18:50:11.625507,03 00 03 00 4A CB F4 3C,03000300,0.000000
6499,0,0x110,STD,8,2026-01-28T18:50:11.649513,03 00 03 00 7A 47 8E 47,03000300,0.000000
6500,0,0x10F,STD,8,2026-01-28T18:50:11.695523,03 00 03 00 D5 DF DD 3C,03000300,0.000000
6501,0,0x110,STD,8,2026-01-28T18:50:11.720528,03 00 03 00 AA 84 63 48,03000300,0.000000
6502,0,0x10F,STD,8,2026-01-28T18:50:11.777045,03 00 03 00 75 85 E7 3C,03000300,0.000000
6503,0,0x110,STD,8,2026-01-28T18:50:11.801050,03 00 03 00 E6 D5 2D 48,03000300,0.000000
6504,0,0x10F,STD,8,2026-01-28T18:50:11.858065,03 00 03 00 E8 F2 0D 3D,03000300,0.000000
6505,0,0x110,STD,8,2026-01-28T18:50:11.881858,03 00 03 00 9E 90 A3 47,03000300,0.000000
6506,0,0x10F,STD,8,2026-01-28T18:50:11.938834,03 00 03 00 B8 4E C2 3C,03000300,0.000000
6507,0,0x110,STD,8,2026-01-28T18:50:11.962839,03 00 03 00 D0 4A DC 47,03000300,0.000000
6508,0,0x10F,STD,8,2026-01-28T18:50:12.019153,03 00 03 00 44 EF 72 3C,03000300,0.000000
6509,0,0x110,STD,8,2026-01-28T18:50:12.043158,03 00 03 00 24 DD 41 47,03000300,0.000000
6510,0,0x10F,STD,8,2026-01-28T18:50:12.099368,03 00 03 00 28 D5 30 3C,03000300,0.000000
6511,0,0x110,STD,8,2026-01-28T18:50:12.123373,03 00 03 00 4A B8 17 48,03000300,0.000000
6512,0,0x10F,STD,8,2026-01-28T18:50:12.179890,03 00 03 00 7B 3B 3B 3C,03000300,0.000000
6513,0,0x110,STD,8,2026-01-28T18:50:12.206896,03 00 03 00 24 24 4A 48,03000300,0.000000
6514,0,0x10F,STD,8,2026-01-28T18:50:12.263908,03 00 03 00 74 B9 7E 3C,03000300,0.000000
6515,0,0x110,STD,8,2026-01-28T18:50:12.276911,03 00 03 00 FF C4 D5 47,03000300,0.000000
6516,0,0x10F,STD,8,2026-01-28T18:50:12.333924,03 00 03 00 8C FA A3 3C,03000300,0.000000
6517,0,0x110,STD,8,2026-01-28T18:50:12.372933,03 00 03 00 E5 5A 2C 48,03000300,0.000000
6518,0,0x10F,STD,8,2026-01-28T18:50:12.418943,03 00 03 00 AE D2 A3 3C,03000300,0.000000
6519,0,0x110,STD,8,2026-01-28T18:50:12.442949,03 00 03 00 C4 68 AC 48,03000300,0.000000
6520,0,0x10F,STD,8,2026-01-28T18:50:12.499962,03 00 03 00 13 69 A2 3C,03000300,0.000000
6521,0,0x110,STD,8,2026-01-28T18:50:12.523967,03 00 03 00 36 5A 54 48,03000300,0.000000
6522,0,0x10F,STD,8,2026-01-28T18:50:12.569248,03 00 01 00 00 00 00 00,03000100,0.000000
6523,0,0x110,STD,8,2026-01-28T18:50:12.569248,03 00 01 00 00 00 00 00,03000100,0.000000
6524,0,0x10F,STD,8,2026-01-28T18:50:12.569248,03 00 02 00 31 D4 43 41,03000200,0.000000
6525,0,0x110,STD,8,2026-01-28T18:50:12.569248,03 00 02 00 31 D4 43 41,03000200,0.000000
6526,0,0x10F,STD,8,2026-01-28T18:50:12.582250,03 00 03 00 DD 5C C2 3C,03000300,0.000000
6527,0,0x110,STD,8,2026-01-28T18:50:12.605760,03 00 03 00 D3 A5 12 48,03000300,0.000000
6528,0,0x10F,STD,8,2026-01-28T18:50:12.662773,03 00 03 00 77 17 A5 3C,03000300,0.000000
6529,0,0x110,STD,8,2026-01-28T18:50:12.675776,03 00 03 00 BC 8C F7 47,03000300,0.000000
6530,0,0x10F,STD,8,2026-01-28T18:50:12.732788,03 00 03 00 A9 F4 4A 3C,03000300,0.000000
6531,0,0x110,STD,8,2026-01-28T18:50:12.756794,03 00 03 00 C4 34 62 47,03000300,0.000000
6532,0,0x10F,STD,8,2026-01-28T18:50:12.813807,03 00 03 00 C3 71 7E 3C,03000300,0.000000
6533,0,0x110,STD,8,2026-01-28T18:50:12.837812,03 00 03 00 42 21 1A 48,03000300,0.000000
6534,0,0x10F,STD,8,2026-01-28T18:50:12.894825,03 00 03 00 F0 2D 08 3C,03000300,0.000000
6535,0,0x110,STD,8,2026-01-28T18:50:12.918831,03 00 03 00 09 83 A1 47,03000300,0.000000
6536,0,0x10F,STD,8,2026-01-28T18:50:12.971842,03 00 03 00 40 C0 5A 3C,03000300,0.000000
6537,0,0x110,STD,8,2026-01-28T18:50:12.996848,03 00 03 00 3E 7D 12 48,03000300,0.000000
6538,0,0x10F,STD,8,2026-01-28T18:50:13.053861,03 00 03 00 D4 DC AA 3C,03000300,0.000000
6539,0,0x110,STD,8,2026-01-28T18:50:13.077866,03 00 03 00 C2 D7 43 48,03000300,0.000000
6540,0,0x10F,STD,8,2026-01-28T18:50:13.136880,03 00 03 00 D2 B5 9C 3C,03000300,0.000000
6541,0,0x110,STD,8,2026-01-28T18:50:13.160885,03 00 03 00 38 0D 0A 48,03000300,0.000000
6542,0,0x10F,STD,8,2026-01-28T18:50:13.217898,03 00 03 00 90 BA 5D 3C,03000300,0.000000
6543,0,0x110,STD,8,2026-01-28T18:50:13.241903,03 00 03 00 22 25 8E 48,03000300,0.000000
6544,0,0x10F,STD,8,2026-01-28T18:50:13.298916,03 00 03 00 80 C6 59 3C,03000300,0.000000
6545,0,0x110,STD,8,2026-01-28T18:50:13.322831,03 00 03 00 99 5E 2C 48,03000300,0.000000
6546,0,0x10F,STD,8,2026-01-28T18:50:13.379797,03 00 03 00 FC A7 2E 3C,03000300,0.000000
6547,0,0x110,STD,8,2026-01-28T18:50:13.392801,03 00 03 00 78 D6 54 48,03000300,0.000000
6548,0,0x10F,STD,8,2026-01-28T18:50:13.460063,03 00 03 00 AF 2B 94 3B,03000300,0.000000
6549,0,0x110,STD,8,2026-01-28T18:50:13.484068,03 00 03 00 81 46 05 48,03000300,0.000000
6550,0,0x10F,STD,8,2026-01-28T18:50:13.530079,03 00 03 00 CA D1 49 3C,03000300,0.000000
6551,0,0x110,STD,8,2026-01-28T18:50:13.554084,03 00 03 00 3A 8D A0 47,03000300,0.000000
6552,0,0x10F,STD,8,2026-01-28T18:50:13.610601,03 00 03 00 B1 DC 32 3C,03000300,0.000000
6553,0,0x110,STD,8,2026-01-28T18:50:13.633965,03 00 03 00 8E B9 0E 48,03000300,0.000000
6554,0,0x10F,STD,8,2026-01-28T18:50:13.657970,03 00 01 00 00 00 00 00,03000100,0.000000
6555,0,0x110,STD,8,2026-01-28T18:50:13.657970,03 00 01 00 00 00 00 00,03000100,0.000000
6556,0,0x110,STD,8,2026-01-28T18:50:13.658918,03 00 02 00 2D 97 23 41,03000200,0.000000
6557,0,0x10F,STD,8,2026-01-28T18:50:13.658971,03 00 01 00 00 00 00 00,03000100,0.000000
6558,0,0x10F,STD,8,2026-01-28T18:50:13.693600,03 00 03 00 DC 1D A8 3C,03000300,0.000000
6559,0,0x110,STD,8,2026-01-28T18:50:13.717605,03 00 03 00 12 52 56 47,03000300,0.000000
6560,0,0x10F,STD,8,2026-01-28T18:50:13.774618,03 00 03 00 57 D4 F6 3C,03000300,0.000000
6561,0,0x110,STD,8,2026-01-28T18:50:13.798623,03 00 03 00 A2 70 03 48,03000300,0.000000
6562,0,0x10F,STD,8,2026-01-28T18:50:13.855776,03 00 03 00 D4 1A A4 3C,03000300,0.000000
6563,0,0x110,STD,8,2026-01-28T18:50:13.879781,03 00 03 00 1F 5F 1E 48,03000300,0.000000
6564,0,0x10F,STD,8,2026-01-28T18:50:13.936771,03 00 03 00 F2 5B CB 3C,03000300,0.000000
6565,0,0x110,STD,8,2026-01-28T18:50:13.960777,03 00 03 00 84 F2 C2 47,03000300,0.000000
6566,0,0x10F,STD,8,2026-01-28T18:50:14.006787,03 00 03 00 4E 14 99 3C,03000300,0.000000
6567,0,0x110,STD,8,2026-01-28T18:50:14.030793,03 00 03 00 8F 52 66 47,03000300,0.000000
6568,0,0x10F,STD,8,2026-01-28T18:50:14.098024,03 00 03 00 DB 06 EB 3C,03000300,0.000000
6569,0,0x110,STD,8,2026-01-28T18:50:14.122029,03 00 03 00 4C 75 6E 47,03000300,0.000000
6570,0,0x10F,STD,8,2026-01-28T18:50:14.168040,03 00 03 00 AA 90 BB 3C,03000300,0.000000
6571,0,0x110,STD,8,2026-01-28T18:50:14.192045,03 00 03 00 1F DF A4 47,03000300,0.000000
6572,0,0x10F,STD,8,2026-01-28T18:50:14.249058,03 00 03 00 2F 52 DD 3B,03000300,0.000000
6573,0,0x110,STD,8,2026-01-28T18:50:14.273063,03 00 03 00 1D 6A F3 47,03000300,0.000000
6574,0,0x10F,STD,8,2026-01-28T18:50:14.330075,03 00 03 00 1F 0D 25 3C,03000300,0.000000
6575,0,0x110,STD,8,2026-01-28T18:50:14.353585,03 00 03 00 15 FB 34 48,03000300,0.000000
6576,0,0x10F,STD,8,2026-01-28T18:50:14.415173,03 00 03 00 C1 E2 DB 3C,03000300,0.000000
6577,0,0x110,STD,8,2026-01-28T18:50:14.439179,03 00 03 00 FC E0 58 48,03000300,0.000000
6578,0,0x10F,STD,8,2026-01-28T18:50:14.495695,03 00 03 00 90 2D EB 3C,03000300,0.000000
6579,0,0x110,STD,8,2026-01-28T18:50:14.519700,03 00 03 00 10 05 3F 48,03000300,0.000000
6580,0,0x10F,STD,8,2026-01-28T18:50:14.565710,03 00 03 00 B1 16 E4 3C,03000300,0.000000
6581,0,0x110,STD,8,2026-01-28T18:50:14.600718,03 00 03 00 96 64 36 48,03000300,0.000000
6582,0,0x10F,STD,8,2026-01-28T18:50:14.646729,03 00 03 00 60 C0 94 3C,03000300,0.000000
6583,0,0x110,STD,8,2026-01-28T18:50:14.670734,03 00 03 00 19 15 22 48,03000300,0.000000
6584,0,0x110,STD,8,2026-01-28T18:50:14.727748,03 00 01 00 00 00 00 00,03000100,0.000000
6585,0,0x110,STD,8,2026-01-28T18:50:14.727748,03 00 01 00 00 00 00 00,03000100,0.000000
6586,0,0x10F,STD,8,2026-01-28T18:50:14.727748,03 00 02 00 2D 97 23 41,03000200,0.000000
6587,0,0x10F,STD,8,2026-01-28T18:50:14.727748,03 00 02 00 2D 97 23 41,03000200,0.000000
6588,0,0x110,STD,8,2026-01-28T18:50:14.727748,03 00 02 00 2D 97 23 41,03000200,0.000000
6589,0,0x110,STD,8,2026-01-28T18:50:14.751754,03 00 03 00 8B 85 BC 47,03000300,0.000000
6590,0,0x10F,STD,8,2026-01-28T18:50:14.808767,03 00 03 00 2C EF 69 3C,03000300,0.000000
6591,0,0x110,STD,8,2026-01-28T18:50:14.832772,03 00 03 00 C6 DB 91 47,03000300,0.000000
6592,0,0x10F,STD,8,2026-01-28T18:50:14.889785,03 00 03 00 22 51 7B 3C,03000300,0.000000
6593,0,0x110,STD,8,2026-01-28T18:50:14.913790,03 00 03 00 93 77 89 47,03000300,0.000000
6594,0,0x10F,STD,8,2026-01-28T18:50:14.970803,03 00 03 00 53 FF 2C 3C,03000300,0.000000
6595,0,0x110,STD,8,2026-01-28T18:50:14.994808,03 00 03 00 74 63 05 48,03000300,0.000000
6596,0,0x10F,STD,8,2026-01-28T18:50:15.051821,03 00 03 00 2D 9E C7 3C,03000300,0.000000
6597,0,0x110,STD,8,2026-01-28T18:50:15.075827,03 00 03 00 2B 48 EF 47,03000300,0.000000
6598,0,0x10F,STD,8,2026-01-28T18:50:15.132840,03 00 03 00 D0 EC 8E 3C,03000300,0.000000
6599,0,0x110,STD,8,2026-01-28T18:50:15.156845,03 00 03 00 1E 1B 6B 48,03000300,0.000000
6600,0,0x10F,STD,8,2026-01-28T18:50:15.202855,03 00 03 00 67 E7 88 3C,03000300,0.000000
6601,0,0x110,STD,8,2026-01-28T18:50:15.237863,03 00 03 00 4F ED A0 48,03000300,0.000000
6602,0,0x10F,STD,8,2026-01-28T18:50:15.283873,03 00 03 00 0C 5B B9 3B,03000300,0.000000
6603,0,0x110,STD,8,2026-01-28T18:50:15.307879,03 00 03 00 CC F6 12 48,03000300,0.000000
6604,0,0x10F,STD,8,2026-01-28T18:50:15.364892,03 00 03 00 7F B2 D9 3B,03000300,0.000000
6605,0,0x110,STD,8,2026-01-28T18:50:15.388897,03 00 03 00 0C 28 5B 48,03000300,0.000000
6606,0,0x10F,STD,8,2026-01-28T18:50:15.445225,03 00 03 00 EE A4 09 3C,03000300,0.000000
6607,0,0x110,STD,8,2026-01-28T18:50:15.469231,03 00 03 00 14 74 63 48,03000300,0.000000
6608,0,0x10F,STD,8,2026-01-28T18:50:15.526244,03 00 03 00 29 DA 5F 3C,03000300,0.000000
6609,0,0x110,STD,8,2026-01-28T18:50:15.550249,03 00 03 00 1C D0 DB 47,03000300,0.000000
6610,0,0x10F,STD,8,2026-01-28T18:50:15.607262,03 00 03 00 46 28 C9 3C,03000300,0.000000
6611,0,0x110,STD,8,2026-01-28T18:50:15.631267,03 00 03 00 4C 0E 19 47,03000300,0.000000
6612,0,0x10F,STD,8,2026-01-28T18:50:15.687783,03 00 03 00 64 47 F3 3C,03000300,0.000000
6613,0,0x110,STD,8,2026-01-28T18:50:15.711789,03 00 03 00 E1 A4 A5 47,03000300,0.000000
6614,0,0x10F,STD,8,2026-01-28T18:50:15.768304,03 00 03 00 74 DF 86 3C,03000300,0.000000
6615,0,0x110,STD,8,2026-01-28T18:50:15.791420,03 00 03 00 C2 92 F4 47,03000300,0.000000
6616,0,0x10F,STD,8,2026-01-28T18:50:15.826427,03 00 01 00 00 00 00 00,03000100,0.000000
6617,0,0x10F,STD,8,2026-01-28T18:50:15.826427,03 00 02 00 86 29 29 41,03000200,0.000000
6618,0,0x110,STD,8,2026-01-28T18:50:15.826427,03 00 01 00 00 00 00 00,03000100,0.000000
6619,0,0x110,STD,8,2026-01-28T18:50:15.826427,03 00 02 00 86 29 29 41,03000200,0.000000
6620,0,0x10F,STD,8,2026-01-28T18:50:15.850433,03 00 03 00 84 0D B6 3C,03000300,0.000000
6621,0,0x110,STD,8,2026-01-28T18:50:15.874439,03 00 03 00 0B 23 07 48,03000300,0.000000
6622,0,0x10F,STD,8,2026-01-28T18:50:15.920449,03 00 03 00 82 41 8E 3C,03000300,0.000000
6623,0,0x110,STD,8,2026-01-28T18:50:15.954708,03 00 03 00 67 A6 1D 48,03000300,0.000000
6624,0,0x10F,STD,8,2026-01-28T18:50:16.000719,03 00 03 00 88 02 2A 3C,03000300,0.000000
6625,0,0x110,STD,8,2026-01-28T18:50:16.024724,03 00 03 00 24 A6 3E 47,03000300,0.000000
6626,0,0x10F,STD,8,2026-01-28T18:50:16.083737,03 00 03 00 74 99 F4 3B,03000300,0.000000
6627,0,0x110,STD,8,2026-01-28T18:50:16.107743,03 00 03 00 FE AF 12 48,03000300,0.000000
6628,0,0x10F,STD,8,2026-01-28T18:50:16.164701,03 00 03 00 68 04 97 3C,03000300,0.000000
6629,0,0x110,STD,8,2026-01-28T18:50:16.188706,03 00 03 00 C3 47 19 48,03000300,0.000000
6630,0,0x10F,STD,8,2026-01-28T18:50:16.244764,03 00 03 00 37 13 83 3C,03000300,0.000000
6631,0,0x110,STD,8,2026-01-28T18:50:16.268770,03 00 03 00 15 F8 4E 47,03000300,0.000000
6632,0,0x10F,STD,8,2026-01-28T18:50:16.325782,03 00 03 00 32 5A 22 3C,03000300,0.000000
6633,0,0x110,STD,8,2026-01-28T18:50:16.364792,03 00 03 00 C4 9A EE 47,03000300,0.000000
6634,0,0x10F,STD,8,2026-01-28T18:50:16.399799,03 00 03 00 C7 D3 7F 3C,03000300,0.000000
6635,0,0x110,STD,8,2026-01-28T18:50:16.423199,03 00 03 00 95 EF 39 48,03000300,0.000000
6636,0,0x10F,STD,8,2026-01-28T18:50:16.480212,03 00 03 00 15 8E AF 3C,03000300,0.000000
6637,0,0x110,STD,8,2026-01-28T18:50:16.504217,03 00 03 00 3D D0 3E 47,03000300,0.000000
6638,0,0x10F,STD,8,2026-01-28T18:50:16.560698,03 00 03 00 14 7A 8E 3C,03000300,0.000000
6639,0,0x110,STD,8,2026-01-28T18:50:16.584703,03 00 03 00 A0 71 5A 47,03000300,0.000000
6640,0,0x10F,STD,8,2026-01-28T18:50:16.641715,03 00 03 00 04 0E 8B 3C,03000300,0.000000
6641,0,0x110,STD,8,2026-01-28T18:50:16.664800,03 00 03 00 59 08 33 48,03000300,0.000000
6642,0,0x10F,STD,8,2026-01-28T18:50:16.721788,03 00 03 00 5A DA 3A 3C,03000300,0.000000
6643,0,0x110,STD,8,2026-01-28T18:50:16.745794,03 00 03 00 26 13 58 48,03000300,0.000000
6644,0,0x10F,STD,8,2026-01-28T18:50:16.802807,03 00 03 00 57 AE 41 3C,03000300,0.000000
6645,0,0x110,STD,8,2026-01-28T18:50:16.826316,03 00 03 00 CE 88 C0 47,03000300,0.000000
6646,0,0x10F,STD,8,2026-01-28T18:50:16.883329,03 00 03 00 C9 FD A1 3C,03000300,0.000000
6647,0,0x110,STD,8,2026-01-28T18:50:16.906912,03 00 03 00 99 99 5C 48,03000300,0.000000
6648,0,0x10F,STD,8,2026-01-28T18:50:16.906912,03 00 01 00 00 00 00 00,03000100,0.000000
6649,0,0x110,STD,8,2026-01-28T18:50:16.908913,03 00 01 00 00 00 00 00,03000100,0.000000
6650,0,0x110,STD,8,2026-01-28T18:50:16.910913,03 00 01 00 00 00 00 00,03000100,0.000000
6651,0,0x10F,STD,8,2026-01-28T18:50:16.910913,03 00 02 00 EB 8D 3D 41,03000200,0.000000
6652,0,0x10F,STD,8,2026-01-28T18:50:16.956850,03 00 03 00 D7 45 5C 3C,03000300,0.000000
6653,0,0x110,STD,8,2026-01-28T18:50:16.980108,03 00 03 00 9F 3C C6 47,03000300,0.000000
6654,0,0x10F,STD,8,2026-01-28T18:50:17.036686,03 00 03 00 B4 1F 11 3C,03000300,0.000000
6655,0,0x110,STD,8,2026-01-28T18:50:17.071198,03 00 03 00 CE 6D 1A 48,03000300,0.000000
6656,0,0x10F,STD,8,2026-01-28T18:50:17.117207,03 00 03 00 91 E5 A3 3C,03000300,0.000000
6657,0,0x110,STD,8,2026-01-28T18:50:17.141213,03 00 03 00 52 95 05 48,03000300,0.000000
6658,0,0x10F,STD,8,2026-01-28T18:50:17.198226,03 00 03 00 71 8A CC 3C,03000300,0.000000
6659,0,0x110,STD,8,2026-01-28T18:50:17.222232,03 00 03 00 CC 54 18 47,03000300,0.000000
6660,0,0x10F,STD,8,2026-01-28T18:50:17.279244,03 00 03 00 1B 40 73 3C,03000300,0.000000
6661,0,0x110,STD,8,2026-01-28T18:50:17.303250,03 00 03 00 45 AA 92 47,03000300,0.000000
6662,0,0x10F,STD,8,2026-01-28T18:50:17.360263,03 00 03 00 8B A1 C3 3C,03000300,0.000000
6663,0,0x110,STD,8,2026-01-28T18:50:17.384268,03 00 03 00 4E D9 1B 48,03000300,0.000000
6664,0,0x10F,STD,8,2026-01-28T18:50:17.441280,03 00 03 00 84 80 52 3C,03000300,0.000000
6665,0,0x110,STD,8,2026-01-28T18:50:17.465286,03 00 03 00 58 9E 9F 47,03000300,0.000000
6666,0,0x10F,STD,8,2026-01-28T18:50:17.522299,03 00 03 00 CB 48 AB 3B,03000300,0.000000
6667,0,0x110,STD,8,2026-01-28T18:50:17.545658,03 00 03 00 FE 05 18 48,03000300,0.000000
6668,0,0x10F,STD,8,2026-01-28T18:50:17.602309,03 00 03 00 A6 8D CA 3B,03000300,0.000000
6669,0,0x110,STD,8,2026-01-28T18:50:17.626314,03 00 03 00 9D F2 C1 47,03000300,0.000000
6670,0,0x10F,STD,8,2026-01-28T18:50:17.683327,03 00 03 00 1C 0C 28 3C,03000300,0.000000
6671,0,0x110,STD,8,2026-01-28T18:50:17.707333,03 00 03 00 4C 40 42 48,03000300,0.000000
6672,0,0x10F,STD,8,2026-01-28T18:50:17.764345,03 00 03 00 AF 39 C4 3C,03000300,0.000000
6673,0,0x110,STD,8,2026-01-28T18:50:17.788351,03 00 03 00 C6 6D 09 48,03000300,0.000000
6674,0,0x10F,STD,8,2026-01-28T18:50:17.833663,03 00 03 00 20 0C 84 3C,03000300,0.000000
6675,0,0x110,STD,8,2026-01-28T18:50:17.857669,03 00 03 00 9B B7 3A 48,03000300,0.000000
6676,0,0x10F,STD,8,2026-01-28T18:50:17.914682,03 00 03 00 85 56 D4 3C,03000300,0.000000
6677,0,0x110,STD,8,2026-01-28T18:50:17.938127,03 00 03 00 85 30 6A 48,03000300,0.000000
6678,0,0x110,STD,8,2026-01-28T18:50:17.995139,03 00 02 00 EB 8D 3D 41,03000200,0.000000
6679,0,0x10F,STD,8,2026-01-28T18:50:17.995139,03 00 01 00 00 00 00 00,03000100,0.000000
6680,0,0x10F,STD,8,2026-01-28T18:50:17.995139,03 00 02 00 A7 D7 30 41,03000200,0.000000
6681,0,0x110,STD,8,2026-01-28T18:50:17.995139,03 00 02 00 A7 D7 30 41,03000200,0.000000
6682,0,0x10F,STD,8,2026-01-28T18:50:17.995139,03 00 03 00 4D AE 57 3C,03000300,0.000000
6683,0,0x110,STD,8,2026-01-28T18:50:18.019145,03 00 03 00 12 BD DD 47,03000300,0.000000
6684,0,0x10F,STD,8,2026-01-28T18:50:18.076157,03 00 03 00 FB 96 A7 3C,03000300,0.000000
6685,0,0x110,STD,8,2026-01-28T18:50:18.100163,03 00 03 00 D4 05 9D 47,03000300,0.000000
6686,0,0x10F,STD,8,2026-01-28T18:50:18.157176,03 00 03 00 96 60 28 3C,03000300,0.000000
6687,0,0x110,STD,8,2026-01-28T18:50:18.181181,03 00 03 00 2C A6 E4 47,03000300,0.000000
6688,0,0x10F,STD,8,2026-01-28T18:50:18.237699,03 00 03 00 DE 63 9C 3C,03000300,0.000000
6689,0,0x110,STD,8,2026-01-28T18:50:18.262705,03 00 03 00 9F 0C BB 47,03000300,0.000000
6690,0,0x10F,STD,8,2026-01-28T18:50:18.319717,03 00 03 00 06 86 3F 3C,03000300,0.000000
6691,0,0x110,STD,8,2026-01-28T18:50:18.343723,03 00 03 00 D8 21 4F 48,03000300,0.000000
6692,0,0x10F,STD,8,2026-01-28T18:50:18.399239,03 00 03 00 B5 78 74 3B,03000300,0.000000
6693,0,0x110,STD,8,2026-01-28T18:50:18.423246,03 00 03 00 CC B9 44 48,03000300,0.000000
6694,0,0x10F,STD,8,2026-01-28T18:50:18.480258,03 00 03 00 C8 D4 11 3C,03000300,0.000000
6695,0,0x110,STD,8,2026-01-28T18:50:18.503775,03 00 03 00 3C E5 1B 48,03000300,0.000000
6696,0,0x10F,STD,8,2026-01-28T18:50:18.559613,03 00 03 00 8C 8D 26 3C,03000300,0.000000
6697,0,0x110,STD,8,2026-01-28T18:50:18.583618,03 00 03 00 BB 8B 1B 48,03000300,0.000000
6698,0,0x10F,STD,8,2026-01-28T18:50:18.640136,03 00 03 00 FC 1D 5C 3C,03000300,0.000000
6699,0,0x110,STD,8,2026-01-28T18:50:18.664141,03 00 03 00 ED C8 C8 47,03000300,0.000000
6700,0,0x10F,STD,8,2026-01-28T18:50:18.710152,03 00 03 00 5E 83 D2 3B,03000300,0.000000
6701,0,0x110,STD,8,2026-01-28T18:50:18.734156,03 00 03 00 64 12 2E 48,03000300,0.000000
6702,0,0x10F,STD,8,2026-01-28T18:50:18.790242,03 00 03 00 67 9A E4 3B,03000300,0.000000
6703,0,0x110,STD,8,2026-01-28T18:50:18.824617,03 00 03 00 E7 20 5F 48,03000300,0.000000
6704,0,0x10F,STD,8,2026-01-28T18:50:18.870040,03 00 03 00 35 C3 C9 3C,03000300,0.000000
6705,0,0x110,STD,8,2026-01-28T18:50:18.904617,03 00 03 00 DA D8 47 48,03000300,0.000000
6706,0,0x10F,STD,8,2026-01-28T18:50:18.949610,03 00 03 00 C2 66 BB 3C,03000300,0.000000
6707,0,0x110,STD,8,2026-01-28T18:50:18.975617,03 00 03 00 C6 FB 78 48,03000300,0.000000
6708,0,0x10F,STD,8,2026-01-28T18:50:19.032257,03 00 03 00 41 55 78 3C,03000300,0.000000
6709,0,0x110,STD,8,2026-01-28T18:50:19.056262,03 00 03 00 74 05 E6 47,03000300,0.000000
6710,0,0x10F,STD,8,2026-01-28T18:50:19.080268,03 00 01 00 00 00 00 00,03000100,0.000000
6711,0,0x110,STD,8,2026-01-28T18:50:19.080268,03 00 01 00 00 00 00 00,03000100,0.000000
6712,0,0x110,STD,8,2026-01-28T18:50:19.080268,03 00 01 00 00 00 00 00,03000100,0.000000
6713,0,0x10F,STD,8,2026-01-28T18:50:19.080268,03 00 02 00 B6 AE 34 41,03000200,0.000000
6714,0,0x10F,STD,8,2026-01-28T18:50:19.115031,03 00 03 00 56 A6 BD 3C,03000300,0.000000
6715,0,0x110,STD,8,2026-01-28T18:50:19.139037,03 00 03 00 F7 01 04 48,03000300,0.000000
6716,0,0x10F,STD,8,2026-01-28T18:50:19.196050,03 00 03 00 35 8E 9F 3C,03000300,0.000000
6717,0,0x110,STD,8,2026-01-28T18:50:19.220055,03 00 03 00 11 AD 8D 47,03000300,0.000000
6718,0,0x10F,STD,8,2026-01-28T18:50:19.277068,03 00 03 00 F4 94 AB 3C,03000300,0.000000
6719,0,0x110,STD,8,2026-01-28T18:50:19.301073,03 00 03 00 C6 40 86 47,03000300,0.000000
6720,0,0x10F,STD,8,2026-01-28T18:50:19.347083,03 00 03 00 31 E3 A2 3C,03000300,0.000000
6721,0,0x110,STD,8,2026-01-28T18:50:19.382092,03 00 03 00 91 C1 2A 47,03000300,0.000000
6722,0,0x10F,STD,8,2026-01-28T18:50:19.428102,03 00 03 00 DA 0F DC 3C,03000300,0.000000
6723,0,0x110,STD,8,2026-01-28T18:50:19.452108,03 00 03 00 7E B2 B0 47,03000300,0.000000
6724,0,0x10F,STD,8,2026-01-28T18:50:19.509120,03 00 03 00 CC 3A 93 3C,03000300,0.000000
6725,0,0x110,STD,8,2026-01-28T18:50:19.532629,03 00 03 00 9C 7B 92 47,03000300,0.000000
6726,0,0x10F,STD,8,2026-01-28T18:50:19.589642,03 00 03 00 E9 BE 34 3C,03000300,0.000000
6727,0,0x110,STD,8,2026-01-28T18:50:19.613647,03 00 03 00 04 50 0B 47,03000300,0.000000
6728,0,0x10F,STD,8,2026-01-28T18:50:19.670660,03 00 03 00 66 69 59 3C,03000300,0.000000
6729,0,0x110,STD,8,2026-01-28T18:50:19.694601,03 00 03 00 D6 3C BC 47,03000300,0.000000
6730,0,0x10F,STD,8,2026-01-28T18:50:19.751613,03 00 03 00 FC D5 20 3C,03000300,0.000000
6731,0,0x110,STD,8,2026-01-28T18:50:19.775619,03 00 03 00 F9 34 BE 47,03000300,0.000000
6732,0,0x10F,STD,8,2026-01-28T18:50:19.832632,03 00 03 00 92 05 CA 3C,03000300,0.000000
6733,0,0x110,STD,8,2026-01-28T18:50:19.856637,03 00 03 00 E7 BA F1 47,03000300,0.000000
6734,0,0x10F,STD,8,2026-01-28T18:50:19.913650,03 00 03 00 26 BD 64 3C,03000300,0.000000
6735,0,0x110,STD,8,2026-01-28T18:50:19.937656,03 00 03 00 35 A3 EA 47,03000300,0.000000
6736,0,0x10F,STD,8,2026-01-28T18:50:19.994668,03 00 03 00 07 E2 81 3C,03000300,0.000000
6737,0,0x110,STD,8,2026-01-28T18:50:20.018674,03 00 03 00 5F 45 88 47,03000300,0.000000
6738,0,0x10F,STD,8,2026-01-28T18:50:20.064684,03 00 03 00 BB 95 94 3C,03000300,0.000000
6739,0,0x110,STD,8,2026-01-28T18:50:20.099195,03 00 03 00 11 C5 C6 47,03000300,0.000000
6740,0,0x10F,STD,8,2026-01-28T18:50:20.156208,03 00 03 00 A2 BC 28 3C,03000300,0.000000
6741,0,0x110,STD,8,2026-01-28T18:50:20.156208,03 00 02 00 B6 AE 34 41,03000200,0.000000
6742,0,0x10F,STD,8,2026-01-28T18:50:20.156208,03 00 01 00 00 00 00 00,03000100,0.000000
6743,0,0x10F,STD,8,2026-01-28T18:50:20.156208,03 00 02 00 B6 AE 34 41,03000200,0.000000
6744,0,0x110,STD,8,2026-01-28T18:50:20.156208,03 00 02 00 B6 AE 34 41,03000200,0.000000
6745,0,0x110,STD,8,2026-01-28T18:50:20.169211,03 00 03 00 37 BF 2C 48,03000300,0.000000
6746,0,0x10F,STD,8,2026-01-28T18:50:20.226224,03 00 03 00 1E CC D6 3C,03000300,0.000000
6747,0,0x110,STD,8,2026-01-28T18:50:20.249648,03 00 03 00 F4 4C C8 47,03000300,0.000000
6748,0,0x10F,STD,8,2026-01-28T18:50:20.306661,03 00 03 00 F5 D5 94 3C,03000300,0.000000
6749,0,0x110,STD,8,2026-01-28T18:50:20.330667,03 00 03 00 52 85 4F 48,03000300,0.000000
6750,0,0x10F,STD,8,2026-01-28T18:50:20.384678,03 00 03 00 67 21 D7 3C,03000300,0.000000
6751,0,0x110,STD,8,2026-01-28T18:50:20.408684,03 00 03 00 6D 26 28 48,03000300,0.000000
6752,0,0x10F,STD,8,2026-01-28T18:50:20.465697,03 00 03 00 69 63 BD 3C,03000300,0.000000
6753,0,0x110,STD,8,2026-01-28T18:50:20.489702,03 00 03 00 BB 62 89 47,03000300,0.000000
6754,0,0x10F,STD,8,2026-01-28T18:50:20.546715,03 00 03 00 EE 88 79 3C,03000300,0.000000
6755,0,0x110,STD,8,2026-01-28T18:50:20.570720,03 00 03 00 F4 41 35 48,03000300,0.000000
6756,0,0x10F,STD,8,2026-01-28T18:50:20.627733,03 00 03 00 C9 10 93 3C,03000300,0.000000
6757,0,0x110,STD,8,2026-01-28T18:50:20.651739,03 00 03 00 53 9E 6E 48,03000300,0.000000
6758,0,0x10F,STD,8,2026-01-28T18:50:20.708752,03 00 03 00 1C DD 54 3C,03000300,0.000000
6759,0,0x110,STD,8,2026-01-28T18:50:20.732757,03 00 03 00 93 26 BF 47,03000300,0.000000
6760,0,0x10F,STD,8,2026-01-28T18:50:20.789770,03 00 03 00 85 19 A4 3B,03000300,0.000000
6761,0,0x110,STD,8,2026-01-28T18:50:20.813775,03 00 03 00 8F C9 16 48,03000300,0.000000
6762,0,0x10F,STD,8,2026-01-28T18:50:20.870788,03 00 03 00 38 8F EE 3B,03000300,0.000000
6763,0,0x110,STD,8,2026-01-28T18:50:20.894793,03 00 03 00 71 35 D6 47,03000300,0.000000
6764,0,0x10F,STD,8,2026-01-28T18:50:20.951806,03 00 03 00 3C B7 08 3C,03000300,0.000000
6765,0,0x110,STD,8,2026-01-28T18:50:20.975812,03 00 03 00 92 52 77 47,03000300,0.000000
6766,0,0x10F,STD,8,2026-01-28T18:50:21.021822,03 00 03 00 C9 2C 22 3C,03000300,0.000000
6767,0,0x110,STD,8,2026-01-28T18:50:21.056830,03 00 03 00 3F 0F 27 47,03000300,0.000000
6768,0,0x10F,STD,8,2026-01-28T18:50:21.102841,03 00 03 00 D9 50 29 3C,03000300,0.000000
6769,0,0x110,STD,8,2026-01-28T18:50:21.126846,03 00 03 00 3C 20 A2 46,03000300,0.000000
6770,0,0x10F,STD,8,2026-01-28T18:50:21.183859,03 00 03 00 D4 45 26 3C,03000300,0.000000
6771,0,0x110,STD,8,2026-01-28T18:50:21.207864,03 00 03 00 A3 46 C9 47,03000300,0.000000
6772,0,0x10F,STD,8,2026-01-28T18:50:21.241364,03 00 01 00 00 00 00 00,03000100,0.000000
6773,0,0x110,STD,8,2026-01-28T18:50:21.241364,03 00 01 00 00 00 00 00,03000100,0.000000
6774,0,0x10F,STD,8,2026-01-28T18:50:21.241364,03 00 02 00 3F 8E 42 41,03000200,0.000000
6775,0,0x110,STD,8,2026-01-28T18:50:21.241364,03 00 02 00 3F 8E 42 41,03000200,0.000000
6776,0,0x10F,STD,8,2026-01-28T18:50:21.265370,03 00 03 00 8B FB 06 3C,03000300,0.000000
6777,0,0x110,STD,8,2026-01-28T18:50:21.289375,03 00 03 00 B7 84 2E 48,03000300,0.000000
6778,0,0x10F,STD,8,2026-01-28T18:50:21.346387,03 00 03 00 0A F1 90 3C,03000300,0.000000
6779,0,0x110,STD,8,2026-01-28T18:50:21.370393,03 00 03 00 96 09 A6 47,03000300,0.000000
6780,0,0x10F,STD,8,2026-01-28T18:50:21.426549,03 00 03 00 CC C2 E4 3B,03000300,0.000000
6781,0,0x110,STD,8,2026-01-28T18:50:21.450555,03 00 03 00 8A 07 23 48,03000300,0.000000
6782,0,0x10F,STD,8,2026-01-28T18:50:21.507207,03 00 03 00 31 6B 94 3C,03000300,0.000000
6783,0,0x110,STD,8,2026-01-28T18:50:21.531212,03 00 03 00 F1 D0 E8 47,03000300,0.000000
6784,0,0x10F,STD,8,2026-01-28T18:50:21.588226,03 00 03 00 F0 68 1F 3C,03000300,0.000000
6785,0,0x110,STD,8,2026-01-28T18:50:21.612231,03 00 03 00 7D 69 04 48,03000300,0.000000
6786,0,0x10F,STD,8,2026-01-28T18:50:21.669244,03 00 03 00 84 3C F8 3B,03000300,0.000000
6787,0,0x110,STD,8,2026-01-28T18:50:21.692578,03 00 03 00 4B EA B6 47,03000300,0.000000
6788,0,0x10F,STD,8,2026-01-28T18:50:21.749532,03 00 03 00 D9 14 95 3B,03000300,0.000000
6789,0,0x110,STD,8,2026-01-28T18:50:21.773355,03 00 03 00 B8 F6 F3 47,03000300,0.000000
6790,0,0x10F,STD,8,2026-01-28T18:50:21.829925,03 00 03 00 3D 57 CF 3B,03000300,0.000000
6791,0,0x110,STD,8,2026-01-28T18:50:21.843928,03 00 03 00 CD 0C ED 47,03000300,0.000000
6792,0,0x10F,STD,8,2026-01-28T18:50:21.900941,03 00 03 00 D1 11 25 3C,03000300,0.000000
6793,0,0x110,STD,8,2026-01-28T18:50:21.924946,03 00 03 00 84 84 81 47,03000300,0.000000
6794,0,0x10F,STD,8,2026-01-28T18:50:21.981959,03 00 03 00 41 CD 02 3C,03000300,0.000000
6795,0,0x110,STD,8,2026-01-28T18:50:22.005965,03 00 03 00 21 2F 42 48,03000300,0.000000
6796,0,0x10F,STD,8,2026-01-28T18:50:22.062539,03 00 03 00 29 E0 59 3C,03000300,0.000000
6797,0,0x110,STD,8,2026-01-28T18:50:22.086049,03 00 03 00 94 98 61 48,03000300,0.000000
6798,0,0x10F,STD,8,2026-01-28T18:50:22.142072,03 00 03 00 BC F4 55 3C,03000300,0.000000
6799,0,0x110,STD,8,2026-01-28T18:50:22.166077,03 00 03 00 5B 22 81 48,03000300,0.000000
6800,0,0x10F,STD,8,2026-01-28T18:50:22.223090,03 00 03 00 A8 13 7A 3C,03000300,0.000000
6801,0,0x110,STD,8,2026-01-28T18:50:22.247095,03 00 03 00 9A D1 8C 48,03000300,0.000000
6802,0,0x10F,STD,8,2026-01-28T18:50:22.304108,03 00 03 00 EB 8D 87 3C,03000300,0.000000
6803,0,0x110,STD,8,2026-01-28T18:50:22.328113,03 00 03 00 6A 25 EE 47,03000300,0.000000
6804,0,0x10F,STD,8,2026-01-28T18:50:22.341117,03 00 01 00 00 00 00 00,03000100,0.000000
6805,0,0x110,STD,8,2026-01-28T18:50:22.341117,03 00 01 00 00 00 00 00,03000100,0.000000
6806,0,0x10F,STD,8,2026-01-28T18:50:22.341117,03 00 02 00 30 AB 36 41,03000200,0.000000
6807,0,0x110,STD,8,2026-01-28T18:50:22.343117,03 00 02 00 30 AB 36 41,03000200,0.000000
6808,0,0x10F,STD,8,2026-01-28T18:50:22.384126,03 00 03 00 FD ED 9B 3B,03000300,0.000000
6809,0,0x110,STD,8,2026-01-28T18:50:22.408131,03 00 03 00 CA 30 E4 47,03000300,0.000000
6810,0,0x10F,STD,8,2026-01-28T18:50:22.465144,03 00 03 00 13 9B 20 3B,03000300,0.000000
6811,0,0x110,STD,8,2026-01-28T18:50:22.489149,03 00 03 00 25 D6 3F 48,03000300,0.000000
6812,0,0x10F,STD,8,2026-01-28T18:50:22.546163,03 00 03 00 17 A2 64 3C,03000300,0.000000
6813,0,0x110,STD,8,2026-01-28T18:50:22.570168,03 00 03 00 7B B5 34 48,03000300,0.000000
6814,0,0x10F,STD,8,2026-01-28T18:50:22.616178,03 00 03 00 3E 9E B8 3C,03000300,0.000000
6815,0,0x110,STD,8,2026-01-28T18:50:22.640184,03 00 03 00 BD 94 DB 47,03000300,0.000000
6816,0,0x10F,STD,8,2026-01-28T18:50:22.697196,03 00 03 00 64 34 25 3C,03000300,0.000000
6817,0,0x110,STD,8,2026-01-28T18:50:22.721202,03 00 03 00 BC E2 3C 47,03000300,0.000000
6818,0,0x10F,STD,8,2026-01-28T18:50:22.778215,03 00 03 00 40 85 19 3C,03000300,0.000000
6819,0,0x110,STD,8,2026-01-28T18:50:22.802220,03 00 03 00 5B 57 AE 47,03000300,0.000000
6820,0,0x10F,STD,8,2026-01-28T18:50:22.858505,03 00 03 00 CD 4F 50 3C,03000300,0.000000
6821,0,0x110,STD,8,2026-01-28T18:50:22.882511,03 00 03 00 20 21 92 47,03000300,0.000000
6822,0,0x10F,STD,8,2026-01-28T18:50:22.939524,03 00 03 00 D5 02 2F 3C,03000300,0.000000
6823,0,0x110,STD,8,2026-01-28T18:50:22.963529,03 00 03 00 F9 FC 22 46,03000300,0.000000
6824,0,0x10F,STD,8,2026-01-28T18:50:23.019878,03 00 03 00 D3 88 9D 3C,03000300,0.000000
6825,0,0x110,STD,8,2026-01-28T18:50:23.043884,03 00 03 00 1E 32 80 47,03000300,0.000000
6826,0,0x10F,STD,8,2026-01-28T18:50:23.100896,03 00 03 00 0A CA A1 3C,03000300,0.000000
6827,0,0x110,STD,8,2026-01-28T18:50:23.124406,03 00 03 00 BC B1 FC 47,03000300,0.000000
6828,0,0x10F,STD,8,2026-01-28T18:50:23.181420,03 00 03 00 E9 92 AC 3B,03000300,0.000000
6829,0,0x110,STD,8,2026-01-28T18:50:23.205425,03 00 03 00 8A 88 14 48,03000300,0.000000
6830,0,0x10F,STD,8,2026-01-28T18:50:23.262438,03 00 03 00 BE 88 06 3C,03000300,0.000000
6831,0,0x110,STD,8,2026-01-28T18:50:23.286090,03 00 03 00 9B 12 D7 47,03000300,0.000000
6832,0,0x10F,STD,8,2026-01-28T18:50:23.343103,03 00 03 00 98 BF D1 3B,03000300,0.000000
6833,0,0x110,STD,8,2026-01-28T18:50:23.366613,03 00 03 00 E2 36 9C 47,03000300,0.000000
6834,0,0x10F,STD,8,2026-01-28T18:50:23.412622,03 00 01 00 00 00 00 00,03000100,0.000000
6835,0,0x110,STD,8,2026-01-28T18:50:23.414623,03 00 01 00 00 00 00 00,03000100,0.000000
6836,0,0x110,STD,8,2026-01-28T18:50:23.414623,03 00 01 00 00 00 00 00,03000100,0.000000
6837,0,0x110,STD,8,2026-01-28T18:50:23.416623,03 00 02 00 30 AB 36 41,03000200,0.000000
6838,0,0x10F,STD,8,2026-01-28T18:50:23.416623,03 00 01 00 00 00 00 00,03000100,0.000000
6839,0,0x110,STD,8,2026-01-28T18:50:23.440629,03 00 03 00 D5 F7 5E 47,03000300,0.000000
6840,0,0x10F,STD,8,2026-01-28T18:50:23.497642,03 00 03 00 15 6C B0 3C,03000300,0.000000
6841,0,0x110,STD,8,2026-01-28T18:50:23.521647,03 00 03 00 27 4B 70 47,03000300,0.000000
6842,0,0x10F,STD,8,2026-01-28T18:50:23.578164,03 00 03 00 8A 8A EB 3C,03000300,0.000000
6843,0,0x110,STD,8,2026-01-28T18:50:23.602169,03 00 03 00 EA 16 0E 47,03000300,0.000000
6844,0,0x10F,STD,8,2026-01-28T18:50:23.658687,03 00 03 00 7A AB D4 3C,03000300,0.000000
6845,0,0x110,STD,8,2026-01-28T18:50:23.682196,03 00 03 00 A3 B9 BB 47,03000300,0.000000
6846,0,0x10F,STD,8,2026-01-28T18:50:23.739209,03 00 03 00 12 FF 84 3C,03000300,0.000000
6847,0,0x110,STD,8,2026-01-28T18:50:23.763214,03 00 03 00 F8 F3 69 47,03000300,0.000000
6848,0,0x10F,STD,8,2026-01-28T18:50:23.820227,03 00 03 00 0D F1 A5 3C,03000300,0.000000
6849,0,0x110,STD,8,2026-01-28T18:50:23.844232,03 00 03 00 52 FC 0E 47,03000300,0.000000
6850,0,0x10F,STD,8,2026-01-28T18:50:23.901245,03 00 03 00 44 F5 C0 3C,03000300,0.000000
6851,0,0x110,STD,8,2026-01-28T18:50:23.925251,03 00 03 00 2F 21 A3 46,03000300,0.000000
6852,0,0x10F,STD,8,2026-01-28T18:50:23.971261,03 00 03 00 6A 93 F3 3B,03000300,0.000000
6853,0,0x110,STD,8,2026-01-28T18:50:24.005773,03 00 03 00 88 80 18 47,03000300,0.000000
6854,0,0x10F,STD,8,2026-01-28T18:50:24.051783,03 00 03 00 42 22 94 3C,03000300,0.000000
6855,0,0x110,STD,8,2026-01-28T18:50:24.075788,03 00 03 00 6D E3 94 47,03000300,0.000000
6856,0,0x10F,STD,8,2026-01-28T18:50:24.132802,03 00 03 00 5B 90 5D 3C,03000300,0.000000
6857,0,0x110,STD,8,2026-01-28T18:50:24.156807,03 00 03 00 36 68 E7 47,03000300,0.000000
6858,0,0x10F,STD,8,2026-01-28T18:50:24.213820,03 00 03 00 C5 F2 12 3C,03000300,0.000000
6859,0,0x110,STD,8,2026-01-28T18:50:24.237825,03 00 03 00 DE 04 DE 47,03000300,0.000000
6860,0,0x10F,STD,8,2026-01-28T18:50:24.294838,03 00 03 00 AA 5E 26 3C,03000300,0.000000
6861,0,0x110,STD,8,2026-01-28T18:50:24.318844,03 00 03 00 94 AC 34 48,03000300,0.000000
6862,0,0x10F,STD,8,2026-01-28T18:50:24.384858,03 00 03 00 EB 87 84 3C,03000300,0.000000
6863,0,0x110,STD,8,2026-01-28T18:50:24.397468,03 00 03 00 42 86 3E 48,03000300,0.000000
6864,0,0x10F,STD,8,2026-01-28T18:50:24.453984,03 00 03 00 C5 66 3F 3C,03000300,0.000000
6865,0,0x110,STD,8,2026-01-28T18:50:24.477492,03 00 03 00 CD 29 4D 48,03000300,0.000000
6866,0,0x110,STD,8,2026-01-28T18:50:24.512500,03 00 01 00 00 00 00 00,03000100,0.000000
6867,0,0x10F,STD,8,2026-01-28T18:50:24.512500,03 00 02 00 30 AB 36 41,03000200,0.000000
6868,0,0x10F,STD,8,2026-01-28T18:50:24.512500,03 00 02 00 C5 1B 36 41,03000200,0.000000
6869,0,0x110,STD,8,2026-01-28T18:50:24.512500,03 00 02 00 C5 1B 36 41,03000200,0.000000
6870,0,0x10F,STD,8,2026-01-28T18:50:24.537505,03 00 03 00 CB C0 02 3D,03000300,0.000000
6871,0,0x110,STD,8,2026-01-28T18:50:24.561511,03 00 03 00 60 68 48 48,03000300,0.000000
6872,0,0x10F,STD,8,2026-01-28T18:50:24.618524,03 00 03 00 1F 01 96 3C,03000300,0.000000
6873,0,0x110,STD,8,2026-01-28T18:50:24.642529,03 00 03 00 37 94 D3 47,03000300,0.000000
6874,0,0x10F,STD,8,2026-01-28T18:50:24.688539,03 00 03 00 8A D5 82 3C,03000300,0.000000
6875,0,0x110,STD,8,2026-01-28T18:50:24.723547,03 00 03 00 00 15 17 48,03000300,0.000000
6876,0,0x10F,STD,8,2026-01-28T18:50:24.769557,03 00 03 00 81 C9 7F 3C,03000300,0.000000
6877,0,0x110,STD,8,2026-01-28T18:50:24.793563,03 00 03 00 40 4F 0B 48,03000300,0.000000
6878,0,0x10F,STD,8,2026-01-28T18:50:24.850576,03 00 03 00 8B 70 82 3B,03000300,0.000000
6879,0,0x110,STD,8,2026-01-28T18:50:24.874581,03 00 03 00 0F 85 2D 47,03000300,0.000000
6880,0,0x10F,STD,8,2026-01-28T18:50:24.931098,03 00 03 00 8B C6 96 3B,03000300,0.000000
6881,0,0x110,STD,8,2026-01-28T18:50:24.955104,03 00 03 00 E0 09 0B 47,03000300,0.000000
6882,0,0x10F,STD,8,2026-01-28T18:50:25.011116,03 00 03 00 23 77 01 3C,03000300,0.000000
6883,0,0x110,STD,8,2026-01-28T18:50:25.035122,03 00 03 00 06 E3 74 47,03000300,0.000000
6884,0,0x10F,STD,8,2026-01-28T18:50:25.092134,03 00 03 00 DF 16 59 3C,03000300,0.000000
6885,0,0x110,STD,8,2026-01-28T18:50:25.116139,03 00 03 00 99 89 AD 47,03000300,0.000000
6886,0,0x10F,STD,8,2026-01-28T18:50:25.173152,03 00 03 00 7C B8 C2 3C,03000300,0.000000
6887,0,0x110,STD,8,2026-01-28T18:50:25.196427,03 00 03 00 C5 C2 16 47,03000300,0.000000
6888,0,0x10F,STD,8,2026-01-28T18:50:25.253440,03 00 03 00 13 FC A0 3C,03000300,0.000000
6889,0,0x110,STD,8,2026-01-28T18:50:25.277446,03 00 03 00 78 E5 5F 47,03000300,0.000000
6890,0,0x10F,STD,8,2026-01-28T18:50:25.334459,03 00 03 00 4E B6 CB 3C,03000300,0.000000
6891,0,0x110,STD,8,2026-01-28T18:50:25.358464,03 00 03 00 5E 41 94 47,03000300,0.000000
6892,0,0x10F,STD,8,2026-01-28T18:50:25.415477,03 00 03 00 CF 18 98 3C,03000300,0.000000
6893,0,0x110,STD,8,2026-01-28T18:50:25.439482,03 00 03 00 44 2E 8A 47,03000300,0.000000
6894,0,0x10F,STD,8,2026-01-28T18:50:25.496495,03 00 03 00 8C A2 95 3C,03000300,0.000000
6895,0,0x110,STD,8,2026-01-28T18:50:25.520002,03 00 03 00 CB C6 1A 48,03000300,0.000000
6896,0,0x10F,STD,8,2026-01-28T18:50:25.566012,03 00 03 00 FB C1 DA 3C,03000300,0.000000
6897,0,0x10F,STD,8,2026-01-28T18:50:25.590018,03 00 01 00 00 00 00 00,03000100,0.000000
6898,0,0x110,STD,8,2026-01-28T18:50:25.590018,03 00 01 00 00 00 00 00,03000100,0.000000
6899,0,0x110,STD,8,2026-01-28T18:50:25.590018,03 00 02 00 A3 BA 2B 41,03000200,0.000000
6900,0,0x10F,STD,8,2026-01-28T18:50:25.592018,03 00 01 00 00 00 00 00,03000100,0.000000
6901,0,0x10F,STD,8,2026-01-28T18:50:25.592018,03 00 01 00 00 00 00 00,03000100,0.000000
6902,0,0x10F,STD,8,2026-01-28T18:50:25.649031,03 00 03 00 39 67 A6 3C,03000300,0.000000
6903,0,0x110,STD,8,2026-01-28T18:50:25.673036,03 00 03 00 AE FC 21 48,03000300,0.000000
6904,0,0x10F,STD,8,2026-01-28T18:50:25.730049,03 00 03 00 ED F8 1D 3C,03000300,0.000000
6905,0,0x110,STD,8,2026-01-28T18:50:25.754054,03 00 03 00 76 57 CC 47,03000300,0.000000
6906,0,0x10F,STD,8,2026-01-28T18:50:25.811067,03 00 03 00 91 9F 93 3C,03000300,0.000000
6907,0,0x110,STD,8,2026-01-28T18:50:25.835073,03 00 03 00 D9 72 BD 47,03000300,0.000000
6908,0,0x10F,STD,8,2026-01-28T18:50:25.892086,03 00 03 00 23 BE 7F 3C,03000300,0.000000
6909,0,0x110,STD,8,2026-01-28T18:50:25.916091,03 00 03 00 66 1D 07 48,03000300,0.000000
6910,0,0x10F,STD,8,2026-01-28T18:50:25.973104,03 00 03 00 C9 6F B6 3C,03000300,0.000000
6911,0,0x110,STD,8,2026-01-28T18:50:25.997109,03 00 03 00 2A 16 1F 48,03000300,0.000000
6912,0,0x10F,STD,8,2026-01-28T18:50:26.054122,03 00 03 00 3D BC B2 3C,03000300,0.000000
6913,0,0x110,STD,8,2026-01-28T18:50:26.077399,03 00 03 00 4C 06 09 48,03000300,0.000000
6914,0,0x10F,STD,8,2026-01-28T18:50:26.122580,03 00 03 00 F2 CA A3 3B,03000300,0.000000
6915,0,0x110,STD,8,2026-01-28T18:50:26.157589,03 00 03 00 1A 38 FE 47,03000300,0.000000
6916,0,0x10F,STD,8,2026-01-28T18:50:26.203599,03 00 03 00 00 F2 F5 3B,03000300,0.000000
6917,0,0x110,STD,8,2026-01-28T18:50:26.227435,03 00 03 00 0F 1C 0D 48,03000300,0.000000
6918,0,0x10F,STD,8,2026-01-28T18:50:26.284026,03 00 03 00 4F 4D 50 3C,03000300,0.000000
6919,0,0x110,STD,8,2026-01-28T18:50:26.308031,03 00 03 00 40 8B 8C 47,03000300,0.000000
6920,0,0x10F,STD,8,2026-01-28T18:50:26.376046,03 00 03 00 7F BE 8B 3C,03000300,0.000000
6921,0,0x110,STD,8,2026-01-28T18:50:26.388809,03 00 03 00 54 27 A1 47,03000300,0.000000
6922,0,0x10F,STD,8,2026-01-28T18:50:26.444936,03 00 03 00 20 68 F3 3B,03000300,0.000000
6923,0,0x110,STD,8,2026-01-28T18:50:26.468941,03 00 03 00 B8 4F 4A 48,03000300,0.000000
6924,0,0x10F,STD,8,2026-01-28T18:50:26.525826,03 00 03 00 9D 23 A0 3C,03000300,0.000000
6925,0,0x110,STD,8,2026-01-28T18:50:26.549270,03 00 03 00 97 58 31 48,03000300,0.000000
6926,0,0x10F,STD,8,2026-01-28T18:50:26.606379,03 00 03 00 85 BF E1 3C,03000300,0.000000
6927,0,0x110,STD,8,2026-01-28T18:50:26.630385,03 00 03 00 18 23 2D 48,03000300,0.000000
6928,0,0x110,STD,8,2026-01-28T18:50:26.665393,03 00 01 00 00 00 00 00,03000100,0.000000
6929,0,0x10F,STD,8,2026-01-28T18:50:26.665393,03 00 02 00 A3 BA 2B 41,03000200,0.000000
6930,0,0x110,STD,8,2026-01-28T18:50:26.665393,03 00 01 00 00 00 00 00,03000100,0.000000
6931,0,0x10F,STD,8,2026-01-28T18:50:26.665393,03 00 02 00 46 78 39 41,03000200,0.000000
6932,0,0x10F,STD,8,2026-01-28T18:50:26.688950,03 00 03 00 9B B5 95 3C,03000300,0.000000
6933,0,0x110,STD,8,2026-01-28T18:50:26.712956,03 00 03 00 F3 3F 64 48,03000300,0.000000
6934,0,0x10F,STD,8,2026-01-28T18:50:26.769970,03 00 03 00 FA ED FA 3C,03000300,0.000000
6935,0,0x110,STD,8,2026-01-28T18:50:26.793975,03 00 03 00 4D BA 64 48,03000300,0.000000
6936,0,0x10F,STD,8,2026-01-28T18:50:26.850165,03 00 03 00 50 A1 81 3C,03000300,0.000000
6937,0,0x110,STD,8,2026-01-28T18:50:26.874171,03 00 03 00 2E 5E 99 48,03000300,0.000000
6938,0,0x10F,STD,8,2026-01-28T18:50:26.930716,03 00 03 00 7C A8 B0 3C,03000300,0.000000
6939,0,0x110,STD,8,2026-01-28T18:50:26.954227,03 00 03 00 83 41 86 48,03000300,0.000000
6940,0,0x10F,STD,8,2026-01-28T18:50:26.999730,03 00 03 00 DA 7B 80 3C,03000300,0.000000
6941,0,0x110,STD,8,2026-01-28T18:50:27.034737,03 00 03 00 55 93 EC 47,03000300,0.000000
6942,0,0x10F,STD,8,2026-01-28T18:50:27.080748,03 00 03 00 8B DD 88 3B,03000300,0.000000
6943,0,0x110,STD,8,2026-01-28T18:50:27.115755,03 00 03 00 F7 4D 21 48,03000300,0.000000
6944,0,0x10F,STD,8,2026-01-28T18:50:27.161268,03 00 03 00 E0 C1 25 3C,03000300,0.000000
6945,0,0x110,STD,8,2026-01-28T18:50:27.185274,03 00 03 00 9D DA 08 48,03000300,0.000000
6946,0,0x10F,STD,8,2026-01-28T18:50:27.242286,03 00 03 00 4A B2 2A 3C,03000300,0.000000
6947,0,0x110,STD,8,2026-01-28T18:50:27.266292,03 00 03 00 DB E6 76 47,03000300,0.000000
6948,0,0x10F,STD,8,2026-01-28T18:50:27.323305,03 00 03 00 BA 99 6F 3C,03000300,0.000000
6949,0,0x110,STD,8,2026-01-28T18:50:27.347310,03 00 03 00 D5 4B D9 47,03000300,0.000000
6950,0,0x10F,STD,8,2026-01-28T18:50:27.404323,03 00 03 00 FC 90 A9 3C,03000300,0.000000
6951,0,0x110,STD,8,2026-01-28T18:50:27.428328,03 00 03 00 20 65 03 48,03000300,0.000000
6952,0,0x10F,STD,8,2026-01-28T18:50:27.485341,03 00 03 00 BD 48 C4 3C,03000300,0.000000
6953,0,0x110,STD,8,2026-01-28T18:50:27.508850,03 00 03 00 42 6E 66 47,03000300,0.000000
6954,0,0x10F,STD,8,2026-01-28T18:50:27.565863,03 00 03 00 00 52 BB 3C,03000300,0.000000
6955,0,0x110,STD,8,2026-01-28T18:50:27.589869,03 00 03 00 A4 B6 92 47,03000300,0.000000
6956,0,0x10F,STD,8,2026-01-28T18:50:27.646881,03 00 03 00 A5 21 D1 3C,03000300,0.000000
6957,0,0x110,STD,8,2026-01-28T18:50:27.670887,03 00 03 00 07 FB 1C 48,03000300,0.000000
6958,0,0x10F,STD,8,2026-01-28T18:50:27.716897,03 00 03 00 58 D8 F7 3C,03000300,0.000000
6959,0,0x110,STD,8,2026-01-28T18:50:27.751905,03 00 03 00 DF 40 97 47,03000300,0.000000
6960,0,0x110,STD,8,2026-01-28T18:50:27.764908,03 00 02 00 46 78 39 41,03000200,0.000000
6961,0,0x10F,STD,8,2026-01-28T18:50:27.764908,03 00 01 00 00 00 00 00,03000100,0.000000
6962,0,0x110,STD,8,2026-01-28T18:50:27.764908,03 00 02 00 02 90 2D 41,03000200,0.000000
6963,0,0x10F,STD,8,2026-01-28T18:50:27.764908,03 00 01 00 00 00 00 00,03000100,0.000000
6964,0,0x10F,STD,8,2026-01-28T18:50:27.799916,03 00 03 00 33 FD 2A 3C,03000300,0.000000
6965,0,0x110,STD,8,2026-01-28T18:50:27.823921,03 00 03 00 FE C4 79 47,03000300,0.000000
6966,0,0x10F,STD,8,2026-01-28T18:50:27.880191,03 00 03 00 18 38 6D 3C,03000300,0.000000
6967,0,0x110,STD,8,2026-01-28T18:50:27.904197,03 00 03 00 99 11 D0 47,03000300,0.000000
6968,0,0x10F,STD,8,2026-01-28T18:50:27.971212,03 00 03 00 15 2B 09 3C,03000300,0.000000
6969,0,0x110,STD,8,2026-01-28T18:50:27.985214,03 00 03 00 47 B7 45 47,03000300,0.000000
6970,0,0x10F,STD,8,2026-01-28T18:50:28.042228,03 00 03 00 DA 62 51 3C,03000300,0.000000
6971,0,0x110,STD,8,2026-01-28T18:50:28.066233,03 00 03 00 42 F1 07 48,03000300,0.000000
6972,0,0x10F,STD,8,2026-01-28T18:50:28.126247,03 00 03 00 B5 96 87 3C,03000300,0.000000
6973,0,0x110,STD,8,2026-01-28T18:50:28.150252,03 00 03 00 13 20 38 48,03000300,0.000000
6974,0,0x10F,STD,8,2026-01-28T18:50:28.196162,03 00 03 00 EA 01 FE 3B,03000300,0.000000
6975,0,0x110,STD,8,2026-01-28T18:50:28.220167,03 00 03 00 A5 92 7F 47,03000300,0.000000
6976,0,0x10F,STD,8,2026-01-28T18:50:28.276187,03 00 03 00 80 C2 C7 3C,03000300,0.000000
6977,0,0x110,STD,8,2026-01-28T18:50:28.300193,03 00 03 00 F7 16 2A 47,03000300,0.000000
6978,0,0x10F,STD,8,2026-01-28T18:50:28.357206,03 00 03 00 B7 E5 7B 3C,03000300,0.000000
6979,0,0x110,STD,8,2026-01-28T18:50:28.386212,03 00 03 00 54 F0 07 47,03000300,0.000000
6980,0,0x10F,STD,8,2026-01-28T18:50:28.443225,03 00 03 00 17 63 48 3C,03000300,0.000000
6981,0,0x110,STD,8,2026-01-28T18:50:28.467142,03 00 03 00 9A C9 6C 47,03000300,0.000000
6982,0,0x10F,STD,8,2026-01-28T18:50:28.524155,03 00 03 00 C5 22 34 3C,03000300,0.000000
6983,0,0x110,STD,8,2026-01-28T18:50:28.548161,03 00 03 00 34 54 19 48,03000300,0.000000
6984,0,0x10F,STD,8,2026-01-28T18:50:28.594171,03 00 03 00 D3 74 37 3C,03000300,0.000000
6985,0,0x110,STD,8,2026-01-28T18:50:28.618176,03 00 03 00 37 AB 53 48,03000300,0.000000
6986,0,0x10F,STD,8,2026-01-28T18:50:28.675189,03 00 03 00 3A AF 22 3C,03000300,0.000000
6987,0,0x110,STD,8,2026-01-28T18:50:28.699195,03 00 03 00 F2 A8 06 48,03000300,0.000000
6988,0,0x10F,STD,8,2026-01-28T18:50:28.756208,03 00 03 00 FF 28 E1 3B,03000300,0.000000
6989,0,0x110,STD,8,2026-01-28T18:50:28.780213,03 00 03 00 99 E0 69 48,03000300,0.000000
6990,0,0x10F,STD,8,2026-01-28T18:50:28.836441,03 00 03 00 F6 D7 15 3C,03000300,0.000000
6991,0,0x110,STD,8,2026-01-28T18:50:28.836441,03 00 01 00 00 00 00 00,03000100,0.000000
6992,0,0x10F,STD,8,2026-01-28T18:50:28.836441,03 00 02 00 02 90 2D 41,03000200,0.000000
6993,0,0x10F,STD,8,2026-01-28T18:50:28.838442,03 00 02 00 A0 AC 44 41,03000200,0.000000
6994,0,0x110,STD,8,2026-01-28T18:50:28.838442,03 00 02 00 A0 AC 44 41,03000200,0.000000
6995,0,0x110,STD,8,2026-01-28T18:50:28.862450,03 00 03 00 A8 1B 31 48,03000300,0.000000
6996,0,0x10F,STD,8,2026-01-28T18:50:28.919463,03 00 03 00 86 84 B1 3C,03000300,0.000000
6997,0,0x110,STD,8,2026-01-28T18:50:28.943468,03 00 03 00 60 2D BE 47,03000300,0.000000
6998,0,0x10F,STD,8,2026-01-28T18:50:29.000483,03 00 03 00 B6 44 CE 3C,03000300,0.000000
6999,0,0x110,STD,8,2026-01-28T18:50:29.024488,03 00 03 00 34 B0 D3 47,03000300,0.000000
7000,0,0x10F,STD,8,2026-01-28T18:50:29.081501,03 00 03 00 81 89 25 3C,03000300,0.000000
7001,0,0x110,STD,8,2026-01-28T18:50:29.105507,03 00 03 00 A8 EB 21 48,03000300,0.000000
7002,0,0x10F,STD,8,2026-01-28T18:50:29.162339,03 00 03 00 26 2F 86 3C,03000300,0.000000
7003,0,0x110,STD,8,2026-01-28T18:50:29.175342,03 00 03 00 0D EB 86 48,03000300,0.000000
7004,0,0x10F,STD,8,2026-01-28T18:50:29.243357,03 00 03 00 F6 72 9B 3C,03000300,0.000000
7005,0,0x110,STD,8,2026-01-28T18:50:29.267363,03 00 03 00 23 11 29 48,03000300,0.000000
7006,0,0x10F,STD,8,2026-01-28T18:50:29.313373,03 00 03 00 BE CB 78 3C,03000300,0.000000
7007,0,0x110,STD,8,2026-01-28T18:50:29.337379,03 00 03 00 80 B5 9A 48,03000300,0.000000
7008,0,0x10F,STD,8,2026-01-28T18:50:29.394392,03 00 03 00 24 8D 6C 3C,03000300,0.000000
7009,0,0x110,STD,8,2026-01-28T18:50:29.418397,03 00 03 00 25 C6 53 48,03000300,0.000000
7010,0,0x10F,STD,8,2026-01-28T18:50:29.475410,03 00 03 00 AE E6 B6 3C,03000300,0.000000
7011,0,0x110,STD,8,2026-01-28T18:50:29.499416,03 00 03 00 6C AC 14 48,03000300,0.000000
7012,0,0x10F,STD,8,2026-01-28T18:50:29.556428,03 00 03 00 29 96 86 3C,03000300,0.000000
7013,0,0x110,STD,8,2026-01-28T18:50:29.580433,03 00 03 00 05 D4 34 48,03000300,0.000000
7014,0,0x10F,STD,8,2026-01-28T18:50:29.637446,03 00 03 00 6F C0 8D 3C,03000300,0.000000
7015,0,0x110,STD,8,2026-01-28T18:50:29.661452,03 00 03 00 86 5D 07 48,03000300,0.000000
7016,0,0x10F,STD,8,2026-01-28T18:50:29.718464,03 00 03 00 44 0E 88 3C,03000300,0.000000
7017,0,0x110,STD,8,2026-01-28T18:50:29.742470,03 00 03 00 65 D9 5E 47,03000300,0.000000
7018,0,0x10F,STD,8,2026-01-28T18:50:29.799483,03 00 03 00 DE D9 88 3C,03000300,0.000000
7019,0,0x110,STD,8,2026-01-28T18:50:29.823488,03 00 03 00 2A 0E 2F 48,03000300,0.000000
7020,0,0x10F,STD,8,2026-01-28T18:50:29.880501,03 00 03 00 26 67 98 3C,03000300,0.000000
7021,0,0x110,STD,8,2026-01-28T18:50:29.893504,03 00 03 00 BA A8 0A 48,03000300,0.000000
7022,0,0x10F,STD,8,2026-01-28T18:50:29.928015,03 00 01 00 00 00 00 00,03000100,0.000000
7023,0,0x110,STD,8,2026-01-28T18:50:29.928015,03 00 01 00 00 00 00 00,03000100,0.000000
7024,0,0x110,STD,8,2026-01-28T18:50:29.928015,03 00 02 00 64 09 3C 41,03000200,0.000000
7025,0,0x10F,STD,8,2026-01-28T18:50:29.928015,03 00 01 00 00 00 00 00,03000100,0.000000
7026,0,0x10F,STD,8,2026-01-28T18:50:29.953022,03 00 03 00 22 53 AF 3C,03000300,0.000000
7027,0,0x110,STD,8,2026-01-28T18:50:29.977027,03 00 03 00 A5 E9 46 47,03000300,0.000000
7028,0,0x10F,STD,8,2026-01-28T18:50:30.034040,03 00 03 00 E1 F7 CC 3C,03000300,0.000000
7029,0,0x110,STD,8,2026-01-28T18:50:30.058045,03 00 03 00 99 21 B4 47,03000300,0.000000
7030,0,0x10F,STD,8,2026-01-28T18:50:30.115058,03 00 03 00 FE C7 D2 3C,03000300,0.000000
7031,0,0x110,STD,8,2026-01-28T18:50:30.139063,03 00 03 00 56 76 DE 47,03000300,0.000000
7032,0,0x10F,STD,8,2026-01-28T18:50:30.196076,03 00 03 00 17 DB BD 3C,03000300,0.000000
7033,0,0x110,STD,8,2026-01-28T18:50:30.220082,03 00 03 00 75 E3 90 47,03000300,0.000000
7034,0,0x10F,STD,8,2026-01-28T18:50:30.277094,03 00 03 00 0A C7 E8 3C,03000300,0.000000
7035,0,0x110,STD,8,2026-01-28T18:50:30.300271,03 00 03 00 13 88 F0 47,03000300,0.000000
7036,0,0x10F,STD,8,2026-01-28T18:50:30.377288,03 00 03 00 16 B7 E4 3C,03000300,0.000000
7037,0,0x110,STD,8,2026-01-28T18:50:30.377288,03 00 03 00 5C 74 79 47,03000300,0.000000
7038,0,0x10F,STD,8,2026-01-28T18:50:30.434303,03 00 03 00 3E 15 E5 3C,03000300,0.000000
7039,0,0x110,STD,8,2026-01-28T18:50:30.458309,03 00 03 00 3B 1D C6 47,03000300,0.000000
7040,0,0x10F,STD,8,2026-01-28T18:50:30.515321,03 00 03 00 F1 69 06 3D,03000300,0.000000
7041,0,0x110,STD,8,2026-01-28T18:50:30.539327,03 00 03 00 B8 B0 B8 47,03000300,0.000000
7042,0,0x10F,STD,8,2026-01-28T18:50:30.596340,03 00 03 00 8E 6E 42 3C,03000300,0.000000
7043,0,0x110,STD,8,2026-01-28T18:50:30.619682,03 00 03 00 0A 93 89 47,03000300,0.000000
7044,0,0x10F,STD,8,2026-01-28T18:50:30.676693,03 00 03 00 6A E8 47 3C,03000300,0.000000
7045,0,0x110,STD,8,2026-01-28T18:50:30.700699,03 00 03 00 44 67 D2 47,03000300,0.000000
7046,0,0x10F,STD,8,2026-01-28T18:50:30.757712,03 00 03 00 F5 41 76 3C,03000300,0.000000
7047,0,0x110,STD,8,2026-01-28T18:50:30.770714,03 00 03 00 92 0B 2C 48,03000300,0.000000
7048,0,0x10F,STD,8,2026-01-28T18:50:30.827729,03 00 03 00 0A 82 E0 3B,03000300,0.000000
7049,0,0x110,STD,8,2026-01-28T18:50:30.851733,03 00 03 00 51 F6 6E 47,03000300,0.000000
7050,0,0x10F,STD,8,2026-01-28T18:50:30.908746,03 00 03 00 F4 4E 15 3C,03000300,0.000000
7051,0,0x110,STD,8,2026-01-28T18:50:30.933254,03 00 03 00 63 2B 54 47,03000300,0.000000
7052,0,0x10F,STD,8,2026-01-28T18:50:30.994776,03 00 03 00 CD 3A ED 3B,03000300,0.000000
7053,0,0x110,STD,8,2026-01-28T18:50:31.018782,03 00 03 00 F7 4E 24 48,03000300,0.000000
7054,0,0x110,STD,8,2026-01-28T18:50:31.018782,03 00 01 00 00 00 00 00,03000100,0.000000
7055,0,0x10F,STD,8,2026-01-28T18:50:31.018782,03 00 02 00 64 09 3C 41,03000200,0.000000
7056,0,0x10F,STD,8,2026-01-28T18:50:31.018782,03 00 02 00 E1 F0 43 41,03000200,0.000000
7057,0,0x110,STD,8,2026-01-28T18:50:31.018782,03 00 02 00 E1 F0 43 41,03000200,0.000000
7058,0,0x10F,STD,8,2026-01-28T18:50:31.077796,03 00 03 00 EA 44 19 3C,03000300,0.000000
7059,0,0x110,STD,8,2026-01-28T18:50:31.091799,03 00 03 00 D3 53 4D 48,03000300,0.000000
7060,0,0x10F,STD,8,2026-01-28T18:50:31.147981,03 00 03 00 F5 06 63 3C,03000300,0.000000
7061,0,0x110,STD,8,2026-01-28T18:50:31.171987,03 00 03 00 36 7A 00 48,03000300,0.000000
7062,0,0x10F,STD,8,2026-01-28T18:50:31.228380,03 00 03 00 0F C0 59 3C,03000300,0.000000
7063,0,0x110,STD,8,2026-01-28T18:50:31.251890,03 00 03 00 67 98 51 48,03000300,0.000000
7064,0,0x10F,STD,8,2026-01-28T18:50:31.308903,03 00 03 00 44 6C 65 3C,03000300,0.000000
7065,0,0x110,STD,8,2026-01-28T18:50:31.332625,03 00 03 00 78 10 CA 47,03000300,0.000000
7066,0,0x10F,STD,8,2026-01-28T18:50:31.389141,03 00 03 00 9C 3C DA 3C,03000300,0.000000
7067,0,0x110,STD,8,2026-01-28T18:50:31.413147,03 00 03 00 35 68 F6 47,03000300,0.000000
7068,0,0x10F,STD,8,2026-01-28T18:50:31.470160,03 00 03 00 A0 70 BA 3C,03000300,0.000000
7069,0,0x110,STD,8,2026-01-28T18:50:31.493455,03 00 03 00 DC A2 AB 47,03000300,0.000000
7070,0,0x10F,STD,8,2026-01-28T18:50:31.550193,03 00 03 00 C9 CC 30 3C,03000300,0.000000
7071,0,0x110,STD,8,2026-01-28T18:50:31.574200,03 00 03 00 E9 C9 00 47,03000300,0.000000
7072,0,0x10F,STD,8,2026-01-28T18:50:31.631212,03 00 03 00 D4 39 4B 3C,03000300,0.000000
7073,0,0x110,STD,8,2026-01-28T18:50:31.655218,03 00 03 00 85 32 B8 47,03000300,0.000000
7074,0,0x10F,STD,8,2026-01-28T18:50:31.711284,03 00 03 00 2A B1 00 3C,03000300,0.000000
7075,0,0x110,STD,8,2026-01-28T18:50:31.735291,03 00 03 00 B4 82 7B 47,03000300,0.000000
7076,0,0x10F,STD,8,2026-01-28T18:50:31.792304,03 00 03 00 03 E7 5D 3C,03000300,0.000000
7077,0,0x110,STD,8,2026-01-28T18:50:31.816309,03 00 03 00 06 B4 3E 47,03000300,0.000000
7078,0,0x10F,STD,8,2026-01-28T18:50:31.872941,03 00 03 00 C2 97 28 3C,03000300,0.000000
7079,0,0x110,STD,8,2026-01-28T18:50:31.896946,03 00 03 00 A0 87 8B 47,03000300,0.000000
7080,0,0x10F,STD,8,2026-01-28T18:50:31.942957,03 00 03 00 0C AF 5D 3C,03000300,0.000000
7081,0,0x110,STD,8,2026-01-28T18:50:31.966962,03 00 03 00 66 08 CC 47,03000300,0.000000
7082,0,0x10F,STD,8,2026-01-28T18:50:32.023975,03 00 03 00 31 D9 29 3C,03000300,0.000000
7083,0,0x110,STD,8,2026-01-28T18:50:32.047980,03 00 03 00 4D F9 0E 48,03000300,0.000000
7084,0,0x10F,STD,8,2026-01-28T18:50:32.082988,03 00 01 00 00 00 00 00,03000100,0.000000
7085,0,0x110,STD,8,2026-01-28T18:50:32.082988,03 00 01 00 00 00 00 00,03000100,0.000000
7086,0,0x10F,STD,8,2026-01-28T18:50:32.084989,03 00 02 00 E5 91 3A 41,03000200,0.000000
7087,0,0x110,STD,8,2026-01-28T18:50:32.084989,03 00 02 00 E5 91 3A 41,03000200,0.000000
7088,0,0x10F,STD,8,2026-01-28T18:50:32.108995,03 00 03 00 6A 7B F2 3B,03000300,0.000000
7089,0,0x110,STD,8,2026-01-28T18:50:32.132653,03 00 03 00 3F 6F 9A 48,03000300,0.000000
7090,0,0x10F,STD,8,2026-01-28T18:50:32.189052,03 00 03 00 A8 1E AA 3C,03000300,0.000000
7091,0,0x110,STD,8,2026-01-28T18:50:32.213058,03 00 03 00 C7 4F 72 48,03000300,0.000000
7092,0,0x10F,STD,8,2026-01-28T18:50:32.270071,03 00 03 00 5B 79 9A 3C,03000300,0.000000
7093,0,0x110,STD,8,2026-01-28T18:50:32.294076,03 00 03 00 23 99 DC 47,03000300,0.000000
7094,0,0x10F,STD,8,2026-01-28T18:50:32.368596,03 00 03 00 B4 1E BF 3B,03000300,0.000000
7095,0,0x110,STD,8,2026-01-28T18:50:32.371597,03 00 03 00 09 13 22 48,03000300,0.000000
7096,0,0x10F,STD,8,2026-01-28T18:50:32.428610,03 00 03 00 17 AA 30 3C,03000300,0.000000
7097,0,0x110,STD,8,2026-01-28T18:50:32.452122,03 00 03 00 4D B7 1C 48,03000300,0.000000
7098,0,0x10F,STD,8,2026-01-28T18:50:32.508639,03 00 03 00 63 B7 D1 3B,03000300,0.000000
7099,0,0x110,STD,8,2026-01-28T18:50:32.532150,03 00 03 00 60 C4 A8 47,03000300,0.000000
7100,0,0x10F,STD,8,2026-01-28T18:50:32.588669,03 00 03 00 36 F4 EF 3B,03000300,0.000000
7101,0,0x110,STD,8,2026-01-28T18:50:32.612674,03 00 03 00 4E 45 CC 47,03000300,0.000000
7102,0,0x10F,STD,8,2026-01-28T18:50:32.669687,03 00 03 00 94 E9 36 3C,03000300,0.000000
7103,0,0x110,STD,8,2026-01-28T18:50:32.693195,03 00 03 00 BE F8 28 48,03000300,0.000000
7104,0,0x10F,STD,8,2026-01-28T18:50:32.750208,03 00 03 00 16 8C 7B 3C,03000300,0.000000
7105,0,0x110,STD,8,2026-01-28T18:50:32.762614,03 00 03 00 56 0C 58 47,03000300,0.000000
7106,0,0x10F,STD,8,2026-01-28T18:50:32.829928,03 00 03 00 1F E3 13 3D,03000300,0.000000
7107,0,0x110,STD,8,2026-01-28T18:50:32.853436,03 00 03 00 05 F0 46 47,03000300,0.000000
7108,0,0x10F,STD,8,2026-01-28T18:50:32.899447,03 00 03 00 2B 08 9B 3C,03000300,0.000000
7109,0,0x110,STD,8,2026-01-28T18:50:32.923452,03 00 03 00 67 5A 08 48,03000300,0.000000
7110,0,0x10F,STD,8,2026-01-28T18:50:32.980465,03 00 03 00 8C F7 9B 3C,03000300,0.000000
7111,0,0x110,STD,8,2026-01-28T18:50:33.004470,03 00 03 00 77 C6 02 48,03000300,0.000000
7112,0,0x10F,STD,8,2026-01-28T18:50:33.061483,03 00 03 00 B4 61 EF 3C,03000300,0.000000
7113,0,0x110,STD,8,2026-01-28T18:50:33.085489,03 00 03 00 D3 5D 17 48,03000300,0.000000
7114,0,0x10F,STD,8,2026-01-28T18:50:33.142502,03 00 03 00 F3 66 78 3C,03000300,0.000000
7115,0,0x110,STD,8,2026-01-28T18:50:33.165700,03 00 03 00 7E 19 07 48,03000300,0.000000
7116,0,0x10F,STD,8,2026-01-28T18:50:33.167204,03 00 01 00 00 00 00 00,03000100,0.000000
7117,0,0x110,STD,8,2026-01-28T18:50:33.169205,03 00 01 00 00 00 00 00,03000100,0.000000
7118,0,0x10F,STD,8,2026-01-28T18:50:33.169205,03 00 02 00 78 AD 31 41,03000200,0.000000
7119,0,0x110,STD,8,2026-01-28T18:50:33.169205,03 00 02 00 78 AD 31 41,03000200,0.000000
7120,0,0x10F,STD,8,2026-01-28T18:50:33.226218,03 00 03 00 2E 91 05 3C,03000300,0.000000
7121,0,0x110,STD,8,2026-01-28T18:50:33.250222,03 00 03 00 A6 08 ED 47,03000300,0.000000
7122,0,0x10F,STD,8,2026-01-28T18:50:33.307236,03 00 03 00 A8 27 BA 3C,03000300,0.000000
7123,0,0x110,STD,8,2026-01-28T18:50:33.330850,03 00 03 00 CF 9B 01 48,03000300,0.000000
7124,0,0x10F,STD,8,2026-01-28T18:50:33.387862,03 00 03 00 17 FE 59 3C,03000300,0.000000
7125,0,0x110,STD,8,2026-01-28T18:50:33.400096,03 00 03 00 C1 47 F2 47,03000300,0.000000
7126,0,0x10F,STD,8,2026-01-28T18:50:33.466849,03 00 03 00 C9 E0 DA 3B,03000300,0.000000
7127,0,0x110,STD,8,2026-01-28T18:50:33.490855,03 00 03 00 0B 4C 24 48,03000300,0.000000
7128,0,0x10F,STD,8,2026-01-28T18:50:33.538834,03 00 03 00 7D B5 C7 3C,03000300,0.000000
7129,0,0x110,STD,8,2026-01-28T18:50:33.562840,03 00 03 00 C7 76 FE 47,03000300,0.000000
7130,0,0x10F,STD,8,2026-01-28T18:50:33.618838,03 00 03 00 45 24 E2 3C,03000300,0.000000
7131,0,0x110,STD,8,2026-01-28T18:50:33.642844,03 00 03 00 2C A4 51 48,03000300,0.000000
7132,0,0x10F,STD,8,2026-01-28T18:50:33.700451,03 00 03 00 52 DD 05 3C,03000300,0.000000
7133,0,0x110,STD,8,2026-01-28T18:50:33.724456,03 00 03 00 74 53 EB 47,03000300,0.000000
7134,0,0x10F,STD,8,2026-01-28T18:50:33.781469,03 00 03 00 A7 65 33 3C,03000300,0.000000
7135,0,0x110,STD,8,2026-01-28T18:50:33.804743,03 00 03 00 CF CC 5D 48,03000300,0.000000
7136,0,0x10F,STD,8,2026-01-28T18:50:33.860811,03 00 03 00 06 95 4D 3C,03000300,0.000000
7137,0,0x110,STD,8,2026-01-28T18:50:33.884817,03 00 03 00 CB 43 9E 48,03000300,0.000000
7138,0,0x10F,STD,8,2026-01-28T18:50:33.941583,03 00 03 00 CB B0 FD 3B,03000300,0.000000
7139,0,0x110,STD,8,2026-01-28T18:50:33.971589,03 00 03 00 53 92 83 48,03000300,0.000000
7140,0,0x10F,STD,8,2026-01-28T18:50:34.017600,03 00 03 00 EB 50 8B 3C,03000300,0.000000
7141,0,0x110,STD,8,2026-01-28T18:50:34.041605,03 00 03 00 E2 70 79 48,03000300,0.000000
7142,0,0x10F,STD,8,2026-01-28T18:50:34.098618,03 00 03 00 CA 1F 68 3C,03000300,0.000000
7143,0,0x110,STD,8,2026-01-28T18:50:34.122623,03 00 03 00 5D 81 63 48,03000300,0.000000
7144,0,0x10F,STD,8,2026-01-28T18:50:34.179636,03 00 03 00 E8 E4 F3 3C,03000300,0.000000
7145,0,0x110,STD,8,2026-01-28T18:50:34.203642,03 00 03 00 1F 1A 45 48,03000300,0.000000
7146,0,0x10F,STD,8,2026-01-28T18:50:34.260654,03 00 03 00 50 14 8F 3C,03000300,0.000000
7147,0,0x10F,STD,8,2026-01-28T18:50:34.260654,03 00 01 00 00 00 00 00,03000100,0.000000
7148,0,0x110,STD,8,2026-01-28T18:50:34.260654,03 00 01 00 00 00 00 00,03000100,0.000000
7149,0,0x110,STD,8,2026-01-28T18:50:34.260654,03 00 01 00 00 00 00 00,03000100,0.000000
7150,0,0x10F,STD,8,2026-01-28T18:50:34.260654,03 00 02 00 68 43 46 41,03000200,0.000000
7151,0,0x110,STD,8,2026-01-28T18:50:34.285660,03 00 03 00 83 1D 56 48,03000300,0.000000
7152,0,0x10F,STD,8,2026-01-28T18:50:34.342176,03 00 03 00 A7 DE E7 3B,03000300,0.000000
7153,0,0x110,STD,8,2026-01-28T18:50:34.373687,03 00 03 00 1E 57 57 48,03000300,0.000000
7154,0,0x10F,STD,8,2026-01-28T18:50:34.419698,03 00 03 00 96 56 6A 3C,03000300,0.000000
7155,0,0x110,STD,8,2026-01-28T18:50:34.443703,03 00 03 00 38 96 ED 47,03000300,0.000000
7156,0,0x10F,STD,8,2026-01-28T18:50:34.500716,03 00 03 00 62 C9 53 3C,03000300,0.000000
7157,0,0x110,STD,8,2026-01-28T18:50:34.524722,03 00 03 00 0E F7 0E 48,03000300,0.000000
7158,0,0x10F,STD,8,2026-01-28T18:50:34.581734,03 00 03 00 02 13 21 3C,03000300,0.000000
7159,0,0x110,STD,8,2026-01-28T18:50:34.605740,03 00 03 00 23 D4 C5 47,03000300,0.000000
7160,0,0x10F,STD,8,2026-01-28T18:50:34.662753,03 00 03 00 B4 53 E7 3B,03000300,0.000000
7161,0,0x110,STD,8,2026-01-28T18:50:34.686758,03 00 03 00 91 8D 0B 48,03000300,0.000000
7162,0,0x10F,STD,8,2026-01-28T18:50:34.732769,03 00 03 00 3F A5 2E 3C,03000300,0.000000
7163,0,0x110,STD,8,2026-01-28T18:50:34.756774,03 00 03 00 2C B7 D2 47,03000300,0.000000
7164,0,0x10F,STD,8,2026-01-28T18:50:34.813787,03 00 03 00 27 2A 81 3C,03000300,0.000000
7165,0,0x110,STD,8,2026-01-28T18:50:34.837792,03 00 03 00 77 BC 93 47,03000300,0.000000
7166,0,0x10F,STD,8,2026-01-28T18:50:34.894805,03 00 03 00 0C 62 AB 3C,03000300,0.000000
7167,0,0x110,STD,8,2026-01-28T18:50:34.918810,03 00 03 00 BD 16 01 48,03000300,0.000000
7168,0,0x10F,STD,8,2026-01-28T18:50:34.975823,03 00 03 00 CE 2C DE 3B,03000300,0.000000
7169,0,0x110,STD,8,2026-01-28T18:50:34.999829,03 00 03 00 F1 A4 AF 47,03000300,0.000000
7170,0,0x10F,STD,8,2026-01-28T18:50:35.056842,03 00 03 00 F3 76 A3 3C,03000300,0.000000
7171,0,0x110,STD,8,2026-01-28T18:50:35.080847,03 00 03 00 2A 58 CC 47,03000300,0.000000
7172,0,0x10F,STD,8,2026-01-28T18:50:35.137859,03 00 03 00 F6 92 85 3C,03000300,0.000000
7173,0,0x110,STD,8,2026-01-28T18:50:35.161865,03 00 03 00 8F 90 C8 47,03000300,0.000000
7174,0,0x10F,STD,8,2026-01-28T18:50:35.218878,03 00 03 00 63 A1 0E 3C,03000300,0.000000
7175,0,0x110,STD,8,2026-01-28T18:50:35.242883,03 00 03 00 95 06 17 47,03000300,0.000000
7176,0,0x10F,STD,8,2026-01-28T18:50:35.300896,03 00 03 00 CB 04 0C 3C,03000300,0.000000
7177,0,0x110,STD,8,2026-01-28T18:50:35.324902,03 00 03 00 9D 13 16 48,03000300,0.000000
7178,0,0x110,STD,8,2026-01-28T18:50:35.359910,03 00 02 00 68 43 46 41,03000200,0.000000
7179,0,0x10F,STD,8,2026-01-28T18:50:35.359910,03 00 01 00 00 00 00 00,03000100,0.000000
7180,0,0x10F,STD,8,2026-01-28T18:50:35.359910,03 00 02 00 2F 59 44 41,03000200,0.000000
7181,0,0x110,STD,8,2026-01-28T18:50:35.359910,03 00 02 00 2F 59 44 41,03000200,0.000000
7182,0,0x10F,STD,8,2026-01-28T18:50:35.372912,03 00 03 00 B2 10 10 3C,03000300,0.000000
7183,0,0x110,STD,8,2026-01-28T18:50:35.396443,03 00 03 00 E9 5D 55 48,03000300,0.000000
7184,0,0x10F,STD,8,2026-01-28T18:50:35.453456,03 00 03 00 A5 29 F9 3C,03000300,0.000000
7185,0,0x110,STD,8,2026-01-28T18:50:35.477462,03 00 03 00 DB 39 06 48,03000300,0.000000
7186,0,0x10F,STD,8,2026-01-28T18:50:35.534475,03 00 03 00 CE 7B D1 3C,03000300,0.000000
7187,0,0x110,STD,8,2026-01-28T18:50:35.558480,03 00 03 00 14 6D 09 48,03000300,0.000000
7188,0,0x10F,STD,8,2026-01-28T18:50:35.615493,03 00 03 00 18 ED EE 3C,03000300,0.000000
7189,0,0x110,STD,8,2026-01-28T18:50:35.639498,03 00 03 00 10 5F 26 48,03000300,0.000000
7190,0,0x10F,STD,8,2026-01-28T18:50:35.696043,03 00 03 00 61 50 0F 3D,03000300,0.000000
7191,0,0x110,STD,8,2026-01-28T18:50:35.720049,03 00 03 00 E3 F8 C3 47,03000300,0.000000
7192,0,0x10F,STD,8,2026-01-28T18:50:35.777061,03 00 03 00 8B 87 B1 3C,03000300,0.000000
7193,0,0x110,STD,8,2026-01-28T18:50:35.800570,03 00 03 00 D7 AA 8D 48,03000300,0.000000
7194,0,0x10F,STD,8,2026-01-28T18:50:35.857582,03 00 03 00 1D C1 C3 3C,03000300,0.000000
7195,0,0x110,STD,8,2026-01-28T18:50:35.881588,03 00 03 00 17 B9 1B 48,03000300,0.000000
7196,0,0x10F,STD,8,2026-01-28T18:50:35.927598,03 00 03 00 2E FD 23 3C,03000300,0.000000
7197,0,0x110,STD,8,2026-01-28T18:50:35.962606,03 00 03 00 AA A8 5F 48,03000300,0.000000
7198,0,0x10F,STD,8,2026-01-28T18:50:36.008119,03 00 03 00 9B B7 A1 3B,03000300,0.000000
7199,0,0x110,STD,8,2026-01-28T18:50:36.032125,03 00 03 00 1E 89 84 48,03000300,0.000000
7200,0,0x10F,STD,8,2026-01-28T18:50:36.089138,03 00 03 00 2C ED 67 3C,03000300,0.000000
7201,0,0x110,STD,8,2026-01-28T18:50:36.124145,03 00 03 00 41 D0 BC 47,03000300,0.000000
7202,0,0x10F,STD,8,2026-01-28T18:50:36.169679,03 00 03 00 AD AB D2 3C,03000300,0.000000
7203,0,0x110,STD,8,2026-01-28T18:50:36.193684,03 00 03 00 D8 B2 4C 47,03000300,0.000000
7204,0,0x10F,STD,8,2026-01-28T18:50:36.250697,03 00 03 00 CF C5 26 3C,03000300,0.000000
7205,0,0x110,STD,8,2026-01-28T18:50:36.274276,03 00 03 00 D1 28 1C 48,03000300,0.000000
7206,0,0x10F,STD,8,2026-01-28T18:50:36.330794,03 00 03 00 88 D3 5A 3C,03000300,0.000000
7207,0,0x110,STD,8,2026-01-28T18:50:36.363801,03 00 03 00 DE EE EA 47,03000300,0.000000
7208,0,0x10F,STD,8,2026-01-28T18:50:36.409812,03 00 03 00 5F E0 88 3C,03000300,0.000000
7209,0,0x110,STD,8,2026-01-28T18:50:36.433817,03 00 03 00 BF 70 E5 46,03000300,0.000000
7210,0,0x10F,STD,8,2026-01-28T18:50:36.433817,03 00 01 00 00 00 00 00,03000100,0.000000
7211,0,0x110,STD,8,2026-01-28T18:50:36.433817,03 00 01 00 00 00 00 00,03000100,0.000000
7212,0,0x10F,STD,8,2026-01-28T18:50:36.433817,03 00 02 00 2F 59 44 41,03000200,0.000000
7213,0,0x110,STD,8,2026-01-28T18:50:36.433817,03 00 02 00 2F 59 44 41,03000200,0.000000
7214,0,0x10F,STD,8,2026-01-28T18:50:36.490665,03 00 03 00 08 71 20 3C,03000300,0.000000
7215,0,0x110,STD,8,2026-01-28T18:50:36.514671,03 00 03 00 64 86 76 47,03000300,0.000000
7216,0,0x10F,STD,8,2026-01-28T18:50:36.571684,03 00 03 00 8F A1 79 3C,03000300,0.000000
7217,0,0x110,STD,8,2026-01-28T18:50:36.595689,03 00 03 00 AD 55 2F 47,03000300,0.000000
7218,0,0x10F,STD,8,2026-01-28T18:50:36.652080,03 00 03 00 10 46 2D 3C,03000300,0.000000
7219,0,0x110,STD,8,2026-01-28T18:50:36.675589,03 00 03 00 6E B8 F1 47,03000300,0.000000
7220,0,0x10F,STD,8,2026-01-28T18:50:36.731608,03 00 03 00 2F A2 7D 3C,03000300,0.000000
7221,0,0x110,STD,8,2026-01-28T18:50:36.755615,03 00 03 00 55 7A 14 48,03000300,0.000000
7222,0,0x10F,STD,8,2026-01-28T18:50:36.812629,03 00 03 00 25 2A 07 3C,03000300,0.000000
7223,0,0x110,STD,8,2026-01-28T18:50:36.836634,03 00 03 00 65 FE 84 47,03000300,0.000000
7224,0,0x10F,STD,8,2026-01-28T18:50:36.893111,03 00 03 00 B4 41 33 3C,03000300,0.000000
7225,0,0x110,STD,8,2026-01-28T18:50:36.917116,03 00 03 00 E6 5B 59 47,03000300,0.000000
7226,0,0x10F,STD,8,2026-01-28T18:50:36.972129,03 00 03 00 F1 31 91 3C,03000300,0.000000
7227,0,0x110,STD,8,2026-01-28T18:50:36.996134,03 00 03 00 14 62 52 48,03000300,0.000000
7228,0,0x10F,STD,8,2026-01-28T18:50:37.052583,03 00 03 00 A5 46 05 3D,03000300,0.000000
7229,0,0x110,STD,8,2026-01-28T18:50:37.076590,03 00 03 00 16 9B 49 48,03000300,0.000000
7230,0,0x10F,STD,8,2026-01-28T18:50:37.133602,03 00 03 00 9B 53 FE 3C,03000300,0.000000
7231,0,0x110,STD,8,2026-01-28T18:50:37.157607,03 00 03 00 72 A2 51 48,03000300,0.000000
7232,0,0x10F,STD,8,2026-01-28T18:50:37.214620,03 00 03 00 13 96 1D 3C,03000300,0.000000
7233,0,0x110,STD,8,2026-01-28T18:50:37.227623,03 00 03 00 39 5F 6A 48,03000300,0.000000
7234,0,0x10F,STD,8,2026-01-28T18:50:37.284636,03 00 03 00 B0 17 6A 3C,03000300,0.000000
7235,0,0x110,STD,8,2026-01-28T18:50:37.308641,03 00 03 00 22 84 B6 47,03000300,0.000000
7236,0,0x10F,STD,8,2026-01-28T18:50:37.365654,03 00 03 00 57 7F 07 3C,03000300,0.000000
7237,0,0x110,STD,8,2026-01-28T18:50:37.389660,03 00 03 00 2D 80 7C 47,03000300,0.000000
7238,0,0x10F,STD,8,2026-01-28T18:50:37.446672,03 00 03 00 40 31 AA 3C,03000300,0.000000
7239,0,0x110,STD,8,2026-01-28T18:50:37.470678,03 00 03 00 12 A3 C1 47,03000300,0.000000
7240,0,0x10F,STD,8,2026-01-28T18:50:37.527691,03 00 03 00 1A 14 57 3C,03000300,0.000000
7241,0,0x10F,STD,8,2026-01-28T18:50:37.540694,03 00 01 00 00 00 00 00,03000100,0.000000
7242,0,0x110,STD,8,2026-01-28T18:50:37.540694,03 00 01 00 00 00 00 00,03000100,0.000000
7243,0,0x10F,STD,8,2026-01-28T18:50:37.540694,03 00 02 00 F5 D5 2E 41,03000200,0.000000
7244,0,0x110,STD,8,2026-01-28T18:50:37.540694,03 00 02 00 F5 D5 2E 41,03000200,0.000000
7245,0,0x110,STD,8,2026-01-28T18:50:37.553696,03 00 03 00 98 12 8E 47,03000300,0.000000
7246,0,0x10F,STD,8,2026-01-28T18:50:37.610710,03 00 03 00 CA AE 85 3C,03000300,0.000000
7247,0,0x110,STD,8,2026-01-28T18:50:37.634715,03 00 03 00 96 12 EF 46,03000300,0.000000
7248,0,0x10F,STD,8,2026-01-28T18:50:37.691729,03 00 03 00 4A 0C 39 3C,03000300,0.000000
7249,0,0x110,STD,8,2026-01-28T18:50:37.715733,03 00 03 00 82 7D 8F 47,03000300,0.000000
7250,0,0x10F,STD,8,2026-01-28T18:50:37.761745,03 00 03 00 3A A6 97 3C,03000300,0.000000
7251,0,0x110,STD,8,2026-01-28T18:50:37.785749,03 00 03 00 15 E1 00 48,03000300,0.000000
7252,0,0x10F,STD,8,2026-01-28T18:50:37.842762,03 00 03 00 CA 58 A0 3C,03000300,0.000000
7253,0,0x110,STD,8,2026-01-28T18:50:37.866767,03 00 03 00 35 FD 32 48,03000300,0.000000
7254,0,0x10F,STD,8,2026-01-28T18:50:37.923780,03 00 03 00 CB AE 3C 3C,03000300,0.000000
7255,0,0x110,STD,8,2026-01-28T18:50:37.947785,03 00 03 00 BE B6 DE 47,03000300,0.000000
7256,0,0x10F,STD,8,2026-01-28T18:50:38.004798,03 00 03 00 8C EE 87 3C,03000300,0.000000
7257,0,0x110,STD,8,2026-01-28T18:50:38.028306,03 00 03 00 41 AC F2 46,03000300,0.000000
7258,0,0x10F,STD,8,2026-01-28T18:50:38.089320,03 00 03 00 BA 2A 6D 3C,03000300,0.000000
7259,0,0x110,STD,8,2026-01-28T18:50:38.114325,03 00 03 00 AB C1 59 47,03000300,0.000000
7260,0,0x10F,STD,8,2026-01-28T18:50:38.160336,03 00 03 00 B4 AF 7A 3C,03000300,0.000000
7261,0,0x110,STD,8,2026-01-28T18:50:38.195345,03 00 03 00 D7 83 F6 47,03000300,0.000000
7262,0,0x10F,STD,8,2026-01-28T18:50:38.241030,03 00 03 00 81 B9 82 3C,03000300,0.000000
7263,0,0x110,STD,8,2026-01-28T18:50:38.265035,03 00 03 00 AA 05 F8 47,03000300,0.000000
7264,0,0x10F,STD,8,2026-01-28T18:50:38.322048,03 00 03 00 B7 52 18 3C,03000300,0.000000
7265,0,0x110,STD,8,2026-01-28T18:50:38.346053,03 00 03 00 2C 84 8C 47,03000300,0.000000
7266,0,0x10F,STD,8,2026-01-28T18:50:38.409027,03 00 03 00 85 AB 5C 3C,03000300,0.000000
7267,0,0x110,STD,8,2026-01-28T18:50:38.433032,03 00 03 00 AD 98 41 47,03000300,0.000000
7268,0,0x10F,STD,8,2026-01-28T18:50:38.489452,03 00 03 00 6A 46 92 3C,03000300,0.000000
7269,0,0x110,STD,8,2026-01-28T18:50:38.502455,03 00 03 00 91 64 F0 47,03000300,0.000000
7270,0,0x10F,STD,8,2026-01-28T18:50:38.559034,03 00 03 00 EF 22 26 3C,03000300,0.000000
7271,0,0x110,STD,8,2026-01-28T18:50:38.583040,03 00 03 00 40 E7 1A 48,03000300,0.000000
7272,0,0x10F,STD,8,2026-01-28T18:50:38.629051,03 00 01 00 00 00 00 00,03000100,0.000000
7273,0,0x110,STD,8,2026-01-28T18:50:38.629051,03 00 01 00 00 00 00 00,03000100,0.000000
7274,0,0x10F,STD,8,2026-01-28T18:50:38.629051,03 00 02 00 2C 39 29 41,03000200,0.000000
7275,0,0x110,STD,8,2026-01-28T18:50:38.642053,03 00 02 00 2C 39 29 41,03000200,0.000000
7276,0,0x10F,STD,8,2026-01-28T18:50:38.642053,03 00 03 00 AE D0 13 3C,03000300,0.000000
7277,0,0x110,STD,8,2026-01-28T18:50:38.666059,03 00 03 00 51 D1 09 48,03000300,0.000000
7278,0,0x10F,STD,8,2026-01-28T18:50:38.723072,03 00 03 00 5A 61 AC 3C,03000300,0.000000
7279,0,0x110,STD,8,2026-01-28T18:50:38.747077,03 00 03 00 B0 3A 48 48,03000300,0.000000
7280,0,0x10F,STD,8,2026-01-28T18:50:38.804042,03 00 03 00 EC CD EF 3C,03000300,0.000000
7281,0,0x110,STD,8,2026-01-28T18:50:38.828048,03 00 03 00 B5 61 4D 48,03000300,0.000000
7282,0,0x10F,STD,8,2026-01-28T18:50:38.884528,03 00 03 00 1E EE 8E 3C,03000300,0.000000
7283,0,0x110,STD,8,2026-01-28T18:50:38.907841,03 00 03 00 07 C3 2E 48,03000300,0.000000
7284,0,0x10F,STD,8,2026-01-28T18:50:38.964854,03 00 03 00 8C 2F D9 3C,03000300,0.000000
7285,0,0x110,STD,8,2026-01-28T18:50:38.988859,03 00 03 00 B8 43 8F 48,03000300,0.000000
7286,0,0x10F,STD,8,2026-01-28T18:50:39.045872,03 00 03 00 49 5B 2A 3C,03000300,0.000000
7287,0,0x110,STD,8,2026-01-28T18:50:39.068898,03 00 03 00 94 FD 2E 48,03000300,0.000000
7288,0,0x10F,STD,8,2026-01-28T18:50:39.125911,03 00 03 00 80 E7 B0 3C,03000300,0.000000
7289,0,0x110,STD,8,2026-01-28T18:50:39.149916,03 00 03 00 38 F9 CA 47,03000300,0.000000
7290,0,0x10F,STD,8,2026-01-28T18:50:39.206928,03 00 03 00 F7 15 2F 3C,03000300,0.000000
7291,0,0x110,STD,8,2026-01-28T18:50:39.230934,03 00 03 00 B6 2D 48 47,03000300,0.000000
7292,0,0x10F,STD,8,2026-01-28T18:50:39.276945,03 00 03 00 D2 2B 8D 3C,03000300,0.000000
7293,0,0x110,STD,8,2026-01-28T18:50:39.300950,03 00 03 00 45 5C 5D 47,03000300,0.000000
7294,0,0x10F,STD,8,2026-01-28T18:50:39.357963,03 00 03 00 C6 3A E3 3C,03000300,0.000000
7295,0,0x110,STD,8,2026-01-28T18:50:39.381969,03 00 03 00 36 15 AB 47,03000300,0.000000
7296,0,0x10F,STD,8,2026-01-28T18:50:39.438981,03 00 03 00 0D DE DB 3C,03000300,0.000000
7297,0,0x110,STD,8,2026-01-28T18:50:39.462988,03 00 03 00 3B A5 8D 47,03000300,0.000000
7298,0,0x10F,STD,8,2026-01-28T18:50:39.520000,03 00 03 00 86 FD 05 3D,03000300,0.000000
7299,0,0x110,STD,8,2026-01-28T18:50:39.544005,03 00 03 00 68 E5 DE 47,03000300,0.000000
7300,0,0x10F,STD,8,2026-01-28T18:50:39.601018,03 00 03 00 97 75 56 3C,03000300,0.000000
7301,0,0x110,STD,8,2026-01-28T18:50:39.625024,03 00 03 00 C1 30 44 48,03000300,0.000000
7302,0,0x10F,STD,8,2026-01-28T18:50:39.682037,03 00 03 00 AB 9C A4 3C,03000300,0.000000
7303,0,0x110,STD,8,2026-01-28T18:50:39.706041,03 00 03 00 A4 A0 39 48,03000300,0.000000
7304,0,0x10F,STD,8,2026-01-28T18:50:39.730047,03 00 01 00 00 00 00 00,03000100,0.000000
7305,0,0x110,STD,8,2026-01-28T18:50:39.730047,03 00 01 00 00 00 00 00,03000100,0.000000
7306,0,0x10F,STD,8,2026-01-28T18:50:39.730047,03 00 02 00 F2 54 2B 41,03000200,0.000000
7307,0,0x110,STD,8,2026-01-28T18:50:39.730047,03 00 02 00 F2 54 2B 41,03000200,0.000000
7308,0,0x10F,STD,8,2026-01-28T18:50:39.754052,03 00 03 00 BF 59 33 3C,03000300,0.000000
7309,0,0x110,STD,8,2026-01-28T18:50:39.778058,03 00 03 00 CD 9E 74 48,03000300,0.000000
7310,0,0x10F,STD,8,2026-01-28T18:50:39.835071,03 00 03 00 CD F7 D7 3C,03000300,0.000000
7311,0,0x110,STD,8,2026-01-28T18:50:39.859075,03 00 03 00 0A 2A 47 48,03000300,0.000000
7312,0,0x10F,STD,8,2026-01-28T18:50:39.916089,03 00 03 00 FB 6E 83 3C,03000300,0.000000
7313,0,0x110,STD,8,2026-01-28T18:50:39.940094,03 00 03 00 AF 07 87 48,03000300,0.000000
7314,0,0x10F,STD,8,2026-01-28T18:50:39.999108,03 00 03 00 1B 4D 0D 3D,03000300,0.000000
7315,0,0x110,STD,8,2026-01-28T18:50:40.023113,03 00 03 00 46 FF 23 48,03000300,0.000000
7316,0,0x10F,STD,8,2026-01-28T18:50:40.080126,03 00 03 00 8B 17 0D 3D,03000300,0.000000
7317,0,0x110,STD,8,2026-01-28T18:50:40.104131,03 00 03 00 40 5C E2 47,03000300,0.000000
7318,0,0x10F,STD,8,2026-01-28T18:50:40.161144,03 00 03 00 B9 1E 65 3C,03000300,0.000000
7319,0,0x110,STD,8,2026-01-28T18:50:40.185149,03 00 03 00 5B C9 32 48,03000300,0.000000
7320,0,0x10F,STD,8,2026-01-28T18:50:40.242162,03 00 03 00 8B CE E7 3C,03000300,0.000000
7321,0,0x110,STD,8,2026-01-28T18:50:40.266168,03 00 03 00 7B 75 A9 47,03000300,0.000000
7322,0,0x10F,STD,8,2026-01-28T18:50:40.312178,03 00 03 00 83 CD 57 3C,03000300,0.000000
7323,0,0x110,STD,8,2026-01-28T18:50:40.336183,03 00 03 00 B2 5C 3D 47,03000300,0.000000
7324,0,0x10F,STD,8,2026-01-28T18:50:40.392965,03 00 03 00 22 D4 A5 3C,03000300,0.000000
7325,0,0x110,STD,8,2026-01-28T18:50:40.416970,03 00 03 00 20 DA 56 47,03000300,0.000000
7326,0,0x10F,STD,8,2026-01-28T18:50:40.473983,03 00 03 00 20 12 B3 3C,03000300,0.000000
7327,0,0x110,STD,8,2026-01-28T18:50:40.497988,03 00 03 00 30 09 FE 47,03000300,0.000000
7328,0,0x10F,STD,8,2026-01-28T18:50:40.555001,03 00 03 00 CD 81 B0 3C,03000300,0.000000
7329,0,0x110,STD,8,2026-01-28T18:50:40.579006,03 00 03 00 AF 33 A6 47,03000300,0.000000
7330,0,0x10F,STD,8,2026-01-28T18:50:40.636020,03 00 03 00 FA 9D AB 3C,03000300,0.000000
7331,0,0x110,STD,8,2026-01-28T18:50:40.660025,03 00 03 00 0A 47 77 48,03000300,0.000000
7332,0,0x10F,STD,8,2026-01-28T18:50:40.717038,03 00 03 00 37 82 B4 3C,03000300,0.000000
7333,0,0x110,STD,8,2026-01-28T18:50:40.740546,03 00 03 00 A7 C6 69 48,03000300,0.000000
7334,0,0x10F,STD,8,2026-01-28T18:50:40.797559,03 00 03 00 7E 81 E0 3C,03000300,0.000000
7335,0,0x10F,STD,8,2026-01-28T18:50:40.797559,03 00 01 00 00 00 00 00,03000100,0.000000
7336,0,0x110,STD,8,2026-01-28T18:50:40.799560,03 00 01 00 00 00 00 00,03000100,0.000000
7337,0,0x10F,STD,8,2026-01-28T18:50:40.799560,03 00 02 00 6D 19 2A 41,03000200,0.000000
7338,0,0x110,STD,8,2026-01-28T18:50:40.799560,03 00 02 00 6D 19 2A 41,03000200,0.000000
7339,0,0x110,STD,8,2026-01-28T18:50:40.823566,03 00 03 00 6E 89 0E 48,03000300,0.000000
7340,0,0x10F,STD,8,2026-01-28T18:50:40.880081,03 00 03 00 24 64 46 3C,03000300,0.000000
7341,0,0x110,STD,8,2026-01-28T18:50:40.904087,03 00 03 00 3D 23 08 48,03000300,0.000000
7342,0,0x10F,STD,8,2026-01-28T18:50:40.950097,03 00 03 00 1A FE 00 3D,03000300,0.000000
7343,0,0x110,STD,8,2026-01-28T18:50:40.974102,03 00 03 00 83 35 2D 47,03000300,0.000000
7344,0,0x10F,STD,8,2026-01-28T18:50:41.031115,03 00 03 00 22 75 57 3C,03000300,0.000000
7345,0,0x110,STD,8,2026-01-28T18:50:41.055121,03 00 03 00 F5 E7 67 47,03000300,0.000000
7346,0,0x10F,STD,8,2026-01-28T18:50:41.112134,03 00 03 00 B6 1F 3E 3C,03000300,0.000000
7347,0,0x110,STD,8,2026-01-28T18:50:41.136139,03 00 03 00 F1 91 90 47,03000300,0.000000
7348,0,0x10F,STD,8,2026-01-28T18:50:41.193152,03 00 03 00 17 A0 1F 3C,03000300,0.000000
7349,0,0x110,STD,8,2026-01-28T18:50:41.217157,03 00 03 00 A5 F1 DE 47,03000300,0.000000
7350,0,0x10F,STD,8,2026-01-28T18:50:41.273458,03 00 03 00 7C 95 DF 3B,03000300,0.000000
7351,0,0x110,STD,8,2026-01-28T18:50:41.297463,03 00 03 00 25 5B 08 48,03000300,0.000000
7352,0,0x10F,STD,8,2026-01-28T18:50:41.354476,03 00 03 00 88 B3 E1 3B,03000300,0.000000
7353,0,0x110,STD,8,2026-01-28T18:50:41.378069,03 00 03 00 A3 29 F6 47,03000300,0.000000
7354,0,0x10F,STD,8,2026-01-28T18:50:41.434384,03 00 03 00 3B 49 48 3C,03000300,0.000000
7355,0,0x110,STD,8,2026-01-28T18:50:41.458390,03 00 03 00 73 48 B8 47,03000300,0.000000
7356,0,0x10F,STD,8,2026-01-28T18:50:41.514711,03 00 03 00 50 77 97 3C,03000300,0.000000
7357,0,0x110,STD,8,2026-01-28T18:50:41.538221,03 00 03 00 CB 72 84 47,03000300,0.000000
7358,0,0x10F,STD,8,2026-01-28T18:50:41.594740,03 00 03 00 26 3C 5F 3C,03000300,0.000000
7359,0,0x110,STD,8,2026-01-28T18:50:41.618250,03 00 03 00 DF 90 6A 47,03000300,0.000000
7360,0,0x10F,STD,8,2026-01-28T18:50:41.674940,03 00 03 00 AD 7A B7 3B,03000300,0.000000
7361,0,0x110,STD,8,2026-01-28T18:50:41.690943,03 00 03 00 5C BB 56 47,03000300,0.000000
7362,0,0x10F,STD,8,2026-01-28T18:50:41.747956,03 00 03 00 36 1C 26 3C,03000300,0.000000
7363,0,0x110,STD,8,2026-01-28T18:50:41.771338,03 00 03 00 F2 F5 7B 47,03000300,0.000000
7364,0,0x10F,STD,8,2026-01-28T18:50:41.839353,03 00 03 00 A6 15 83 3C,03000300,0.000000
7365,0,0x110,STD,8,2026-01-28T18:50:41.851936,03 00 03 00 63 6B CA 47,03000300,0.000000
7366,0,0x10F,STD,8,2026-01-28T18:50:41.908950,03 00 01 00 00 00 00 00,03000100,0.000000
7367,0,0x110,STD,8,2026-01-28T18:50:41.908950,03 00 01 00 00 00 00 00,03000100,0.000000
7368,0,0x10F,STD,8,2026-01-28T18:50:41.908950,03 00 01 00 00 00 00 00,03000100,0.000000
7369,0,0x110,STD,8,2026-01-28T18:50:41.908950,03 00 01 00 00 00 00 00,03000100,0.000000
7370,0,0x110,STD,8,2026-01-28T18:50:41.908950,03 00 01 00 00 00 00 00,03000100,0.000000
7371,0,0x110,STD,8,2026-01-28T18:50:41.933956,03 00 03 00 DC BF 0B 48,03000300,0.000000
7372,0,0x10F,STD,8,2026-01-28T18:50:41.990969,03 00 03 00 C7 7E 19 3D,03000300,0.000000
7373,0,0x110,STD,8,2026-01-28T18:50:42.014325,03 00 03 00 F2 81 04 48,03000300,0.000000
7374,0,0x10F,STD,8,2026-01-28T18:50:42.071337,03 00 03 00 0C 5F 42 3C,03000300,0.000000
7375,0,0x110,STD,8,2026-01-28T18:50:42.095342,03 00 03 00 82 AA DC 47,03000300,0.000000
7376,0,0x10F,STD,8,2026-01-28T18:50:42.151860,03 00 03 00 1F 62 96 3C,03000300,0.000000
7377,0,0x110,STD,8,2026-01-28T18:50:42.175865,03 00 03 00 1A 23 F3 47,03000300,0.000000
7378,0,0x10F,STD,8,2026-01-28T18:50:42.232879,03 00 03 00 6A E3 65 3C,03000300,0.000000
7379,0,0x110,STD,8,2026-01-28T18:50:42.256388,03 00 03 00 CC F3 E8 47,03000300,0.000000
7380,0,0x10F,STD,8,2026-01-28T18:50:42.313400,03 00 03 00 08 F3 63 3C,03000300,0.000000
7381,0,0x110,STD,8,2026-01-28T18:50:42.337405,03 00 03 00 20 26 2F 47,03000300,0.000000
7382,0,0x10F,STD,8,2026-01-28T18:50:42.391418,03 00 03 00 5F 5C 0D 3D,03000300,0.000000
7383,0,0x110,STD,8,2026-01-28T18:50:42.415423,03 00 03 00 3B 10 45 47,03000300,0.000000
7384,0,0x10F,STD,8,2026-01-28T18:50:42.472436,03 00 03 00 94 A8 A8 3C,03000300,0.000000
7385,0,0x110,STD,8,2026-01-28T18:50:42.495905,03 00 03 00 AB 2B 92 47,03000300,0.000000
7386,0,0x10F,STD,8,2026-01-28T18:50:42.552812,03 00 03 00 8F E6 59 3C,03000300,0.000000
7387,0,0x110,STD,8,2026-01-28T18:50:42.576817,03 00 03 00 1D 95 0F 47,03000300,0.000000
7388,0,0x10F,STD,8,2026-01-28T18:50:42.633831,03 00 03 00 12 8F 53 3C,03000300,0.000000
7389,0,0x110,STD,8,2026-01-28T18:50:42.657836,03 00 03 00 B1 BB A9 47,03000300,0.000000
7390,0,0x10F,STD,8,2026-01-28T18:50:42.703847,03 00 03 00 2C 20 B4 3C,03000300,0.000000
7391,0,0x110,STD,8,2026-01-28T18:50:42.727852,03 00 03 00 69 89 E6 46,03000300,0.000000
7392,0,0x10F,STD,8,2026-01-28T18:50:42.784865,03 00 03 00 82 F6 DA 3C,03000300,0.000000
7393,0,0x110,STD,8,2026-01-28T18:50:42.808870,03 00 03 00 67 BD 57 47,03000300,0.000000
7394,0,0x10F,STD,8,2026-01-28T18:50:42.865883,03 00 03 00 C9 B8 01 3C,03000300,0.000000
7395,0,0x110,STD,8,2026-01-28T18:50:42.889889,03 00 03 00 9E EF 4A 48,03000300,0.000000
7396,0,0x10F,STD,8,2026-01-28T18:50:42.946901,03 00 03 00 D1 59 8E 3C,03000300,0.000000
7397,0,0x110,STD,8,2026-01-28T18:50:42.981909,03 00 03 00 5B 5F 4F 48,03000300,0.000000
7398,0,0x10F,STD,8,2026-01-28T18:50:43.006915,03 00 02 00 B0 E4 30 41,03000200,0.000000
7399,0,0x110,STD,8,2026-01-28T18:50:43.006915,03 00 02 00 B0 E4 30 41,03000200,0.000000
7400,0,0x10F,STD,8,2026-01-28T18:50:43.006915,03 00 02 00 18 2B 31 41,03000200,0.000000
7401,0,0x110,STD,8,2026-01-28T18:50:43.006915,03 00 02 00 18 2B 31 41,03000200,0.000000
7402,0,0x10F,STD,8,2026-01-28T18:50:43.030920,03 00 03 00 D8 12 C4 3C,03000300,0.000000
7403,0,0x110,STD,8,2026-01-28T18:50:43.054926,03 00 03 00 D0 55 D6 47,03000300,0.000000
7404,0,0x10F,STD,8,2026-01-28T18:50:43.111939,03 00 03 00 47 7C FE 3C,03000300,0.000000
7405,0,0x110,STD,8,2026-01-28T18:50:43.135944,03 00 03 00 EF 82 58 48,03000300,0.000000
7406,0,0x10F,STD,8,2026-01-28T18:50:43.181955,03 00 03 00 97 8E D4 3C,03000300,0.000000
7407,0,0x110,STD,8,2026-01-28T18:50:43.216886,03 00 03 00 40 FD 38 48,03000300,0.000000
7408,0,0x10F,STD,8,2026-01-28T18:50:43.262491,03 00 03 00 22 4D B3 3C,03000300,0.000000
7409,0,0x110,STD,8,2026-01-28T18:50:43.286496,03 00 03 00 06 27 0F 48,03000300,0.000000
7410,0,0x10F,STD,8,2026-01-28T18:50:43.343509,03 00 03 00 FA 4D 94 3C,03000300,0.000000
7411,0,0x110,STD,8,2026-01-28T18:50:43.367514,03 00 03 00 65 3E 19 48,03000300,0.000000
7412,0,0x10F,STD,8,2026-01-28T18:50:43.422893,03 00 03 00 DA BE AE 3C,03000300,0.000000
7413,0,0x110,STD,8,2026-01-28T18:50:43.446405,03 00 03 00 26 43 A7 47,03000300,0.000000
7414,0,0x10F,STD,8,2026-01-28T18:50:43.503418,03 00 03 00 A3 A2 17 3C,03000300,0.000000
7415,0,0x110,STD,8,2026-01-28T18:50:43.527424,03 00 03 00 5B C2 1D 48,03000300,0.000000
7416,0,0x10F,STD,8,2026-01-28T18:50:43.584436,03 00 03 00 1B 02 27 3C,03000300,0.000000
7417,0,0x110,STD,8,2026-01-28T18:50:43.608171,03 00 03 00 EA B2 0F 48,03000300,0.000000
7418,0,0x10F,STD,8,2026-01-28T18:50:43.664688,03 00 03 00 76 CF DE 3B,03000300,0.000000
7419,0,0x110,STD,8,2026-01-28T18:50:43.688693,03 00 03 00 94 8B 51 47,03000300,0.000000
7420,0,0x10F,STD,8,2026-01-28T18:50:43.744873,03 00 03 00 56 0E 08 3C,03000300,0.000000
7421,0,0x110,STD,8,2026-01-28T18:50:43.768879,03 00 03 00 87 31 E5 47,03000300,0.000000
7422,0,0x10F,STD,8,2026-01-28T18:50:43.825052,03 00 03 00 D2 9A 4C 3C,03000300,0.000000
7423,0,0x110,STD,8,2026-01-28T18:50:43.849057,03 00 03 00 DA DE 4A 48,03000300,0.000000
7424,0,0x10F,STD,8,2026-01-28T18:50:43.906069,03 00 03 00 7A 4E FD 3B,03000300,0.000000
7425,0,0x110,STD,8,2026-01-28T18:50:43.931075,03 00 03 00 A6 76 63 48,03000300,0.000000
7426,0,0x10F,STD,8,2026-01-28T18:50:43.988088,03 00 03 00 7C 65 71 3C,03000300,0.000000
7427,0,0x110,STD,8,2026-01-28T18:50:44.012094,03 00 03 00 C8 1F 20 48,03000300,0.000000
7428,0,0x10F,STD,8,2026-01-28T18:50:44.068860,03 00 03 00 29 AF 2E 3C,03000300,0.000000
7429,0,0x110,STD,8,2026-01-28T18:50:44.092866,03 00 03 00 92 84 08 48,03000300,0.000000
7430,0,0x10F,STD,8,2026-01-28T18:50:44.092866,03 00 01 00 00 00 00 00,03000100,0.000000
7431,0,0x110,STD,8,2026-01-28T18:50:44.094866,03 00 01 00 00 00 00 00,03000100,0.000000
7432,0,0x110,STD,8,2026-01-28T18:50:44.094866,03 00 01 00 00 00 00 00,03000100,0.000000
7433,0,0x10F,STD,8,2026-01-28T18:50:44.094866,03 00 02 00 63 73 3E 41,03000200,0.000000
7434,0,0x10F,STD,8,2026-01-28T18:50:44.140877,03 00 03 00 E2 7A 85 3C,03000300,0.000000
7435,0,0x110,STD,8,2026-01-28T18:50:44.164882,03 00 03 00 BE 8F 3F 48,03000300,0.000000
7436,0,0x10F,STD,8,2026-01-28T18:50:44.221895,03 00 03 00 A5 C2 34 3C,03000300,0.000000
7437,0,0x110,STD,8,2026-01-28T18:50:44.245900,03 00 03 00 34 CD 0D 48,03000300,0.000000
7438,0,0x10F,STD,8,2026-01-28T18:50:44.302913,03 00 03 00 35 87 86 3C,03000300,0.000000
7439,0,0x110,STD,8,2026-01-28T18:50:44.326919,03 00 03 00 67 32 3A 48,03000300,0.000000
7440,0,0x10F,STD,8,2026-01-28T18:50:44.387932,03 00 03 00 4F EF C9 3C,03000300,0.000000
7441,0,0x110,STD,8,2026-01-28T18:50:44.400935,03 00 03 00 DF AF C8 47,03000300,0.000000
7442,0,0x10F,STD,8,2026-01-28T18:50:44.457948,03 00 03 00 D2 BC 3B 3C,03000300,0.000000
7443,0,0x110,STD,8,2026-01-28T18:50:44.481953,03 00 03 00 01 FA 15 48,03000300,0.000000
7444,0,0x10F,STD,8,2026-01-28T18:50:44.538966,03 00 03 00 14 CF 99 3C,03000300,0.000000
7445,0,0x110,STD,8,2026-01-28T18:50:44.562972,03 00 03 00 87 C6 02 48,03000300,0.000000
7446,0,0x10F,STD,8,2026-01-28T18:50:44.619985,03 00 03 00 D3 22 1C 3C,03000300,0.000000
7447,0,0x110,STD,8,2026-01-28T18:50:44.643990,03 00 03 00 94 6E AA 47,03000300,0.000000
7448,0,0x10F,STD,8,2026-01-28T18:50:44.701003,03 00 03 00 84 1C E8 3B,03000300,0.000000
7449,0,0x110,STD,8,2026-01-28T18:50:44.725008,03 00 03 00 66 AF E8 47,03000300,0.000000
7450,0,0x10F,STD,8,2026-01-28T18:50:44.782021,03 00 03 00 11 B3 F5 3B,03000300,0.000000
7451,0,0x110,STD,8,2026-01-28T18:50:44.806026,03 00 03 00 A0 40 00 48,03000300,0.000000
7452,0,0x10F,STD,8,2026-01-28T18:50:44.863040,03 00 03 00 42 88 8F 3C,03000300,0.000000
7453,0,0x110,STD,8,2026-01-28T18:50:44.887045,03 00 03 00 96 29 FD 47,03000300,0.000000
7454,0,0x10F,STD,8,2026-01-28T18:50:44.944058,03 00 03 00 B8 9C 17 3C,03000300,0.000000
7455,0,0x110,STD,8,2026-01-28T18:50:44.968063,03 00 03 00 83 D8 2B 48,03000300,0.000000
7456,0,0x10F,STD,8,2026-01-28T18:50:45.025076,03 00 03 00 65 EB BB 3C,03000300,0.000000
7457,0,0x110,STD,8,2026-01-28T18:50:45.049081,03 00 03 00 57 2C C9 47,03000300,0.000000
7458,0,0x10F,STD,8,2026-01-28T18:50:45.095091,03 00 03 00 BE 32 7F 3C,03000300,0.000000
7459,0,0x110,STD,8,2026-01-28T18:50:45.119097,03 00 03 00 E9 76 C5 47,03000300,0.000000
7460,0,0x110,STD,8,2026-01-28T18:50:45.165107,03 00 02 00 63 73 3E 41,03000200,0.000000
7461,0,0x10F,STD,8,2026-01-28T18:50:45.165107,03 00 01 00 00 00 00 00,03000100,0.000000
7462,0,0x110,STD,8,2026-01-28T18:50:45.165107,03 00 01 00 00 00 00 00,03000100,0.000000
7463,0,0x10F,STD,8,2026-01-28T18:50:45.165107,03 00 02 00 78 B9 39 41,03000200,0.000000
7464,0,0x10F,STD,8,2026-01-28T18:50:45.178110,03 00 03 00 EA 31 BC 3B,03000300,0.000000
7465,0,0x110,STD,8,2026-01-28T18:50:45.202115,03 00 03 00 68 D7 D8 47,03000300,0.000000
7466,0,0x10F,STD,8,2026-01-28T18:50:45.259128,03 00 03 00 A7 E9 B7 3B,03000300,0.000000
7467,0,0x110,STD,8,2026-01-28T18:50:45.283134,03 00 03 00 15 4A 1A 48,03000300,0.000000
7468,0,0x10F,STD,8,2026-01-28T18:50:45.340147,03 00 03 00 9A 49 E0 3B,03000300,0.000000
7469,0,0x110,STD,8,2026-01-28T18:50:45.364152,03 00 03 00 5F 15 79 47,03000300,0.000000
7470,0,0x10F,STD,8,2026-01-28T18:50:45.421165,03 00 03 00 97 54 6A 3C,03000300,0.000000
7471,0,0x110,STD,8,2026-01-28T18:50:45.445170,03 00 03 00 28 02 B0 47,03000300,0.000000
7472,0,0x10F,STD,8,2026-01-28T18:50:45.502183,03 00 03 00 AA 07 AF 3C,03000300,0.000000
7473,0,0x110,STD,8,2026-01-28T18:50:45.526189,03 00 03 00 D7 BE D5 47,03000300,0.000000
7474,0,0x10F,STD,8,2026-01-28T18:50:45.583202,03 00 03 00 92 B9 12 3C,03000300,0.000000
7475,0,0x110,STD,8,2026-01-28T18:50:45.607207,03 00 03 00 AA 43 D4 47,03000300,0.000000
7476,0,0x10F,STD,8,2026-01-28T18:50:45.653217,03 00 03 00 F3 C9 B0 3C,03000300,0.000000
7477,0,0x110,STD,8,2026-01-28T18:50:45.677223,03 00 03 00 A1 12 08 48,03000300,0.000000
7478,0,0x10F,STD,8,2026-01-28T18:50:45.734236,03 00 03 00 65 48 4A 3C,03000300,0.000000
7479,0,0x110,STD,8,2026-01-28T18:50:45.758241,03 00 03 00 59 D0 8B 48,03000300,0.000000
7480,0,0x10F,STD,8,2026-01-28T18:50:45.815254,03 00 03 00 F1 33 B0 3C,03000300,0.000000
7481,0,0x110,STD,8,2026-01-28T18:50:45.839259,03 00 03 00 02 1B 46 48,03000300,0.000000
7482,0,0x10F,STD,8,2026-01-28T18:50:45.896272,03 00 03 00 70 35 EE 3B,03000300,0.000000
7483,0,0x110,STD,8,2026-01-28T18:50:45.920277,03 00 03 00 D7 12 AA 47,03000300,0.000000
7484,0,0x10F,STD,8,2026-01-28T18:50:45.978290,03 00 03 00 55 2F 7D 3C,03000300,0.000000
7485,0,0x110,STD,8,2026-01-28T18:50:46.002296,03 00 03 00 D5 B4 1C 48,03000300,0.000000
7486,0,0x10F,STD,8,2026-01-28T18:50:46.059308,03 00 03 00 33 FE 0F 3D,03000300,0.000000
7487,0,0x110,STD,8,2026-01-28T18:50:46.082817,03 00 03 00 38 22 47 47,03000300,0.000000
7488,0,0x10F,STD,8,2026-01-28T18:50:46.139476,03 00 03 00 70 95 B5 3C,03000300,0.000000
7489,0,0x110,STD,8,2026-01-28T18:50:46.163481,03 00 03 00 6C 74 F8 46,03000300,0.000000
7490,0,0x10F,STD,8,2026-01-28T18:50:46.220494,03 00 03 00 C2 5C F3 3C,03000300,0.000000
7491,0,0x110,STD,8,2026-01-28T18:50:46.244500,03 00 03 00 CA 97 A5 47,03000300,0.000000
7492,0,0x110,STD,8,2026-01-28T18:50:46.268505,03 00 02 00 78 B9 39 41,03000200,0.000000
7493,0,0x10F,STD,8,2026-01-28T18:50:46.268505,03 00 01 00 00 00 00 00,03000100,0.000000
7494,0,0x110,STD,8,2026-01-28T18:50:46.268505,03 00 02 00 01 61 44 41,03000200,0.000000
7495,0,0x10F,STD,8,2026-01-28T18:50:46.268505,03 00 01 00 00 00 00 00,03000100,0.000000
7496,0,0x10F,STD,8,2026-01-28T18:50:46.291787,03 00 03 00 02 27 EF 3C,03000300,0.000000
7497,0,0x110,STD,8,2026-01-28T18:50:46.314913,03 00 03 00 CC 69 B7 47,03000300,0.000000
7498,0,0x10F,STD,8,2026-01-28T18:50:46.378927,03 00 03 00 B5 AB A9 3C,03000300,0.000000
7499,0,0x110,STD,8,2026-01-28T18:50:46.402933,03 00 03 00 D7 A2 C9 47,03000300,0.000000
7500,0,0x10F,STD,8,2026-01-28T18:50:46.459946,03 00 03 00 4C 86 16 3D,03000300,0.000000
7501,0,0x110,STD,8,2026-01-28T18:50:46.483951,03 00 03 00 39 A3 87 47,03000300,0.000000
7502,0,0x10F,STD,8,2026-01-28T18:50:46.540964,03 00 03 00 BE D8 C9 3C,03000300,0.000000
7503,0,0x110,STD,8,2026-01-28T18:50:46.553967,03 00 03 00 72 D0 8D 47,03000300,0.000000
7504,0,0x10F,STD,8,2026-01-28T18:50:46.620782,03 00 03 00 DD 5F 60 3C,03000300,0.000000
7505,0,0x110,STD,8,2026-01-28T18:50:46.644386,03 00 03 00 B1 AE ED 47,03000300,0.000000
7506,0,0x10F,STD,8,2026-01-28T18:50:46.690396,03 00 03 00 D3 5E 6A 3C,03000300,0.000000
7507,0,0x110,STD,8,2026-01-28T18:50:46.714401,03 00 03 00 AF B3 E2 47,03000300,0.000000
7508,0,0x10F,STD,8,2026-01-28T18:50:46.770770,03 00 03 00 E3 B2 FB 3B,03000300,0.000000
7509,0,0x110,STD,8,2026-01-28T18:50:46.794776,03 00 03 00 DC A9 85 48,03000300,0.000000
7510,0,0x10F,STD,8,2026-01-28T18:50:46.851789,03 00 03 00 16 16 05 3C,03000300,0.000000
7511,0,0x110,STD,8,2026-01-28T18:50:46.875795,03 00 03 00 C9 63 56 48,03000300,0.000000
7512,0,0x10F,STD,8,2026-01-28T18:50:46.932778,03 00 03 00 8F B5 A9 3C,03000300,0.000000
7513,0,0x110,STD,8,2026-01-28T18:50:46.956182,03 00 03 00 27 1F 2E 48,03000300,0.000000
7514,0,0x10F,STD,8,2026-01-28T18:50:47.013196,03 00 03 00 46 BE A8 3C,03000300,0.000000
7515,0,0x110,STD,8,2026-01-28T18:50:47.037202,03 00 03 00 48 29 87 48,03000300,0.000000
7516,0,0x10F,STD,8,2026-01-28T18:50:47.094214,03 00 03 00 A4 ED B8 3B,03000300,0.000000
7517,0,0x110,STD,8,2026-01-28T18:50:47.118219,03 00 03 00 D8 5D E9 47,03000300,0.000000
7518,0,0x10F,STD,8,2026-01-28T18:50:47.175233,03 00 03 00 38 F1 7E 3C,03000300,0.000000
7519,0,0x110,STD,8,2026-01-28T18:50:47.199238,03 00 03 00 4F B6 03 48,03000300,0.000000
7520,0,0x10F,STD,8,2026-01-28T18:50:47.256251,03 00 03 00 42 86 65 3C,03000300,0.000000
7521,0,0x110,STD,8,2026-01-28T18:50:47.280256,03 00 03 00 25 D9 64 48,03000300,0.000000
7522,0,0x10F,STD,8,2026-01-28T18:50:47.337269,03 00 03 00 37 F5 68 3C,03000300,0.000000
7523,0,0x110,STD,8,2026-01-28T18:50:47.361274,03 00 03 00 6D F7 1F 48,03000300,0.000000
7524,0,0x110,STD,8,2026-01-28T18:50:47.361274,03 00 01 00 00 00 00 00,03000100,0.000000
7525,0,0x10F,STD,8,2026-01-28T18:50:47.361274,03 00 02 00 01 61 44 41,03000200,0.000000
7526,0,0x10F,STD,8,2026-01-28T18:50:47.361274,03 00 02 00 52 47 32 41,03000200,0.000000
7527,0,0x110,STD,8,2026-01-28T18:50:47.361274,03 00 02 00 52 47 32 41,03000200,0.000000
7528,0,0x10F,STD,8,2026-01-28T18:50:47.407284,03 00 03 00 F9 8E F2 3C,03000300,0.000000
7529,0,0x110,STD,8,2026-01-28T18:50:47.431290,03 00 03 00 2E E8 67 48,03000300,0.000000
7530,0,0x10F,STD,8,2026-01-28T18:50:47.488303,03 00 03 00 F5 96 88 3C,03000300,0.000000
7531,0,0x110,STD,8,2026-01-28T18:50:47.512308,03 00 03 00 4B 3E 84 48,03000300,0.000000
7532,0,0x10F,STD,8,2026-01-28T18:50:47.569322,03 00 03 00 54 54 A5 3C,03000300,0.000000
7533,0,0x110,STD,8,2026-01-28T18:50:47.593327,03 00 03 00 F8 5D 21 48,03000300,0.000000
7534,0,0x10F,STD,8,2026-01-28T18:50:47.650340,03 00 03 00 03 94 0C 3D,03000300,0.000000
7535,0,0x110,STD,8,2026-01-28T18:50:47.674345,03 00 03 00 B3 9F 19 48,03000300,0.000000
7536,0,0x10F,STD,8,2026-01-28T18:50:47.731357,03 00 03 00 71 AD F3 3C,03000300,0.000000
7537,0,0x110,STD,8,2026-01-28T18:50:47.754865,03 00 03 00 5C E9 4B 48,03000300,0.000000
7538,0,0x10F,STD,8,2026-01-28T18:50:47.811878,03 00 03 00 B7 59 07 3D,03000300,0.000000
7539,0,0x110,STD,8,2026-01-28T18:50:47.835883,03 00 03 00 A3 2F 4C 48,03000300,0.000000
7540,0,0x10F,STD,8,2026-01-28T18:50:47.892896,03 00 03 00 34 FC 30 3D,03000300,0.000000
7541,0,0x110,STD,8,2026-01-28T18:50:47.916902,03 00 03 00 C1 9C 9E 48,03000300,0.000000
7542,0,0x10F,STD,8,2026-01-28T18:50:47.973914,03 00 03 00 B9 D2 11 3D,03000300,0.000000
7543,0,0x110,STD,8,2026-01-28T18:50:47.997920,03 00 03 00 82 45 33 48,03000300,0.000000
7544,0,0x10F,STD,8,2026-01-28T18:50:48.054933,03 00 03 00 AE BD B9 3C,03000300,0.000000
7545,0,0x110,STD,8,2026-01-28T18:50:48.067936,03 00 03 00 49 6E 21 48,03000300,0.000000
7546,0,0x10F,STD,8,2026-01-28T18:50:48.124948,03 00 03 00 42 B2 5C 3C,03000300,0.000000
7547,0,0x110,STD,8,2026-01-28T18:50:48.148954,03 00 03 00 90 77 1B 48,03000300,0.000000
7548,0,0x10F,STD,8,2026-01-28T18:50:48.205569,03 00 03 00 FA CD 66 3C,03000300,0.000000
7549,0,0x110,STD,8,2026-01-28T18:50:48.229574,03 00 03 00 5F 1F CD 47,03000300,0.000000
7550,0,0x10F,STD,8,2026-01-28T18:50:48.286587,03 00 03 00 3F 24 24 3C,03000300,0.000000
7551,0,0x110,STD,8,2026-01-28T18:50:48.310592,03 00 03 00 D4 1E 02 48,03000300,0.000000
7552,0,0x10F,STD,8,2026-01-28T18:50:48.377474,03 00 03 00 86 35 88 3C,03000300,0.000000
7553,0,0x110,STD,8,2026-01-28T18:50:48.390476,03 00 03 00 E6 2C 00 48,03000300,0.000000
7554,0,0x10F,STD,8,2026-01-28T18:50:48.436486,03 00 01 00 00 00 00 00,03000100,0.000000
7555,0,0x110,STD,8,2026-01-28T18:50:48.436486,03 00 01 00 00 00 00 00,03000100,0.000000
7556,0,0x110,STD,8,2026-01-28T18:50:48.438487,03 00 01 00 00 00 00 00,03000100,0.000000
7557,0,0x10F,STD,8,2026-01-28T18:50:48.451490,03 00 02 00 EE A1 28 41,03000200,0.000000
7558,0,0x10F,STD,8,2026-01-28T18:50:48.451490,03 00 03 00 90 1B 77 3C,03000300,0.000000
7559,0,0x110,STD,8,2026-01-28T18:50:48.475496,03 00 03 00 21 95 2D 48,03000300,0.000000
7560,0,0x10F,STD,8,2026-01-28T18:50:48.532048,03 00 03 00 6B C3 8B 3C,03000300,0.000000
7561,0,0x110,STD,8,2026-01-28T18:50:48.556053,03 00 03 00 40 2A 7D 48,03000300,0.000000
7562,0,0x10F,STD,8,2026-01-28T18:50:48.613066,03 00 03 00 9B 3E A9 3C,03000300,0.000000
7563,0,0x110,STD,8,2026-01-28T18:50:48.637071,03 00 03 00 8E 4B A7 47,03000300,0.000000
7564,0,0x10F,STD,8,2026-01-28T18:50:48.683082,03 00 03 00 97 4D F6 3B,03000300,0.000000
7565,0,0x110,STD,8,2026-01-28T18:50:48.707088,03 00 03 00 8A 46 BA 47,03000300,0.000000
7566,0,0x10F,STD,8,2026-01-28T18:50:48.764101,03 00 03 00 CA 90 A1 3C,03000300,0.000000
7567,0,0x110,STD,8,2026-01-28T18:50:48.788107,03 00 03 00 89 84 17 48,03000300,0.000000
7568,0,0x10F,STD,8,2026-01-28T18:50:48.844721,03 00 03 00 21 51 B4 3C,03000300,0.000000
7569,0,0x110,STD,8,2026-01-28T18:50:48.868727,03 00 03 00 81 7E AD 47,03000300,0.000000
7570,0,0x10F,STD,8,2026-01-28T18:50:48.925740,03 00 03 00 12 D4 A7 3C,03000300,0.000000
7571,0,0x110,STD,8,2026-01-28T18:50:48.949284,03 00 03 00 B6 3E 5D 48,03000300,0.000000
7572,0,0x10F,STD,8,2026-01-28T18:50:49.000295,03 00 03 00 54 2E D1 3C,03000300,0.000000
7573,0,0x110,STD,8,2026-01-28T18:50:49.024300,03 00 03 00 07 93 BB 47,03000300,0.000000
7574,0,0x10F,STD,8,2026-01-28T18:50:49.081313,03 00 03 00 E8 1B 53 3C,03000300,0.000000
7575,0,0x110,STD,8,2026-01-28T18:50:49.105318,03 00 03 00 27 72 09 48,03000300,0.000000
7576,0,0x10F,STD,8,2026-01-28T18:50:49.161606,03 00 03 00 7D B3 A1 3C,03000300,0.000000
7577,0,0x110,STD,8,2026-01-28T18:50:49.184848,03 00 03 00 B4 2E 90 47,03000300,0.000000
7578,0,0x10F,STD,8,2026-01-28T18:50:49.241861,03 00 03 00 59 61 84 3C,03000300,0.000000
7579,0,0x110,STD,8,2026-01-28T18:50:49.265866,03 00 03 00 6C 0E 00 48,03000300,0.000000
7580,0,0x10F,STD,8,2026-01-28T18:50:49.322879,03 00 03 00 5F 2D 88 3C,03000300,0.000000
7581,0,0x110,STD,8,2026-01-28T18:50:49.346885,03 00 03 00 10 7F BB 47,03000300,0.000000
7582,0,0x10F,STD,8,2026-01-28T18:50:49.402703,03 00 03 00 2C 51 06 3D,03000300,0.000000
7583,0,0x110,STD,8,2026-01-28T18:50:49.426708,03 00 03 00 70 25 02 48,03000300,0.000000
7584,0,0x10F,STD,8,2026-01-28T18:50:49.483721,03 00 03 00 A9 83 32 3C,03000300,0.000000
7585,0,0x110,STD,8,2026-01-28T18:50:49.507727,03 00 03 00 AA 6E F9 47,03000300,0.000000
7586,0,0x110,STD,8,2026-01-28T18:50:49.531732,03 00 02 00 EE A1 28 41,03000200,0.000000
7587,0,0x10F,STD,8,2026-01-28T18:50:49.531732,03 00 01 00 00 00 00 00,03000100,0.000000
7588,0,0x10F,STD,8,2026-01-28T18:50:49.531732,03 00 02 00 12 2C 40 41,03000200,0.000000
7589,0,0x110,STD,8,2026-01-28T18:50:49.531732,03 00 02 00 12 2C 40 41,03000200,0.000000
7590,0,0x10F,STD,8,2026-01-28T18:50:49.566740,03 00 03 00 8F 55 A1 3C,03000300,0.000000
7591,0,0x110,STD,8,2026-01-28T18:50:49.590745,03 00 03 00 84 3B D3 47,03000300,0.000000
7592,0,0x10F,STD,8,2026-01-28T18:50:49.647758,03 00 03 00 DD 51 78 3C,03000300,0.000000
7593,0,0x110,STD,8,2026-01-28T18:50:49.671764,03 00 03 00 AA 35 66 48,03000300,0.000000
7594,0,0x10F,STD,8,2026-01-28T18:50:49.728776,03 00 03 00 D9 2A 09 3D,03000300,0.000000
7595,0,0x110,STD,8,2026-01-28T18:50:49.741779,03 00 03 00 C8 03 1C 48,03000300,0.000000
7596,0,0x10F,STD,8,2026-01-28T18:50:49.798792,03 00 03 00 BB 4D BB 3C,03000300,0.000000
7597,0,0x110,STD,8,2026-01-28T18:50:49.822798,03 00 03 00 DA 80 50 48,03000300,0.000000
7598,0,0x10F,STD,8,2026-01-28T18:50:49.879810,03 00 03 00 00 6E F5 3C,03000300,0.000000
7599,0,0x110,STD,8,2026-01-28T18:50:49.903816,03 00 03 00 81 1E 62 48,03000300,0.000000
7600,0,0x10F,STD,8,2026-01-28T18:50:49.960829,03 00 03 00 86 F0 96 3C,03000300,0.000000
7601,0,0x110,STD,8,2026-01-28T18:50:49.984834,03 00 03 00 BD 87 D7 47,03000300,0.000000
7602,0,0x10F,STD,8,2026-01-28T18:50:50.041847,03 00 03 00 EE 33 B1 3B,03000300,0.000000
7603,0,0x110,STD,8,2026-01-28T18:50:50.065852,03 00 03 00 61 28 53 48,03000300,0.000000
7604,0,0x10F,STD,8,2026-01-28T18:50:50.122865,03 00 03 00 B8 90 9B 3C,03000300,0.000000
7605,0,0x110,STD,8,2026-01-28T18:50:50.146871,03 00 03 00 97 FD 1B 48,03000300,0.000000
7606,0,0x10F,STD,8,2026-01-28T18:50:50.203883,03 00 03 00 7D 37 CE 3C,03000300,0.000000
7607,0,0x110,STD,8,2026-01-28T18:50:50.227889,03 00 03 00 89 8D E0 47,03000300,0.000000
7608,0,0x10F,STD,8,2026-01-28T18:50:50.284902,03 00 03 00 48 C7 11 3C,03000300,0.000000
7609,0,0x110,STD,8,2026-01-28T18:50:50.308907,03 00 03 00 B7 32 11 48,03000300,0.000000
7610,0,0x10F,STD,8,2026-01-28T18:50:50.373922,03 00 03 00 27 FB 5B 3C,03000300,0.000000
7611,0,0x110,STD,8,2026-01-28T18:50:50.387925,03 00 03 00 EF 79 C9 47,03000300,0.000000
7612,0,0x10F,STD,8,2026-01-28T18:50:50.444938,03 00 03 00 5F 7C 24 3C,03000300,0.000000
7613,0,0x110,STD,8,2026-01-28T18:50:50.468943,03 00 03 00 FE 5E B0 47,03000300,0.000000
7614,0,0x10F,STD,8,2026-01-28T18:50:50.514953,03 00 03 00 55 87 89 3B,03000300,0.000000
7615,0,0x110,STD,8,2026-01-28T18:50:50.538959,03 00 03 00 43 88 80 47,03000300,0.000000
7616,0,0x10F,STD,8,2026-01-28T18:50:50.595971,03 00 03 00 C5 5F 0A 3C,03000300,0.000000
7617,0,0x10F,STD,8,2026-01-28T18:50:50.608975,03 00 01 00 00 00 00 00,03000100,0.000000
7618,0,0x110,STD,8,2026-01-28T18:50:50.610975,03 00 01 00 00 00 00 00,03000100,0.000000
7619,0,0x110,STD,8,2026-01-28T18:50:50.612976,03 00 02 00 CD 75 33 41,03000200,0.000000
7620,0,0x10F,STD,8,2026-01-28T18:50:50.612976,03 00 01 00 00 00 00 00,03000100,0.000000
7621,0,0x110,STD,8,2026-01-28T18:50:50.625978,03 00 03 00 45 1D 94 47,03000300,0.000000
7622,0,0x10F,STD,8,2026-01-28T18:50:50.682991,03 00 03 00 F4 AE 40 3C,03000300,0.000000
7623,0,0x110,STD,8,2026-01-28T18:50:50.706997,03 00 03 00 B7 FF 86 47,03000300,0.000000
7624,0,0x10F,STD,8,2026-01-28T18:50:50.764010,03 00 03 00 13 AC A3 3B,03000300,0.000000
7625,0,0x110,STD,8,2026-01-28T18:50:50.788015,03 00 03 00 32 E4 D7 47,03000300,0.000000
7626,0,0x10F,STD,8,2026-01-28T18:50:50.845028,03 00 03 00 B8 BB 37 3C,03000300,0.000000
7627,0,0x110,STD,8,2026-01-28T18:50:50.858031,03 00 03 00 F0 A6 D5 47,03000300,0.000000
7628,0,0x10F,STD,8,2026-01-28T18:50:50.915044,03 00 03 00 FA 9B 9D 3C,03000300,0.000000
7629,0,0x110,STD,8,2026-01-28T18:50:50.939049,03 00 03 00 CA 78 33 47,03000300,0.000000
7630,0,0x10F,STD,8,2026-01-28T18:50:50.996062,03 00 03 00 8B 70 8C 3C,03000300,0.000000
7631,0,0x110,STD,8,2026-01-28T18:50:51.020067,03 00 03 00 A4 77 1D 47,03000300,0.000000
7632,0,0x10F,STD,8,2026-01-28T18:50:51.077079,03 00 03 00 08 70 01 3C,03000300,0.000000
7633,0,0x110,STD,8,2026-01-28T18:50:51.100588,03 00 03 00 DC 9D 90 47,03000300,0.000000
7634,0,0x10F,STD,8,2026-01-28T18:50:51.157602,03 00 03 00 E1 EB 96 3C,03000300,0.000000
7635,0,0x110,STD,8,2026-01-28T18:50:51.180570,03 00 03 00 15 9D B0 47,03000300,0.000000
7636,0,0x10F,STD,8,2026-01-28T18:50:51.236640,03 00 03 00 21 72 86 3C,03000300,0.000000
7637,0,0x110,STD,8,2026-01-28T18:50:51.260645,03 00 03 00 DC 5A 8C 47,03000300,0.000000
7638,0,0x10F,STD,8,2026-01-28T18:50:51.317162,03 00 03 00 33 E8 B6 3B,03000300,0.000000
7639,0,0x110,STD,8,2026-01-28T18:50:51.341167,03 00 03 00 48 8B E1 47,03000300,0.000000
7640,0,0x10F,STD,8,2026-01-28T18:50:51.397635,03 00 03 00 FE 84 F1 3B,03000300,0.000000
7641,0,0x110,STD,8,2026-01-28T18:50:51.422144,03 00 03 00 F6 15 57 47,03000300,0.000000
7642,0,0x10F,STD,8,2026-01-28T18:50:51.479156,03 00 03 00 1E CE 08 3C,03000300,0.000000
7643,0,0x110,STD,8,2026-01-28T18:50:51.503162,03 00 03 00 63 3A E0 47,03000300,0.000000
7644,0,0x10F,STD,8,2026-01-28T18:50:51.560174,03 00 03 00 C5 8E 07 3C,03000300,0.000000
7645,0,0x110,STD,8,2026-01-28T18:50:51.584181,03 00 03 00 3D F0 49 47,03000300,0.000000
7646,0,0x10F,STD,8,2026-01-28T18:50:51.641193,03 00 03 00 E1 A8 1C 3C,03000300,0.000000
7647,0,0x110,STD,8,2026-01-28T18:50:51.665637,03 00 03 00 E8 3F 13 48,03000300,0.000000
7648,0,0x110,STD,8,2026-01-28T18:50:51.689642,03 00 01 00 00 00 00 00,03000100,0.000000
7649,0,0x10F,STD,8,2026-01-28T18:50:51.689642,03 00 02 00 CD 75 33 41,03000200,0.000000
7650,0,0x10F,STD,8,2026-01-28T18:50:51.689642,03 00 02 00 B3 FB 31 41,03000200,0.000000
7651,0,0x110,STD,8,2026-01-28T18:50:51.689642,03 00 02 00 B3 FB 31 41,03000200,0.000000
7652,0,0x10F,STD,8,2026-01-28T18:50:51.713648,03 00 03 00 2C D5 7F 3C,03000300,0.000000
7653,0,0x110,STD,8,2026-01-28T18:50:51.737229,03 00 03 00 07 DF 00 48,03000300,0.000000
7654,0,0x10F,STD,8,2026-01-28T18:50:51.794242,03 00 03 00 AC 36 04 3D,03000300,0.000000
7655,0,0x110,STD,8,2026-01-28T18:50:51.817750,03 00 03 00 75 B5 25 47,03000300,0.000000
7656,0,0x10F,STD,8,2026-01-28T18:50:51.874624,03 00 03 00 C4 77 AE 3C,03000300,0.000000
7657,0,0x110,STD,8,2026-01-28T18:50:51.898630,03 00 03 00 96 18 BF 47,03000300,0.000000
7658,0,0x10F,STD,8,2026-01-28T18:50:51.954718,03 00 03 00 B8 7F 0E 3D,03000300,0.000000
7659,0,0x110,STD,8,2026-01-28T18:50:51.981724,03 00 03 00 E1 6E A5 47,03000300,0.000000
7660,0,0x10F,STD,8,2026-01-28T18:50:52.038737,03 00 03 00 17 D9 05 3D,03000300,0.000000
7661,0,0x110,STD,8,2026-01-28T18:50:52.062742,03 00 03 00 0D 3E D3 47,03000300,0.000000
7662,0,0x10F,STD,8,2026-01-28T18:50:52.108752,03 00 03 00 54 80 22 3C,03000300,0.000000
7663,0,0x110,STD,8,2026-01-28T18:50:52.143760,03 00 03 00 58 F4 E7 47,03000300,0.000000
7664,0,0x10F,STD,8,2026-01-28T18:50:52.200773,03 00 03 00 E7 EA 99 3C,03000300,0.000000
7665,0,0x110,STD,8,2026-01-28T18:50:52.213776,03 00 03 00 6E DF 0A 47,03000300,0.000000
7666,0,0x10F,STD,8,2026-01-28T18:50:52.270789,03 00 03 00 06 1A 12 3C,03000300,0.000000
7667,0,0x110,STD,8,2026-01-28T18:50:52.294794,03 00 03 00 A3 F2 E9 47,03000300,0.000000
7668,0,0x10F,STD,8,2026-01-28T18:50:52.362810,03 00 03 00 8D DD 60 3C,03000300,0.000000
7669,0,0x110,STD,8,2026-01-28T18:50:52.376813,03 00 03 00 9F 33 13 48,03000300,0.000000
7670,0,0x10F,STD,8,2026-01-28T18:50:52.433826,03 00 03 00 44 9D 4C 3C,03000300,0.000000
7671,0,0x110,STD,8,2026-01-28T18:50:52.457831,03 00 03 00 F4 72 8E 47,03000300,0.000000
7672,0,0x10F,STD,8,2026-01-28T18:50:52.514844,03 00 03 00 C1 0D 2A 3C,03000300,0.000000
7673,0,0x110,STD,8,2026-01-28T18:50:52.538849,03 00 03 00 AD 67 66 47,03000300,0.000000
7674,0,0x10F,STD,8,2026-01-28T18:50:52.595862,03 00 03 00 F3 9D 87 3C,03000300,0.000000
7675,0,0x110,STD,8,2026-01-28T18:50:52.619868,03 00 03 00 8A AD CD 47,03000300,0.000000
7676,0,0x10F,STD,8,2026-01-28T18:50:52.676880,03 00 03 00 F0 64 86 3C,03000300,0.000000
7677,0,0x110,STD,8,2026-01-28T18:50:52.700886,03 00 03 00 D5 86 87 47,03000300,0.000000
7678,0,0x10F,STD,8,2026-01-28T18:50:52.746896,03 00 03 00 50 B1 21 3C,03000300,0.000000
7679,0,0x110,STD,8,2026-01-28T18:50:52.770901,03 00 03 00 EF 7F FE 46,03000300,0.000000
7680,0,0x10F,STD,8,2026-01-28T18:50:52.770901,03 00 01 00 00 00 00 00,03000100,0.000000
7681,0,0x110,STD,8,2026-01-28T18:50:52.783905,03 00 01 00 00 00 00 00,03000100,0.000000
7682,0,0x10F,STD,8,2026-01-28T18:50:52.783905,03 00 02 00 B3 FB 31 41,03000200,0.000000
7683,0,0x110,STD,8,2026-01-28T18:50:52.783905,03 00 02 00 B3 FB 31 41,03000200,0.000000
7684,0,0x10F,STD,8,2026-01-28T18:50:52.829915,03 00 03 00 37 88 AC 3C,03000300,0.000000
7685,0,0x110,STD,8,2026-01-28T18:50:52.853920,03 00 03 00 3E E0 99 46,03000300,0.000000
7686,0,0x10F,STD,8,2026-01-28T18:50:52.910933,03 00 03 00 F2 DA 3F 3C,03000300,0.000000
7687,0,0x110,STD,8,2026-01-28T18:50:52.934940,03 00 03 00 E7 A4 33 47,03000300,0.000000
7688,0,0x10F,STD,8,2026-01-28T18:50:52.991953,03 00 03 00 B6 0F 37 3C,03000300,0.000000
7689,0,0x110,STD,8,2026-01-28T18:50:53.015958,03 00 03 00 BC 05 A3 47,03000300,0.000000
7690,0,0x10F,STD,8,2026-01-28T18:50:53.072971,03 00 03 00 B6 00 10 3C,03000300,0.000000
7691,0,0x110,STD,8,2026-01-28T18:50:53.096977,03 00 03 00 3E B2 F0 47,03000300,0.000000
7692,0,0x10F,STD,8,2026-01-28T18:50:53.153989,03 00 03 00 34 AF 24 3C,03000300,0.000000
7693,0,0x110,STD,8,2026-01-28T18:50:53.177995,03 00 03 00 EE 6E D5 47,03000300,0.000000
7694,0,0x10F,STD,8,2026-01-28T18:50:53.235008,03 00 03 00 99 0C 84 3C,03000300,0.000000
7695,0,0x110,STD,8,2026-01-28T18:50:53.259013,03 00 03 00 25 C8 B9 47,03000300,0.000000
7696,0,0x10F,STD,8,2026-01-28T18:50:53.304584,03 00 03 00 55 DD 4E 3C,03000300,0.000000
7697,0,0x110,STD,8,2026-01-28T18:50:53.328589,03 00 03 00 AD C6 5B 47,03000300,0.000000
7698,0,0x10F,STD,8,2026-01-28T18:50:53.385106,03 00 03 00 F8 55 B3 3C,03000300,0.000000
7699,0,0x110,STD,8,2026-01-28T18:50:53.409111,03 00 03 00 09 0E B7 47,03000300,0.000000
7700,0,0x10F,STD,8,2026-01-28T18:50:53.466124,03 00 03 00 EF 26 C6 3C,03000300,0.000000
7701,0,0x110,STD,8,2026-01-28T18:50:53.490130,03 00 03 00 83 17 25 48,03000300,0.000000
7702,0,0x10F,STD,8,2026-01-28T18:50:53.547142,03 00 03 00 3E F0 CC 3C,03000300,0.000000
7703,0,0x110,STD,8,2026-01-28T18:50:53.571148,03 00 03 00 1D 0D 8A 48,03000300,0.000000
7704,0,0x10F,STD,8,2026-01-28T18:50:53.627290,03 00 03 00 18 48 EB 3C,03000300,0.000000
7705,0,0x110,STD,8,2026-01-28T18:50:53.651296,03 00 03 00 43 FF 28 48,03000300,0.000000
7706,0,0x10F,STD,8,2026-01-28T18:50:53.707576,03 00 03 00 85 27 D4 3C,03000300,0.000000
7707,0,0x110,STD,8,2026-01-28T18:50:53.731581,03 00 03 00 14 0B 35 48,03000300,0.000000
7708,0,0x10F,STD,8,2026-01-28T18:50:53.788568,03 00 03 00 2E 0C 07 3D,03000300,0.000000
7709,0,0x110,STD,8,2026-01-28T18:50:53.812573,03 00 03 00 86 9E 34 48,03000300,0.000000
7710,0,0x10F,STD,8,2026-01-28T18:50:53.858584,03 00 01 00 00 00 00 00,03000100,0.000000
7711,0,0x110,STD,8,2026-01-28T18:50:53.858584,03 00 01 00 00 00 00 00,03000100,0.000000
7712,0,0x10F,STD,8,2026-01-28T18:50:53.858584,03 00 02 00 8D 63 33 41,03000200,0.000000
7713,0,0x110,STD,8,2026-01-28T18:50:53.858584,03 00 02 00 8D 63 33 41,03000200,0.000000
7714,0,0x10F,STD,8,2026-01-28T18:50:53.872026,03 00 03 00 D9 83 89 3C,03000300,0.000000
7715,0,0x110,STD,8,2026-01-28T18:50:53.896032,03 00 03 00 AD C3 C1 47,03000300,0.000000
7716,0,0x10F,STD,8,2026-01-28T18:50:53.952548,03 00 03 00 C1 F2 85 3C,03000300,0.000000
7717,0,0x110,STD,8,2026-01-28T18:50:53.976554,03 00 03 00 60 41 38 48,03000300,0.000000
7718,0,0x10F,STD,8,2026-01-28T18:50:54.022564,03 00 03 00 E3 18 5B 3C,03000300,0.000000
7719,0,0x110,STD,8,2026-01-28T18:50:54.046569,03 00 03 00 D3 F5 CC 47,03000300,0.000000
7720,0,0x10F,STD,8,2026-01-28T18:50:54.103582,03 00 03 00 06 58 88 3C,03000300,0.000000
7721,0,0x110,STD,8,2026-01-28T18:50:54.127588,03 00 03 00 23 F6 A1 47,03000300,0.000000
7722,0,0x10F,STD,8,2026-01-28T18:50:54.184601,03 00 03 00 8F 69 37 3C,03000300,0.000000
7723,0,0x110,STD,8,2026-01-28T18:50:54.208606,03 00 03 00 B5 38 A0 47,03000300,0.000000
7724,0,0x10F,STD,8,2026-01-28T18:50:54.265619,03 00 03 00 A5 87 CE 3C,03000300,0.000000
7725,0,0x110,STD,8,2026-01-28T18:50:54.289624,03 00 03 00 7E 1D 2F 48,03000300,0.000000
7726,0,0x10F,STD,8,2026-01-28T18:50:54.346637,03 00 03 00 3D F0 45 3C,03000300,0.000000
7727,0,0x110,STD,8,2026-01-28T18:50:54.377644,03 00 03 00 AC F3 02 48,03000300,0.000000
7728,0,0x10F,STD,8,2026-01-28T18:50:54.423654,03 00 03 00 86 65 80 3C,03000300,0.000000
7729,0,0x110,STD,8,2026-01-28T18:50:54.447660,03 00 03 00 3B 47 1E 48,03000300,0.000000
7730,0,0x10F,STD,8,2026-01-28T18:50:54.504672,03 00 03 00 96 49 0D 3C,03000300,0.000000
7731,0,0x110,STD,8,2026-01-28T18:50:54.528678,03 00 03 00 ED 75 70 48,03000300,0.000000
7732,0,0x10F,STD,8,2026-01-28T18:50:54.585691,03 00 03 00 FA 25 7E 3C,03000300,0.000000
7733,0,0x110,STD,8,2026-01-28T18:50:54.609696,03 00 03 00 73 2A D4 47,03000300,0.000000
7734,0,0x10F,STD,8,2026-01-28T18:50:54.666709,03 00 03 00 E5 E1 A5 3B,03000300,0.000000
7735,0,0x110,STD,8,2026-01-28T18:50:54.690715,03 00 03 00 22 85 C4 47,03000300,0.000000
7736,0,0x10F,STD,8,2026-01-28T18:50:54.747552,03 00 03 00 EC C7 8C 3C,03000300,0.000000
7737,0,0x110,STD,8,2026-01-28T18:50:54.771557,03 00 03 00 F3 85 24 48,03000300,0.000000
7738,0,0x10F,STD,8,2026-01-28T18:50:54.828570,03 00 03 00 0F 87 82 3C,03000300,0.000000
7739,0,0x110,STD,8,2026-01-28T18:50:54.852576,03 00 03 00 5C 0A 17 48,03000300,0.000000
7740,0,0x10F,STD,8,2026-01-28T18:50:54.909588,03 00 03 00 24 D3 6A 3C,03000300,0.000000
7741,0,0x110,STD,8,2026-01-28T18:50:54.933594,03 00 03 00 89 AD B0 47,03000300,0.000000
7742,0,0x10F,STD,8,2026-01-28T18:50:54.933594,03 00 01 00 00 00 00 00,03000100,0.000000
7743,0,0x110,STD,8,2026-01-28T18:50:54.933594,03 00 01 00 00 00 00 00,03000100,0.000000
7744,0,0x110,STD,8,2026-01-28T18:50:54.933594,03 00 02 00 A7 6A 40 41,03000200,0.000000
7745,0,0x10F,STD,8,2026-01-28T18:50:54.933594,03 00 01 00 00 00 00 00,03000100,0.000000
7746,0,0x10F,STD,8,2026-01-28T18:50:54.985605,03 00 03 00 A5 5E D5 3C,03000300,0.000000
7747,0,0x110,STD,8,2026-01-28T18:50:55.009611,03 00 03 00 A9 62 2B 47,03000300,0.000000
7748,0,0x10F,STD,8,2026-01-28T18:50:55.066624,03 00 03 00 3E 67 CC 3C,03000300,0.000000
7749,0,0x110,STD,8,2026-01-28T18:50:55.090629,03 00 03 00 07 6A EA 47,03000300,0.000000
7750,0,0x10F,STD,8,2026-01-28T18:50:55.147642,03 00 03 00 E0 82 DE 3C,03000300,0.000000
7751,0,0x110,STD,8,2026-01-28T18:50:55.171647,03 00 03 00 11 81 F9 47,03000300,0.000000
7752,0,0x10F,STD,8,2026-01-28T18:50:55.228660,03 00 03 00 61 47 CB 3C,03000300,0.000000
7753,0,0x110,STD,8,2026-01-28T18:50:55.252168,03 00 03 00 54 38 DB 47,03000300,0.000000
7754,0,0x10F,STD,8,2026-01-28T18:50:55.298179,03 00 03 00 EE 08 A4 3C,03000300,0.000000
7755,0,0x110,STD,8,2026-01-28T18:50:55.333186,03 00 03 00 90 D7 48 48,03000300,0.000000
7756,0,0x10F,STD,8,2026-01-28T18:50:55.379198,03 00 03 00 1D 7B D3 3C,03000300,0.000000
7757,0,0x110,STD,8,2026-01-28T18:50:55.403204,03 00 03 00 C3 F4 F5 47,03000300,0.000000
7758,0,0x10F,STD,8,2026-01-28T18:50:55.459521,03 00 03 00 33 3F BB 3C,03000300,0.000000
7759,0,0x110,STD,8,2026-01-28T18:50:55.494529,03 00 03 00 CD FD AC 47,03000300,0.000000
7760,0,0x10F,STD,8,2026-01-28T18:50:55.540539,03 00 03 00 94 23 BE 3C,03000300,0.000000
7761,0,0x110,STD,8,2026-01-28T18:50:55.564545,03 00 03 00 66 79 EE 47,03000300,0.000000
7762,0,0x10F,STD,8,2026-01-28T18:50:55.621558,03 00 03 00 D1 19 FE 3C,03000300,0.000000
7763,0,0x110,STD,8,2026-01-28T18:50:55.645563,03 00 03 00 5A 67 B3 47,03000300,0.000000
7764,0,0x10F,STD,8,2026-01-28T18:50:55.702576,03 00 03 00 1D 84 B3 3C,03000300,0.000000
7765,0,0x110,STD,8,2026-01-28T18:50:55.726582,03 00 03 00 F1 1D 41 47,03000300,0.000000
7766,0,0x10F,STD,8,2026-01-28T18:50:55.783097,03 00 03 00 FC 5E 9F 3C,03000300,0.000000
7767,0,0x110,STD,8,2026-01-28T18:50:55.807102,03 00 03 00 1F AA AA 47,03000300,0.000000
7768,0,0x10F,STD,8,2026-01-28T18:50:55.864115,03 00 03 00 72 86 96 3C,03000300,0.000000
7769,0,0x110,STD,8,2026-01-28T18:50:55.888121,03 00 03 00 7E FD 88 47,03000300,0.000000
7770,0,0x10F,STD,8,2026-01-28T18:50:55.945133,03 00 03 00 26 04 29 3C,03000300,0.000000
7771,0,0x110,STD,8,2026-01-28T18:50:55.969139,03 00 03 00 AB BC 32 48,03000300,0.000000
7772,0,0x110,STD,8,2026-01-28T18:50:56.015149,03 00 01 00 00 00 00 00,03000100,0.000000
7773,0,0x10F,STD,8,2026-01-28T18:50:56.015149,03 00 02 00 A7 6A 40 41,03000200,0.000000
7774,0,0x10F,STD,8,2026-01-28T18:50:56.017150,03 00 02 00 A7 6A 40 41,03000200,0.000000
7775,0,0x110,STD,8,2026-01-28T18:50:56.017150,03 00 02 00 A7 6A 40 41,03000200,0.000000
7776,0,0x110,STD,8,2026-01-28T18:50:56.041155,03 00 03 00 2F 5A 24 48,03000300,0.000000
7777,0,0x10F,STD,8,2026-01-28T18:50:56.098168,03 00 03 00 48 9E B2 3C,03000300,0.000000
7778,0,0x110,STD,8,2026-01-28T18:50:56.122174,03 00 03 00 65 C9 AE 47,03000300,0.000000
7779,0,0x10F,STD,8,2026-01-28T18:50:56.179186,03 00 03 00 21 9D 0B 3D,03000300,0.000000
7780,0,0x110,STD,8,2026-01-28T18:50:56.202910,03 00 03 00 A0 2B 10 47,03000300,0.000000
7781,0,0x10F,STD,8,2026-01-28T18:50:56.259008,03 00 03 00 D2 0F D6 3C,03000300,0.000000
7782,0,0x110,STD,8,2026-01-28T18:50:56.282517,03 00 03 00 9F 3D 31 47,03000300,0.000000
7783,0,0x10F,STD,8,2026-01-28T18:50:56.339530,03 00 03 00 A7 22 B9 3C,03000300,0.000000
7784,0,0x110,STD,8,2026-01-28T18:50:56.364535,03 00 03 00 DA 0C 5A 47,03000300,0.000000
7785,0,0x10F,STD,8,2026-01-28T18:50:56.421497,03 00 03 00 74 52 2C 3C,03000300,0.000000
7786,0,0x110,STD,8,2026-01-28T18:50:56.445503,03 00 03 00 2C 4F CE 47,03000300,0.000000
7787,0,0x10F,STD,8,2026-01-28T18:50:56.502174,03 00 03 00 1A F5 C0 3C,03000300,0.000000
7788,0,0x110,STD,8,2026-01-28T18:50:56.526179,03 00 03 00 E3 6C E5 47,03000300,0.000000
7789,0,0x10F,STD,8,2026-01-28T18:50:56.583192,03 00 03 00 5A 7F 95 3C,03000300,0.000000
7790,0,0x110,STD,8,2026-01-28T18:50:56.606895,03 00 03 00 67 AE 1E 48,03000300,0.000000
7791,0,0x10F,STD,8,2026-01-28T18:50:56.663471,03 00 03 00 A0 DD 3F 3C,03000300,0.000000
7792,0,0x110,STD,8,2026-01-28T18:50:56.676475,03 00 03 00 1B 50 49 48,03000300,0.000000
7793,0,0x10F,STD,8,2026-01-28T18:50:56.733488,03 00 03 00 12 20 78 3C,03000300,0.000000
7794,0,0x110,STD,8,2026-01-28T18:50:56.757494,03 00 03 00 CA BF 3B 48,03000300,0.000000
7795,0,0x10F,STD,8,2026-01-28T18:50:56.814467,03 00 03 00 7E 00 80 3C,03000300,0.000000
7796,0,0x110,STD,8,2026-01-28T18:50:56.838474,03 00 03 00 90 BB 15 48,03000300,0.000000
7797,0,0x10F,STD,8,2026-01-28T18:50:56.895486,03 00 03 00 9D 96 A2 3C,03000300,0.000000
7798,0,0x110,STD,8,2026-01-28T18:50:56.919419,03 00 03 00 0A 77 E1 47,03000300,0.000000
7799,0,0x10F,STD,8,2026-01-28T18:50:56.976431,03 00 03 00 62 F4 AF 3C,03000300,0.000000
7800,0,0x110,STD,8,2026-01-28T18:50:57.000438,03 00 03 00 29 54 09 48,03000300,0.000000
7801,0,0x10F,STD,8,2026-01-28T18:50:57.057450,03 00 03 00 F4 1B 61 3C,03000300,0.000000
7802,0,0x110,STD,8,2026-01-28T18:50:57.081455,03 00 03 00 94 8B 66 47,03000300,0.000000
7803,0,0x10F,STD,8,2026-01-28T18:50:57.105461,03 00 01 00 00 00 00 00,03000100,0.000000
7804,0,0x110,STD,8,2026-01-28T18:50:57.117967,03 00 01 00 00 00 00 00,03000100,0.000000
7805,0,0x10F,STD,8,2026-01-28T18:50:57.117967,03 00 02 00 AD A1 34 41,03000200,0.000000
7806,0,0x110,STD,8,2026-01-28T18:50:57.117967,03 00 02 00 AD A1 34 41,03000200,0.000000
7807,0,0x10F,STD,8,2026-01-28T18:50:57.142401,03 00 03 00 E2 E3 39 3C,03000300,0.000000
7808,0,0x110,STD,8,2026-01-28T18:50:57.155404,03 00 03 00 BF B4 01 48,03000300,0.000000
7809,0,0x10F,STD,8,2026-01-28T18:50:57.212416,03 00 03 00 A9 64 DE 3B,03000300,0.000000
7810,0,0x110,STD,8,2026-01-28T18:50:57.236421,03 00 03 00 78 6C 58 47,03000300,0.000000
7811,0,0x10F,STD,8,2026-01-28T18:50:57.293435,03 00 03 00 CF E5 F6 3B,03000300,0.000000
7812,0,0x110,STD,8,2026-01-28T18:50:57.317440,03 00 03 00 72 EE EB 47,03000300,0.000000
7813,0,0x10F,STD,8,2026-01-28T18:50:57.374453,03 00 03 00 3E 16 BE 3C,03000300,0.000000
7814,0,0x110,STD,8,2026-01-28T18:50:57.398458,03 00 03 00 D4 01 1E 48,03000300,0.000000
7815,0,0x10F,STD,8,2026-01-28T18:50:57.455471,03 00 03 00 A6 85 6E 3C,03000300,0.000000
7816,0,0x110,STD,8,2026-01-28T18:50:57.479477,03 00 03 00 CF 6F 76 48,03000300,0.000000
7817,0,0x10F,STD,8,2026-01-28T18:50:57.536489,03 00 03 00 C5 30 0B 3C,03000300,0.000000
7818,0,0x110,STD,8,2026-01-28T18:50:57.560495,03 00 03 00 B9 05 34 48,03000300,0.000000
7819,0,0x10F,STD,8,2026-01-28T18:50:57.617508,03 00 03 00 81 C7 11 3C,03000300,0.000000
7820,0,0x110,STD,8,2026-01-28T18:50:57.641513,03 00 03 00 E2 8B 38 48,03000300,0.000000
7821,0,0x10F,STD,8,2026-01-28T18:50:57.698526,03 00 03 00 AE 00 32 3B,03000300,0.000000
7822,0,0x110,STD,8,2026-01-28T18:50:57.722531,03 00 03 00 46 88 71 48,03000300,0.000000
7823,0,0x10F,STD,8,2026-01-28T18:50:57.779544,03 00 03 00 E2 5B 5E 3B,03000300,0.000000
7824,0,0x110,STD,8,2026-01-28T18:50:57.803550,03 00 03 00 BC E4 0C 48,03000300,0.000000
7825,0,0x10F,STD,8,2026-01-28T18:50:57.849560,03 00 03 00 1C BF ED 3B,03000300,0.000000
7826,0,0x110,STD,8,2026-01-28T18:50:57.873565,03 00 03 00 26 68 6C 48,03000300,0.000000
7827,0,0x10F,STD,8,2026-01-28T18:50:57.930433,03 00 03 00 D0 C1 26 3C,03000300,0.000000
7828,0,0x110,STD,8,2026-01-28T18:50:57.954439,03 00 03 00 A0 4D 11 48,03000300,0.000000
7829,0,0x10F,STD,8,2026-01-28T18:50:58.015453,03 00 03 00 AF 5E 8E 3C,03000300,0.000000
7830,0,0x110,STD,8,2026-01-28T18:50:58.039459,03 00 03 00 AC 4A 9B 48,03000300,0.000000
7831,0,0x10F,STD,8,2026-01-28T18:50:58.089470,03 00 03 00 C2 E7 E2 3C,03000300,0.000000
7832,0,0x110,STD,8,2026-01-28T18:50:58.114476,03 00 03 00 C8 02 6B 48,03000300,0.000000
7833,0,0x10F,STD,8,2026-01-28T18:50:58.171489,03 00 03 00 89 9B 07 3D,03000300,0.000000
7834,0,0x10F,STD,8,2026-01-28T18:50:58.195494,03 00 01 00 00 00 00 00,03000100,0.000000
7835,0,0x110,STD,8,2026-01-28T18:50:58.195494,03 00 01 00 00 00 00 00,03000100,0.000000
7836,0,0x110,STD,8,2026-01-28T18:50:58.195494,03 00 01 00 00 00 00 00,03000100,0.000000
7837,0,0x10F,STD,8,2026-01-28T18:50:58.195494,03 00 02 00 BA 55 2F 41,03000200,0.000000
7838,0,0x110,STD,8,2026-01-28T18:50:58.195494,03 00 02 00 BA 55 2F 41,03000200,0.000000
7839,0,0x10F,STD,8,2026-01-28T18:50:58.252348,03 00 03 00 CE 0B 41 3D,03000300,0.000000
7840,0,0x110,STD,8,2026-01-28T18:50:58.276353,03 00 03 00 C4 F8 B6 48,03000300,0.000000
7841,0,0x10F,STD,8,2026-01-28T18:50:58.333366,03 00 03 00 4A 2A D0 3C,03000300,0.000000
7842,0,0x110,STD,8,2026-01-28T18:50:58.369877,03 00 03 00 07 80 3E 48,03000300,0.000000
7843,0,0x10F,STD,8,2026-01-28T18:50:58.416336,03 00 03 00 91 CF FA 3C,03000300,0.000000
7844,0,0x110,STD,8,2026-01-28T18:50:58.440435,03 00 03 00 D3 D9 8A 48,03000300,0.000000
7845,0,0x10F,STD,8,2026-01-28T18:50:58.496952,03 00 03 00 37 2A F6 3C,03000300,0.000000
7846,0,0x110,STD,8,2026-01-28T18:50:58.509955,03 00 03 00 95 31 37 48,03000300,0.000000
7847,0,0x10F,STD,8,2026-01-28T18:50:58.566470,03 00 03 00 22 EB D1 3B,03000300,0.000000
7848,0,0x110,STD,8,2026-01-28T18:50:58.590476,03 00 03 00 63 EB 23 47,03000300,0.000000
7849,0,0x10F,STD,8,2026-01-28T18:50:58.647175,03 00 03 00 F5 8E 81 3C,03000300,0.000000
7850,0,0x110,STD,8,2026-01-28T18:50:58.671180,03 00 03 00 E1 FC EF 47,03000300,0.000000
7851,0,0x10F,STD,8,2026-01-28T18:50:58.728193,03 00 03 00 DF DE 8B 3C,03000300,0.000000
7852,0,0x110,STD,8,2026-01-28T18:50:58.752198,03 00 03 00 B4 5E 3F 48,03000300,0.000000
7853,0,0x10F,STD,8,2026-01-28T18:50:58.809211,03 00 03 00 CA DC F0 3B,03000300,0.000000
7854,0,0x110,STD,8,2026-01-28T18:50:58.833217,03 00 03 00 BA 2C EF 47,03000300,0.000000
7855,0,0x10F,STD,8,2026-01-28T18:50:58.890229,03 00 03 00 92 74 58 3C,03000300,0.000000
7856,0,0x110,STD,8,2026-01-28T18:50:58.914235,03 00 03 00 A8 DC 32 48,03000300,0.000000
7857,0,0x10F,STD,8,2026-01-28T18:50:58.971247,03 00 03 00 D8 B1 14 3C,03000300,0.000000
7858,0,0x110,STD,8,2026-01-28T18:50:58.995253,03 00 03 00 80 27 B7 47,03000300,0.000000
7859,0,0x10F,STD,8,2026-01-28T18:50:59.051501,03 00 03 00 F8 87 47 3C,03000300,0.000000
7860,0,0x110,STD,8,2026-01-28T18:50:59.075506,03 00 03 00 5D AA 3C 48,03000300,0.000000
7861,0,0x10F,STD,8,2026-01-28T18:50:59.132519,03 00 03 00 0C 27 00 3D,03000300,0.000000
7862,0,0x110,STD,8,2026-01-28T18:50:59.156525,03 00 03 00 59 FD CB 47,03000300,0.000000
7863,0,0x10F,STD,8,2026-01-28T18:50:59.213041,03 00 03 00 5C 58 8E 3C,03000300,0.000000
7864,0,0x110,STD,8,2026-01-28T18:50:59.236278,03 00 03 00 11 50 4D 48,03000300,0.000000
7865,0,0x10F,STD,8,2026-01-28T18:50:59.271286,03 00 01 00 00 00 00 00,03000100,0.000000
7866,0,0x110,STD,8,2026-01-28T18:50:59.272789,03 00 01 00 00 00 00 00,03000100,0.000000
7867,0,0x10F,STD,8,2026-01-28T18:50:59.272789,03 00 02 00 FE 1A 32 41,03000200,0.000000
7868,0,0x110,STD,8,2026-01-28T18:50:59.274791,03 00 02 00 FE 1A 32 41,03000200,0.000000
7869,0,0x10F,STD,8,2026-01-28T18:50:59.287793,03 00 03 00 9F 1E 0C 3D,03000300,0.000000
7870,0,0x110,STD,8,2026-01-28T18:50:59.311799,03 00 03 00 EE 85 9D 48,03000300,0.000000
7871,0,0x10F,STD,8,2026-01-28T18:50:59.368811,03 00 03 00 A6 6E 17 3D,03000300,0.000000
7872,0,0x110,STD,8,2026-01-28T18:50:59.392817,03 00 03 00 BC CF 41 48,03000300,0.000000
7873,0,0x10F,STD,8,2026-01-28T18:50:59.449829,03 00 03 00 95 52 B1 3C,03000300,0.000000
7874,0,0x110,STD,8,2026-01-28T18:50:59.473338,03 00 03 00 A2 4D 5D 48,03000300,0.000000
7875,0,0x10F,STD,8,2026-01-28T18:50:59.529854,03 00 03 00 BA 69 01 3D,03000300,0.000000
7876,0,0x110,STD,8,2026-01-28T18:50:59.553859,03 00 03 00 7F A9 AC 48,03000300,0.000000
7877,0,0x10F,STD,8,2026-01-28T18:50:59.610872,03 00 03 00 98 A6 5B 3C,03000300,0.000000
7878,0,0x110,STD,8,2026-01-28T18:50:59.634877,03 00 03 00 93 50 4E 48,03000300,0.000000
7879,0,0x10F,STD,8,2026-01-28T18:50:59.691889,03 00 03 00 95 BE 04 3D,03000300,0.000000
7880,0,0x110,STD,8,2026-01-28T18:50:59.715896,03 00 03 00 D4 72 82 48,03000300,0.000000
7881,0,0x10F,STD,8,2026-01-28T18:50:59.761906,03 00 03 00 8C 75 C4 3C,03000300,0.000000
7882,0,0x110,STD,8,2026-01-28T18:50:59.785911,03 00 03 00 7F 0D D5 47,03000300,0.000000
7883,0,0x10F,STD,8,2026-01-28T18:50:59.842924,03 00 03 00 2C 6B 77 3C,03000300,0.000000
7884,0,0x110,STD,8,2026-01-28T18:50:59.866434,03 00 03 00 A0 BB 07 48,03000300,0.000000
7885,0,0x10F,STD,8,2026-01-28T18:50:59.923447,03 00 03 00 A4 30 56 3C,03000300,0.000000
7886,0,0x110,STD,8,2026-01-28T18:50:59.947452,03 00 03 00 6A 8C C1 47,03000300,0.000000
7887,0,0x10F,STD,8,2026-01-28T18:51:00.004465,03 00 03 00 47 B1 0B 3C,03000300,0.000000
7888,0,0x110,STD,8,2026-01-28T18:51:00.028471,03 00 03 00 44 A5 CC 47,03000300,0.000000
7889,0,0x10F,STD,8,2026-01-28T18:51:00.085483,03 00 03 00 F9 0D 8C 3C,03000300,0.000000
7890,0,0x110,STD,8,2026-01-28T18:51:00.109489,03 00 03 00 9F 52 F9 47,03000300,0.000000
7891,0,0x10F,STD,8,2026-01-28T18:51:00.166502,03 00 03 00 14 FD 1A 3C,03000300,0.000000
7892,0,0x110,STD,8,2026-01-28T18:51:00.190507,03 00 03 00 8B 3E DC 47,03000300,0.000000
7893,0,0x10F,STD,8,2026-01-28T18:51:00.247520,03 00 03 00 9D 88 D4 3C,03000300,0.000000
7894,0,0x110,STD,8,2026-01-28T18:51:00.271370,03 00 03 00 19 6E 05 48,03000300,0.000000
7895,0,0x10F,STD,8,2026-01-28T18:51:00.328383,03 00 03 00 5A 39 7F 3C,03000300,0.000000
7896,0,0x110,STD,8,2026-01-28T18:51:00.369392,03 00 03 00 97 AF 66 48,03000300,0.000000
7897,0,0x10F,STD,8,2026-01-28T18:51:00.369392,03 00 01 00 00 00 00 00,03000100,0.000000
7898,0,0x110,STD,8,2026-01-28T18:51:00.369392,03 00 01 00 00 00 00 00,03000100,0.000000
7899,0,0x10F,STD,8,2026-01-28T18:51:00.370392,03 00 02 00 16 DC 2C 41,03000200,0.000000
7900,0,0x110,STD,8,2026-01-28T18:51:00.370392,03 00 02 00 16 DC 2C 41,03000200,0.000000
7901,0,0x10F,STD,8,2026-01-28T18:51:00.405400,03 00 03 00 7B D1 C8 3C,03000300,0.000000
7902,0,0x110,STD,8,2026-01-28T18:51:00.429405,03 00 03 00 8D C7 35 48,03000300,0.000000
7903,0,0x10F,STD,8,2026-01-28T18:51:00.486418,03 00 03 00 2E F8 ED 3C,03000300,0.000000
7904,0,0x110,STD,8,2026-01-28T18:51:00.510423,03 00 03 00 99 BB 78 47,03000300,0.000000
7905,0,0x10F,STD,8,2026-01-28T18:51:00.567436,03 00 03 00 95 A1 BA 3C,03000300,0.000000
7906,0,0x110,STD,8,2026-01-28T18:51:00.591442,03 00 03 00 05 79 11 48,03000300,0.000000
7907,0,0x10F,STD,8,2026-01-28T18:51:00.648455,03 00 03 00 E2 A4 DB 3C,03000300,0.000000
7908,0,0x110,STD,8,2026-01-28T18:51:00.672460,03 00 03 00 E3 5A 5E 47,03000300,0.000000
7909,0,0x10F,STD,8,2026-01-28T18:51:00.729473,03 00 03 00 62 A8 BA 3C,03000300,0.000000
7910,0,0x110,STD,8,2026-01-28T18:51:00.742182,03 00 03 00 92 CD 04 48,03000300,0.000000
7911,0,0x10F,STD,8,2026-01-28T18:51:00.799195,03 00 03 00 90 A5 B1 3C,03000300,0.000000
7912,0,0x110,STD,8,2026-01-28T18:51:00.823201,03 00 03 00 C6 4F 30 48,03000300,0.000000
7913,0,0x10F,STD,8,2026-01-28T18:51:00.880214,03 00 03 00 3F 69 A2 3C,03000300,0.000000
7914,0,0x110,STD,8,2026-01-28T18:51:00.904219,03 00 03 00 32 C3 6D 48,03000300,0.000000
7915,0,0x10F,STD,8,2026-01-28T18:51:00.969233,03 00 03 00 F1 C9 3B 3C,03000300,0.000000
7916,0,0x110,STD,8,2026-01-28T18:51:00.983237,03 00 03 00 52 3B 1A 48,03000300,0.000000
7917,0,0x10F,STD,8,2026-01-28T18:51:01.040250,03 00 03 00 91 1B DE 3B,03000300,0.000000
7918,0,0x110,STD,8,2026-01-28T18:51:01.064255,03 00 03 00 1B E7 FD 47,03000300,0.000000
7919,0,0x10F,STD,8,2026-01-28T18:51:01.120771,03 00 03 00 A6 65 8D 3B,03000300,0.000000
7920,0,0x110,STD,8,2026-01-28T18:51:01.144778,03 00 03 00 54 79 BB 47,03000300,0.000000
7921,0,0x10F,STD,8,2026-01-28T18:51:01.201333,03 00 03 00 A2 5E A5 3C,03000300,0.000000
7922,0,0x110,STD,8,2026-01-28T18:51:01.225339,03 00 03 00 74 FF BD 47,03000300,0.000000
7923,0,0x10F,STD,8,2026-01-28T18:51:01.282352,03 00 03 00 C2 0C A4 3C,03000300,0.000000
7924,0,0x110,STD,8,2026-01-28T18:51:01.306152,03 00 03 00 65 50 DF 47,03000300,0.000000
7925,0,0x10F,STD,8,2026-01-28T18:51:01.362855,03 00 03 00 BC 86 35 3D,03000300,0.000000
7926,0,0x110,STD,8,2026-01-28T18:51:01.386364,03 00 03 00 C6 24 22 47,03000300,0.000000
7927,0,0x10F,STD,8,2026-01-28T18:51:01.443525,03 00 03 00 58 D7 03 3D,03000300,0.000000
7928,0,0x110,STD,8,2026-01-28T18:51:01.467530,03 00 03 00 28 09 1A 47,03000300,0.000000
7929,0,0x10F,STD,8,2026-01-28T18:51:01.467530,03 00 01 00 00 00 00 00,03000100,0.000000
7930,0,0x110,STD,8,2026-01-28T18:51:01.467530,03 00 01 00 00 00 00 00,03000100,0.000000
7931,0,0x10F,STD,8,2026-01-28T18:51:01.467530,03 00 02 00 16 DC 2C 41,03000200,0.000000
7932,0,0x110,STD,8,2026-01-28T18:51:01.467530,03 00 02 00 16 DC 2C 41,03000200,0.000000
7933,0,0x10F,STD,8,2026-01-28T18:51:01.524339,03 00 03 00 7D 55 D6 3C,03000300,0.000000
7934,0,0x110,STD,8,2026-01-28T18:51:01.548345,03 00 03 00 7D 7E EE 47,03000300,0.000000
7935,0,0x10F,STD,8,2026-01-28T18:51:01.594355,03 00 03 00 F9 76 F8 3C,03000300,0.000000
7936,0,0x110,STD,8,2026-01-28T18:51:01.629137,03 00 03 00 69 23 D2 47,03000300,0.000000
7937,0,0x10F,STD,8,2026-01-28T18:51:01.675147,03 00 03 00 DF 1E 16 3C,03000300,0.000000
7938,0,0x110,STD,8,2026-01-28T18:51:01.699153,03 00 03 00 CA 81 E7 47,03000300,0.000000
7939,0,0x10F,STD,8,2026-01-28T18:51:01.755671,03 00 03 00 36 0F A7 3C,03000300,0.000000
7940,0,0x110,STD,8,2026-01-28T18:51:01.779320,03 00 03 00 6B F8 26 48,03000300,0.000000
7941,0,0x10F,STD,8,2026-01-28T18:51:01.836333,03 00 03 00 F4 50 1F 3C,03000300,0.000000
7942,0,0x110,STD,8,2026-01-28T18:51:01.860339,03 00 03 00 18 65 F0 47,03000300,0.000000
7943,0,0x10F,STD,8,2026-01-28T18:51:01.917351,03 00 03 00 6D E1 9D 3C,03000300,0.000000
7944,0,0x110,STD,8,2026-01-28T18:51:01.941356,03 00 03 00 06 2D AC 46,03000300,0.000000
7945,0,0x10F,STD,8,2026-01-28T18:51:01.998370,03 00 03 00 BB 26 ED 3C,03000300,0.000000
7946,0,0x110,STD,8,2026-01-28T18:51:02.022375,03 00 03 00 9E B6 58 47,03000300,0.000000
7947,0,0x10F,STD,8,2026-01-28T18:51:02.079103,03 00 03 00 DC DC 8A 3C,03000300,0.000000
7948,0,0x110,STD,8,2026-01-28T18:51:02.103108,03 00 03 00 C1 39 AA 47,03000300,0.000000
7949,0,0x10F,STD,8,2026-01-28T18:51:02.160120,03 00 03 00 09 47 C7 3C,03000300,0.000000
7950,0,0x110,STD,8,2026-01-28T18:51:02.184126,03 00 03 00 1B A9 B7 47,03000300,0.000000
7951,0,0x10F,STD,8,2026-01-28T18:51:02.240642,03 00 03 00 6C 10 96 3C,03000300,0.000000
7952,0,0x110,STD,8,2026-01-28T18:51:02.264150,03 00 03 00 0D A3 38 48,03000300,0.000000
7953,0,0x10F,STD,8,2026-01-28T18:51:02.321163,03 00 03 00 C6 53 27 3C,03000300,0.000000
7954,0,0x110,STD,8,2026-01-28T18:51:02.345168,03 00 03 00 49 D1 AB 47,03000300,0.000000
7955,0,0x10F,STD,8,2026-01-28T18:51:02.402297,03 00 03 00 DB 3A 8C 3C,03000300,0.000000
7956,0,0x110,STD,8,2026-01-28T18:51:02.426304,03 00 03 00 93 0A 82 46,03000300,0.000000
7957,0,0x10F,STD,8,2026-01-28T18:51:02.472314,03 00 03 00 B4 85 59 3C,03000300,0.000000
7958,0,0x110,STD,8,2026-01-28T18:51:02.496320,03 00 03 00 C2 30 E4 46,03000300,0.000000
7959,0,0x10F,STD,8,2026-01-28T18:51:02.553333,03 00 03 00 F5 B9 3A 3C,03000300,0.000000
7960,0,0x10F,STD,8,2026-01-28T18:51:02.553333,03 00 01 00 00 00 00 00,03000100,0.000000
7961,0,0x110,STD,8,2026-01-28T18:51:02.553333,03 00 01 00 00 00 00 00,03000100,0.000000
7962,0,0x10F,STD,8,2026-01-28T18:51:02.555333,03 00 02 00 1B 0D 45 41,03000200,0.000000
7963,0,0x110,STD,8,2026-01-28T18:51:02.555333,03 00 02 00 1B 0D 45 41,03000200,0.000000
7964,0,0x110,STD,8,2026-01-28T18:51:02.579338,03 00 03 00 09 DA 77 47,03000300,0.000000
7965,0,0x10F,STD,8,2026-01-28T18:51:02.636351,03 00 03 00 94 45 F4 3C,03000300,0.000000
7966,0,0x110,STD,8,2026-01-28T18:51:02.659860,03 00 03 00 B2 AB 16 48,03000300,0.000000
7967,0,0x10F,STD,8,2026-01-28T18:51:02.716873,03 00 03 00 B7 C0 96 3C,03000300,0.000000
7968,0,0x110,STD,8,2026-01-28T18:51:02.740878,03 00 03 00 1A 0A 6C 48,03000300,0.000000
7969,0,0x10F,STD,8,2026-01-28T18:51:02.797394,03 00 03 00 E0 5E B8 3C,03000300,0.000000
7970,0,0x110,STD,8,2026-01-28T18:51:02.821399,03 00 03 00 81 56 3C 48,03000300,0.000000
7971,0,0x10F,STD,8,2026-01-28T18:51:02.878412,03 00 03 00 D9 09 4C 3C,03000300,0.000000
7972,0,0x110,STD,8,2026-01-28T18:51:02.902417,03 00 03 00 CA B3 1B 48,03000300,0.000000
7973,0,0x10F,STD,8,2026-01-28T18:51:02.959430,03 00 03 00 54 B8 65 3C,03000300,0.000000
7974,0,0x110,STD,8,2026-01-28T18:51:02.983436,03 00 03 00 EB 9C B8 47,03000300,0.000000
7975,0,0x10F,STD,8,2026-01-28T18:51:03.040448,03 00 03 00 C1 3B 55 3C,03000300,0.000000
7976,0,0x110,STD,8,2026-01-28T18:51:03.064454,03 00 03 00 D1 1C FF 47,03000300,0.000000
7977,0,0x10F,STD,8,2026-01-28T18:51:03.110465,03 00 03 00 E9 73 13 3C,03000300,0.000000
7978,0,0x110,STD,8,2026-01-28T18:51:03.134469,03 00 03 00 3F 14 FB 47,03000300,0.000000
7979,0,0x10F,STD,8,2026-01-28T18:51:03.191482,03 00 03 00 03 29 FB 3C,03000300,0.000000
7980,0,0x110,STD,8,2026-01-28T18:51:03.215488,03 00 03 00 DF F6 6D 47,03000300,0.000000
7981,0,0x10F,STD,8,2026-01-28T18:51:03.272501,03 00 03 00 21 20 D8 3C,03000300,0.000000
7982,0,0x110,STD,8,2026-01-28T18:51:03.296275,03 00 03 00 1A B5 E7 47,03000300,0.000000
7983,0,0x10F,STD,8,2026-01-28T18:51:03.352354,03 00 03 00 44 40 19 3D,03000300,0.000000
7984,0,0x110,STD,8,2026-01-28T18:51:03.376361,03 00 03 00 1E EA DC 47,03000300,0.000000
7985,0,0x10F,STD,8,2026-01-28T18:51:03.432423,03 00 03 00 08 29 2B 3D,03000300,0.000000
7986,0,0x110,STD,8,2026-01-28T18:51:03.456428,03 00 03 00 E3 54 3C 48,03000300,0.000000
7987,0,0x10F,STD,8,2026-01-28T18:51:03.512990,03 00 03 00 FB E3 D3 3C,03000300,0.000000
7988,0,0x110,STD,8,2026-01-28T18:51:03.536499,03 00 03 00 9C DA AD 47,03000300,0.000000
7989,0,0x10F,STD,8,2026-01-28T18:51:03.593511,03 00 03 00 5A B9 9D 3C,03000300,0.000000
7990,0,0x110,STD,8,2026-01-28T18:51:03.617517,03 00 03 00 83 A1 4F 48,03000300,0.000000
7991,0,0x10F,STD,8,2026-01-28T18:51:03.652052,03 00 01 00 00 00 00 00,03000100,0.000000
7992,0,0x110,STD,8,2026-01-28T18:51:03.652052,03 00 01 00 00 00 00 00,03000100,0.000000
7993,0,0x110,STD,8,2026-01-28T18:51:03.652052,03 00 02 00 B6 AE 34 41,03000200,0.000000
7994,0,0x10F,STD,8,2026-01-28T18:51:03.652052,03 00 01 00 00 00 00 00,03000100,0.000000
7995,0,0x10F,STD,8,2026-01-28T18:51:03.676058,03 00 03 00 AF 9B 41 3C,03000300,0.000000
7996,0,0x110,STD,8,2026-01-28T18:51:03.700064,03 00 03 00 3F 4C FD 47,03000300,0.000000
7997,0,0x10F,STD,8,2026-01-28T18:51:03.757263,03 00 03 00 1F 9F 28 3C,03000300,0.000000
7998,0,0x110,STD,8,2026-01-28T18:51:03.781269,03 00 03 00 BF E8 6A 47,03000300,0.000000
7999,0,0x10F,STD,8,2026-01-28T18:51:03.827279,03 00 03 00 47 70 2F 3C,03000300,0.000000
8000,0,0x110,STD,8,2026-01-28T18:51:03.850788,03 00 03 00 E0 6C 3D 48,03000300,0.000000
8001,0,0x10F,STD,8,2026-01-28T18:51:03.907456,03 00 03 00 E4 32 D3 3C,03000300,0.000000
8002,0,0x110,STD,8,2026-01-28T18:51:03.930965,03 00 03 00 CD 31 E8 47,03000300,0.000000
8003,0,0x10F,STD,8,2026-01-28T18:51:03.985977,03 00 03 00 12 A8 41 3C,03000300,0.000000
8004,0,0x110,STD,8,2026-01-28T18:51:04.020985,03 00 03 00 98 C9 BB 47,03000300,0.000000
8005,0,0x10F,STD,8,2026-01-28T18:51:04.066996,03 00 03 00 96 3F 44 3C,03000300,0.000000
8006,0,0x110,STD,8,2026-01-28T18:51:04.091001,03 00 03 00 BA 3E 03 48,03000300,0.000000
8007,0,0x10F,STD,8,2026-01-28T18:51:04.147668,03 00 03 00 07 1C 27 3C,03000300,0.000000
8008,0,0x110,STD,8,2026-01-28T18:51:04.171673,03 00 03 00 75 CC D8 47,03000300,0.000000
8009,0,0x10F,STD,8,2026-01-28T18:51:04.228686,03 00 03 00 AE 15 4C 3C,03000300,0.000000
8010,0,0x110,STD,8,2026-01-28T18:51:04.252194,03 00 03 00 B4 B4 02 48,03000300,0.000000
8011,0,0x10F,STD,8,2026-01-28T18:51:04.308711,03 00 03 00 10 22 82 3C,03000300,0.000000
8012,0,0x110,STD,8,2026-01-28T18:51:04.332716,03 00 03 00 C5 22 8D 47,03000300,0.000000
8013,0,0x10F,STD,8,2026-01-28T18:51:04.390729,03 00 03 00 19 96 2F 3C,03000300,0.000000
8014,0,0x110,STD,8,2026-01-28T18:51:04.414659,03 00 03 00 39 7C F3 47,03000300,0.000000
8015,0,0x10F,STD,8,2026-01-28T18:51:04.471671,03 00 03 00 2E 8D 8B 3C,03000300,0.000000
8016,0,0x110,STD,8,2026-01-28T18:51:04.495179,03 00 03 00 E0 DA 9C 47,03000300,0.000000
8017,0,0x10F,STD,8,2026-01-28T18:51:04.552193,03 00 03 00 E9 9F B7 3B,03000300,0.000000
8018,0,0x110,STD,8,2026-01-28T18:51:04.576198,03 00 03 00 C8 56 4D 48,03000300,0.000000
8019,0,0x10F,STD,8,2026-01-28T18:51:04.633211,03 00 03 00 89 9F 20 3C,03000300,0.000000
8020,0,0x110,STD,8,2026-01-28T18:51:04.657217,03 00 03 00 D4 9A 6A 48,03000300,0.000000
8021,0,0x10F,STD,8,2026-01-28T18:51:04.714229,03 00 03 00 7A 4B 81 3B,03000300,0.000000
8022,0,0x110,STD,8,2026-01-28T18:51:04.727232,03 00 03 00 81 D7 FD 47,03000300,0.000000
8023,0,0x110,STD,8,2026-01-28T18:51:04.740235,03 00 01 00 00 00 00 00,03000100,0.000000
8024,0,0x10F,STD,8,2026-01-28T18:51:04.740235,03 00 02 00 B6 AE 34 41,03000200,0.000000
8025,0,0x10F,STD,8,2026-01-28T18:51:04.740235,03 00 02 00 0C 01 2C 41,03000200,0.000000
8026,0,0x110,STD,8,2026-01-28T18:51:04.740235,03 00 02 00 0C 01 2C 41,03000200,0.000000
8027,0,0x10F,STD,8,2026-01-28T18:51:04.786246,03 00 03 00 C6 45 56 3B,03000300,0.000000
8028,0,0x110,STD,8,2026-01-28T18:51:04.810251,03 00 03 00 C5 50 25 48,03000300,0.000000
8029,0,0x10F,STD,8,2026-01-28T18:51:04.867264,03 00 03 00 F9 BA 5C 3C,03000300,0.000000
8030,0,0x110,STD,8,2026-01-28T18:51:04.891269,03 00 03 00 77 F4 03 48,03000300,0.000000
8031,0,0x10F,STD,8,2026-01-28T18:51:04.948282,03 00 03 00 DB 6B B0 3C,03000300,0.000000
8032,0,0x110,STD,8,2026-01-28T18:51:04.972287,03 00 03 00 DF 4A BC 47,03000300,0.000000
8033,0,0x10F,STD,8,2026-01-28T18:51:05.029300,03 00 03 00 3A 57 2B 3C,03000300,0.000000
8034,0,0x110,STD,8,2026-01-28T18:51:05.053306,03 00 03 00 E1 98 03 48,03000300,0.000000
8035,0,0x10F,STD,8,2026-01-28T18:51:05.110318,03 00 03 00 C7 FE 91 3C,03000300,0.000000
8036,0,0x110,STD,8,2026-01-28T18:51:05.134324,03 00 03 00 61 AE 00 48,03000300,0.000000
8037,0,0x10F,STD,8,2026-01-28T18:51:05.191337,03 00 03 00 ED 4F 86 3C,03000300,0.000000
8038,0,0x110,STD,8,2026-01-28T18:51:05.215342,03 00 03 00 A9 E5 86 47,03000300,0.000000
8039,0,0x10F,STD,8,2026-01-28T18:51:05.272355,03 00 03 00 7D 5E 46 3C,03000300,0.000000
8040,0,0x110,STD,8,2026-01-28T18:51:05.285358,03 00 03 00 DB 4D B3 47,03000300,0.000000
8041,0,0x10F,STD,8,2026-01-28T18:51:05.342371,03 00 03 00 C9 CD 5A 3C,03000300,0.000000
8042,0,0x110,STD,8,2026-01-28T18:51:05.366376,03 00 03 00 DA 57 5F 47,03000300,0.000000
8043,0,0x10F,STD,8,2026-01-28T18:51:05.423389,03 00 03 00 6D 58 73 3C,03000300,0.000000
8044,0,0x110,STD,8,2026-01-28T18:51:05.447394,03 00 03 00 28 FA 0F 48,03000300,0.000000
8045,0,0x10F,STD,8,2026-01-28T18:51:05.504407,03 00 03 00 91 6B 01 3D,03000300,0.000000
8046,0,0x110,STD,8,2026-01-28T18:51:05.528413,03 00 03 00 C9 C9 65 48,03000300,0.000000
8047,0,0x10F,STD,8,2026-01-28T18:51:05.585425,03 00 03 00 26 46 98 3C,03000300,0.000000
8048,0,0x110,STD,8,2026-01-28T18:51:05.609431,03 00 03 00 AF 0B 22 48,03000300,0.000000
8049,0,0x10F,STD,8,2026-01-28T18:51:05.666444,03 00 03 00 0F 56 22 3D,03000300,0.000000
8050,0,0x110,STD,8,2026-01-28T18:51:05.690449,03 00 03 00 5D F8 0A 48,03000300,0.000000
8051,0,0x10F,STD,8,2026-01-28T18:51:05.746701,03 00 03 00 5C CE EB 3C,03000300,0.000000
8052,0,0x110,STD,8,2026-01-28T18:51:05.770706,03 00 03 00 C7 BE E4 47,03000300,0.000000
8053,0,0x10F,STD,8,2026-01-28T18:51:05.827719,03 00 03 00 46 39 CB 3C,03000300,0.000000
8054,0,0x10F,STD,8,2026-01-28T18:51:05.827719,03 00 01 00 00 00 00 00,03000100,0.000000
8055,0,0x110,STD,8,2026-01-28T18:51:05.827719,03 00 01 00 00 00 00 00,03000100,0.000000
8056,0,0x10F,STD,8,2026-01-28T18:51:05.829719,03 00 02 00 0A 6E 44 41,03000200,0.000000
8057,0,0x110,STD,8,2026-01-28T18:51:05.829719,03 00 02 00 0A 6E 44 41,03000200,0.000000
8058,0,0x110,STD,8,2026-01-28T18:51:05.853724,03 00 03 00 48 8A 7D 47,03000300,0.000000
8059,0,0x10F,STD,8,2026-01-28T18:51:05.910738,03 00 03 00 98 B2 85 3C,03000300,0.000000
8060,0,0x110,STD,8,2026-01-28T18:51:05.934742,03 00 03 00 13 B2 15 48,03000300,0.000000
8061,0,0x10F,STD,8,2026-01-28T18:51:05.980753,03 00 03 00 AA B6 6B 3C,03000300,0.000000
8062,0,0x110,STD,8,2026-01-28T18:51:06.004759,03 00 03 00 BE 5C CB 47,03000300,0.000000
8063,0,0x10F,STD,8,2026-01-28T18:51:06.061772,03 00 03 00 22 56 74 3C,03000300,0.000000
8064,0,0x110,STD,8,2026-01-28T18:51:06.085777,03 00 03 00 6C 67 05 47,03000300,0.000000
8065,0,0x10F,STD,8,2026-01-28T18:51:06.142790,03 00 03 00 4E 55 AD 3B,03000300,0.000000
8066,0,0x110,STD,8,2026-01-28T18:51:06.166375,03 00 03 00 D0 A2 08 48,03000300,0.000000
8067,0,0x10F,STD,8,2026-01-28T18:51:06.223193,03 00 03 00 32 48 CA 3B,03000300,0.000000
8068,0,0x110,STD,8,2026-01-28T18:51:06.247200,03 00 03 00 B2 7B 4A 48,03000300,0.000000
8069,0,0x10F,STD,8,2026-01-28T18:51:06.304213,03 00 03 00 97 77 14 3C,03000300,0.000000
8070,0,0x110,STD,8,2026-01-28T18:51:06.328218,03 00 03 00 61 45 E2 47,03000300,0.000000
8071,0,0x10F,STD,8,2026-01-28T18:51:06.378455,03 00 03 00 AA C6 A3 3B,03000300,0.000000
8072,0,0x110,STD,8,2026-01-28T18:51:06.402459,03 00 03 00 DA 9B BA 47,03000300,0.000000
8073,0,0x10F,STD,8,2026-01-28T18:51:06.458115,03 00 03 00 37 7E 29 3C,03000300,0.000000
8074,0,0x110,STD,8,2026-01-28T18:51:06.482121,03 00 03 00 82 0D F4 47,03000300,0.000000
8075,0,0x10F,STD,8,2026-01-28T18:51:06.539191,03 00 03 00 15 A6 3B 3C,03000300,0.000000
8076,0,0x110,STD,8,2026-01-28T18:51:06.563197,03 00 03 00 39 51 D3 47,03000300,0.000000
8077,0,0x10F,STD,8,2026-01-28T18:51:06.620209,03 00 03 00 BC 95 15 3C,03000300,0.000000
8078,0,0x110,STD,8,2026-01-28T18:51:06.644215,03 00 03 00 4F 4A B0 47,03000300,0.000000
8079,0,0x10F,STD,8,2026-01-28T18:51:06.700731,03 00 03 00 CA 6E AA 3B,03000300,0.000000
8080,0,0x110,STD,8,2026-01-28T18:51:06.724737,03 00 03 00 CB FF 2F 48,03000300,0.000000
8081,0,0x10F,STD,8,2026-01-28T18:51:06.781749,03 00 03 00 29 5C 2A 3C,03000300,0.000000
8082,0,0x110,STD,8,2026-01-28T18:51:06.805754,03 00 03 00 93 AD 38 48,03000300,0.000000
8083,0,0x10F,STD,8,2026-01-28T18:51:06.862304,03 00 03 00 61 B6 16 3C,03000300,0.000000
8084,0,0x110,STD,8,2026-01-28T18:51:06.886310,03 00 03 00 B9 DD AD 47,03000300,0.000000
8085,0,0x10F,STD,8,2026-01-28T18:51:06.910316,03 00 01 00 00 00 00 00,03000100,0.000000
8086,0,0x110,STD,8,2026-01-28T18:51:06.910316,03 00 01 00 00 00 00 00,03000100,0.000000
8087,0,0x10F,STD,8,2026-01-28T18:51:06.910316,03 00 02 00 DA 2F 32 41,03000200,0.000000
8088,0,0x110,STD,8,2026-01-28T18:51:06.910316,03 00 02 00 DA 2F 32 41,03000200,0.000000
8089,0,0x10F,STD,8,2026-01-28T18:51:06.945323,03 00 03 00 4A 1A 79 3C,03000300,0.000000
8090,0,0x110,STD,8,2026-01-28T18:51:06.980331,03 00 03 00 E7 91 F4 47,03000300,0.000000
8091,0,0x10F,STD,8,2026-01-28T18:51:07.026341,03 00 03 00 CE 06 1C 3C,03000300,0.000000
8092,0,0x110,STD,8,2026-01-28T18:51:07.049805,03 00 03 00 32 85 92 47,03000300,0.000000
8093,0,0x10F,STD,8,2026-01-28T18:51:07.095815,03 00 03 00 A8 3C 2C 3C,03000300,0.000000
8094,0,0x110,STD,8,2026-01-28T18:51:07.119820,03 00 03 00 50 42 4B 48,03000300,0.000000
8095,0,0x10F,STD,8,2026-01-28T18:51:07.176384,03 00 03 00 5F 8D A0 3C,03000300,0.000000
8096,0,0x110,STD,8,2026-01-28T18:51:07.200390,03 00 03 00 2E D6 83 48,03000300,0.000000
8097,0,0x10F,STD,8,2026-01-28T18:51:07.257403,03 00 03 00 70 E8 A8 3C,03000300,0.000000
8098,0,0x110,STD,8,2026-01-28T18:51:07.281408,03 00 03 00 8F CC 18 48,03000300,0.000000
8099,0,0x10F,STD,8,2026-01-28T18:51:07.338421,03 00 03 00 73 9D A5 3C,03000300,0.000000
8100,0,0x110,STD,8,2026-01-28T18:51:07.362426,03 00 03 00 77 74 6C 48,03000300,0.000000
8101,0,0x10F,STD,8,2026-01-28T18:51:07.419439,03 00 03 00 BE 4D 3D 3C,03000300,0.000000
8102,0,0x110,STD,8,2026-01-28T18:51:07.443445,03 00 03 00 65 86 43 48,03000300,0.000000
8103,0,0x10F,STD,8,2026-01-28T18:51:07.500147,03 00 03 00 AF 59 CA 3C,03000300,0.000000
8104,0,0x110,STD,8,2026-01-28T18:51:07.524152,03 00 03 00 5D F6 66 48,03000300,0.000000
8105,0,0x10F,STD,8,2026-01-28T18:51:07.580667,03 00 03 00 96 8B 68 3C,03000300,0.000000
8106,0,0x110,STD,8,2026-01-28T18:51:07.604671,03 00 03 00 AE 8D 9B 48,03000300,0.000000
8107,0,0x10F,STD,8,2026-01-28T18:51:07.661684,03 00 03 00 0C F5 0B 3C,03000300,0.000000
8108,0,0x110,STD,8,2026-01-28T18:51:07.685193,03 00 03 00 EB 96 5A 48,03000300,0.000000
8109,0,0x10F,STD,8,2026-01-28T18:51:07.742206,03 00 03 00 07 18 0E 3D,03000300,0.000000
8110,0,0x110,STD,8,2026-01-28T18:51:07.766211,03 00 03 00 94 97 F0 47,03000300,0.000000
8111,0,0x10F,STD,8,2026-01-28T18:51:07.823224,03 00 03 00 CA 04 D4 3C,03000300,0.000000
8112,0,0x110,STD,8,2026-01-28T18:51:07.836227,03 00 03 00 D8 F1 FF 47,03000300,0.000000
8113,0,0x10F,STD,8,2026-01-28T18:51:07.893240,03 00 03 00 9A A0 F7 3C,03000300,0.000000
8114,0,0x110,STD,8,2026-01-28T18:51:07.916750,03 00 03 00 2D FD 94 47,03000300,0.000000
8115,0,0x10F,STD,8,2026-01-28T18:51:07.973763,03 00 03 00 07 BB EF 3C,03000300,0.000000
8116,0,0x110,STD,8,2026-01-28T18:51:07.997768,03 00 03 00 10 48 42 48,03000300,0.000000
8117,0,0x10F,STD,8,2026-01-28T18:51:08.010771,03 00 01 00 00 00 00 00,03000100,0.000000
8118,0,0x110,STD,8,2026-01-28T18:51:08.010771,03 00 01 00 00 00 00 00,03000100,0.000000
8119,0,0x10F,STD,8,2026-01-28T18:51:08.010771,03 00 02 00 57 11 36 41,03000200,0.000000
8120,0,0x110,STD,8,2026-01-28T18:51:08.010771,03 00 02 00 57 11 36 41,03000200,0.000000
8121,0,0x10F,STD,8,2026-01-28T18:51:08.056782,03 00 03 00 76 2A 89 3C,03000300,0.000000
8122,0,0x110,STD,8,2026-01-28T18:51:08.080787,03 00 03 00 B6 84 29 48,03000300,0.000000
8123,0,0x10F,STD,8,2026-01-28T18:51:08.137799,03 00 03 00 8A 4B 1D 3C,03000300,0.000000
8124,0,0x110,STD,8,2026-01-28T18:51:08.161412,03 00 03 00 1C 7A 88 47,03000300,0.000000
8125,0,0x10F,STD,8,2026-01-28T18:51:08.218425,03 00 03 00 79 03 8A 3C,03000300,0.000000
8126,0,0x110,STD,8,2026-01-28T18:51:08.242430,03 00 03 00 96 06 BB 47,03000300,0.000000
8127,0,0x10F,STD,8,2026-01-28T18:51:08.298544,03 00 03 00 30 AB 79 3C,03000300,0.000000
8128,0,0x110,STD,8,2026-01-28T18:51:08.322549,03 00 03 00 07 DB 80 47,03000300,0.000000
8129,0,0x10F,STD,8,2026-01-28T18:51:08.380122,03 00 03 00 7E 7B 7D 3C,03000300,0.000000
8130,0,0x110,STD,8,2026-01-28T18:51:08.404538,03 00 03 00 1E 63 32 48,03000300,0.000000
8131,0,0x10F,STD,8,2026-01-28T18:51:08.450548,03 00 03 00 BF 0A 46 3C,03000300,0.000000
8132,0,0x110,STD,8,2026-01-28T18:51:08.485556,03 00 03 00 77 E1 22 48,03000300,0.000000
8133,0,0x10F,STD,8,2026-01-28T18:51:08.531566,03 00 03 00 4B 91 A3 3C,03000300,0.000000
8134,0,0x110,STD,8,2026-01-28T18:51:08.555075,03 00 03 00 C3 E0 99 47,03000300,0.000000
8135,0,0x10F,STD,8,2026-01-28T18:51:08.611708,03 00 03 00 DB DA 86 3C,03000300,0.000000
8136,0,0x110,STD,8,2026-01-28T18:51:08.645721,03 00 03 00 75 F2 3A 48,03000300,0.000000
8137,0,0x10F,STD,8,2026-01-28T18:51:08.690638,03 00 03 00 3D 1B E5 3B,03000300,0.000000
8138,0,0x110,STD,8,2026-01-28T18:51:08.714643,03 00 03 00 0C E3 3D 48,03000300,0.000000
8139,0,0x10F,STD,8,2026-01-28T18:51:08.771656,03 00 03 00 85 6E BA 3B,03000300,0.000000
8140,0,0x110,STD,8,2026-01-28T18:51:08.795533,03 00 03 00 5B 35 50 47,03000300,0.000000
8141,0,0x10F,STD,8,2026-01-28T18:51:08.852546,03 00 03 00 65 7C C6 3B,03000300,0.000000
8142,0,0x110,STD,8,2026-01-28T18:51:08.876551,03 00 03 00 3F 34 A0 47,03000300,0.000000
8143,0,0x10F,STD,8,2026-01-28T18:51:08.933564,03 00 03 00 26 D1 21 3C,03000300,0.000000
8144,0,0x110,STD,8,2026-01-28T18:51:08.957569,03 00 03 00 03 1F 74 48,03000300,0.000000
8145,0,0x10F,STD,8,2026-01-28T18:51:09.014582,03 00 03 00 ED A7 62 3C,03000300,0.000000
8146,0,0x110,STD,8,2026-01-28T18:51:09.038587,03 00 03 00 1E 41 45 48,03000300,0.000000
8147,0,0x10F,STD,8,2026-01-28T18:51:09.095101,03 00 03 00 8A FD 6F 3C,03000300,0.000000
8148,0,0x10F,STD,8,2026-01-28T18:51:09.108104,03 00 01 00 00 00 00 00,03000100,0.000000
8149,0,0x110,STD,8,2026-01-28T18:51:09.108104,03 00 01 00 00 00 00 00,03000100,0.000000
8150,0,0x10F,STD,8,2026-01-28T18:51:09.108104,03 00 02 00 F7 82 2D 41,03000200,0.000000
8151,0,0x110,STD,8,2026-01-28T18:51:09.108104,03 00 02 00 F7 82 2D 41,03000200,0.000000
8152,0,0x110,STD,8,2026-01-28T18:51:09.121108,03 00 03 00 5A 23 EF 47,03000300,0.000000
8153,0,0x10F,STD,8,2026-01-28T18:51:09.178099,03 00 03 00 A4 7F D3 3B,03000300,0.000000
8154,0,0x110,STD,8,2026-01-28T18:51:09.202105,03 00 03 00 F0 50 A3 48,03000300,0.000000
8155,0,0x10F,STD,8,2026-01-28T18:51:09.248115,03 00 03 00 50 9F 97 3B,03000300,0.000000
8156,0,0x110,STD,8,2026-01-28T18:51:09.272121,03 00 03 00 9B 68 46 48,03000300,0.000000
8157,0,0x10F,STD,8,2026-01-28T18:51:09.329134,03 00 03 00 BD 2B 1F 3C,03000300,0.000000
8158,0,0x110,STD,8,2026-01-28T18:51:09.353139,03 00 03 00 0B F9 43 48,03000300,0.000000
8159,0,0x10F,STD,8,2026-01-28T18:51:09.410152,03 00 03 00 41 E9 B9 3B,03000300,0.000000
8160,0,0x110,STD,8,2026-01-28T18:51:09.434157,03 00 03 00 4C 8A AA 48,03000300,0.000000
8161,0,0x10F,STD,8,2026-01-28T18:51:09.491170,03 00 03 00 D3 AC 0C 3C,03000300,0.000000
8162,0,0x110,STD,8,2026-01-28T18:51:09.515175,03 00 03 00 0E 67 38 48,03000300,0.000000
8163,0,0x10F,STD,8,2026-01-28T18:51:09.571523,03 00 03 00 00 05 8C 3C,03000300,0.000000
8164,0,0x110,STD,8,2026-01-28T18:51:09.595528,03 00 03 00 5D 71 14 48,03000300,0.000000
8165,0,0x10F,STD,8,2026-01-28T18:51:09.652541,03 00 03 00 20 D8 B0 3C,03000300,0.000000
8166,0,0x110,STD,8,2026-01-28T18:51:09.676546,03 00 03 00 84 77 BC 48,03000300,0.000000
8167,0,0x10F,STD,8,2026-01-28T18:51:09.733559,03 00 03 00 FA CD 21 3D,03000300,0.000000
8168,0,0x110,STD,8,2026-01-28T18:51:09.757565,03 00 03 00 A0 96 49 48,03000300,0.000000
8169,0,0x10F,STD,8,2026-01-28T18:51:09.814578,03 00 03 00 CB B9 A5 3C,03000300,0.000000
8170,0,0x110,STD,8,2026-01-28T18:51:09.838583,03 00 03 00 9F E7 90 48,03000300,0.000000
8171,0,0x10F,STD,8,2026-01-28T18:51:09.895596,03 00 03 00 D0 B3 A2 3C,03000300,0.000000
8172,0,0x110,STD,8,2026-01-28T18:51:09.919601,03 00 03 00 43 E0 64 48,03000300,0.000000
8173,0,0x10F,STD,8,2026-01-28T18:51:09.978615,03 00 03 00 3F 8A 83 3C,03000300,0.000000
8174,0,0x110,STD,8,2026-01-28T18:51:09.991618,03 00 03 00 13 AE EB 47,03000300,0.000000
8175,0,0x10F,STD,8,2026-01-28T18:51:10.048630,03 00 03 00 E4 33 85 3C,03000300,0.000000
8176,0,0x110,STD,8,2026-01-28T18:51:10.072636,03 00 03 00 8E 4A 4F 48,03000300,0.000000
8177,0,0x10F,STD,8,2026-01-28T18:51:10.129648,03 00 03 00 BC 06 45 3C,03000300,0.000000
8178,0,0x110,STD,8,2026-01-28T18:51:10.153654,03 00 03 00 BC 66 96 47,03000300,0.000000
8179,0,0x10F,STD,8,2026-01-28T18:51:10.188662,03 00 01 00 00 00 00 00,03000100,0.000000
8180,0,0x110,STD,8,2026-01-28T18:51:10.188662,03 00 01 00 00 00 00 00,03000100,0.000000
8181,0,0x10F,STD,8,2026-01-28T18:51:10.188662,03 00 01 00 00 00 00 00,03000100,0.000000
8182,0,0x110,STD,8,2026-01-28T18:51:10.188662,03 00 01 00 00 00 00 00,03000100,0.000000
8183,0,0x10F,STD,8,2026-01-28T18:51:10.212667,03 00 03 00 2B 73 06 3C,03000300,0.000000
8184,0,0x110,STD,8,2026-01-28T18:51:10.236673,03 00 03 00 62 4F E2 47,03000300,0.000000
8185,0,0x10F,STD,8,2026-01-28T18:51:10.293686,03 00 03 00 7E AE 80 3C,03000300,0.000000
8186,0,0x110,STD,8,2026-01-28T18:51:10.306689,03 00 03 00 89 3E 29 48,03000300,0.000000
8187,0,0x10F,STD,8,2026-01-28T18:51:10.390707,03 00 03 00 6E 44 A6 3C,03000300,0.000000
8188,0,0x110,STD,8,2026-01-28T18:51:10.390707,03 00 03 00 5C 09 BA 47,03000300,0.000000
8189,0,0x10F,STD,8,2026-01-28T18:51:10.447225,03 00 03 00 A1 F3 ED 3C,03000300,0.000000
8190,0,0x110,STD,8,2026-01-28T18:51:10.470735,03 00 03 00 3D 2F F6 47,03000300,0.000000
8191,0,0x10F,STD,8,2026-01-28T18:51:10.527748,03 00 03 00 C1 8A 43 3C,03000300,0.000000
8192,0,0x110,STD,8,2026-01-28T18:51:10.551753,03 00 03 00 D0 33 0E 48,03000300,0.000000
8193,0,0x10F,STD,8,2026-01-28T18:51:10.608766,03 00 03 00 BC A3 91 3C,03000300,0.000000
8194,0,0x110,STD,8,2026-01-28T18:51:10.632771,03 00 03 00 0C F4 26 48,03000300,0.000000
8195,0,0x10F,STD,8,2026-01-28T18:51:10.689052,03 00 03 00 7A A1 3C 3C,03000300,0.000000
8196,0,0x110,STD,8,2026-01-28T18:51:10.713057,03 00 03 00 20 F0 E8 47,03000300,0.000000
8197,0,0x10F,STD,8,2026-01-28T18:51:10.770069,03 00 03 00 11 A2 65 3C,03000300,0.000000
8198,0,0x110,STD,8,2026-01-28T18:51:10.794075,03 00 03 00 5F 74 AE 47,03000300,0.000000
8199,0,0x10F,STD,8,2026-01-28T18:51:10.851088,03 00 03 00 15 0F E7 3B,03000300,0.000000
8200,0,0x110,STD,8,2026-01-28T18:51:10.875094,03 00 03 00 30 D9 99 47,03000300,0.000000
8201,0,0x10F,STD,8,2026-01-28T18:51:10.932107,03 00 03 00 29 4D 36 3C,03000300,0.000000
8202,0,0x110,STD,8,2026-01-28T18:51:10.956112,03 00 03 00 C6 1A B1 47,03000300,0.000000
8203,0,0x10F,STD,8,2026-01-28T18:51:11.002122,03 00 03 00 D2 BF 9D 3C,03000300,0.000000
8204,0,0x110,STD,8,2026-01-28T18:51:11.026128,03 00 03 00 06 5A 14 47,03000300,0.000000
8205,0,0x10F,STD,8,2026-01-28T18:51:11.083141,03 00 03 00 3E 3F 6E 3C,03000300,0.000000
8206,0,0x110,STD,8,2026-01-28T18:51:11.107146,03 00 03 00 18 5A 62 47,03000300,0.000000
8207,0,0x10F,STD,8,2026-01-28T18:51:11.164159,03 00 03 00 66 4D 7D 3C,03000300,0.000000
8208,0,0x110,STD,8,2026-01-28T18:51:11.188164,03 00 03 00 38 46 DA 47,03000300,0.000000
8209,0,0x10F,STD,8,2026-01-28T18:51:11.245177,03 00 03 00 71 8E E8 3C,03000300,0.000000
8210,0,0x110,STD,8,2026-01-28T18:51:11.269182,03 00 03 00 29 DF 46 48,03000300,0.000000
8211,0,0x10F,STD,8,2026-01-28T18:51:11.282185,03 00 02 00 7B 2B 47 41,03000200,0.000000
8212,0,0x110,STD,8,2026-01-28T18:51:11.282185,03 00 02 00 7B 2B 47 41,03000200,0.000000
8213,0,0x110,STD,8,2026-01-28T18:51:11.282185,03 00 01 00 00 00 00 00,03000100,0.000000
8214,0,0x10F,STD,8,2026-01-28T18:51:11.282185,03 00 02 00 0C 2A 39 41,03000200,0.000000
8215,0,0x10F,STD,8,2026-01-28T18:51:11.327506,03 00 03 00 B9 A6 09 3D,03000300,0.000000
8216,0,0x110,STD,8,2026-01-28T18:51:11.351016,03 00 03 00 96 B5 BF 47,03000300,0.000000
8217,0,0x10F,STD,8,2026-01-28T18:51:11.407066,03 00 03 00 95 19 C9 3C,03000300,0.000000
8218,0,0x110,STD,8,2026-01-28T18:51:11.430461,03 00 03 00 89 8B 15 48,03000300,0.000000
8219,0,0x10F,STD,8,2026-01-28T18:51:11.487493,03 00 03 00 30 44 F5 3C,03000300,0.000000
8220,0,0x110,STD,8,2026-01-28T18:51:11.511499,03 00 03 00 94 B0 08 48,03000300,0.000000
8221,0,0x10F,STD,8,2026-01-28T18:51:11.568514,03 00 03 00 8A 0C AC 3C,03000300,0.000000
8222,0,0x110,STD,8,2026-01-28T18:51:11.592441,03 00 03 00 70 46 5A 47,03000300,0.000000
8223,0,0x10F,STD,8,2026-01-28T18:51:11.649455,03 00 03 00 DF 57 F7 3C,03000300,0.000000
8224,0,0x110,STD,8,2026-01-28T18:51:11.673460,03 00 03 00 A0 12 5E 47,03000300,0.000000
8225,0,0x10F,STD,8,2026-01-28T18:51:11.719017,03 00 03 00 E2 6E FA 3C,03000300,0.000000
8226,0,0x110,STD,8,2026-01-28T18:51:11.743014,03 00 03 00 FC BA 0D 47,03000300,0.000000
8227,0,0x10F,STD,8,2026-01-28T18:51:11.800028,03 00 03 00 41 19 92 3C,03000300,0.000000
8228,0,0x110,STD,8,2026-01-28T18:51:11.824034,03 00 03 00 07 32 89 47,03000300,0.000000
8229,0,0x10F,STD,8,2026-01-28T18:51:11.881047,03 00 03 00 E5 69 2C 3C,03000300,0.000000
8230,0,0x110,STD,8,2026-01-28T18:51:11.904621,03 00 03 00 D5 5C 3B 47,03000300,0.000000
8231,0,0x10F,STD,8,2026-01-28T18:51:11.961634,03 00 03 00 B2 4A CF 3C,03000300,0.000000
8232,0,0x110,STD,8,2026-01-28T18:51:11.985198,03 00 03 00 A4 AA 0B 48,03000300,0.000000
8233,0,0x10F,STD,8,2026-01-28T18:51:12.042016,03 00 03 00 4F CD 7D 3C,03000300,0.000000
8234,0,0x110,STD,8,2026-01-28T18:51:12.066021,03 00 03 00 EC 63 CE 47,03000300,0.000000
8235,0,0x10F,STD,8,2026-01-28T18:51:12.123034,03 00 03 00 F4 4C 30 3C,03000300,0.000000
8236,0,0x110,STD,8,2026-01-28T18:51:12.147039,03 00 03 00 B3 64 0A 48,03000300,0.000000
8237,0,0x10F,STD,8,2026-01-28T18:51:12.204052,03 00 03 00 9D C2 B5 3C,03000300,0.000000
8238,0,0x110,STD,8,2026-01-28T18:51:12.228057,03 00 03 00 DC 4A 95 47,03000300,0.000000
8239,0,0x10F,STD,8,2026-01-28T18:51:12.285070,03 00 03 00 8A D3 27 3C,03000300,0.000000
8240,0,0x110,STD,8,2026-01-28T18:51:12.309076,03 00 03 00 51 20 84 47,03000300,0.000000
8241,0,0x10F,STD,8,2026-01-28T18:51:12.366089,03 00 03 00 4C BE 96 3C,03000300,0.000000
8242,0,0x110,STD,8,2026-01-28T18:51:12.366089,03 00 02 00 0C 2A 39 41,03000200,0.000000
8243,0,0x10F,STD,8,2026-01-28T18:51:12.366089,03 00 01 00 00 00 00 00,03000100,0.000000
8244,0,0x110,STD,8,2026-01-28T18:51:12.367089,03 00 01 00 00 00 00 00,03000100,0.000000
8245,0,0x10F,STD,8,2026-01-28T18:51:12.367089,03 00 02 00 49 98 2C 41,03000200,0.000000
8246,0,0x110,STD,8,2026-01-28T18:51:12.380092,03 00 03 00 97 0B 09 48,03000300,0.000000
8247,0,0x10F,STD,8,2026-01-28T18:51:12.436695,03 00 03 00 69 AE CE 3B,03000300,0.000000
8248,0,0x110,STD,8,2026-01-28T18:51:12.460701,03 00 03 00 37 97 E0 47,03000300,0.000000
8249,0,0x10F,STD,8,2026-01-28T18:51:12.517713,03 00 03 00 A9 0A AA 3C,03000300,0.000000
8250,0,0x110,STD,8,2026-01-28T18:51:12.541719,03 00 03 00 F7 4E A7 47,03000300,0.000000
8251,0,0x10F,STD,8,2026-01-28T18:51:12.598732,03 00 03 00 E9 F1 C2 3C,03000300,0.000000
8252,0,0x110,STD,8,2026-01-28T18:51:12.622737,03 00 03 00 22 DC 8D 47,03000300,0.000000
8253,0,0x10F,STD,8,2026-01-28T18:51:12.679750,03 00 03 00 15 25 E4 3C,03000300,0.000000
8254,0,0x110,STD,8,2026-01-28T18:51:12.703755,03 00 03 00 E5 A4 DB 47,03000300,0.000000
8255,0,0x10F,STD,8,2026-01-28T18:51:12.760768,03 00 03 00 39 CA 08 3D,03000300,0.000000
8256,0,0x110,STD,8,2026-01-28T18:51:12.784774,03 00 03 00 A4 A5 0A 48,03000300,0.000000
8257,0,0x10F,STD,8,2026-01-28T18:51:12.841786,03 00 03 00 BA B4 F8 3C,03000300,0.000000
8258,0,0x110,STD,8,2026-01-28T18:51:12.865792,03 00 03 00 E8 18 23 48,03000300,0.000000
8259,0,0x10F,STD,8,2026-01-28T18:51:12.922805,03 00 03 00 A0 23 61 3C,03000300,0.000000
8260,0,0x110,STD,8,2026-01-28T18:51:12.946810,03 00 03 00 5C F6 42 47,03000300,0.000000
8261,0,0x10F,STD,8,2026-01-28T18:51:12.997822,03 00 03 00 E6 FF 73 3C,03000300,0.000000
8262,0,0x110,STD,8,2026-01-28T18:51:13.021827,03 00 03 00 30 36 8A 47,03000300,0.000000
8263,0,0x10F,STD,8,2026-01-28T18:51:13.078840,03 00 03 00 62 99 06 3C,03000300,0.000000
8264,0,0x110,STD,8,2026-01-28T18:51:13.106846,03 00 03 00 29 69 12 48,03000300,0.000000
8265,0,0x10F,STD,8,2026-01-28T18:51:13.163859,03 00 03 00 C4 EE 90 3C,03000300,0.000000
8266,0,0x110,STD,8,2026-01-28T18:51:13.176862,03 00 03 00 EA 33 BA 47,03000300,0.000000
8267,0,0x10F,STD,8,2026-01-28T18:51:13.244877,03 00 03 00 C3 40 6A 3C,03000300,0.000000
8268,0,0x110,STD,8,2026-01-28T18:51:13.257880,03 00 03 00 3C 7D 99 47,03000300,0.000000
8269,0,0x10F,STD,8,2026-01-28T18:51:13.314893,03 00 03 00 A2 A9 91 3C,03000300,0.000000
8270,0,0x110,STD,8,2026-01-28T18:51:13.337981,03 00 03 00 28 D0 94 47,03000300,0.000000
8271,0,0x10F,STD,8,2026-01-28T18:51:13.394944,03 00 03 00 F1 2E 38 3C,03000300,0.000000
8272,0,0x110,STD,8,2026-01-28T18:51:13.418453,03 00 03 00 F2 01 BB 46,03000300,0.000000
8273,0,0x110,STD,8,2026-01-28T18:51:13.442459,03 00 02 00 49 98 2C 41,03000200,0.000000
8274,0,0x10F,STD,8,2026-01-28T18:51:13.442459,03 00 01 00 00 00 00 00,03000100,0.000000
8275,0,0x10F,STD,8,2026-01-28T18:51:13.442459,03 00 01 00 00 00 00 00,03000100,0.000000
8276,0,0x110,STD,8,2026-01-28T18:51:13.443091,03 00 01 00 00 00 00 00,03000100,0.000000
8277,0,0x10F,STD,8,2026-01-28T18:51:13.478100,03 00 03 00 70 AE D0 3C,03000300,0.000000
8278,0,0x110,STD,8,2026-01-28T18:51:13.502106,03 00 03 00 97 93 6F 47,03000300,0.000000
8279,0,0x10F,STD,8,2026-01-28T18:51:13.559118,03 00 03 00 B8 84 BE 3C,03000300,0.000000
8280,0,0x110,STD,8,2026-01-28T18:51:13.582774,03 00 03 00 C9 E3 91 47,03000300,0.000000
8281,0,0x10F,STD,8,2026-01-28T18:51:13.638970,03 00 03 00 18 ED A2 3C,03000300,0.000000
8282,0,0x110,STD,8,2026-01-28T18:51:13.662975,03 00 03 00 0D D5 8E 47,03000300,0.000000
8283,0,0x10F,STD,8,2026-01-28T18:51:13.719663,03 00 03 00 2E 98 EE 3C,03000300,0.000000
8284,0,0x110,STD,8,2026-01-28T18:51:13.743668,03 00 03 00 18 B5 D0 47,03000300,0.000000
8285,0,0x10F,STD,8,2026-01-28T18:51:13.800681,03 00 03 00 B8 A6 83 3C,03000300,0.000000
8286,0,0x110,STD,8,2026-01-28T18:51:13.824686,03 00 03 00 82 F7 23 48,03000300,0.000000
8287,0,0x10F,STD,8,2026-01-28T18:51:13.881699,03 00 03 00 72 8A 90 3C,03000300,0.000000
8288,0,0x110,STD,8,2026-01-28T18:51:13.905375,03 00 03 00 8E 61 41 48,03000300,0.000000
8289,0,0x10F,STD,8,2026-01-28T18:51:13.951385,03 00 03 00 2E 11 E9 3C,03000300,0.000000
8290,0,0x110,STD,8,2026-01-28T18:51:13.975391,03 00 03 00 C0 54 73 48,03000300,0.000000
8291,0,0x10F,STD,8,2026-01-28T18:51:14.042962,03 00 03 00 74 14 52 3C,03000300,0.000000
8292,0,0x110,STD,8,2026-01-28T18:51:14.055467,03 00 03 00 8B 68 63 48,03000300,0.000000
8293,0,0x10F,STD,8,2026-01-28T18:51:14.112480,03 00 03 00 85 26 BC 3C,03000300,0.000000
8294,0,0x110,STD,8,2026-01-28T18:51:14.136486,03 00 03 00 E5 21 2E 48,03000300,0.000000
8295,0,0x10F,STD,8,2026-01-28T18:51:14.193137,03 00 03 00 83 34 90 3C,03000300,0.000000
8296,0,0x110,STD,8,2026-01-28T18:51:14.216646,03 00 03 00 40 FF 32 48,03000300,0.000000
8297,0,0x10F,STD,8,2026-01-28T18:51:14.273659,03 00 03 00 9C 1B 4B 3C,03000300,0.000000
8298,0,0x110,STD,8,2026-01-28T18:51:14.297664,03 00 03 00 85 EB BF 47,03000300,0.000000
8299,0,0x10F,STD,8,2026-01-28T18:51:14.354678,03 00 03 00 C1 CE 2B 3C,03000300,0.000000
8300,0,0x110,STD,8,2026-01-28T18:51:14.387685,03 00 03 00 CB F4 0A 48,03000300,0.000000
8301,0,0x10F,STD,8,2026-01-28T18:51:14.433358,03 00 03 00 D4 0D 88 3C,03000300,0.000000
8302,0,0x110,STD,8,2026-01-28T18:51:14.457364,03 00 03 00 D4 11 1F 47,03000300,0.000000
8303,0,0x10F,STD,8,2026-01-28T18:51:14.514376,03 00 03 00 40 B2 C4 3C,03000300,0.000000
8304,0,0x110,STD,8,2026-01-28T18:51:14.538382,03 00 03 00 E5 7A 75 47,03000300,0.000000
8305,0,0x10F,STD,8,2026-01-28T18:51:14.538382,03 00 02 00 C3 68 33 41,03000200,0.000000
8306,0,0x110,STD,8,2026-01-28T18:51:14.538382,03 00 02 00 C3 68 33 41,03000200,0.000000
8307,0,0x110,STD,8,2026-01-28T18:51:14.538382,03 00 02 00 91 04 2A 41,03000200,0.000000
8308,0,0x10F,STD,8,2026-01-28T18:51:14.538382,03 00 01 00 00 00 00 00,03000100,0.000000
8309,0,0x10F,STD,8,2026-01-28T18:51:14.595394,03 00 03 00 45 A1 88 3C,03000300,0.000000
8310,0,0x110,STD,8,2026-01-28T18:51:14.619400,03 00 03 00 51 A9 5D 47,03000300,0.000000
8311,0,0x10F,STD,8,2026-01-28T18:51:14.676413,03 00 03 00 EF 59 A3 3C,03000300,0.000000
8312,0,0x110,STD,8,2026-01-28T18:51:14.700418,03 00 03 00 7D 3A 9D 47,03000300,0.000000
8313,0,0x10F,STD,8,2026-01-28T18:51:14.757431,03 00 03 00 58 95 D6 3C,03000300,0.000000
8314,0,0x110,STD,8,2026-01-28T18:51:14.781436,03 00 03 00 F2 54 7C 48,03000300,0.000000
8315,0,0x10F,STD,8,2026-01-28T18:51:14.838449,03 00 03 00 9C EA C1 3C,03000300,0.000000
8316,0,0x110,STD,8,2026-01-28T18:51:14.862455,03 00 03 00 B9 BC 80 48,03000300,0.000000
8317,0,0x10F,STD,8,2026-01-28T18:51:14.908464,03 00 03 00 56 10 C3 3C,03000300,0.000000
8318,0,0x110,STD,8,2026-01-28T18:51:14.932470,03 00 03 00 4A 8B 3A 48,03000300,0.000000
8319,0,0x10F,STD,8,2026-01-28T18:51:14.989483,03 00 03 00 9A 9B 13 3C,03000300,0.000000
8320,0,0x110,STD,8,2026-01-28T18:51:15.013489,03 00 03 00 59 83 7F 48,03000300,0.000000
8321,0,0x10F,STD,8,2026-01-28T18:51:15.070502,03 00 03 00 EC 77 FB 3B,03000300,0.000000
8322,0,0x110,STD,8,2026-01-28T18:51:15.094507,03 00 03 00 55 F9 18 48,03000300,0.000000
8323,0,0x10F,STD,8,2026-01-28T18:51:15.151023,03 00 03 00 E4 72 4E 3C,03000300,0.000000
8324,0,0x110,STD,8,2026-01-28T18:51:15.175029,03 00 03 00 5F 34 10 48,03000300,0.000000
8325,0,0x10F,STD,8,2026-01-28T18:51:15.232042,03 00 03 00 69 A9 92 3C,03000300,0.000000
8326,0,0x110,STD,8,2026-01-28T18:51:15.256047,03 00 03 00 7F 16 70 48,03000300,0.000000
8327,0,0x10F,STD,8,2026-01-28T18:51:15.313060,03 00 03 00 D4 53 2D 3C,03000300,0.000000
8328,0,0x110,STD,8,2026-01-28T18:51:15.337065,03 00 03 00 25 9F 4A 48,03000300,0.000000
8329,0,0x10F,STD,8,2026-01-28T18:51:15.394078,03 00 03 00 9D CD 2E 3C,03000300,0.000000
8330,0,0x110,STD,8,2026-01-28T18:51:15.418083,03 00 03 00 1F C2 9D 47,03000300,0.000000
8331,0,0x10F,STD,8,2026-01-28T18:51:15.475096,03 00 03 00 46 A8 2F 3C,03000300,0.000000
8332,0,0x110,STD,8,2026-01-28T18:51:15.488099,03 00 03 00 4E 85 73 48,03000300,0.000000
8333,0,0x10F,STD,8,2026-01-28T18:51:15.556115,03 00 03 00 0D A0 CC 3C,03000300,0.000000
8334,0,0x110,STD,8,2026-01-28T18:51:15.580120,03 00 03 00 B7 33 39 48,03000300,0.000000
8335,0,0x110,STD,8,2026-01-28T18:51:15.615127,03 00 01 00 00 00 00 00,03000100,0.000000
8336,0,0x10F,STD,8,2026-01-28T18:51:15.615127,03 00 02 00 91 04 2A 41,03000200,0.000000
8337,0,0x10F,STD,8,2026-01-28T18:51:15.615127,03 00 02 00 3F 59 2D 41,03000200,0.000000
8338,0,0x110,STD,8,2026-01-28T18:51:15.628131,03 00 02 00 3F 59 2D 41,03000200,0.000000
8339,0,0x10F,STD,8,2026-01-28T18:51:15.628131,03 00 03 00 C8 2A 90 3C,03000300,0.000000
8340,0,0x110,STD,8,2026-01-28T18:51:15.652136,03 00 03 00 B1 B9 8C 47,03000300,0.000000
8341,0,0x10F,STD,8,2026-01-28T18:51:15.708652,03 00 03 00 DF 63 83 3C,03000300,0.000000
8342,0,0x110,STD,8,2026-01-28T18:51:15.732657,03 00 03 00 C3 39 35 48,03000300,0.000000
8343,0,0x10F,STD,8,2026-01-28T18:51:15.789172,03 00 03 00 8E F6 A0 3C,03000300,0.000000
8344,0,0x110,STD,8,2026-01-28T18:51:15.812681,03 00 03 00 DA 96 90 47,03000300,0.000000
8345,0,0x10F,STD,8,2026-01-28T18:51:15.869694,03 00 03 00 6E EB 1A 3C,03000300,0.000000
8346,0,0x110,STD,8,2026-01-28T18:51:15.893700,03 00 03 00 07 68 12 47,03000300,0.000000
8347,0,0x10F,STD,8,2026-01-28T18:51:15.950712,03 00 03 00 DD D5 3D 3B,03000300,0.000000
8348,0,0x110,STD,8,2026-01-28T18:51:15.975718,03 00 03 00 18 36 91 47,03000300,0.000000
8349,0,0x10F,STD,8,2026-01-28T18:51:16.032731,03 00 03 00 D0 AB 53 3C,03000300,0.000000
8350,0,0x110,STD,8,2026-01-28T18:51:16.056736,03 00 03 00 D2 7C F7 47,03000300,0.000000
8351,0,0x10F,STD,8,2026-01-28T18:51:16.102746,03 00 03 00 86 B0 98 3C,03000300,0.000000
8352,0,0x110,STD,8,2026-01-28T18:51:16.126752,03 00 03 00 9A 5B 61 48,03000300,0.000000
8353,0,0x10F,STD,8,2026-01-28T18:51:16.183268,03 00 03 00 5C D6 92 3C,03000300,0.000000
8354,0,0x110,STD,8,2026-01-28T18:51:16.207274,03 00 03 00 4B 69 C8 47,03000300,0.000000
8355,0,0x10F,STD,8,2026-01-28T18:51:16.264287,03 00 03 00 92 A3 E6 3C,03000300,0.000000
8356,0,0x110,STD,8,2026-01-28T18:51:16.287795,03 00 03 00 58 45 35 48,03000300,0.000000
8357,0,0x10F,STD,8,2026-01-28T18:51:16.344067,03 00 03 00 F4 D5 B2 3C,03000300,0.000000
8358,0,0x110,STD,8,2026-01-28T18:51:16.374074,03 00 03 00 04 F8 3C 48,03000300,0.000000
8359,0,0x10F,STD,8,2026-01-28T18:51:16.431091,03 00 03 00 4B BE BF 3C,03000300,0.000000
8360,0,0x110,STD,8,2026-01-28T18:51:16.454599,03 00 03 00 D3 B5 E1 47,03000300,0.000000
8361,0,0x10F,STD,8,2026-01-28T18:51:16.511612,03 00 03 00 A5 C9 AD 3B,03000300,0.000000
8362,0,0x110,STD,8,2026-01-28T18:51:16.535617,03 00 03 00 0E 37 AB 47,03000300,0.000000
8363,0,0x10F,STD,8,2026-01-28T18:51:16.591879,03 00 03 00 C7 0F FA 3B,03000300,0.000000
8364,0,0x110,STD,8,2026-01-28T18:51:16.615884,03 00 03 00 73 01 DB 47,03000300,0.000000
8365,0,0x10F,STD,8,2026-01-28T18:51:16.661435,03 00 03 00 19 26 0E 3C,03000300,0.000000
8366,0,0x110,STD,8,2026-01-28T18:51:16.685000,03 00 03 00 87 6B D8 47,03000300,0.000000
8367,0,0x10F,STD,8,2026-01-28T18:51:16.719885,03 00 01 00 00 00 00 00,03000100,0.000000
8368,0,0x110,STD,8,2026-01-28T18:51:16.719885,03 00 01 00 00 00 00 00,03000100,0.000000
8369,0,0x110,STD,8,2026-01-28T18:51:16.719885,03 00 02 00 9D 5D 40 41,03000200,0.000000
8370,0,0x10F,STD,8,2026-01-28T18:51:16.719885,03 00 01 00 00 00 00 00,03000100,0.000000
8371,0,0x10F,STD,8,2026-01-28T18:51:16.744890,03 00 03 00 87 D6 0E 3C,03000300,0.000000
8372,0,0x110,STD,8,2026-01-28T18:51:16.768896,03 00 03 00 AD A1 0F 48,03000300,0.000000
8373,0,0x10F,STD,8,2026-01-28T18:51:16.825909,03 00 03 00 4D 2C A3 3C,03000300,0.000000
8374,0,0x110,STD,8,2026-01-28T18:51:16.849914,03 00 03 00 8F 14 26 48,03000300,0.000000
8375,0,0x10F,STD,8,2026-01-28T18:51:16.906215,03 00 03 00 90 DA 10 3C,03000300,0.000000
8376,0,0x110,STD,8,2026-01-28T18:51:16.930220,03 00 03 00 D7 C8 F6 47,03000300,0.000000
8377,0,0x10F,STD,8,2026-01-28T18:51:16.987233,03 00 03 00 AE 89 85 3C,03000300,0.000000
8378,0,0x110,STD,8,2026-01-28T18:51:17.011238,03 00 03 00 A0 8F BF 47,03000300,0.000000
8379,0,0x10F,STD,8,2026-01-28T18:51:17.068251,03 00 03 00 A5 C6 09 3C,03000300,0.000000
8380,0,0x110,STD,8,2026-01-28T18:51:17.092257,03 00 03 00 85 94 BD 47,03000300,0.000000
8381,0,0x10F,STD,8,2026-01-28T18:51:17.149269,03 00 03 00 3F A8 DB 3C,03000300,0.000000
8382,0,0x110,STD,8,2026-01-28T18:51:17.173275,03 00 03 00 1F AA BB 47,03000300,0.000000
8383,0,0x10F,STD,8,2026-01-28T18:51:17.219285,03 00 03 00 5D A5 3E 3C,03000300,0.000000
8384,0,0x110,STD,8,2026-01-28T18:51:17.243291,03 00 03 00 28 2E 7D 47,03000300,0.000000
8385,0,0x10F,STD,8,2026-01-28T18:51:17.300303,03 00 03 00 84 BA 0D 3C,03000300,0.000000
8386,0,0x110,STD,8,2026-01-28T18:51:17.324309,03 00 03 00 D1 01 08 47,03000300,0.000000
8387,0,0x10F,STD,8,2026-01-28T18:51:17.381322,03 00 03 00 CF 20 87 3C,03000300,0.000000
8388,0,0x110,STD,8,2026-01-28T18:51:17.405327,03 00 03 00 12 D9 AE 47,03000300,0.000000
8389,0,0x10F,STD,8,2026-01-28T18:51:17.462340,03 00 03 00 91 BD 19 3C,03000300,0.000000
8390,0,0x110,STD,8,2026-01-28T18:51:17.486345,03 00 03 00 46 37 78 47,03000300,0.000000
8391,0,0x10F,STD,8,2026-01-28T18:51:17.543358,03 00 03 00 99 8F 3D 3C,03000300,0.000000
8392,0,0x110,STD,8,2026-01-28T18:51:17.567363,03 00 03 00 07 2C C5 47,03000300,0.000000
8393,0,0x10F,STD,8,2026-01-28T18:51:17.624376,03 00 03 00 41 B6 B1 3C,03000300,0.000000
8394,0,0x110,STD,8,2026-01-28T18:51:17.648382,03 00 03 00 38 37 01 48,03000300,0.000000
8395,0,0x10F,STD,8,2026-01-28T18:51:17.705395,03 00 03 00 1B B9 CA 3C,03000300,0.000000
8396,0,0x110,STD,8,2026-01-28T18:51:17.729400,03 00 03 00 7F 66 42 47,03000300,0.000000
8397,0,0x10F,STD,8,2026-01-28T18:51:17.786413,03 00 03 00 02 8B F6 3C,03000300,0.000000
8398,0,0x110,STD,8,2026-01-28T18:51:17.810418,03 00 03 00 AF 38 BC 47,03000300,0.000000
8399,0,0x110,STD,8,2026-01-28T18:51:17.810418,03 00 01 00 00 00 00 00,03000100,0.000000
8400,0,0x10F,STD,8,2026-01-28T18:51:17.810418,03 00 02 00 9D 5D 40 41,03000200,0.000000
8401,0,0x110,STD,8,2026-01-28T18:51:17.810418,03 00 02 00 A9 4F 42 41,03000200,0.000000
8402,0,0x10F,STD,8,2026-01-28T18:51:17.810418,03 00 01 00 00 00 00 00,03000100,0.000000
8403,0,0x10F,STD,8,2026-01-28T18:51:17.867431,03 00 03 00 FB BF 18 3D,03000300,0.000000
8404,0,0x110,STD,8,2026-01-28T18:51:17.880434,03 00 03 00 B3 A7 19 48,03000300,0.000000
8405,0,0x10F,STD,8,2026-01-28T18:51:17.937447,03 00 03 00 7F A3 0D 3D,03000300,0.000000
8406,0,0x110,STD,8,2026-01-28T18:51:17.961452,03 00 03 00 CD A3 B2 47,03000300,0.000000
8407,0,0x10F,STD,8,2026-01-28T18:51:18.018465,03 00 03 00 BD BA F3 3C,03000300,0.000000
8408,0,0x110,STD,8,2026-01-28T18:51:18.042470,03 00 03 00 66 09 21 48,03000300,0.000000
8409,0,0x10F,STD,8,2026-01-28T18:51:18.099483,03 00 03 00 11 4F 01 3D,03000300,0.000000
8410,0,0x110,STD,8,2026-01-28T18:51:18.123489,03 00 03 00 BA 9F C1 47,03000300,0.000000
8411,0,0x10F,STD,8,2026-01-28T18:51:18.180502,03 00 03 00 BF D9 84 3C,03000300,0.000000
8412,0,0x110,STD,8,2026-01-28T18:51:18.204507,03 00 03 00 9F CB E0 47,03000300,0.000000
8413,0,0x10F,STD,8,2026-01-28T18:51:18.261520,03 00 03 00 B9 9D 45 3C,03000300,0.000000
8414,0,0x110,STD,8,2026-01-28T18:51:18.285525,03 00 03 00 09 E4 CF 47,03000300,0.000000
8415,0,0x10F,STD,8,2026-01-28T18:51:18.342237,03 00 03 00 B1 25 3D 3C,03000300,0.000000
8416,0,0x110,STD,8,2026-01-28T18:51:18.366243,03 00 03 00 43 22 8A 47,03000300,0.000000
8417,0,0x10F,STD,8,2026-01-28T18:51:18.422816,03 00 03 00 61 3A AB 3C,03000300,0.000000
8418,0,0x110,STD,8,2026-01-28T18:51:18.446181,03 00 03 00 70 B5 0C 48,03000300,0.000000
8419,0,0x10F,STD,8,2026-01-28T18:51:18.502697,03 00 03 00 0F 34 22 3C,03000300,0.000000
8420,0,0x110,STD,8,2026-01-28T18:51:18.526702,03 00 03 00 0A D7 15 48,03000300,0.000000
8421,0,0x10F,STD,8,2026-01-28T18:51:18.572712,03 00 03 00 7C 9C 92 3C,03000300,0.000000
8422,0,0x110,STD,8,2026-01-28T18:51:18.607250,03 00 03 00 44 AA 57 48,03000300,0.000000
8423,0,0x10F,STD,8,2026-01-28T18:51:18.652828,03 00 03 00 AB A5 68 3C,03000300,0.000000
8424,0,0x110,STD,8,2026-01-28T18:51:18.687835,03 00 03 00 59 BF 3E 48,03000300,0.000000
8425,0,0x10F,STD,8,2026-01-28T18:51:18.733846,03 00 03 00 94 AF AC 3B,03000300,0.000000
8426,0,0x110,STD,8,2026-01-28T18:51:18.757806,03 00 03 00 CC 10 01 48,03000300,0.000000
8427,0,0x10F,STD,8,2026-01-28T18:51:18.814390,03 00 03 00 54 1F 67 3C,03000300,0.000000
8428,0,0x110,STD,8,2026-01-28T18:51:18.838397,03 00 03 00 79 D4 10 48,03000300,0.000000
8429,0,0x110,STD,8,2026-01-28T18:51:18.895409,03 00 01 00 00 00 00 00,03000100,0.000000
8430,0,0x10F,STD,8,2026-01-28T18:51:18.895409,03 00 02 00 A9 4F 42 41,03000200,0.000000
8431,0,0x10F,STD,8,2026-01-28T18:51:18.895409,03 00 01 00 00 00 00 00,03000100,0.000000
8432,0,0x10F,STD,8,2026-01-28T18:51:18.895409,03 00 01 00 00 00 00 00,03000100,0.000000
8433,0,0x110,STD,8,2026-01-28T18:51:18.895409,03 00 01 00 00 00 00 00,03000100,0.000000
8434,0,0x110,STD,8,2026-01-28T18:51:18.919424,03 00 03 00 23 A8 1E 48,03000300,0.000000
8435,0,0x10F,STD,8,2026-01-28T18:51:18.981802,03 00 03 00 18 CD 23 3C,03000300,0.000000
8436,0,0x110,STD,8,2026-01-28T18:51:19.005808,03 00 03 00 7B 92 E9 47,03000300,0.000000
8437,0,0x10F,STD,8,2026-01-28T18:51:19.062821,03 00 03 00 AA C2 4F 3C,03000300,0.000000
8438,0,0x110,STD,8,2026-01-28T18:51:19.086452,03 00 03 00 FD 9B BD 47,03000300,0.000000
8439,0,0x10F,STD,8,2026-01-28T18:51:19.131594,03 00 03 00 6A 28 01 3C,03000300,0.000000
8440,0,0x110,STD,8,2026-01-28T18:51:19.166604,03 00 03 00 4F 90 C8 47,03000300,0.000000
8441,0,0x10F,STD,8,2026-01-28T18:51:19.212614,03 00 03 00 D9 72 71 3C,03000300,0.000000
8442,0,0x110,STD,8,2026-01-28T18:51:19.236619,03 00 03 00 A7 0D F8 47,03000300,0.000000
8443,0,0x10F,STD,8,2026-01-28T18:51:19.292803,03 00 03 00 C9 B8 F8 3B,03000300,0.000000
8444,0,0x110,STD,8,2026-01-28T18:51:19.316809,03 00 03 00 CD 21 8B 47,03000300,0.000000
8445,0,0x10F,STD,8,2026-01-28T18:51:19.373822,03 00 03 00 25 34 76 3C,03000300,0.000000
8446,0,0x110,STD,8,2026-01-28T18:51:19.397827,03 00 03 00 DC 80 0C 48,03000300,0.000000
8447,0,0x10F,STD,8,2026-01-28T18:51:19.454840,03 00 03 00 7B E4 0C 3C,03000300,0.000000
8448,0,0x110,STD,8,2026-01-28T18:51:19.478844,03 00 03 00 EF 21 8F 47,03000300,0.000000
8449,0,0x10F,STD,8,2026-01-28T18:51:19.535858,03 00 03 00 44 66 8F 3C,03000300,0.000000
8450,0,0x110,STD,8,2026-01-28T18:51:19.559863,03 00 03 00 5B 5F AE 47,03000300,0.000000
8451,0,0x10F,STD,8,2026-01-28T18:51:19.616876,03 00 03 00 F6 78 CC 3C,03000300,0.000000
8452,0,0x110,STD,8,2026-01-28T18:51:19.640882,03 00 03 00 3B 2C DB 47,03000300,0.000000
8453,0,0x10F,STD,8,2026-01-28T18:51:19.697894,03 00 03 00 97 0C D2 3C,03000300,0.000000
8454,0,0x110,STD,8,2026-01-28T18:51:19.721900,03 00 03 00 0D 9B BB 47,03000300,0.000000
8455,0,0x10F,STD,8,2026-01-28T18:51:19.778912,03 00 03 00 80 5D D9 3C,03000300,0.000000
8456,0,0x110,STD,8,2026-01-28T18:51:19.802918,03 00 03 00 D1 8C A7 47,03000300,0.000000
8457,0,0x10F,STD,8,2026-01-28T18:51:19.859931,03 00 03 00 AF 7F F9 3C,03000300,0.000000
8458,0,0x110,STD,8,2026-01-28T18:51:19.872934,03 00 03 00 9B 1C 58 47,03000300,0.000000
8459,0,0x10F,STD,8,2026-01-28T18:51:19.929947,03 00 03 00 86 55 C0 3C,03000300,0.000000
8460,0,0x110,STD,8,2026-01-28T18:51:19.964954,03 00 03 00 EA EA E5 47,03000300,0.000000
8461,0,0x10F,STD,8,2026-01-28T18:51:19.964954,03 00 02 00 A9 4F 42 41,03000200,0.000000
8462,0,0x110,STD,8,2026-01-28T18:51:19.966955,03 00 02 00 A9 4F 42 41,03000200,0.000000
8463,0,0x110,STD,8,2026-01-28T18:51:19.966955,03 00 01 00 00 00 00 00,03000100,0.000000
8464,0,0x10F,STD,8,2026-01-28T18:51:19.968955,03 00 02 00 F5 36 3F 41,03000200,0.000000
8465,0,0x10F,STD,8,2026-01-28T18:51:20.014966,03 00 03 00 31 40 8F 3C,03000300,0.000000
8466,0,0x110,STD,8,2026-01-28T18:51:20.038971,03 00 03 00 0F 07 2E 48,03000300,0.000000
8467,0,0x10F,STD,8,2026-01-28T18:51:20.095984,03 00 03 00 37 7C 0A 3C,03000300,0.000000
8468,0,0x110,STD,8,2026-01-28T18:51:20.119991,03 00 03 00 E0 C6 86 47,03000300,0.000000
8469,0,0x10F,STD,8,2026-01-28T18:51:20.176030,03 00 03 00 17 88 E6 3B,03000300,0.000000
8470,0,0x110,STD,8,2026-01-28T18:51:20.200036,03 00 03 00 D6 33 3A 48,03000300,0.000000
8471,0,0x10F,STD,8,2026-01-28T18:51:20.257049,03 00 03 00 9A 41 86 3B,03000300,0.000000
8472,0,0x110,STD,8,2026-01-28T18:51:20.281054,03 00 03 00 31 18 EC 47,03000300,0.000000
8473,0,0x10F,STD,8,2026-01-28T18:51:20.338067,03 00 03 00 2F F5 E8 3B,03000300,0.000000
8474,0,0x110,STD,8,2026-01-28T18:51:20.351070,03 00 03 00 F9 78 FE 46,03000300,0.000000
8475,0,0x10F,STD,8,2026-01-28T18:51:20.417085,03 00 03 00 81 24 4C 3C,03000300,0.000000
8476,0,0x110,STD,8,2026-01-28T18:51:20.441090,03 00 03 00 01 8F F0 47,03000300,0.000000
8477,0,0x10F,STD,8,2026-01-28T18:51:20.498103,03 00 03 00 D6 8D 8B 3C,03000300,0.000000
8478,0,0x110,STD,8,2026-01-28T18:51:20.522108,03 00 03 00 A4 64 47 48,03000300,0.000000
8479,0,0x10F,STD,8,2026-01-28T18:51:20.568118,03 00 03 00 F0 00 6A 3C,03000300,0.000000
8480,0,0x110,STD,8,2026-01-28T18:51:20.592124,03 00 03 00 37 06 3F 48,03000300,0.000000
8481,0,0x10F,STD,8,2026-01-28T18:51:20.649136,03 00 03 00 49 16 B6 3C,03000300,0.000000
8482,0,0x110,STD,8,2026-01-28T18:51:20.673142,03 00 03 00 B0 F4 40 48,03000300,0.000000
8483,0,0x10F,STD,8,2026-01-28T18:51:20.730155,03 00 03 00 3D 2C 93 3C,03000300,0.000000
8484,0,0x110,STD,8,2026-01-28T18:51:20.754160,03 00 03 00 EA 10 49 48,03000300,0.000000
8485,0,0x10F,STD,8,2026-01-28T18:51:20.811173,03 00 03 00 42 41 24 3C,03000300,0.000000
8486,0,0x110,STD,8,2026-01-28T18:51:20.835179,03 00 03 00 EB C1 C9 47,03000300,0.000000
8487,0,0x10F,STD,8,2026-01-28T18:51:20.892192,03 00 03 00 89 CD A5 3B,03000300,0.000000
8488,0,0x110,STD,8,2026-01-28T18:51:20.916197,03 00 03 00 17 34 C8 47,03000300,0.000000
8489,0,0x10F,STD,8,2026-01-28T18:51:20.973210,03 00 03 00 CE 17 93 3B,03000300,0.000000
8490,0,0x110,STD,8,2026-01-28T18:51:20.997215,03 00 03 00 D9 95 EE 47,03000300,0.000000
8491,0,0x10F,STD,8,2026-01-28T18:51:21.054228,03 00 03 00 DB D0 72 3B,03000300,0.000000
8492,0,0x110,STD,8,2026-01-28T18:51:21.054228,03 00 02 00 F5 36 3F 41,03000200,0.000000
8493,0,0x10F,STD,8,2026-01-28T18:51:21.054228,03 00 01 00 00 00 00 00,03000100,0.000000
8494,0,0x10F,STD,8,2026-01-28T18:51:21.054228,03 00 02 00 FC C5 29 41,03000200,0.000000
8495,0,0x110,STD,8,2026-01-28T18:51:21.054228,03 00 02 00 FC C5 29 41,03000200,0.000000
8496,0,0x110,STD,8,2026-01-28T18:51:21.078233,03 00 03 00 2A B3 13 48,03000300,0.000000
8497,0,0x10F,STD,8,2026-01-28T18:51:21.124244,03 00 03 00 84 23 CC 3B,03000300,0.000000
8498,0,0x110,STD,8,2026-01-28T18:51:21.148249,03 00 03 00 2D 27 18 48,03000300,0.000000
8499,0,0x10F,STD,8,2026-01-28T18:51:21.205262,03 00 03 00 C5 43 57 3C,03000300,0.000000
8500,0,0x110,STD,8,2026-01-28T18:51:21.229268,03 00 03 00 27 B1 31 48,03000300,0.000000
8501,0,0x10F,STD,8,2026-01-28T18:51:21.286280,03 00 03 00 B0 DB DA 3B,03000300,0.000000
8502,0,0x110,STD,8,2026-01-28T18:51:21.310286,03 00 03 00 56 05 17 48,03000300,0.000000
8503,0,0x10F,STD,8,2026-01-28T18:51:21.367299,03 00 03 00 5B 6B D3 3B,03000300,0.000000
8504,0,0x110,STD,8,2026-01-28T18:51:21.390810,03 00 03 00 1A 47 DE 47,03000300,0.000000
8505,0,0x10F,STD,8,2026-01-28T18:51:21.446934,03 00 03 00 22 FB E8 3B,03000300,0.000000
8506,0,0x110,STD,8,2026-01-28T18:51:21.470443,03 00 03 00 EB 47 6A 47,03000300,0.000000
8507,0,0x10F,STD,8,2026-01-28T18:51:21.527075,03 00 03 00 4E D0 28 3C,03000300,0.000000
8508,0,0x110,STD,8,2026-01-28T18:51:21.551080,03 00 03 00 E0 30 C9 47,03000300,0.000000
8509,0,0x10F,STD,8,2026-01-28T18:51:21.608092,03 00 03 00 47 61 C9 3C,03000300,0.000000
8510,0,0x110,STD,8,2026-01-28T18:51:21.631602,03 00 03 00 CA 0A 01 48,03000300,0.000000
8511,0,0x10F,STD,8,2026-01-28T18:51:21.687739,03 00 03 00 D7 08 8F 3C,03000300,0.000000
8512,0,0x110,STD,8,2026-01-28T18:51:21.711745,03 00 03 00 C6 CA AC 47,03000300,0.000000
8513,0,0x10F,STD,8,2026-01-28T18:51:21.767903,03 00 03 00 14 CE D6 3C,03000300,0.000000
8514,0,0x110,STD,8,2026-01-28T18:51:21.791909,03 00 03 00 4E 09 45 48,03000300,0.000000
8515,0,0x10F,STD,8,2026-01-28T18:51:21.848425,03 00 03 00 EE E3 8A 3C,03000300,0.000000
8516,0,0x110,STD,8,2026-01-28T18:51:21.872431,03 00 03 00 C5 E7 03 48,03000300,0.000000
8517,0,0x10F,STD,8,2026-01-28T18:51:21.929133,03 00 03 00 25 32 E6 3B,03000300,0.000000
8518,0,0x110,STD,8,2026-01-28T18:51:21.953138,03 00 03 00 F0 A7 23 48,03000300,0.000000
8519,0,0x10F,STD,8,2026-01-28T18:51:22.004150,03 00 03 00 DF BD E5 3B,03000300,0.000000
8520,0,0x110,STD,8,2026-01-28T18:51:22.028155,03 00 03 00 1C F7 21 48,03000300,0.000000
8521,0,0x10F,STD,8,2026-01-28T18:51:22.084308,03 00 03 00 F8 95 C0 3C,03000300,0.000000
8522,0,0x110,STD,8,2026-01-28T18:51:22.108315,03 00 03 00 5B BD 33 48,03000300,0.000000
8523,0,0x10F,STD,8,2026-01-28T18:51:22.143323,03 00 01 00 00 00 00 00,03000100,0.000000
8524,0,0x110,STD,8,2026-01-28T18:51:22.143323,03 00 01 00 00 00 00 00,03000100,0.000000
8525,0,0x10F,STD,8,2026-01-28T18:51:22.143323,03 00 02 00 C7 3E 3F 41,03000200,0.000000
8526,0,0x110,STD,8,2026-01-28T18:51:22.144323,03 00 02 00 C7 3E 3F 41,03000200,0.000000
8527,0,0x10F,STD,8,2026-01-28T18:51:22.168329,03 00 03 00 E9 B6 C9 3C,03000300,0.000000
8528,0,0x110,STD,8,2026-01-28T18:51:22.192334,03 00 03 00 95 CC 4E 48,03000300,0.000000
8529,0,0x10F,STD,8,2026-01-28T18:51:22.249346,03 00 03 00 3D 4A AC 3C,03000300,0.000000
8530,0,0x110,STD,8,2026-01-28T18:51:22.272855,03 00 03 00 C2 29 2B 48,03000300,0.000000
8531,0,0x10F,STD,8,2026-01-28T18:51:22.329868,03 00 03 00 0B 3D F0 3B,03000300,0.000000
8532,0,0x110,STD,8,2026-01-28T18:51:22.369878,03 00 03 00 B0 08 1F 48,03000300,0.000000
8533,0,0x10F,STD,8,2026-01-28T18:51:22.404885,03 00 03 00 60 79 94 3B,03000300,0.000000
8534,0,0x110,STD,8,2026-01-28T18:51:22.428891,03 00 03 00 87 91 65 48,03000300,0.000000
8535,0,0x10F,STD,8,2026-01-28T18:51:22.485903,03 00 03 00 D1 FC B6 3B,03000300,0.000000
8536,0,0x110,STD,8,2026-01-28T18:51:22.509908,03 00 03 00 C0 C6 7B 48,03000300,0.000000
8537,0,0x10F,STD,8,2026-01-28T18:51:22.566234,03 00 03 00 BA E9 E0 3B,03000300,0.000000
8538,0,0x110,STD,8,2026-01-28T18:51:22.590239,03 00 03 00 0A D6 E3 47,03000300,0.000000
8539,0,0x10F,STD,8,2026-01-28T18:51:22.647251,03 00 03 00 76 FE 28 3C,03000300,0.000000
8540,0,0x110,STD,8,2026-01-28T18:51:22.671257,03 00 03 00 71 9E 97 47,03000300,0.000000
8541,0,0x10F,STD,8,2026-01-28T18:51:22.728270,03 00 03 00 0E 6B AC 3C,03000300,0.000000
8542,0,0x110,STD,8,2026-01-28T18:51:22.752276,03 00 03 00 89 36 B4 47,03000300,0.000000
8543,0,0x10F,STD,8,2026-01-28T18:51:22.798286,03 00 03 00 F6 C8 0E 3D,03000300,0.000000
8544,0,0x110,STD,8,2026-01-28T18:51:22.833294,03 00 03 00 6C C3 01 48,03000300,0.000000
8545,0,0x10F,STD,8,2026-01-28T18:51:22.879304,03 00 03 00 07 7A E5 3C,03000300,0.000000
8546,0,0x110,STD,8,2026-01-28T18:51:22.903310,03 00 03 00 C4 31 DA 47,03000300,0.000000
8547,0,0x10F,STD,8,2026-01-28T18:51:22.960323,03 00 03 00 22 6D EC 3C,03000300,0.000000
8548,0,0x110,STD,8,2026-01-28T18:51:22.984328,03 00 03 00 E4 30 13 48,03000300,0.000000
8549,0,0x10F,STD,8,2026-01-28T18:51:23.041341,03 00 03 00 C7 78 E2 3C,03000300,0.000000
8550,0,0x110,STD,8,2026-01-28T18:51:23.065346,03 00 03 00 30 DD 87 47,03000300,0.000000
8551,0,0x10F,STD,8,2026-01-28T18:51:23.122358,03 00 03 00 76 B6 B9 3C,03000300,0.000000
8552,0,0x110,STD,8,2026-01-28T18:51:23.146092,03 00 03 00 4F D7 70 47,03000300,0.000000
8553,0,0x10F,STD,8,2026-01-28T18:51:23.203105,03 00 03 00 4D 2F 89 3C,03000300,0.000000
8554,0,0x110,STD,8,2026-01-28T18:51:23.227110,03 00 03 00 68 71 7C 47,03000300,0.000000
8555,0,0x10F,STD,8,2026-01-28T18:51:23.229111,03 00 01 00 00 00 00 00,03000100,0.000000
8556,0,0x110,STD,8,2026-01-28T18:51:23.229111,03 00 01 00 00 00 00 00,03000100,0.000000
8557,0,0x10F,STD,8,2026-01-28T18:51:23.229111,03 00 02 00 BC AA 37 41,03000200,0.000000
8558,0,0x110,STD,8,2026-01-28T18:51:23.229111,03 00 02 00 BC AA 37 41,03000200,0.000000
8559,0,0x10F,STD,8,2026-01-28T18:51:23.286124,03 00 03 00 F3 C0 AC 3B,03000300,0.000000
8560,0,0x110,STD,8,2026-01-28T18:51:23.310129,03 00 03 00 B2 65 41 48,03000300,0.000000
8561,0,0x10F,STD,8,2026-01-28T18:51:23.366694,03 00 03 00 81 90 D8 3B,03000300,0.000000
8562,0,0x110,STD,8,2026-01-28T18:51:23.390654,03 00 03 00 B1 1A 25 48,03000300,0.000000
8563,0,0x10F,STD,8,2026-01-28T18:51:23.435975,03 00 03 00 21 76 AE 3C,03000300,0.000000
8564,0,0x110,STD,8,2026-01-28T18:51:23.459980,03 00 03 00 9C 23 9B 47,03000300,0.000000
8565,0,0x10F,STD,8,2026-01-28T18:51:23.527740,03 00 03 00 BE 97 56 3C,03000300,0.000000
8566,0,0x110,STD,8,2026-01-28T18:51:23.540743,03 00 03 00 F2 E0 FF 47,03000300,0.000000
8567,0,0x10F,STD,8,2026-01-28T18:51:23.597755,03 00 03 00 92 B2 02 3C,03000300,0.000000
8568,0,0x110,STD,8,2026-01-28T18:51:23.621153,03 00 03 00 C1 C0 F9 47,03000300,0.000000
8569,0,0x10F,STD,8,2026-01-28T18:51:23.677659,03 00 03 00 EC 93 49 3C,03000300,0.000000
8570,0,0x110,STD,8,2026-01-28T18:51:23.701665,03 00 03 00 91 0F 09 48,03000300,0.000000
8571,0,0x10F,STD,8,2026-01-28T18:51:23.757774,03 00 03 00 46 3C 17 3C,03000300,0.000000
8572,0,0x110,STD,8,2026-01-28T18:51:23.781780,03 00 03 00 D0 1F 56 48,03000300,0.000000
8573,0,0x10F,STD,8,2026-01-28T18:51:23.838792,03 00 03 00 86 48 CB 3C,03000300,0.000000
8574,0,0x110,STD,8,2026-01-28T18:51:23.862656,03 00 03 00 1B 7D F9 47,03000300,0.000000
8575,0,0x10F,STD,8,2026-01-28T18:51:23.919668,03 00 03 00 21 BC D7 3C,03000300,0.000000
8576,0,0x110,STD,8,2026-01-28T18:51:23.943673,03 00 03 00 BD B7 38 47,03000300,0.000000
8577,0,0x10F,STD,8,2026-01-28T18:51:24.000686,03 00 03 00 50 4F AD 3C,03000300,0.000000
8578,0,0x110,STD,8,2026-01-28T18:51:24.024159,03 00 03 00 E4 B7 16 48,03000300,0.000000
8579,0,0x10F,STD,8,2026-01-28T18:51:24.081172,03 00 03 00 9E 0B 18 3D,03000300,0.000000
8580,0,0x110,STD,8,2026-01-28T18:51:24.105176,03 00 03 00 74 6B F6 47,03000300,0.000000
8581,0,0x10F,STD,8,2026-01-28T18:51:24.161772,03 00 03 00 F9 FB D6 3C,03000300,0.000000
8582,0,0x110,STD,8,2026-01-28T18:51:24.185777,03 00 03 00 DF 59 EC 47,03000300,0.000000
8583,0,0x10F,STD,8,2026-01-28T18:51:24.242790,03 00 03 00 7B 00 AC 3C,03000300,0.000000
8584,0,0x110,STD,8,2026-01-28T18:51:24.266796,03 00 03 00 7F EE 08 48,03000300,0.000000
8585,0,0x10F,STD,8,2026-01-28T18:51:24.312806,03 00 01 00 00 00 00 00,03000100,0.000000
8586,0,0x110,STD,8,2026-01-28T18:51:24.312806,03 00 01 00 00 00 00 00,03000100,0.000000
8587,0,0x110,STD,8,2026-01-28T18:51:24.312806,03 00 02 00 F7 82 2D 41,03000200,0.000000
8588,0,0x110,STD,8,2026-01-28T18:51:24.314806,03 00 02 00 F7 82 2D 41,03000200,0.000000
8589,0,0x10F,STD,8,2026-01-28T18:51:24.314806,03 00 01 00 00 00 00 00,03000100,0.000000
8590,0,0x110,STD,8,2026-01-28T18:51:24.338812,03 00 03 00 B3 49 FA 47,03000300,0.000000
8591,0,0x10F,STD,8,2026-01-28T18:51:24.393544,03 00 03 00 23 E3 C0 3C,03000300,0.000000
8592,0,0x110,STD,8,2026-01-28T18:51:24.416637,03 00 03 00 BC 5B BF 47,03000300,0.000000
8593,0,0x10F,STD,8,2026-01-28T18:51:24.473650,03 00 03 00 A7 F2 91 3C,03000300,0.000000
8594,0,0x110,STD,8,2026-01-28T18:51:24.496745,03 00 03 00 7A 8A 85 48,03000300,0.000000
8595,0,0x10F,STD,8,2026-01-28T18:51:24.553758,03 00 03 00 EC 65 98 3C,03000300,0.000000
8596,0,0x110,STD,8,2026-01-28T18:51:24.577763,03 00 03 00 D0 59 2D 48,03000300,0.000000
8597,0,0x10F,STD,8,2026-01-28T18:51:24.634776,03 00 03 00 D9 45 E4 3C,03000300,0.000000
8598,0,0x110,STD,8,2026-01-28T18:51:24.658781,03 00 03 00 98 95 07 48,03000300,0.000000
8599,0,0x10F,STD,8,2026-01-28T18:51:24.715794,03 00 03 00 D9 A6 01 3D,03000300,0.000000
8600,0,0x110,STD,8,2026-01-28T18:51:24.739800,03 00 03 00 11 30 65 48,03000300,0.000000
8601,0,0x10F,STD,8,2026-01-28T18:51:24.796812,03 00 03 00 B8 CF B2 3C,03000300,0.000000
8602,0,0x110,STD,8,2026-01-28T18:51:24.820818,03 00 03 00 C7 52 63 48,03000300,0.000000
8603,0,0x10F,STD,8,2026-01-28T18:51:24.877831,03 00 03 00 E9 00 8B 3C,03000300,0.000000
8604,0,0x110,STD,8,2026-01-28T18:51:24.901836,03 00 03 00 EB 05 64 48,03000300,0.000000
8605,0,0x10F,STD,8,2026-01-28T18:51:24.958849,03 00 03 00 23 A4 1E 3C,03000300,0.000000
8606,0,0x110,STD,8,2026-01-28T18:51:24.979854,03 00 03 00 F8 53 55 48,03000300,0.000000
8607,0,0x10F,STD,8,2026-01-28T18:51:25.036866,03 00 03 00 3D 52 90 3C,03000300,0.000000
8608,0,0x110,STD,8,2026-01-28T18:51:25.060872,03 00 03 00 87 56 66 48,03000300,0.000000
8609,0,0x10F,STD,8,2026-01-28T18:51:25.117885,03 00 03 00 12 45 1B 3C,03000300,0.000000
8610,0,0x110,STD,8,2026-01-28T18:51:25.141890,03 00 03 00 25 F5 6C 48,03000300,0.000000
8611,0,0x10F,STD,8,2026-01-28T18:51:25.198903,03 00 03 00 6C F3 5B 3C,03000300,0.000000
8612,0,0x110,STD,8,2026-01-28T18:51:25.222908,03 00 03 00 AE BB 77 48,03000300,0.000000
8613,0,0x10F,STD,8,2026-01-28T18:51:25.268919,03 00 03 00 20 68 F3 3B,03000300,0.000000
8614,0,0x110,STD,8,2026-01-28T18:51:25.292924,03 00 03 00 DC 27 8B 48,03000300,0.000000
8615,0,0x10F,STD,8,2026-01-28T18:51:25.349937,03 00 03 00 88 56 D5 3B,03000300,0.000000
8616,0,0x110,STD,8,2026-01-28T18:51:25.373942,03 00 03 00 F5 B1 22 48,03000300,0.000000
8617,0,0x110,STD,8,2026-01-28T18:51:25.386945,03 00 01 00 00 00 00 00,03000100,0.000000
8618,0,0x10F,STD,8,2026-01-28T18:51:25.386945,03 00 02 00 F7 82 2D 41,03000200,0.000000
8619,0,0x10F,STD,8,2026-01-28T18:51:25.386945,03 00 01 00 00 00 00 00,03000100,0.000000
8620,0,0x110,STD,8,2026-01-28T18:51:25.388946,03 00 01 00 00 00 00 00,03000100,0.000000
8621,0,0x10F,STD,8,2026-01-28T18:51:25.434956,03 00 03 00 4C 44 AC 3C,03000300,0.000000
8622,0,0x110,STD,8,2026-01-28T18:51:25.458961,03 00 03 00 BC E4 41 48,03000300,0.000000
8623,0,0x10F,STD,8,2026-01-28T18:51:25.515974,03 00 03 00 4B 56 04 3C,03000300,0.000000
8624,0,0x110,STD,8,2026-01-28T18:51:25.539980,03 00 03 00 0C 17 4D 48,03000300,0.000000
8625,0,0x10F,STD,8,2026-01-28T18:51:25.596993,03 00 03 00 59 60 92 3C,03000300,0.000000
8626,0,0x110,STD,8,2026-01-28T18:51:25.620998,03 00 03 00 2A 29 8F 47,03000300,0.000000
8627,0,0x10F,STD,8,2026-01-28T18:51:25.678011,03 00 03 00 11 E6 9A 3C,03000300,0.000000
8628,0,0x110,STD,8,2026-01-28T18:51:25.702016,03 00 03 00 E4 A3 C0 47,03000300,0.000000
8629,0,0x10F,STD,8,2026-01-28T18:51:25.748027,03 00 03 00 68 A0 84 3B,03000300,0.000000
8630,0,0x110,STD,8,2026-01-28T18:51:25.772032,03 00 03 00 95 8A F9 47,03000300,0.000000
8631,0,0x10F,STD,8,2026-01-28T18:51:25.829045,03 00 03 00 37 D8 02 3C,03000300,0.000000
8632,0,0x110,STD,8,2026-01-28T18:51:25.853050,03 00 03 00 80 3F B8 47,03000300,0.000000
8633,0,0x10F,STD,8,2026-01-28T18:51:25.910063,03 00 03 00 48 C4 33 3C,03000300,0.000000
8634,0,0x110,STD,8,2026-01-28T18:51:25.934068,03 00 03 00 5E FF 6B 47,03000300,0.000000
8635,0,0x10F,STD,8,2026-01-28T18:51:25.991081,03 00 03 00 55 6D F5 3C,03000300,0.000000
8636,0,0x110,STD,8,2026-01-28T18:51:26.015087,03 00 03 00 9D 7D 30 47,03000300,0.000000
8637,0,0x10F,STD,8,2026-01-28T18:51:26.072100,03 00 03 00 98 26 CB 3C,03000300,0.000000
8638,0,0x110,STD,8,2026-01-28T18:51:26.096105,03 00 03 00 82 54 E4 47,03000300,0.000000
8639,0,0x10F,STD,8,2026-01-28T18:51:26.153118,03 00 03 00 01 58 3F 3C,03000300,0.000000
8640,0,0x110,STD,8,2026-01-28T18:51:26.177004,03 00 03 00 3C 53 D9 47,03000300,0.000000
8641,0,0x10F,STD,8,2026-01-28T18:51:26.234017,03 00 03 00 DA 5E B3 3C,03000300,0.000000
8642,0,0x110,STD,8,2026-01-28T18:51:26.258022,03 00 03 00 A1 8B 07 48,03000300,0.000000
8643,0,0x10F,STD,8,2026-01-28T18:51:26.314602,03 00 03 00 A9 D4 21 3C,03000300,0.000000
8644,0,0x110,STD,8,2026-01-28T18:51:26.338608,03 00 03 00 DD 78 4D 48,03000300,0.000000
8645,0,0x10F,STD,8,2026-01-28T18:51:26.394620,03 00 03 00 F8 19 ED 3C,03000300,0.000000
8646,0,0x110,STD,8,2026-01-28T18:51:26.418083,03 00 03 00 04 85 67 48,03000300,0.000000
8647,0,0x10F,STD,8,2026-01-28T18:51:26.475096,03 00 03 00 7D E3 81 3C,03000300,0.000000
8648,0,0x10F,STD,8,2026-01-28T18:51:26.475096,03 00 02 00 9B 46 3F 41,03000200,0.000000
8649,0,0x110,STD,8,2026-01-28T18:51:26.475096,03 00 02 00 9B 46 3F 41,03000200,0.000000
8650,0,0x110,STD,8,2026-01-28T18:51:26.475096,03 00 01 00 00 00 00 00,03000100,0.000000
8651,0,0x10F,STD,8,2026-01-28T18:51:26.475096,03 00 02 00 99 81 30 41,03000200,0.000000
8652,0,0x110,STD,8,2026-01-28T18:51:26.499101,03 00 03 00 F9 92 63 48,03000300,0.000000
8653,0,0x10F,STD,8,2026-01-28T18:51:26.545112,03 00 03 00 C5 8A 90 3C,03000300,0.000000
8654,0,0x110,STD,8,2026-01-28T18:51:26.569117,03 00 03 00 81 8E 63 48,03000300,0.000000
8655,0,0x10F,STD,8,2026-01-28T18:51:26.626130,03 00 03 00 64 A5 45 3C,03000300,0.000000
8656,0,0x110,STD,8,2026-01-28T18:51:26.650135,03 00 03 00 2F DB 0A 48,03000300,0.000000
8657,0,0x10F,STD,8,2026-01-28T18:51:26.707148,03 00 03 00 02 3C 0E 3C,03000300,0.000000
8658,0,0x110,STD,8,2026-01-28T18:51:26.731154,03 00 03 00 DD D9 AC 47,03000300,0.000000
8659,0,0x10F,STD,8,2026-01-28T18:51:26.787988,03 00 03 00 4C 87 84 3C,03000300,0.000000
8660,0,0x110,STD,8,2026-01-28T18:51:26.811993,03 00 03 00 F6 53 90 47,03000300,0.000000
8661,0,0x10F,STD,8,2026-01-28T18:51:26.869006,03 00 03 00 1F 98 A4 3C,03000300,0.000000
8662,0,0x110,STD,8,2026-01-28T18:51:26.893012,03 00 03 00 1C 79 70 47,03000300,0.000000
8663,0,0x10F,STD,8,2026-01-28T18:51:26.949592,03 00 03 00 06 36 FC 3C,03000300,0.000000
8664,0,0x110,STD,8,2026-01-28T18:51:26.973597,03 00 03 00 F1 CE DA 47,03000300,0.000000
8665,0,0x10F,STD,8,2026-01-28T18:51:27.030610,03 00 03 00 28 2F A6 3C,03000300,0.000000
8666,0,0x110,STD,8,2026-01-28T18:51:27.054118,03 00 03 00 C9 BE FD 47,03000300,0.000000
8667,0,0x10F,STD,8,2026-01-28T18:51:27.110636,03 00 03 00 B7 38 E8 3C,03000300,0.000000
8668,0,0x110,STD,8,2026-01-28T18:51:27.134144,03 00 03 00 70 38 1F 48,03000300,0.000000
8669,0,0x10F,STD,8,2026-01-28T18:51:27.191157,03 00 03 00 25 21 B4 3C,03000300,0.000000
8670,0,0x110,STD,8,2026-01-28T18:51:27.215162,03 00 03 00 F7 D3 B6 47,03000300,0.000000
8671,0,0x10F,STD,8,2026-01-28T18:51:27.272174,03 00 03 00 3C D6 9C 3C,03000300,0.000000
8672,0,0x110,STD,8,2026-01-28T18:51:27.296180,03 00 03 00 62 AD F7 47,03000300,0.000000
8673,0,0x10F,STD,8,2026-01-28T18:51:27.353193,03 00 03 00 50 73 B5 3C,03000300,0.000000
8674,0,0x110,STD,8,2026-01-28T18:51:27.378198,03 00 03 00 82 8A C1 47,03000300,0.000000
8675,0,0x10F,STD,8,2026-01-28T18:51:27.423442,03 00 03 00 83 99 89 3C,03000300,0.000000
8676,0,0x110,STD,8,2026-01-28T18:51:27.447447,03 00 03 00 06 C5 B5 47,03000300,0.000000
8677,0,0x10F,STD,8,2026-01-28T18:51:27.504460,03 00 03 00 55 77 87 3C,03000300,0.000000
8678,0,0x110,STD,8,2026-01-28T18:51:27.528466,03 00 03 00 FA 15 2E 48,03000300,0.000000
8679,0,0x110,STD,8,2026-01-28T18:51:27.552471,03 00 02 00 99 81 30 41,03000200,0.000000
8680,0,0x10F,STD,8,2026-01-28T18:51:27.565474,03 00 01 00 00 00 00 00,03000100,0.000000
8681,0,0x110,STD,8,2026-01-28T18:51:27.565474,03 00 02 00 07 F6 32 41,03000200,0.000000
8682,0,0x10F,STD,8,2026-01-28T18:51:27.565474,03 00 01 00 00 00 00 00,03000100,0.000000
8683,0,0x10F,STD,8,2026-01-28T18:51:27.589479,03 00 03 00 51 FB 86 3C,03000300,0.000000
8684,0,0x110,STD,8,2026-01-28T18:51:27.613485,03 00 03 00 10 1A 19 48,03000300,0.000000
8685,0,0x10F,STD,8,2026-01-28T18:51:27.670497,03 00 03 00 EA 64 D2 3C,03000300,0.000000
8686,0,0x110,STD,8,2026-01-28T18:51:27.694504,03 00 03 00 50 81 76 48,03000300,0.000000
8687,0,0x10F,STD,8,2026-01-28T18:51:27.751516,03 00 03 00 7D F9 4D 3C,03000300,0.000000
8688,0,0x110,STD,8,2026-01-28T18:51:27.764519,03 00 03 00 D4 7A 4F 48,03000300,0.000000
8689,0,0x10F,STD,8,2026-01-28T18:51:27.821531,03 00 03 00 75 08 87 3C,03000300,0.000000
8690,0,0x110,STD,8,2026-01-28T18:51:27.845537,03 00 03 00 06 C4 06 48,03000300,0.000000
8691,0,0x10F,STD,8,2026-01-28T18:51:27.902550,03 00 03 00 72 25 62 3C,03000300,0.000000
8692,0,0x110,STD,8,2026-01-28T18:51:27.926555,03 00 03 00 FE AD 3C 48,03000300,0.000000
8693,0,0x10F,STD,8,2026-01-28T18:51:27.981568,03 00 03 00 12 94 CA 3B,03000300,0.000000
8694,0,0x110,STD,8,2026-01-28T18:51:28.005573,03 00 03 00 E4 44 44 48,03000300,0.000000
8695,0,0x10F,STD,8,2026-01-28T18:51:28.062586,03 00 03 00 50 19 A4 3C,03000300,0.000000
8696,0,0x110,STD,8,2026-01-28T18:51:28.090592,03 00 03 00 49 54 01 48,03000300,0.000000
8697,0,0x10F,STD,8,2026-01-28T18:51:28.147605,03 00 03 00 D3 AE 4F 3C,03000300,0.000000
8698,0,0x110,STD,8,2026-01-28T18:51:28.171610,03 00 03 00 C7 3D 5F 48,03000300,0.000000
8699,0,0x10F,STD,8,2026-01-28T18:51:28.228623,03 00 03 00 67 6D 0A 3C,03000300,0.000000
8700,0,0x110,STD,8,2026-01-28T18:51:28.252629,03 00 03 00 00 04 43 48,03000300,0.000000
8701,0,0x10F,STD,8,2026-01-28T18:51:28.298212,03 00 03 00 03 B7 33 3C,03000300,0.000000
8702,0,0x110,STD,8,2026-01-28T18:51:28.322218,03 00 03 00 48 D1 9B 47,03000300,0.000000
8703,0,0x10F,STD,8,2026-01-28T18:51:28.386288,03 00 03 00 2F D7 15 3C,03000300,0.000000
8704,0,0x110,STD,8,2026-01-28T18:51:28.409678,03 00 03 00 43 F5 2C 48,03000300,0.000000
8705,0,0x10F,STD,8,2026-01-28T18:51:28.466126,03 00 03 00 EE F8 8C 3C,03000300,0.000000
8706,0,0x110,STD,8,2026-01-28T18:51:28.489950,03 00 03 00 82 E7 05 48,03000300,0.000000
8707,0,0x10F,STD,8,2026-01-28T18:51:28.546964,03 00 03 00 0C 5F EB 3B,03000300,0.000000
8708,0,0x110,STD,8,2026-01-28T18:51:28.570969,03 00 03 00 BE 3F 30 47,03000300,0.000000
8709,0,0x10F,STD,8,2026-01-28T18:51:28.627982,03 00 03 00 92 B9 9F 3C,03000300,0.000000
8710,0,0x110,STD,8,2026-01-28T18:51:28.640985,03 00 01 00 00 00 00 00,03000100,0.000000
8711,0,0x10F,STD,8,2026-01-28T18:51:28.640985,03 00 02 00 07 F6 32 41,03000200,0.000000
8712,0,0x10F,STD,8,2026-01-28T18:51:28.640985,03 00 02 00 86 CB 2E 41,03000200,0.000000
8713,0,0x110,STD,8,2026-01-28T18:51:28.640985,03 00 02 00 86 CB 2E 41,03000200,0.000000
8714,0,0x110,STD,8,2026-01-28T18:51:28.642985,03 00 02 00 86 CB 2E 41,03000200,0.000000
8715,0,0x10F,STD,8,2026-01-28T18:51:28.699998,03 00 03 00 BC 7F AD 3C,03000300,0.000000
8716,0,0x110,STD,8,2026-01-28T18:51:28.724003,03 00 03 00 01 34 5B 46,03000300,0.000000
8717,0,0x10F,STD,8,2026-01-28T18:51:28.781016,03 00 03 00 EB 88 47 3C,03000300,0.000000
8718,0,0x110,STD,8,2026-01-28T18:51:28.805022,03 00 03 00 00 92 79 47,03000300,0.000000
8719,0,0x10F,STD,8,2026-01-28T18:51:28.861544,03 00 03 00 49 9A 94 3C,03000300,0.000000
8720,0,0x110,STD,8,2026-01-28T18:51:28.885549,03 00 03 00 9B E2 26 48,03000300,0.000000
8721,0,0x10F,STD,8,2026-01-28T18:51:28.942563,03 00 03 00 55 D0 48 3C,03000300,0.000000
8722,0,0x110,STD,8,2026-01-28T18:51:28.966568,03 00 03 00 1F 13 10 48,03000300,0.000000
8723,0,0x10F,STD,8,2026-01-28T18:51:29.022938,03 00 03 00 7D 1D D2 3C,03000300,0.000000
8724,0,0x110,STD,8,2026-01-28T18:51:29.046945,03 00 03 00 59 BA 3F 48,03000300,0.000000
8725,0,0x10F,STD,8,2026-01-28T18:51:29.103461,03 00 03 00 49 52 DC 3C,03000300,0.000000
8726,0,0x110,STD,8,2026-01-28T18:51:29.127467,03 00 03 00 23 27 3A 48,03000300,0.000000
8727,0,0x10F,STD,8,2026-01-28T18:51:29.184470,03 00 03 00 D1 65 7E 3C,03000300,0.000000
8728,0,0x110,STD,8,2026-01-28T18:51:29.208475,03 00 03 00 51 81 87 47,03000300,0.000000
8729,0,0x10F,STD,8,2026-01-28T18:51:29.265488,03 00 03 00 26 80 B5 3C,03000300,0.000000
8730,0,0x110,STD,8,2026-01-28T18:51:29.278491,03 00 03 00 CD 00 CE 47,03000300,0.000000
8731,0,0x10F,STD,8,2026-01-28T18:51:29.335503,03 00 03 00 96 43 F5 3C,03000300,0.000000
8732,0,0x110,STD,8,2026-01-28T18:51:29.370014,03 00 03 00 F7 81 B6 47,03000300,0.000000
8733,0,0x10F,STD,8,2026-01-28T18:51:29.415682,03 00 03 00 F8 73 D1 3C,03000300,0.000000
8734,0,0x110,STD,8,2026-01-28T18:51:29.439687,03 00 03 00 8C 2D 46 47,03000300,0.000000
8735,0,0x10F,STD,8,2026-01-28T18:51:29.496700,03 00 03 00 F5 C2 E9 3C,03000300,0.000000
8736,0,0x110,STD,8,2026-01-28T18:51:29.520705,03 00 03 00 42 43 B8 47,03000300,0.000000
8737,0,0x10F,STD,8,2026-01-28T18:51:29.577719,03 00 03 00 80 EC 1E 3D,03000300,0.000000
8738,0,0x110,STD,8,2026-01-28T18:51:29.601724,03 00 03 00 54 9A EA 46,03000300,0.000000
8739,0,0x10F,STD,8,2026-01-28T18:51:29.658736,03 00 03 00 81 89 0B 3D,03000300,0.000000
8740,0,0x110,STD,8,2026-01-28T18:51:29.682742,03 00 03 00 40 65 A7 47,03000300,0.000000
8741,0,0x10F,STD,8,2026-01-28T18:51:29.728752,03 00 01 00 00 00 00 00,03000100,0.000000
8742,0,0x110,STD,8,2026-01-28T18:51:29.728752,03 00 01 00 00 00 00 00,03000100,0.000000
8743,0,0x10F,STD,8,2026-01-28T18:51:29.728752,03 00 02 00 EF D0 39 41,03000200,0.000000
8744,0,0x110,STD,8,2026-01-28T18:51:29.728752,03 00 02 00 EF D0 39 41,03000200,0.000000
8745,0,0x10F,STD,8,2026-01-28T18:51:29.741755,03 00 03 00 26 E3 C4 3C,03000300,0.000000
8746,0,0x110,STD,8,2026-01-28T18:51:29.765761,03 00 03 00 A0 47 A2 47,03000300,0.000000
8747,0,0x10F,STD,8,2026-01-28T18:51:29.822773,03 00 03 00 A1 EC 7E 3C,03000300,0.000000
8748,0,0x110,STD,8,2026-01-28T18:51:29.846779,03 00 03 00 2C 78 94 46,03000300,0.000000
8749,0,0x10F,STD,8,2026-01-28T18:51:29.892789,03 00 03 00 45 A1 80 3C,03000300,0.000000
8750,0,0x110,STD,8,2026-01-28T18:51:29.916795,03 00 03 00 E0 12 8B 47,03000300,0.000000
8751,0,0x10F,STD,8,2026-01-28T18:51:29.973808,03 00 03 00 0D A2 BB 3C,03000300,0.000000
8752,0,0x110,STD,8,2026-01-28T18:51:29.997812,03 00 03 00 E9 B8 46 48,03000300,0.000000
8753,0,0x10F,STD,8,2026-01-28T18:51:30.054327,03 00 03 00 9C 9A AB 3C,03000300,0.000000
8754,0,0x110,STD,8,2026-01-28T18:51:30.078332,03 00 03 00 8D B4 4D 48,03000300,0.000000
8755,0,0x10F,STD,8,2026-01-28T18:51:30.135221,03 00 03 00 C1 7E 2D 3C,03000300,0.000000
8756,0,0x110,STD,8,2026-01-28T18:51:30.159227,03 00 03 00 DD 80 00 48,03000300,0.000000
8757,0,0x10F,STD,8,2026-01-28T18:51:30.216240,03 00 03 00 C9 C6 97 3B,03000300,0.000000
8758,0,0x110,STD,8,2026-01-28T18:51:30.240245,03 00 03 00 07 45 81 48,03000300,0.000000
8759,0,0x10F,STD,8,2026-01-28T18:51:30.297258,03 00 03 00 79 77 24 3C,03000300,0.000000
8760,0,0x110,STD,8,2026-01-28T18:51:30.321263,03 00 03 00 57 CA 80 48,03000300,0.000000
8761,0,0x10F,STD,8,2026-01-28T18:51:30.380276,03 00 03 00 D0 D2 6A 3C,03000300,0.000000
8762,0,0x110,STD,8,2026-01-28T18:51:30.404282,03 00 03 00 BB 20 F5 47,03000300,0.000000
8763,0,0x10F,STD,8,2026-01-28T18:51:30.450292,03 00 03 00 D5 FC A5 3C,03000300,0.000000
8764,0,0x110,STD,8,2026-01-28T18:51:30.485300,03 00 03 00 2E D6 EF 47,03000300,0.000000
8765,0,0x10F,STD,8,2026-01-28T18:51:30.531311,03 00 03 00 CC E3 01 3C,03000300,0.000000
8766,0,0x110,STD,8,2026-01-28T18:51:30.555316,03 00 03 00 75 64 05 48,03000300,0.000000
8767,0,0x10F,STD,8,2026-01-28T18:51:30.612329,03 00 03 00 66 73 32 3C,03000300,0.000000
8768,0,0x110,STD,8,2026-01-28T18:51:30.636334,03 00 03 00 52 3A 30 47,03000300,0.000000
8769,0,0x10F,STD,8,2026-01-28T18:51:30.692464,03 00 03 00 41 04 E5 3B,03000300,0.000000
8770,0,0x110,STD,8,2026-01-28T18:51:30.716469,03 00 03 00 FE 37 AD 47,03000300,0.000000
8771,0,0x10F,STD,8,2026-01-28T18:51:30.773482,03 00 03 00 5D 32 85 3C,03000300,0.000000
8772,0,0x110,STD,8,2026-01-28T18:51:30.797487,03 00 03 00 E9 DC 1B 47,03000300,0.000000
8773,0,0x10F,STD,8,2026-01-28T18:51:30.810491,03 00 01 00 00 00 00 00,03000100,0.000000
8774,0,0x110,STD,8,2026-01-28T18:51:30.810491,03 00 01 00 00 00 00 00,03000100,0.000000
8775,0,0x110,STD,8,2026-01-28T18:51:30.810491,03 00 02 00 66 58 40 41,03000200,0.000000
8776,0,0x10F,STD,8,2026-01-28T18:51:30.810491,03 00 01 00 00 00 00 00,03000100,0.000000
8777,0,0x10F,STD,8,2026-01-28T18:51:30.856501,03 00 03 00 9E CB 98 3C,03000300,0.000000
8778,0,0x110,STD,8,2026-01-28T18:51:30.879952,03 00 03 00 57 DD D1 47,03000300,0.000000
8779,0,0x10F,STD,8,2026-01-28T18:51:30.936965,03 00 03 00 B0 67 30 3C,03000300,0.000000
8780,0,0x110,STD,8,2026-01-28T18:51:30.960970,03 00 03 00 AF F3 CF 47,03000300,0.000000
8781,0,0x10F,STD,8,2026-01-28T18:51:31.013356,03 00 03 00 5E F1 A1 3C,03000300,0.000000
8782,0,0x110,STD,8,2026-01-28T18:51:31.037362,03 00 03 00 5F 15 A8 47,03000300,0.000000
8783,0,0x10F,STD,8,2026-01-28T18:51:31.094375,03 00 03 00 EF 27 9E 3C,03000300,0.000000
8784,0,0x110,STD,8,2026-01-28T18:51:31.118381,03 00 03 00 C2 32 17 48,03000300,0.000000
8785,0,0x10F,STD,8,2026-01-28T18:51:31.175393,03 00 03 00 40 46 5F 3C,03000300,0.000000
8786,0,0x110,STD,8,2026-01-28T18:51:31.199399,03 00 03 00 A4 EA 0C 48,03000300,0.000000
8787,0,0x10F,STD,8,2026-01-28T18:51:31.255915,03 00 03 00 57 D7 0D 3C,03000300,0.000000
8788,0,0x110,STD,8,2026-01-28T18:51:31.279914,03 00 03 00 51 86 27 48,03000300,0.000000
8789,0,0x10F,STD,8,2026-01-28T18:51:31.336926,03 00 03 00 F2 B2 49 3C,03000300,0.000000
8790,0,0x110,STD,8,2026-01-28T18:51:31.360462,03 00 03 00 C7 98 E7 47,03000300,0.000000
8791,0,0x10F,STD,8,2026-01-28T18:51:31.417476,03 00 03 00 C1 85 3C 3C,03000300,0.000000
8792,0,0x110,STD,8,2026-01-28T18:51:31.441482,03 00 03 00 BA 7B 08 48,03000300,0.000000
8793,0,0x10F,STD,8,2026-01-28T18:51:31.487492,03 00 03 00 BE 74 D5 3B,03000300,0.000000
8794,0,0x110,STD,8,2026-01-28T18:51:31.511498,03 00 03 00 46 AC 68 47,03000300,0.000000
8795,0,0x10F,STD,8,2026-01-28T18:51:31.568312,03 00 03 00 B8 9F 41 3C,03000300,0.000000
8796,0,0x110,STD,8,2026-01-28T18:51:31.592317,03 00 03 00 6C 22 8A 47,03000300,0.000000
8797,0,0x10F,STD,8,2026-01-28T18:51:31.648381,03 00 03 00 77 BD 10 3C,03000300,0.000000
8798,0,0x110,STD,8,2026-01-28T18:51:31.672387,03 00 03 00 96 2A D4 47,03000300,0.000000
8799,0,0x10F,STD,8,2026-01-28T18:51:31.729400,03 00 03 00 2B 86 E3 3B,03000300,0.000000
8800,0,0x110,STD,8,2026-01-28T18:51:31.753405,03 00 03 00 EE 9D EB 47,03000300,0.000000
8801,0,0x10F,STD,8,2026-01-28T18:51:31.810458,03 00 03 00 45 25 2B 3B,03000300,0.000000
8802,0,0x110,STD,8,2026-01-28T18:51:31.834464,03 00 03 00 80 05 ED 47,03000300,0.000000
8803,0,0x10F,STD,8,2026-01-28T18:51:31.891477,03 00 03 00 48 6A 6C 3B,03000300,0.000000
8804,0,0x110,STD,8,2026-01-28T18:51:31.891477,03 00 01 00 00 00 00 00,03000100,0.000000
8805,0,0x10F,STD,8,2026-01-28T18:51:31.891477,03 00 02 00 66 58 40 41,03000200,0.000000
8806,0,0x10F,STD,8,2026-01-28T18:51:31.891477,03 00 01 00 00 00 00 00,03000100,0.000000
8807,0,0x110,STD,8,2026-01-28T18:51:31.893477,03 00 01 00 00 00 00 00,03000100,0.000000
8808,0,0x110,STD,8,2026-01-28T18:51:31.917483,03 00 03 00 88 FD 06 47,03000300,0.000000
8809,0,0x10F,STD,8,2026-01-28T18:51:31.974496,03 00 03 00 70 C1 01 3C,03000300,0.000000
8810,0,0x110,STD,8,2026-01-28T18:51:31.997797,03 00 03 00 41 6D 90 47,03000300,0.000000
8811,0,0x10F,STD,8,2026-01-28T18:51:32.054413,03 00 03 00 4A C4 35 3C,03000300,0.000000
8812,0,0x110,STD,8,2026-01-28T18:51:32.077924,03 00 03 00 06 BB 2A 48,03000300,0.000000
8813,0,0x10F,STD,8,2026-01-28T18:51:32.134936,03 00 03 00 33 17 D5 3C,03000300,0.000000
8814,0,0x110,STD,8,2026-01-28T18:51:32.158942,03 00 03 00 34 9E DF 47,03000300,0.000000
8815,0,0x10F,STD,8,2026-01-28T18:51:32.204952,03 00 03 00 84 D2 32 3C,03000300,0.000000
8816,0,0x110,STD,8,2026-01-28T18:51:32.228958,03 00 03 00 BE 55 0E 48,03000300,0.000000
8817,0,0x10F,STD,8,2026-01-28T18:51:32.285970,03 00 03 00 D3 50 03 3C,03000300,0.000000
8818,0,0x110,STD,8,2026-01-28T18:51:32.309976,03 00 03 00 4C 62 2E 48,03000300,0.000000
8819,0,0x10F,STD,8,2026-01-28T18:51:32.376814,03 00 03 00 2D 00 AD 3C,03000300,0.000000
8820,0,0x110,STD,8,2026-01-28T18:51:32.389818,03 00 03 00 CA 64 AF 47,03000300,0.000000
8821,0,0x10F,STD,8,2026-01-28T18:51:32.446831,03 00 03 00 4D 69 C5 3C,03000300,0.000000
8822,0,0x110,STD,8,2026-01-28T18:51:32.470836,03 00 03 00 CA 2E 01 47,03000300,0.000000
8823,0,0x10F,STD,8,2026-01-28T18:51:32.527849,03 00 03 00 A4 F4 A4 3C,03000300,0.000000
8824,0,0x110,STD,8,2026-01-28T18:51:32.551855,03 00 03 00 39 96 98 46,03000300,0.000000
8825,0,0x10F,STD,8,2026-01-28T18:51:32.608868,03 00 03 00 91 25 E7 3C,03000300,0.000000
8826,0,0x110,STD,8,2026-01-28T18:51:32.632873,03 00 03 00 3D BE 72 47,03000300,0.000000
8827,0,0x10F,STD,8,2026-01-28T18:51:32.689886,03 00 03 00 14 A0 88 3C,03000300,0.000000
8828,0,0x110,STD,8,2026-01-28T18:51:32.713891,03 00 03 00 5E F7 98 47,03000300,0.000000
8829,0,0x10F,STD,8,2026-01-28T18:51:32.770904,03 00 03 00 1E 28 13 3C,03000300,0.000000
8830,0,0x110,STD,8,2026-01-28T18:51:32.794909,03 00 03 00 35 26 8B 47,03000300,0.000000
8831,0,0x10F,STD,8,2026-01-28T18:51:32.851394,03 00 03 00 FF 6B DD 3C,03000300,0.000000
8832,0,0x110,STD,8,2026-01-28T18:51:32.875400,03 00 03 00 C3 8E 8A 47,03000300,0.000000
8833,0,0x10F,STD,8,2026-01-28T18:51:32.932413,03 00 03 00 B8 C0 E8 3C,03000300,0.000000
8834,0,0x110,STD,8,2026-01-28T18:51:32.945415,03 00 03 00 E3 B8 CC 47,03000300,0.000000
8835,0,0x10F,STD,8,2026-01-28T18:51:32.980424,03 00 02 00 43 06 2C 41,03000200,0.000000
8836,0,0x110,STD,8,2026-01-28T18:51:32.980424,03 00 02 00 43 06 2C 41,03000200,0.000000
8837,0,0x110,STD,8,2026-01-28T18:51:32.980424,03 00 01 00 00 00 00 00,03000100,0.000000
8838,0,0x10F,STD,8,2026-01-28T18:51:32.982424,03 00 02 00 0C 01 2C 41,03000200,0.000000
8839,0,0x10F,STD,8,2026-01-28T18:51:33.006429,03 00 03 00 7A 56 8B 3C,03000300,0.000000
8840,0,0x110,STD,8,2026-01-28T18:51:33.030435,03 00 03 00 B4 0E 1F 48,03000300,0.000000
8841,0,0x10F,STD,8,2026-01-28T18:51:33.087447,03 00 03 00 BE 4B 79 3B,03000300,0.000000
8842,0,0x110,STD,8,2026-01-28T18:51:33.111452,03 00 03 00 30 DE 41 48,03000300,0.000000
8843,0,0x10F,STD,8,2026-01-28T18:51:33.167969,03 00 03 00 D0 AC 29 3C,03000300,0.000000
8844,0,0x110,STD,8,2026-01-28T18:51:33.191975,03 00 03 00 70 33 0E 48,03000300,0.000000
8845,0,0x10F,STD,8,2026-01-28T18:51:33.248492,03 00 03 00 17 3D B0 3C,03000300,0.000000
8846,0,0x110,STD,8,2026-01-28T18:51:33.272499,03 00 03 00 14 AB CE 47,03000300,0.000000
8847,0,0x10F,STD,8,2026-01-28T18:51:33.329511,03 00 03 00 05 28 0A 3C,03000300,0.000000
8848,0,0x110,STD,8,2026-01-28T18:51:33.353516,03 00 03 00 53 6A D0 47,03000300,0.000000
8849,0,0x10F,STD,8,2026-01-28T18:51:33.410032,03 00 03 00 07 67 BB 3C,03000300,0.000000
8850,0,0x110,STD,8,2026-01-28T18:51:33.433543,03 00 03 00 02 09 26 47,03000300,0.000000
8851,0,0x10F,STD,8,2026-01-28T18:51:33.490556,03 00 03 00 17 69 B2 3C,03000300,0.000000
8852,0,0x110,STD,8,2026-01-28T18:51:33.514453,03 00 03 00 08 9B B7 47,03000300,0.000000
8853,0,0x10F,STD,8,2026-01-28T18:51:33.559967,03 00 03 00 3A 95 86 3B,03000300,0.000000
8854,0,0x110,STD,8,2026-01-28T18:51:33.583973,03 00 03 00 12 A7 BF 47,03000300,0.000000
8855,0,0x10F,STD,8,2026-01-28T18:51:33.640986,03 00 03 00 65 D7 1E 3C,03000300,0.000000
8856,0,0x110,STD,8,2026-01-28T18:51:33.664788,03 00 03 00 9B 57 29 48,03000300,0.000000
8857,0,0x10F,STD,8,2026-01-28T18:51:33.721305,03 00 03 00 56 C0 36 3C,03000300,0.000000
8858,0,0x110,STD,8,2026-01-28T18:51:33.745310,03 00 03 00 05 E8 AC 47,03000300,0.000000
8859,0,0x10F,STD,8,2026-01-28T18:51:33.802323,03 00 03 00 58 3E 88 3C,03000300,0.000000
8860,0,0x110,STD,8,2026-01-28T18:51:33.826329,03 00 03 00 8E 52 02 48,03000300,0.000000
8861,0,0x10F,STD,8,2026-01-28T18:51:33.883341,03 00 03 00 61 91 6F 3C,03000300,0.000000
8862,0,0x110,STD,8,2026-01-28T18:51:33.907347,03 00 03 00 76 BD AA 47,03000300,0.000000
8863,0,0x10F,STD,8,2026-01-28T18:51:33.972361,03 00 03 00 34 16 A0 3C,03000300,0.000000
8864,0,0x110,STD,8,2026-01-28T18:51:33.985364,03 00 03 00 1B 7F A9 47,03000300,0.000000
8865,0,0x10F,STD,8,2026-01-28T18:51:34.042377,03 00 03 00 F5 03 C5 3C,03000300,0.000000
8866,0,0x110,STD,8,2026-01-28T18:51:34.066383,03 00 03 00 8C 44 37 48,03000300,0.000000
8867,0,0x110,STD,8,2026-01-28T18:51:34.079385,03 00 02 00 0C 01 2C 41,03000200,0.000000
8868,0,0x10F,STD,8,2026-01-28T18:51:34.079385,03 00 01 00 00 00 00 00,03000100,0.000000
8869,0,0x10F,STD,8,2026-01-28T18:51:34.079385,03 00 01 00 00 00 00 00,03000100,0.000000
8870,0,0x110,STD,8,2026-01-28T18:51:34.079385,03 00 01 00 00 00 00 00,03000100,0.000000
8871,0,0x10F,STD,8,2026-01-28T18:51:34.124923,03 00 03 00 27 36 56 3C,03000300,0.000000
8872,0,0x110,STD,8,2026-01-28T18:51:34.148929,03 00 03 00 54 F9 90 47,03000300,0.000000
8873,0,0x10F,STD,8,2026-01-28T18:51:34.205942,03 00 03 00 50 4F A5 3C,03000300,0.000000
8874,0,0x110,STD,8,2026-01-28T18:51:34.229947,03 00 03 00 48 96 1C 48,03000300,0.000000
8875,0,0x10F,STD,8,2026-01-28T18:51:34.286960,03 00 03 00 2D A0 A5 3C,03000300,0.000000
8876,0,0x110,STD,8,2026-01-28T18:51:34.310966,03 00 03 00 42 A4 FB 47,03000300,0.000000
8877,0,0x10F,STD,8,2026-01-28T18:51:34.367978,03 00 03 00 73 3F 11 3C,03000300,0.000000
8878,0,0x110,STD,8,2026-01-28T18:51:34.381982,03 00 03 00 1D E2 08 47,03000300,0.000000
8879,0,0x10F,STD,8,2026-01-28T18:51:34.438108,03 00 03 00 9C 73 CF 3C,03000300,0.000000
8880,0,0x110,STD,8,2026-01-28T18:51:34.462113,03 00 03 00 27 70 EA 47,03000300,0.000000
8881,0,0x10F,STD,8,2026-01-28T18:51:34.519126,03 00 03 00 88 55 74 3C,03000300,0.000000
8882,0,0x110,STD,8,2026-01-28T18:51:34.543131,03 00 03 00 8A CC 4F 48,03000300,0.000000
8883,0,0x10F,STD,8,2026-01-28T18:51:34.600144,03 00 03 00 25 56 4E 3C,03000300,0.000000
8884,0,0x110,STD,8,2026-01-28T18:51:34.624150,03 00 03 00 83 8F 8B 47,03000300,0.000000
8885,0,0x10F,STD,8,2026-01-28T18:51:34.681162,03 00 03 00 1C E3 41 3C,03000300,0.000000
8886,0,0x110,STD,8,2026-01-28T18:51:34.704743,03 00 03 00 15 5C 0A 48,03000300,0.000000
8887,0,0x10F,STD,8,2026-01-28T18:51:34.761756,03 00 03 00 ED B4 87 3C,03000300,0.000000
8888,0,0x110,STD,8,2026-01-28T18:51:34.785761,03 00 03 00 83 E1 DE 47,03000300,0.000000
8889,0,0x10F,STD,8,2026-01-28T18:51:34.842774,03 00 03 00 89 8A 59 3C,03000300,0.000000
8890,0,0x110,STD,8,2026-01-28T18:51:34.866327,03 00 03 00 9A 19 A1 47,03000300,0.000000
8891,0,0x10F,STD,8,2026-01-28T18:51:34.923340,03 00 03 00 12 F3 AD 3C,03000300,0.000000
8892,0,0x110,STD,8,2026-01-28T18:51:34.947345,03 00 03 00 B3 6E 1C 48,03000300,0.000000
8893,0,0x10F,STD,8,2026-01-28T18:51:35.004358,03 00 03 00 7C F5 AC 3C,03000300,0.000000
8894,0,0x110,STD,8,2026-01-28T18:51:35.028364,03 00 03 00 D2 E4 FA 47,03000300,0.000000
8895,0,0x10F,STD,8,2026-01-28T18:51:35.074374,03 00 03 00 12 E6 E2 3B,03000300,0.000000
8896,0,0x110,STD,8,2026-01-28T18:51:35.109382,03 00 03 00 43 31 DF 47,03000300,0.000000
8897,0,0x10F,STD,8,2026-01-28T18:51:35.154900,03 00 03 00 88 6A 61 3C,03000300,0.000000
8898,0,0x10F,STD,8,2026-01-28T18:51:35.167903,03 00 02 00 74 79 2B 41,03000200,0.000000
8899,0,0x110,STD,8,2026-01-28T18:51:35.167903,03 00 02 00 74 79 2B 41,03000200,0.000000
8900,0,0x10F,STD,8,2026-01-28T18:51:35.167903,03 00 02 00 E0 8F 33 41,03000200,0.000000
8901,0,0x110,STD,8,2026-01-28T18:51:35.167903,03 00 02 00 E0 8F 33 41,03000200,0.000000
8902,0,0x110,STD,8,2026-01-28T18:51:35.180906,03 00 03 00 33 E4 18 48,03000300,0.000000
8903,0,0x10F,STD,8,2026-01-28T18:51:35.237919,03 00 03 00 74 58 49 3C,03000300,0.000000
8904,0,0x110,STD,8,2026-01-28T18:51:35.261924,03 00 03 00 A0 D1 00 48,03000300,0.000000
8905,0,0x10F,STD,8,2026-01-28T18:51:35.318937,03 00 03 00 34 63 BB 3C,03000300,0.000000
8906,0,0x110,STD,8,2026-01-28T18:51:35.342943,03 00 03 00 70 D5 DA 47,03000300,0.000000
8907,0,0x10F,STD,8,2026-01-28T18:51:35.399955,03 00 03 00 E5 CE 65 3C,03000300,0.000000
8908,0,0x110,STD,8,2026-01-28T18:51:35.423961,03 00 03 00 F8 4A 00 48,03000300,0.000000
8909,0,0x10F,STD,8,2026-01-28T18:51:35.480974,03 00 03 00 FF B6 19 3C,03000300,0.000000
8910,0,0x110,STD,8,2026-01-28T18:51:35.504979,03 00 03 00 14 AC 96 47,03000300,0.000000
8911,0,0x10F,STD,8,2026-01-28T18:51:35.561992,03 00 03 00 F1 0E 49 3C,03000300,0.000000
8912,0,0x110,STD,8,2026-01-28T18:51:35.585997,03 00 03 00 62 DC CA 46,03000300,0.000000
8913,0,0x10F,STD,8,2026-01-28T18:51:35.643010,03 00 03 00 38 E6 BA 3C,03000300,0.000000
8914,0,0x110,STD,8,2026-01-28T18:51:35.667016,03 00 03 00 7B 54 80 47,03000300,0.000000
8915,0,0x10F,STD,8,2026-01-28T18:51:35.712531,03 00 03 00 51 71 8B 3C,03000300,0.000000
8916,0,0x110,STD,8,2026-01-28T18:51:35.735812,03 00 03 00 1C 31 4E 47,03000300,0.000000
8917,0,0x10F,STD,8,2026-01-28T18:51:35.803331,03 00 03 00 1E 41 5C 3C,03000300,0.000000
8918,0,0x110,STD,8,2026-01-28T18:51:35.827337,03 00 03 00 04 92 2A 47,03000300,0.000000
8919,0,0x10F,STD,8,2026-01-28T18:51:35.873347,03 00 03 00 08 9C A9 3C,03000300,0.000000
8920,0,0x110,STD,8,2026-01-28T18:51:35.897354,03 00 03 00 78 96 44 47,03000300,0.000000
8921,0,0x10F,STD,8,2026-01-28T18:51:35.954367,03 00 03 00 46 00 2B 3C,03000300,0.000000
8922,0,0x110,STD,8,2026-01-28T18:51:35.978372,03 00 03 00 EF 7E BF 47,03000300,0.000000
8923,0,0x10F,STD,8,2026-01-28T18:51:36.035384,03 00 03 00 7E 75 3C 3C,03000300,0.000000
8924,0,0x110,STD,8,2026-01-28T18:51:36.058892,03 00 03 00 3C 5B 11 48,03000300,0.000000
8925,0,0x10F,STD,8,2026-01-28T18:51:36.109904,03 00 03 00 A0 66 76 3C,03000300,0.000000
8926,0,0x110,STD,8,2026-01-28T18:51:36.144417,03 00 03 00 65 F0 D9 47,03000300,0.000000
8927,0,0x10F,STD,8,2026-01-28T18:51:36.190428,03 00 03 00 AB 8D 61 3C,03000300,0.000000
8928,0,0x110,STD,8,2026-01-28T18:51:36.214026,03 00 03 00 55 54 1C 48,03000300,0.000000
8929,0,0x10F,STD,8,2026-01-28T18:51:36.260037,03 00 01 00 00 00 00 00,03000100,0.000000
8930,0,0x110,STD,8,2026-01-28T18:51:36.260037,03 00 01 00 00 00 00 00,03000100,0.000000
8931,0,0x110,STD,8,2026-01-28T18:51:36.260037,03 00 01 00 00 00 00 00,03000100,0.000000
8932,0,0x10F,STD,8,2026-01-28T18:51:36.260037,03 00 02 00 F8 4D 40 41,03000200,0.000000
8933,0,0x10F,STD,8,2026-01-28T18:51:36.272278,03 00 03 00 E6 48 A0 3B,03000300,0.000000
8934,0,0x110,STD,8,2026-01-28T18:51:36.296284,03 00 03 00 E6 F5 3D 48,03000300,0.000000
8935,0,0x10F,STD,8,2026-01-28T18:51:36.367830,03 00 03 00 B9 16 6A 3B,03000300,0.000000
8936,0,0x110,STD,8,2026-01-28T18:51:36.381832,03 00 03 00 2C 1D 09 48,03000300,0.000000
8937,0,0x10F,STD,8,2026-01-28T18:51:36.437274,03 00 03 00 52 50 5C 3C,03000300,0.000000
8938,0,0x110,STD,8,2026-01-28T18:51:36.461279,03 00 03 00 19 B3 2F 48,03000300,0.000000
8939,0,0x10F,STD,8,2026-01-28T18:51:36.518024,03 00 03 00 30 E5 52 3C,03000300,0.000000
8940,0,0x110,STD,8,2026-01-28T18:51:36.541311,03 00 03 00 10 7F 35 48,03000300,0.000000
8941,0,0x10F,STD,8,2026-01-28T18:51:36.598323,03 00 03 00 7B 87 2B 3C,03000300,0.000000
8942,0,0x110,STD,8,2026-01-28T18:51:36.622329,03 00 03 00 70 2A 9F 47,03000300,0.000000
8943,0,0x10F,STD,8,2026-01-28T18:51:36.667864,03 00 03 00 A7 FD 39 3C,03000300,0.000000
8944,0,0x110,STD,8,2026-01-28T18:51:36.691870,03 00 03 00 86 5E A2 47,03000300,0.000000
8945,0,0x10F,STD,8,2026-01-28T18:51:36.748882,03 00 03 00 74 31 4C 3C,03000300,0.000000
8946,0,0x110,STD,8,2026-01-28T18:51:36.783686,03 00 03 00 BA BD 47 47,03000300,0.000000
8947,0,0x10F,STD,8,2026-01-28T18:51:36.829695,03 00 03 00 23 95 77 3C,03000300,0.000000
8948,0,0x110,STD,8,2026-01-28T18:51:36.853701,03 00 03 00 78 98 1B 47,03000300,0.000000
8949,0,0x10F,STD,8,2026-01-28T18:51:36.910264,03 00 03 00 62 D8 AE 3C,03000300,0.000000
8950,0,0x110,STD,8,2026-01-28T18:51:36.934269,03 00 03 00 98 69 8F 47,03000300,0.000000
8951,0,0x10F,STD,8,2026-01-28T18:51:36.996994,03 00 03 00 79 50 94 3C,03000300,0.000000
8952,0,0x110,STD,8,2026-01-28T18:51:37.020502,03 00 03 00 68 16 1D 47,03000300,0.000000
8953,0,0x10F,STD,8,2026-01-28T18:51:37.066513,03 00 03 00 44 82 95 3C,03000300,0.000000
8954,0,0x110,STD,8,2026-01-28T18:51:37.101521,03 00 03 00 F2 29 C8 47,03000300,0.000000
8955,0,0x10F,STD,8,2026-01-28T18:51:37.147531,03 00 03 00 E3 62 AF 3C,03000300,0.000000
8956,0,0x110,STD,8,2026-01-28T18:51:37.171536,03 00 03 00 35 56 B9 47,03000300,0.000000
8957,0,0x10F,STD,8,2026-01-28T18:51:37.228549,03 00 03 00 52 7A FC 3B,03000300,0.000000
8958,0,0x110,STD,8,2026-01-28T18:51:37.252555,03 00 03 00 26 65 8A 47,03000300,0.000000
8959,0,0x10F,STD,8,2026-01-28T18:51:37.309568,03 00 03 00 AE 3A AE 3C,03000300,0.000000
8960,0,0x110,STD,8,2026-01-28T18:51:37.333573,03 00 03 00 23 8D 0B 48,03000300,0.000000
8961,0,0x110,STD,8,2026-01-28T18:51:37.345962,03 00 02 00 F8 4D 40 41,03000200,0.000000
8962,0,0x10F,STD,8,2026-01-28T18:51:37.345962,03 00 01 00 00 00 00 00,03000100,0.000000
8963,0,0x10F,STD,8,2026-01-28T18:51:37.347962,03 00 02 00 5F C6 2B 41,03000200,0.000000
8964,0,0x110,STD,8,2026-01-28T18:51:37.347962,03 00 02 00 5F C6 2B 41,03000200,0.000000
8965,0,0x10F,STD,8,2026-01-28T18:51:37.393973,03 00 03 00 AA D0 A1 3C,03000300,0.000000
8966,0,0x110,STD,8,2026-01-28T18:51:37.417979,03 00 03 00 CA FD FF 47,03000300,0.000000
8967,0,0x10F,STD,8,2026-01-28T18:51:37.474991,03 00 03 00 71 82 CE 3B,03000300,0.000000
8968,0,0x110,STD,8,2026-01-28T18:51:37.498997,03 00 03 00 D9 BC B8 47,03000300,0.000000
8969,0,0x10F,STD,8,2026-01-28T18:51:37.556009,03 00 03 00 EC D5 F2 3B,03000300,0.000000
8970,0,0x110,STD,8,2026-01-28T18:51:37.569012,03 00 03 00 49 5A 12 47,03000300,0.000000
8971,0,0x10F,STD,8,2026-01-28T18:51:37.626025,03 00 03 00 1E 36 4D 3C,03000300,0.000000
8972,0,0x110,STD,8,2026-01-28T18:51:37.650031,03 00 03 00 70 C3 A3 47,03000300,0.000000
8973,0,0x10F,STD,8,2026-01-28T18:51:37.707044,03 00 03 00 C2 6C 98 3C,03000300,0.000000
8974,0,0x110,STD,8,2026-01-28T18:51:37.731049,03 00 03 00 F5 C9 99 47,03000300,0.000000
8975,0,0x10F,STD,8,2026-01-28T18:51:37.788062,03 00 03 00 98 BE 9A 3C,03000300,0.000000
8976,0,0x110,STD,8,2026-01-28T18:51:37.812067,03 00 03 00 94 A6 12 47,03000300,0.000000
8977,0,0x10F,STD,8,2026-01-28T18:51:37.869080,03 00 03 00 E8 04 76 3C,03000300,0.000000
8978,0,0x110,STD,8,2026-01-28T18:51:37.893086,03 00 03 00 F8 A9 8B 47,03000300,0.000000
8979,0,0x10F,STD,8,2026-01-28T18:51:37.950098,03 00 03 00 DA 53 58 3C,03000300,0.000000
8980,0,0x110,STD,8,2026-01-28T18:51:37.974104,03 00 03 00 E1 0D 23 48,03000300,0.000000
8981,0,0x10F,STD,8,2026-01-28T18:51:38.031116,03 00 03 00 40 B2 53 3C,03000300,0.000000
8982,0,0x110,STD,8,2026-01-28T18:51:38.054625,03 00 03 00 63 BB 17 48,03000300,0.000000
8983,0,0x10F,STD,8,2026-01-28T18:51:38.111638,03 00 03 00 6A 32 7B 3B,03000300,0.000000
8984,0,0x110,STD,8,2026-01-28T18:51:38.135643,03 00 03 00 21 13 2E 48,03000300,0.000000
8985,0,0x10F,STD,8,2026-01-28T18:51:38.191546,03 00 03 00 48 41 AC 3B,03000300,0.000000
8986,0,0x110,STD,8,2026-01-28T18:51:38.215551,03 00 03 00 AE E9 AF 47,03000300,0.000000
8987,0,0x10F,STD,8,2026-01-28T18:51:38.272564,03 00 03 00 92 AD D1 3B,03000300,0.000000
8988,0,0x110,STD,8,2026-01-28T18:51:38.296569,03 00 03 00 CC DB 15 48,03000300,0.000000
8989,0,0x10F,STD,8,2026-01-28T18:51:38.342580,03 00 03 00 44 9F 1B 3C,03000300,0.000000
8990,0,0x110,STD,8,2026-01-28T18:51:38.366585,03 00 03 00 DF 04 74 48,03000300,0.000000
8991,0,0x10F,STD,8,2026-01-28T18:51:38.424598,03 00 03 00 42 F5 B4 3C,03000300,0.000000
8992,0,0x10F,STD,8,2026-01-28T18:51:38.437601,03 00 01 00 00 00 00 00,03000100,0.000000
8993,0,0x110,STD,8,2026-01-28T18:51:38.437601,03 00 01 00 00 00 00 00,03000100,0.000000
8994,0,0x110,STD,8,2026-01-28T18:51:38.439601,03 00 01 00 00 00 00 00,03000100,0.000000
8995,0,0x10F,STD,8,2026-01-28T18:51:38.439601,03 00 02 00 7A 34 25 41,03000200,0.000000
8996,0,0x110,STD,8,2026-01-28T18:51:38.452604,03 00 03 00 CF BA B1 47,03000300,0.000000
8997,0,0x10F,STD,8,2026-01-28T18:51:38.509617,03 00 03 00 BE D5 52 3C,03000300,0.000000
8998,0,0x110,STD,8,2026-01-28T18:51:38.533623,03 00 03 00 9D 77 2D 48,03000300,0.000000
8999,0,0x10F,STD,8,2026-01-28T18:51:38.589765,03 00 03 00 B6 7C ED 3B,03000300,0.000000
9000,0,0x110,STD,8,2026-01-28T18:51:38.613770,03 00 03 00 BA 79 52 48,03000300,0.000000
9001,0,0x10F,STD,8,2026-01-28T18:51:38.670287,03 00 03 00 74 1D 0B 3B,03000300,0.000000
9002,0,0x110,STD,8,2026-01-28T18:51:38.694292,03 00 03 00 E4 FF F7 47,03000300,0.000000
9003,0,0x10F,STD,8,2026-01-28T18:51:38.751305,03 00 03 00 A2 4E 4E 3C,03000300,0.000000
9004,0,0x110,STD,8,2026-01-28T18:51:38.774837,03 00 03 00 11 3E 89 48,03000300,0.000000
9005,0,0x10F,STD,8,2026-01-28T18:51:38.831384,03 00 03 00 78 16 98 3C,03000300,0.000000
9006,0,0x110,STD,8,2026-01-28T18:51:38.855391,03 00 03 00 2A CF 25 48,03000300,0.000000
9007,0,0x10F,STD,8,2026-01-28T18:51:38.901202,03 00 03 00 9E 64 71 3C,03000300,0.000000
9008,0,0x110,STD,8,2026-01-28T18:51:38.925207,03 00 03 00 19 00 1A 48,03000300,0.000000
9009,0,0x10F,STD,8,2026-01-28T18:51:38.982320,03 00 03 00 E3 53 C8 3C,03000300,0.000000
9010,0,0x110,STD,8,2026-01-28T18:51:39.006327,03 00 03 00 0F DC E4 47,03000300,0.000000
9011,0,0x10F,STD,8,2026-01-28T18:51:39.063253,03 00 03 00 E9 D1 9A 3C,03000300,0.000000
9012,0,0x110,STD,8,2026-01-28T18:51:39.086751,03 00 03 00 87 D1 B7 47,03000300,0.000000
9013,0,0x10F,STD,8,2026-01-28T18:51:39.143203,03 00 03 00 23 73 4A 3C,03000300,0.000000
9014,0,0x110,STD,8,2026-01-28T18:51:39.167208,03 00 03 00 04 34 9F 47,03000300,0.000000
9015,0,0x10F,STD,8,2026-01-28T18:51:39.223644,03 00 03 00 49 B6 E3 3C,03000300,0.000000
9016,0,0x110,STD,8,2026-01-28T18:51:39.247650,03 00 03 00 A2 53 7A 47,03000300,0.000000
9017,0,0x10F,STD,8,2026-01-28T18:51:39.304662,03 00 03 00 81 83 87 3C,03000300,0.000000
9018,0,0x110,STD,8,2026-01-28T18:51:39.328668,03 00 03 00 BC 1F 5C 47,03000300,0.000000
9019,0,0x10F,STD,8,2026-01-28T18:51:39.385428,03 00 03 00 40 A9 84 3C,03000300,0.000000
9020,0,0x110,STD,8,2026-01-28T18:51:39.409433,03 00 03 00 C9 67 9F 46,03000300,0.000000
9021,0,0x10F,STD,8,2026-01-28T18:51:39.466446,03 00 03 00 6E 66 9A 3C,03000300,0.000000
9022,0,0x110,STD,8,2026-01-28T18:51:39.490451,03 00 03 00 BB ED 7B 47,03000300,0.000000
9023,0,0x110,STD,8,2026-01-28T18:51:39.514457,03 00 02 00 7A 34 25 41,03000200,0.000000
9024,0,0x10F,STD,8,2026-01-28T18:51:39.516457,03 00 01 00 00 00 00 00,03000100,0.000000
9025,0,0x10F,STD,8,2026-01-28T18:51:39.516457,03 00 02 00 B4 2A 43 41,03000200,0.000000
9026,0,0x110,STD,8,2026-01-28T18:51:39.516457,03 00 02 00 B4 2A 43 41,03000200,0.000000
9027,0,0x10F,STD,8,2026-01-28T18:51:39.540463,03 00 03 00 8B E1 B2 3C,03000300,0.000000
9028,0,0x110,STD,8,2026-01-28T18:51:39.564468,03 00 03 00 81 9D 22 48,03000300,0.000000
9029,0,0x10F,STD,8,2026-01-28T18:51:39.621481,03 00 03 00 0E 74 0D 3D,03000300,0.000000
9030,0,0x110,STD,8,2026-01-28T18:51:39.645486,03 00 03 00 CC FB 3F 48,03000300,0.000000
9031,0,0x10F,STD,8,2026-01-28T18:51:39.702499,03 00 03 00 5E 16 29 3C,03000300,0.000000
9032,0,0x110,STD,8,2026-01-28T18:51:39.726504,03 00 03 00 1A C2 E3 47,03000300,0.000000
9033,0,0x10F,STD,8,2026-01-28T18:51:39.783517,03 00 03 00 03 95 A5 3C,03000300,0.000000
9034,0,0x110,STD,8,2026-01-28T18:51:39.807523,03 00 03 00 AF 96 81 48,03000300,0.000000
9035,0,0x10F,STD,8,2026-01-28T18:51:39.864536,03 00 03 00 35 18 65 3C,03000300,0.000000
9036,0,0x110,STD,8,2026-01-28T18:51:39.888541,03 00 03 00 98 BC 4C 48,03000300,0.000000
9037,0,0x10F,STD,8,2026-01-28T18:51:39.945554,03 00 03 00 B9 2C 8F 3C,03000300,0.000000
9038,0,0x110,STD,8,2026-01-28T18:51:39.974560,03 00 03 00 87 1A 07 48,03000300,0.000000
9039,0,0x10F,STD,8,2026-01-28T18:51:40.020571,03 00 03 00 C1 6D 9A 3C,03000300,0.000000
9040,0,0x110,STD,8,2026-01-28T18:51:40.044576,03 00 03 00 48 85 37 48,03000300,0.000000
9041,0,0x10F,STD,8,2026-01-28T18:51:40.101589,03 00 03 00 77 47 97 3C,03000300,0.000000
9042,0,0x110,STD,8,2026-01-28T18:51:40.125594,03 00 03 00 61 A5 C5 47,03000300,0.000000
9043,0,0x10F,STD,8,2026-01-28T18:51:40.182607,03 00 03 00 5E 43 1A 3C,03000300,0.000000
9044,0,0x110,STD,8,2026-01-28T18:51:40.206613,03 00 03 00 1F CA CF 47,03000300,0.000000
9045,0,0x10F,STD,8,2026-01-28T18:51:40.263625,03 00 03 00 35 0D BA 3C,03000300,0.000000
9046,0,0x110,STD,8,2026-01-28T18:51:40.287631,03 00 03 00 FE 3C EB 47,03000300,0.000000
9047,0,0x10F,STD,8,2026-01-28T18:51:40.344644,03 00 03 00 71 CD 74 3C,03000300,0.000000
9048,0,0x110,STD,8,2026-01-28T18:51:40.376651,03 00 03 00 0D 16 7C 47,03000300,0.000000
9049,0,0x10F,STD,8,2026-01-28T18:51:40.422661,03 00 03 00 D4 49 30 3C,03000300,0.000000
9050,0,0x110,STD,8,2026-01-28T18:51:40.446667,03 00 03 00 EE B4 0A 48,03000300,0.000000
9051,0,0x10F,STD,8,2026-01-28T18:51:40.503680,03 00 03 00 62 52 17 3C,03000300,0.000000
9052,0,0x110,STD,8,2026-01-28T18:51:40.527685,03 00 03 00 85 48 B6 47,03000300,0.000000
9053,0,0x10F,STD,8,2026-01-28T18:51:40.584698,03 00 03 00 9A AC CE 3C,03000300,0.000000
9054,0,0x110,STD,8,2026-01-28T18:51:40.608703,03 00 03 00 6A B1 D8 47,03000300,0.000000
9055,0,0x10F,STD,8,2026-01-28T18:51:40.608703,03 00 01 00 00 00 00 00,03000100,0.000000
9056,0,0x110,STD,8,2026-01-28T18:51:40.608703,03 00 01 00 00 00 00 00,03000100,0.000000
9057,0,0x10F,STD,8,2026-01-28T18:51:40.608703,03 00 01 00 00 00 00 00,03000100,0.000000
9058,0,0x110,STD,8,2026-01-28T18:51:40.608703,03 00 01 00 00 00 00 00,03000100,0.000000
9059,0,0x10F,STD,8,2026-01-28T18:51:40.654714,03 00 03 00 A4 52 09 3D,03000300,0.000000
9060,0,0x110,STD,8,2026-01-28T18:51:40.678719,03 00 03 00 7F 17 09 48,03000300,0.000000
9061,0,0x10F,STD,8,2026-01-28T18:51:40.735732,03 00 03 00 78 09 11 3D,03000300,0.000000
9062,0,0x110,STD,8,2026-01-28T18:51:40.759737,03 00 03 00 FB 58 0C 48,03000300,0.000000
9063,0,0x10F,STD,8,2026-01-28T18:51:40.816750,03 00 03 00 C1 81 32 3D,03000300,0.000000
9064,0,0x110,STD,8,2026-01-28T18:51:40.840755,03 00 03 00 7E 62 A8 48,03000300,0.000000
9065,0,0x10F,STD,8,2026-01-28T18:51:40.897768,03 00 03 00 E9 9A 00 3D,03000300,0.000000
9066,0,0x110,STD,8,2026-01-28T18:51:40.921774,03 00 03 00 94 73 6E 48,03000300,0.000000
9067,0,0x10F,STD,8,2026-01-28T18:51:40.978290,03 00 03 00 9D 08 03 3D,03000300,0.000000
9068,0,0x110,STD,8,2026-01-28T18:51:41.002296,03 00 03 00 F3 40 6B 48,03000300,0.000000
9069,0,0x10F,STD,8,2026-01-28T18:51:41.059309,03 00 03 00 05 2C E5 3C,03000300,0.000000
9070,0,0x110,STD,8,2026-01-28T18:51:41.082841,03 00 03 00 DB 2E 25 48,03000300,0.000000
9071,0,0x10F,STD,8,2026-01-28T18:51:41.139855,03 00 03 00 30 D9 00 3D,03000300,0.000000
9072,0,0x110,STD,8,2026-01-28T18:51:41.163861,03 00 03 00 FC 82 ED 46,03000300,0.000000
9073,0,0x10F,STD,8,2026-01-28T18:51:41.220874,03 00 03 00 77 4E B6 3C,03000300,0.000000
9074,0,0x110,STD,8,2026-01-28T18:51:41.244879,03 00 03 00 DA F9 BF 46,03000300,0.000000
9075,0,0x10F,STD,8,2026-01-28T18:51:41.301892,03 00 03 00 8A DB 90 3C,03000300,0.000000
9076,0,0x110,STD,8,2026-01-28T18:51:41.325897,03 00 03 00 9D 52 31 47,03000300,0.000000
9077,0,0x10F,STD,8,2026-01-28T18:51:41.371908,03 00 03 00 EB 6D A3 3C,03000300,0.000000
9078,0,0x110,STD,8,2026-01-28T18:51:41.406559,03 00 03 00 FB 8A C3 47,03000300,0.000000
9079,0,0x10F,STD,8,2026-01-28T18:51:41.462168,03 00 03 00 B0 78 F4 3B,03000300,0.000000
9080,0,0x110,STD,8,2026-01-28T18:51:41.486173,03 00 03 00 F4 38 93 47,03000300,0.000000
9081,0,0x10F,STD,8,2026-01-28T18:51:41.532183,03 00 03 00 02 40 62 3C,03000300,0.000000
9082,0,0x110,STD,8,2026-01-28T18:51:41.556189,03 00 03 00 C8 B2 81 47,03000300,0.000000
9083,0,0x10F,STD,8,2026-01-28T18:51:41.613119,03 00 03 00 A9 69 96 3C,03000300,0.000000
9084,0,0x110,STD,8,2026-01-28T18:51:41.637124,03 00 03 00 B3 3F 8A 47,03000300,0.000000
9085,0,0x10F,STD,8,2026-01-28T18:51:41.694137,03 00 03 00 43 ED 6B 3C,03000300,0.000000
9086,0,0x10F,STD,8,2026-01-28T18:51:41.694137,03 00 02 00 39 5D 2A 41,03000200,0.000000
9087,0,0x110,STD,8,2026-01-28T18:51:41.694137,03 00 02 00 39 5D 2A 41,03000200,0.000000
9088,0,0x110,STD,8,2026-01-28T18:51:41.694137,03 00 02 00 39 5D 2A 41,03000200,0.000000
9089,0,0x10F,STD,8,2026-01-28T18:51:41.694137,03 00 01 00 00 00 00 00,03000100,0.000000
9090,0,0x110,STD,8,2026-01-28T18:51:41.718142,03 00 03 00 8C EA 62 47,03000300,0.000000
9091,0,0x10F,STD,8,2026-01-28T18:51:41.775155,03 00 03 00 54 56 80 3C,03000300,0.000000
9092,0,0x110,STD,8,2026-01-28T18:51:41.799161,03 00 03 00 EF 50 85 47,03000300,0.000000
9093,0,0x10F,STD,8,2026-01-28T18:51:41.855627,03 00 03 00 BD FE D6 3C,03000300,0.000000
9094,0,0x110,STD,8,2026-01-28T18:51:41.879632,03 00 03 00 2A 67 3C 48,03000300,0.000000
9095,0,0x10F,STD,8,2026-01-28T18:51:41.936149,03 00 03 00 F5 0A 05 3C,03000300,0.000000
9096,0,0x110,STD,8,2026-01-28T18:51:41.959659,03 00 03 00 3F C2 14 48,03000300,0.000000
9097,0,0x10F,STD,8,2026-01-28T18:51:42.016240,03 00 03 00 58 94 A1 3C,03000300,0.000000
9098,0,0x110,STD,8,2026-01-28T18:51:42.040246,03 00 03 00 BF E3 DD 47,03000300,0.000000
9099,0,0x10F,STD,8,2026-01-28T18:51:42.097258,03 00 03 00 E6 F9 B7 3C,03000300,0.000000
9100,0,0x110,STD,8,2026-01-28T18:51:42.121264,03 00 03 00 C8 87 E0 47,03000300,0.000000
9101,0,0x10F,STD,8,2026-01-28T18:51:42.178277,03 00 03 00 5D F3 EE 3C,03000300,0.000000
9102,0,0x110,STD,8,2026-01-28T18:51:42.202282,03 00 03 00 38 46 BC 47,03000300,0.000000
9103,0,0x10F,STD,8,2026-01-28T18:51:42.259295,03 00 03 00 2A 17 B7 3C,03000300,0.000000
9104,0,0x110,STD,8,2026-01-28T18:51:42.283301,03 00 03 00 AC C9 CF 47,03000300,0.000000
9105,0,0x10F,STD,8,2026-01-28T18:51:42.328669,03 00 03 00 D1 11 18 3C,03000300,0.000000
9106,0,0x110,STD,8,2026-01-28T18:51:42.369678,03 00 03 00 5C 8A B2 47,03000300,0.000000
9107,0,0x10F,STD,8,2026-01-28T18:51:42.415688,03 00 03 00 82 80 C0 3B,03000300,0.000000
9108,0,0x110,STD,8,2026-01-28T18:51:42.439694,03 00 03 00 91 E3 54 47,03000300,0.000000
9109,0,0x10F,STD,8,2026-01-28T18:51:42.496210,03 00 03 00 10 D7 30 3C,03000300,0.000000
9110,0,0x110,STD,8,2026-01-28T18:51:42.520216,03 00 03 00 34 61 2C 47,03000300,0.000000
9111,0,0x10F,STD,8,2026-01-28T18:51:42.577228,03 00 03 00 94 B1 FB 3B,03000300,0.000000
9112,0,0x110,STD,8,2026-01-28T18:51:42.590231,03 00 03 00 E9 F8 39 47,03000300,0.000000
9113,0,0x10F,STD,8,2026-01-28T18:51:42.647244,03 00 03 00 40 59 66 3C,03000300,0.000000
9114,0,0x110,STD,8,2026-01-28T18:51:42.671250,03 00 03 00 BD D7 75 47,03000300,0.000000
9115,0,0x10F,STD,8,2026-01-28T18:51:42.728092,03 00 03 00 2A 74 65 3C,03000300,0.000000
9116,0,0x110,STD,8,2026-01-28T18:51:42.752097,03 00 03 00 E8 D0 C7 47,03000300,0.000000
9117,0,0x110,STD,8,2026-01-28T18:51:42.798108,03 00 01 00 00 00 00 00,03000100,0.000000
9118,0,0x10F,STD,8,2026-01-28T18:51:42.798108,03 00 02 00 39 5D 2A 41,03000200,0.000000
9119,0,0x10F,STD,8,2026-01-28T18:51:42.798108,03 00 02 00 EF 72 3F 41,03000200,0.000000
9120,0,0x110,STD,8,2026-01-28T18:51:42.798108,03 00 02 00 EF 72 3F 41,03000200,0.000000
9121,0,0x10F,STD,8,2026-01-28T18:51:42.811111,03 00 03 00 6D 9B C7 3C,03000300,0.000000
9122,0,0x110,STD,8,2026-01-28T18:51:42.835117,03 00 03 00 80 E8 6E 47,03000300,0.000000
9123,0,0x10F,STD,8,2026-01-28T18:51:42.892129,03 00 03 00 F8 33 89 3C,03000300,0.000000
9124,0,0x110,STD,8,2026-01-28T18:51:42.916134,03 00 03 00 85 88 A3 47,03000300,0.000000
9125,0,0x10F,STD,8,2026-01-28T18:51:42.982149,03 00 03 00 1B D9 08 3D,03000300,0.000000
9126,0,0x110,STD,8,2026-01-28T18:51:42.996152,03 00 03 00 89 BF A3 47,03000300,0.000000
9127,0,0x10F,STD,8,2026-01-28T18:51:43.053165,03 00 03 00 43 2F 9D 3C,03000300,0.000000
9128,0,0x110,STD,8,2026-01-28T18:51:43.077171,03 00 03 00 48 A7 23 48,03000300,0.000000
9129,0,0x10F,STD,8,2026-01-28T18:51:43.134184,03 00 03 00 96 90 FC 3B,03000300,0.000000
9130,0,0x110,STD,8,2026-01-28T18:51:43.158189,03 00 03 00 D5 B6 7E 48,03000300,0.000000
9131,0,0x10F,STD,8,2026-01-28T18:51:43.204199,03 00 03 00 8D 01 79 3C,03000300,0.000000
9132,0,0x110,STD,8,2026-01-28T18:51:43.228205,03 00 03 00 41 11 1D 48,03000300,0.000000
9133,0,0x10F,STD,8,2026-01-28T18:51:43.285063,03 00 03 00 04 17 FB 3B,03000300,0.000000
9134,0,0x110,STD,8,2026-01-28T18:51:43.309070,03 00 03 00 52 DC AE 47,03000300,0.000000
9135,0,0x10F,STD,8,2026-01-28T18:51:43.366084,03 00 03 00 7B 4B BC 3B,03000300,0.000000
9136,0,0x110,STD,8,2026-01-28T18:51:43.390088,03 00 03 00 9E 97 D7 47,03000300,0.000000
9137,0,0x10F,STD,8,2026-01-28T18:51:43.447102,03 00 03 00 46 E0 9A 3C,03000300,0.000000
9138,0,0x110,STD,8,2026-01-28T18:51:43.471107,03 00 03 00 68 2B 31 48,03000300,0.000000
9139,0,0x10F,STD,8,2026-01-28T18:51:43.527605,03 00 03 00 A8 50 A5 3C,03000300,0.000000
9140,0,0x110,STD,8,2026-01-28T18:51:43.551611,03 00 03 00 29 9B 40 48,03000300,0.000000
9141,0,0x10F,STD,8,2026-01-28T18:51:43.608624,03 00 03 00 F4 2D E2 3B,03000300,0.000000
9142,0,0x110,STD,8,2026-01-28T18:51:43.632088,03 00 03 00 A9 B8 62 48,03000300,0.000000
9143,0,0x10F,STD,8,2026-01-28T18:51:43.689083,03 00 03 00 BC 5E 42 3C,03000300,0.000000
9144,0,0x110,STD,8,2026-01-28T18:51:43.712063,03 00 03 00 8B 2D 64 48,03000300,0.000000
9145,0,0x10F,STD,8,2026-01-28T18:51:43.768185,03 00 03 00 5A 68 BC 3C,03000300,0.000000
9146,0,0x110,STD,8,2026-01-28T18:51:43.791567,03 00 03 00 AA F0 14 48,03000300,0.000000
9147,0,0x10F,STD,8,2026-01-28T18:51:43.848580,03 00 03 00 B3 0C 9A 3C,03000300,0.000000
9148,0,0x110,STD,8,2026-01-28T18:51:43.872585,03 00 03 00 63 80 86 47,03000300,0.000000
9149,0,0x10F,STD,8,2026-01-28T18:51:43.872585,03 00 01 00 00 00 00 00,03000100,0.000000
9150,0,0x110,STD,8,2026-01-28T18:51:43.872585,03 00 01 00 00 00 00 00,03000100,0.000000
9151,0,0x10F,STD,8,2026-01-28T18:51:43.872585,03 00 02 00 EF 72 3F 41,03000200,0.000000
9152,0,0x110,STD,8,2026-01-28T18:51:43.872585,03 00 02 00 EF 72 3F 41,03000200,0.000000
9153,0,0x10F,STD,8,2026-01-28T18:51:43.929129,03 00 03 00 8A F5 C1 3C,03000300,0.000000
9154,0,0x110,STD,8,2026-01-28T18:51:43.953134,03 00 03 00 4C EE F3 47,03000300,0.000000
9155,0,0x10F,STD,8,2026-01-28T18:51:44.010146,03 00 03 00 5E FB 60 3C,03000300,0.000000
9156,0,0x110,STD,8,2026-01-28T18:51:44.034152,03 00 03 00 63 F6 FB 47,03000300,0.000000
9157,0,0x10F,STD,8,2026-01-28T18:51:44.090471,03 00 03 00 CE FF 33 3C,03000300,0.000000
9158,0,0x110,STD,8,2026-01-28T18:51:44.114476,03 00 03 00 2A 18 DF 47,03000300,0.000000
9159,0,0x10F,STD,8,2026-01-28T18:51:44.170993,03 00 03 00 D8 62 86 3C,03000300,0.000000
9160,0,0x110,STD,8,2026-01-28T18:51:44.194998,03 00 03 00 67 6F 32 48,03000300,0.000000
9161,0,0x10F,STD,8,2026-01-28T18:51:44.241009,03 00 03 00 C5 04 07 3C,03000300,0.000000
9162,0,0x110,STD,8,2026-01-28T18:51:44.265014,03 00 03 00 9A 9A 87 47,03000300,0.000000
9163,0,0x10F,STD,8,2026-01-28T18:51:44.322027,03 00 03 00 7E 77 C4 3C,03000300,0.000000
9164,0,0x110,STD,8,2026-01-28T18:51:44.346032,03 00 03 00 AC CF CE 47,03000300,0.000000
9165,0,0x10F,STD,8,2026-01-28T18:51:44.400044,03 00 03 00 05 2B 74 3C,03000300,0.000000
9166,0,0x110,STD,8,2026-01-28T18:51:44.434457,03 00 03 00 3B 4F 9B 47,03000300,0.000000
9167,0,0x10F,STD,8,2026-01-28T18:51:44.491470,03 00 03 00 A4 AA 4C 3C,03000300,0.000000
9168,0,0x110,STD,8,2026-01-28T18:51:44.504473,03 00 03 00 10 F2 F8 46,03000300,0.000000
9169,0,0x10F,STD,8,2026-01-28T18:51:44.561486,03 00 03 00 A6 90 B1 3C,03000300,0.000000
9170,0,0x110,STD,8,2026-01-28T18:51:44.585491,03 00 03 00 32 E5 A2 47,03000300,0.000000
9171,0,0x10F,STD,8,2026-01-28T18:51:44.642504,03 00 03 00 5B A7 9D 3C,03000300,0.000000
9172,0,0x110,STD,8,2026-01-28T18:51:44.666509,03 00 03 00 E6 7A 0F 48,03000300,0.000000
9173,0,0x10F,STD,8,2026-01-28T18:51:44.723522,03 00 03 00 1A F2 52 3C,03000300,0.000000
9174,0,0x110,STD,8,2026-01-28T18:51:44.747030,03 00 03 00 22 2B CE 47,03000300,0.000000
9175,0,0x10F,STD,8,2026-01-28T18:51:44.803522,03 00 03 00 20 E1 CC 3C,03000300,0.000000
9176,0,0x110,STD,8,2026-01-28T18:51:44.827527,03 00 03 00 54 C7 C9 47,03000300,0.000000
9177,0,0x10F,STD,8,2026-01-28T18:51:44.884540,03 00 03 00 B3 78 FE 3C,03000300,0.000000
9178,0,0x110,STD,8,2026-01-28T18:51:44.908545,03 00 03 00 98 87 BE 47,03000300,0.000000
9179,0,0x10F,STD,8,2026-01-28T18:51:44.965558,03 00 03 00 C1 E5 7E 3C,03000300,0.000000
9180,0,0x10F,STD,8,2026-01-28T18:51:44.967558,03 00 01 00 00 00 00 00,03000100,0.000000
9181,0,0x110,STD,8,2026-01-28T18:51:44.967558,03 00 01 00 00 00 00 00,03000100,0.000000
9182,0,0x10F,STD,8,2026-01-28T18:51:44.969559,03 00 02 00 51 B1 34 41,03000200,0.000000
9183,0,0x110,STD,8,2026-01-28T18:51:44.969559,03 00 02 00 51 B1 34 41,03000200,0.000000
9184,0,0x110,STD,8,2026-01-28T18:51:44.982561,03 00 03 00 C4 04 67 47,03000300,0.000000
9185,0,0x10F,STD,8,2026-01-28T18:51:45.039575,03 00 03 00 AD AD 9E 3C,03000300,0.000000
9186,0,0x110,STD,8,2026-01-28T18:51:45.063081,03 00 03 00 5E 4B F9 47,03000300,0.000000
9187,0,0x10F,STD,8,2026-01-28T18:51:45.120094,03 00 03 00 D8 8F 75 3C,03000300,0.000000
9188,0,0x110,STD,8,2026-01-28T18:51:45.144100,03 00 03 00 B1 1F 8D 47,03000300,0.000000
9189,0,0x10F,STD,8,2026-01-28T18:51:45.201112,03 00 03 00 04 21 C5 3B,03000300,0.000000
9190,0,0x110,STD,8,2026-01-28T18:51:45.225118,03 00 03 00 29 63 E2 47,03000300,0.000000
9191,0,0x10F,STD,8,2026-01-28T18:51:45.282131,03 00 03 00 48 DB 3C 3C,03000300,0.000000
9192,0,0x110,STD,8,2026-01-28T18:51:45.306136,03 00 03 00 68 B9 D9 47,03000300,0.000000
9193,0,0x10F,STD,8,2026-01-28T18:51:45.363149,03 00 03 00 E7 56 24 3C,03000300,0.000000
9194,0,0x110,STD,8,2026-01-28T18:51:45.386999,03 00 03 00 CE 70 57 47,03000300,0.000000
9195,0,0x10F,STD,8,2026-01-28T18:51:45.444013,03 00 03 00 1F B2 56 3C,03000300,0.000000
9196,0,0x110,STD,8,2026-01-28T18:51:45.468018,03 00 03 00 D8 30 D5 47,03000300,0.000000
9197,0,0x10F,STD,8,2026-01-28T18:51:45.524535,03 00 03 00 31 3D A7 3C,03000300,0.000000
9198,0,0x110,STD,8,2026-01-28T18:51:45.548541,03 00 03 00 BC A9 DD 47,03000300,0.000000
9199,0,0x10F,STD,8,2026-01-28T18:51:45.605553,03 00 03 00 D3 2A 55 3C,03000300,0.000000
9200,0,0x110,STD,8,2026-01-28T18:51:45.629559,03 00 03 00 F2 79 CC 47,03000300,0.000000
9201,0,0x10F,STD,8,2026-01-28T18:51:45.675569,03 00 03 00 82 AB DC 3B,03000300,0.000000
9202,0,0x110,STD,8,2026-01-28T18:51:45.699575,03 00 03 00 29 8F 87 48,03000300,0.000000
9203,0,0x10F,STD,8,2026-01-28T18:51:45.766929,03 00 03 00 54 A2 19 3C,03000300,0.000000
9204,0,0x110,STD,8,2026-01-28T18:51:45.779932,03 00 03 00 C7 16 F9 47,03000300,0.000000
9205,0,0x10F,STD,8,2026-01-28T18:51:45.836944,03 00 03 00 36 F9 FA 3B,03000300,0.000000
9206,0,0x110,STD,8,2026-01-28T18:51:45.860950,03 00 03 00 7D 32 4A 48,03000300,0.000000
9207,0,0x10F,STD,8,2026-01-28T18:51:45.917963,03 00 03 00 1B EA 89 3C,03000300,0.000000
9208,0,0x110,STD,8,2026-01-28T18:51:45.941968,03 00 03 00 D1 51 1F 48,03000300,0.000000
9209,0,0x10F,STD,8,2026-01-28T18:51:46.002982,03 00 03 00 D9 84 05 3C,03000300,0.000000
9210,0,0x110,STD,8,2026-01-28T18:51:46.026987,03 00 03 00 7F 5A CA 47,03000300,0.000000
9211,0,0x10F,STD,8,2026-01-28T18:51:46.066997,03 00 01 00 00 00 00 00,03000100,0.000000
9212,0,0x110,STD,8,2026-01-28T18:51:46.067997,03 00 01 00 00 00 00 00,03000100,0.000000
9213,0,0x10F,STD,8,2026-01-28T18:51:46.067997,03 00 02 00 08 54 2D 41,03000200,0.000000
9214,0,0x110,STD,8,2026-01-28T18:51:46.067997,03 00 02 00 08 54 2D 41,03000200,0.000000
9215,0,0x10F,STD,8,2026-01-28T18:51:46.081000,03 00 03 00 29 D3 20 3C,03000300,0.000000
9216,0,0x110,STD,8,2026-01-28T18:51:46.105005,03 00 03 00 69 57 7E 47,03000300,0.000000
9217,0,0x10F,STD,8,2026-01-28T18:51:46.161293,03 00 03 00 DD 6B 46 3C,03000300,0.000000
9218,0,0x110,STD,8,2026-01-28T18:51:46.185298,03 00 03 00 64 0B 03 47,03000300,0.000000
9219,0,0x10F,STD,8,2026-01-28T18:51:46.241980,03 00 03 00 37 1D C8 3C,03000300,0.000000
9220,0,0x110,STD,8,2026-01-28T18:51:46.265987,03 00 03 00 25 4F 72 47,03000300,0.000000
9221,0,0x10F,STD,8,2026-01-28T18:51:46.322418,03 00 03 00 91 15 71 3C,03000300,0.000000
9222,0,0x110,STD,8,2026-01-28T18:51:46.367428,03 00 03 00 46 37 05 48,03000300,0.000000
9223,0,0x10F,STD,8,2026-01-28T18:51:46.402674,03 00 03 00 96 E9 E7 3B,03000300,0.000000
9224,0,0x110,STD,8,2026-01-28T18:51:46.426019,03 00 03 00 29 2B 9F 47,03000300,0.000000
9225,0,0x10F,STD,8,2026-01-28T18:51:46.482105,03 00 03 00 F1 91 27 3C,03000300,0.000000
9226,0,0x110,STD,8,2026-01-28T18:51:46.506111,03 00 03 00 2B 7B A1 47,03000300,0.000000
9227,0,0x10F,STD,8,2026-01-28T18:51:46.561972,03 00 03 00 25 50 3A 3C,03000300,0.000000
9228,0,0x110,STD,8,2026-01-28T18:51:46.585977,03 00 03 00 E0 45 D8 47,03000300,0.000000
9229,0,0x10F,STD,8,2026-01-28T18:51:46.631988,03 00 03 00 25 09 0F 3B,03000300,0.000000
9230,0,0x110,STD,8,2026-01-28T18:51:46.655993,03 00 03 00 A6 80 81 47,03000300,0.000000
9231,0,0x10F,STD,8,2026-01-28T18:51:46.712729,03 00 03 00 FD 0B A2 3B,03000300,0.000000
9232,0,0x110,STD,8,2026-01-28T18:51:46.736735,03 00 03 00 84 26 69 48,03000300,0.000000
9233,0,0x10F,STD,8,2026-01-28T18:51:46.793374,03 00 03 00 01 8F 5F 3C,03000300,0.000000
9234,0,0x110,STD,8,2026-01-28T18:51:46.817379,03 00 03 00 13 BA 93 48,03000300,0.000000
9235,0,0x10F,STD,8,2026-01-28T18:51:46.874392,03 00 03 00 4C 94 9D 3C,03000300,0.000000
9236,0,0x110,STD,8,2026-01-28T18:51:46.898397,03 00 03 00 1A 33 88 48,03000300,0.000000
9237,0,0x10F,STD,8,2026-01-28T18:51:46.954961,03 00 03 00 AE 46 9F 3B,03000300,0.000000
9238,0,0x110,STD,8,2026-01-28T18:51:46.978968,03 00 03 00 D8 23 59 48,03000300,0.000000
9239,0,0x10F,STD,8,2026-01-28T18:51:47.035980,03 00 03 00 3D 90 AE 3B,03000300,0.000000
9240,0,0x110,STD,8,2026-01-28T18:51:47.059986,03 00 03 00 FC 26 14 48,03000300,0.000000
9241,0,0x10F,STD,8,2026-01-28T18:51:47.116951,03 00 03 00 99 5E 73 3C,03000300,0.000000
9242,0,0x10F,STD,8,2026-01-28T18:51:47.129457,03 00 01 00 00 00 00 00,03000100,0.000000
9243,0,0x110,STD,8,2026-01-28T18:51:47.129457,03 00 01 00 00 00 00 00,03000100,0.000000
9244,0,0x10F,STD,8,2026-01-28T18:51:47.129457,03 00 01 00 00 00 00 00,03000100,0.000000
9245,0,0x110,STD,8,2026-01-28T18:51:47.129457,03 00 01 00 00 00 00 00,03000100,0.000000
9246,0,0x110,STD,8,2026-01-28T18:51:47.142460,03 00 03 00 15 E1 F8 47,03000300,0.000000
9247,0,0x10F,STD,8,2026-01-28T18:51:47.199473,03 00 03 00 5E CD BB 3C,03000300,0.000000
9248,0,0x110,STD,8,2026-01-28T18:51:47.223478,03 00 03 00 54 98 B3 47,03000300,0.000000
9249,0,0x10F,STD,8,2026-01-28T18:51:47.280491,03 00 03 00 08 BA 90 3C,03000300,0.000000
9250,0,0x110,STD,8,2026-01-28T18:51:47.304496,03 00 03 00 CD AE 16 48,03000300,0.000000
9251,0,0x10F,STD,8,2026-01-28T18:51:47.361509,03 00 03 00 B1 85 DA 3C,03000300,0.000000
9252,0,0x110,STD,8,2026-01-28T18:51:47.374512,03 00 03 00 38 88 B9 47,03000300,0.000000
9253,0,0x10F,STD,8,2026-01-28T18:51:47.431525,03 00 03 00 F9 20 B7 3C,03000300,0.000000
9254,0,0x110,STD,8,2026-01-28T18:51:47.455530,03 00 03 00 F2 0F 3D 48,03000300,0.000000
9255,0,0x10F,STD,8,2026-01-28T18:51:47.512543,03 00 03 00 86 2A B4 3C,03000300,0.000000
9256,0,0x110,STD,8,2026-01-28T18:51:47.536549,03 00 03 00 3E 87 47 48,03000300,0.000000
9257,0,0x10F,STD,8,2026-01-28T18:51:47.593562,03 00 03 00 AC 20 D4 3C,03000300,0.000000
9258,0,0x110,STD,8,2026-01-28T18:51:47.617567,03 00 03 00 DE 39 BB 47,03000300,0.000000
9259,0,0x10F,STD,8,2026-01-28T18:51:47.674017,03 00 03 00 AC 57 2D 3C,03000300,0.000000
9260,0,0x110,STD,8,2026-01-28T18:51:47.698022,03 00 03 00 E2 79 3D 48,03000300,0.000000
9261,0,0x10F,STD,8,2026-01-28T18:51:47.755034,03 00 03 00 BC 3E B5 3C,03000300,0.000000
9262,0,0x110,STD,8,2026-01-28T18:51:47.778544,03 00 03 00 5C 4E 07 48,03000300,0.000000
9263,0,0x10F,STD,8,2026-01-28T18:51:47.835557,03 00 03 00 14 EE A7 3C,03000300,0.000000
9264,0,0x110,STD,8,2026-01-28T18:51:47.859563,03 00 03 00 06 E9 AE 47,03000300,0.000000
9265,0,0x10F,STD,8,2026-01-28T18:51:47.916575,03 00 03 00 32 77 A4 3C,03000300,0.000000
9266,0,0x110,STD,8,2026-01-28T18:51:47.940581,03 00 03 00 60 32 CE 47,03000300,0.000000
9267,0,0x10F,STD,8,2026-01-28T18:51:47.997593,03 00 03 00 39 C6 A6 3C,03000300,0.000000
9268,0,0x110,STD,8,2026-01-28T18:51:48.021599,03 00 03 00 53 5D D0 47,03000300,0.000000
9269,0,0x10F,STD,8,2026-01-28T18:51:48.078612,03 00 03 00 45 0B 80 3C,03000300,0.000000
9270,0,0x110,STD,8,2026-01-28T18:51:48.095616,03 00 03 00 EE 86 27 48,03000300,0.000000
9271,0,0x10F,STD,8,2026-01-28T18:51:48.152629,03 00 03 00 28 2F FB 3C,03000300,0.000000
9272,0,0x110,STD,8,2026-01-28T18:51:48.176634,03 00 03 00 FF CF C8 47,03000300,0.000000
9273,0,0x10F,STD,8,2026-01-28T18:51:48.211305,03 00 02 00 1F E0 3A 41,03000200,0.000000
9274,0,0x110,STD,8,2026-01-28T18:51:48.211305,03 00 02 00 1F E0 3A 41,03000200,0.000000
9275,0,0x10F,STD,8,2026-01-28T18:51:48.211305,03 00 02 00 CA 52 2A 41,03000200,0.000000
9276,0,0x110,STD,8,2026-01-28T18:51:48.211305,03 00 02 00 CA 52 2A 41,03000200,0.000000
9277,0,0x10F,STD,8,2026-01-28T18:51:48.235310,03 00 03 00 B2 84 E1 3C,03000300,0.000000
9278,0,0x110,STD,8,2026-01-28T18:51:48.258810,03 00 03 00 A3 9F 8B 48,03000300,0.000000
9279,0,0x10F,STD,8,2026-01-28T18:51:48.315825,03 00 03 00 9A 33 EB 3C,03000300,0.000000
9280,0,0x110,STD,8,2026-01-28T18:51:48.339298,03 00 03 00 A5 FD 2D 48,03000300,0.000000
9281,0,0x10F,STD,8,2026-01-28T18:51:48.387308,03 00 03 00 C0 A7 C6 3C,03000300,0.000000
9282,0,0x110,STD,8,2026-01-28T18:51:48.411314,03 00 03 00 55 08 19 48,03000300,0.000000
9283,0,0x10F,STD,8,2026-01-28T18:51:48.468328,03 00 03 00 8C C6 93 3C,03000300,0.000000
9284,0,0x110,STD,8,2026-01-28T18:51:48.492332,03 00 03 00 32 2B 24 48,03000300,0.000000
9285,0,0x10F,STD,8,2026-01-28T18:51:48.549345,03 00 03 00 50 F7 F8 3C,03000300,0.000000
9286,0,0x110,STD,8,2026-01-28T18:51:48.573277,03 00 03 00 D1 8A 0E 48,03000300,0.000000
9287,0,0x10F,STD,8,2026-01-28T18:51:48.630291,03 00 03 00 F4 87 20 3D,03000300,0.000000
9288,0,0x110,STD,8,2026-01-28T18:51:48.654296,03 00 03 00 4D 53 F4 47,03000300,0.000000
9289,0,0x10F,STD,8,2026-01-28T18:51:48.711309,03 00 03 00 B3 11 19 3D,03000300,0.000000
9290,0,0x110,STD,8,2026-01-28T18:51:48.735314,03 00 03 00 1F 99 54 47,03000300,0.000000
9291,0,0x10F,STD,8,2026-01-28T18:51:48.792327,03 00 03 00 AA 3C 04 3D,03000300,0.000000
9292,0,0x110,STD,8,2026-01-28T18:51:48.816333,03 00 03 00 23 77 51 47,03000300,0.000000
9293,0,0x10F,STD,8,2026-01-28T18:51:48.872425,03 00 03 00 0D 27 F6 3C,03000300,0.000000
9294,0,0x110,STD,8,2026-01-28T18:51:48.896431,03 00 03 00 4C 33 43 48,03000300,0.000000
9295,0,0x10F,STD,8,2026-01-28T18:51:48.953444,03 00 03 00 49 DA 92 3C,03000300,0.000000
9296,0,0x110,STD,8,2026-01-28T18:51:48.979450,03 00 03 00 6F 7D 6B 48,03000300,0.000000
9297,0,0x10F,STD,8,2026-01-28T18:51:49.025460,03 00 03 00 55 37 D1 3C,03000300,0.000000
9298,0,0x110,STD,8,2026-01-28T18:51:49.049466,03 00 03 00 F2 AE 4A 48,03000300,0.000000
9299,0,0x10F,STD,8,2026-01-28T18:51:49.105888,03 00 03 00 C1 BC 99 3C,03000300,0.000000
9300,0,0x110,STD,8,2026-01-28T18:51:49.129894,03 00 03 00 78 B0 91 48,03000300,0.000000
9301,0,0x10F,STD,8,2026-01-28T18:51:49.186907,03 00 03 00 32 17 17 3C,03000300,0.000000
9302,0,0x110,STD,8,2026-01-28T18:51:49.210913,03 00 03 00 6F 42 52 48,03000300,0.000000
9303,0,0x10F,STD,8,2026-01-28T18:51:49.267925,03 00 03 00 90 14 86 3C,03000300,0.000000
9304,0,0x110,STD,8,2026-01-28T18:51:49.291930,03 00 03 00 BA 68 E3 47,03000300,0.000000
9305,0,0x10F,STD,8,2026-01-28T18:51:49.291930,03 00 01 00 00 00 00 00,03000100,0.000000
9306,0,0x110,STD,8,2026-01-28T18:51:49.291930,03 00 01 00 00 00 00 00,03000100,0.000000
9307,0,0x10F,STD,8,2026-01-28T18:51:49.291930,03 00 02 00 CA 52 2A 41,03000200,0.000000
9308,0,0x110,STD,8,2026-01-28T18:51:49.291930,03 00 02 00 CA 52 2A 41,03000200,0.000000
9309,0,0x10F,STD,8,2026-01-28T18:51:49.348446,03 00 03 00 F4 C7 53 3C,03000300,0.000000
9310,0,0x110,STD,8,2026-01-28T18:51:49.372451,03 00 03 00 32 2B 0B 48,03000300,0.000000
9311,0,0x10F,STD,8,2026-01-28T18:51:49.429464,03 00 03 00 D2 E9 6E 3C,03000300,0.000000
9312,0,0x110,STD,8,2026-01-28T18:51:49.453470,03 00 03 00 F4 C0 0A 48,03000300,0.000000
9313,0,0x10F,STD,8,2026-01-28T18:51:49.510483,03 00 03 00 E7 A9 E6 3C,03000300,0.000000
9314,0,0x110,STD,8,2026-01-28T18:51:49.534016,03 00 03 00 35 A6 F5 47,03000300,0.000000
9315,0,0x10F,STD,8,2026-01-28T18:51:49.591029,03 00 03 00 DB BD 80 3C,03000300,0.000000
9316,0,0x110,STD,8,2026-01-28T18:51:49.615034,03 00 03 00 AB E0 CE 47,03000300,0.000000
9317,0,0x10F,STD,8,2026-01-28T18:51:49.661045,03 00 03 00 DC 40 84 3C,03000300,0.000000
9318,0,0x110,STD,8,2026-01-28T18:51:49.696052,03 00 03 00 AB 18 34 48,03000300,0.000000
9319,0,0x10F,STD,8,2026-01-28T18:51:49.742063,03 00 03 00 88 28 15 3C,03000300,0.000000
9320,0,0x110,STD,8,2026-01-28T18:51:49.766068,03 00 03 00 4D 01 B3 47,03000300,0.000000
9321,0,0x10F,STD,8,2026-01-28T18:51:49.823081,03 00 03 00 A0 B3 95 3C,03000300,0.000000
9322,0,0x110,STD,8,2026-01-28T18:51:49.847086,03 00 03 00 58 32 3B 48,03000300,0.000000
9323,0,0x10F,STD,8,2026-01-28T18:51:49.904099,03 00 03 00 6B D3 9A 3C,03000300,0.000000
9324,0,0x110,STD,8,2026-01-28T18:51:49.927609,03 00 03 00 B5 DA BA 47,03000300,0.000000
9325,0,0x10F,STD,8,2026-01-28T18:51:49.984621,03 00 03 00 47 8D 7F 3C,03000300,0.000000
9326,0,0x110,STD,8,2026-01-28T18:51:50.008627,03 00 03 00 AF ED 84 47,03000300,0.000000
9327,0,0x10F,STD,8,2026-01-28T18:51:50.065640,03 00 03 00 5D 75 EC 3C,03000300,0.000000
9328,0,0x110,STD,8,2026-01-28T18:51:50.089645,03 00 03 00 C9 47 90 47,03000300,0.000000
9329,0,0x10F,STD,8,2026-01-28T18:51:50.146658,03 00 03 00 CD 9B 3B 3C,03000300,0.000000
9330,0,0x110,STD,8,2026-01-28T18:51:50.170663,03 00 03 00 49 EC C4 47,03000300,0.000000
9331,0,0x10F,STD,8,2026-01-28T18:51:50.227675,03 00 03 00 27 6E F2 3C,03000300,0.000000
9332,0,0x110,STD,8,2026-01-28T18:51:50.251681,03 00 03 00 73 CC DB 47,03000300,0.000000
9333,0,0x10F,STD,8,2026-01-28T18:51:50.308694,03 00 03 00 6F 1A C3 3C,03000300,0.000000
9334,0,0x110,STD,8,2026-01-28T18:51:50.332700,03 00 03 00 E4 BD D6 47,03000300,0.000000
9335,0,0x10F,STD,8,2026-01-28T18:51:50.384711,03 00 03 00 69 6F 6D 3C,03000300,0.000000
9336,0,0x10F,STD,8,2026-01-28T18:51:50.384711,03 00 01 00 00 00 00 00,03000100,0.000000
9337,0,0x110,STD,8,2026-01-28T18:51:50.384711,03 00 01 00 00 00 00 00,03000100,0.000000
9338,0,0x110,STD,8,2026-01-28T18:51:50.384711,03 00 02 00 CA 52 2A 41,03000200,0.000000
9339,0,0x110,STD,8,2026-01-28T18:51:50.407858,03 00 03 00 EF 6A 3A 47,03000300,0.000000
9340,0,0x10F,STD,8,2026-01-28T18:51:50.464872,03 00 03 00 51 FC 2B 3C,03000300,0.000000
9341,0,0x110,STD,8,2026-01-28T18:51:50.488877,03 00 03 00 52 9C 6D 47,03000300,0.000000
9342,0,0x10F,STD,8,2026-01-28T18:51:50.545890,03 00 03 00 EF E9 30 3C,03000300,0.000000
9343,0,0x110,STD,8,2026-01-28T18:51:50.569895,03 00 03 00 B5 BE 2C 48,03000300,0.000000
9344,0,0x10F,STD,8,2026-01-28T18:51:50.626855,03 00 03 00 BD 7B 09 3C,03000300,0.000000
9345,0,0x110,STD,8,2026-01-28T18:51:50.650861,03 00 03 00 04 D9 29 48,03000300,0.000000
9346,0,0x10F,STD,8,2026-01-28T18:51:50.707874,03 00 03 00 71 3F 51 3C,03000300,0.000000
9347,0,0x110,STD,8,2026-01-28T18:51:50.731879,03 00 03 00 66 B7 10 48,03000300,0.000000
9348,0,0x10F,STD,8,2026-01-28T18:51:50.777889,03 00 03 00 EA BC F6 3B,03000300,0.000000
9349,0,0x110,STD,8,2026-01-28T18:51:50.801895,03 00 03 00 CC 28 F8 47,03000300,0.000000
9350,0,0x10F,STD,8,2026-01-28T18:51:50.858908,03 00 03 00 1E 51 95 3B,03000300,0.000000
9351,0,0x110,STD,8,2026-01-28T18:51:50.882913,03 00 03 00 1D 74 53 48,03000300,0.000000
9352,0,0x10F,STD,8,2026-01-28T18:51:50.939926,03 00 03 00 9E CC 37 3B,03000300,0.000000
9353,0,0x110,STD,8,2026-01-28T18:51:50.963931,03 00 03 00 55 AE 01 48,03000300,0.000000
9354,0,0x10F,STD,8,2026-01-28T18:51:51.020944,03 00 03 00 92 7B A9 3C,03000300,0.000000
9355,0,0x110,STD,8,2026-01-28T18:51:51.044949,03 00 03 00 02 8A AD 47,03000300,0.000000
9356,0,0x10F,STD,8,2026-01-28T18:51:51.095961,03 00 03 00 14 88 7A 3C,03000300,0.000000
9357,0,0x110,STD,8,2026-01-28T18:51:51.119470,03 00 03 00 70 38 05 48,03000300,0.000000
9358,0,0x10F,STD,8,2026-01-28T18:51:51.175987,03 00 03 00 B9 D1 74 3C,03000300,0.000000
9359,0,0x110,STD,8,2026-01-28T18:51:51.199993,03 00 03 00 A9 09 D6 47,03000300,0.000000
9360,0,0x10F,STD,8,2026-01-28T18:51:51.257005,03 00 03 00 96 CF 28 3C,03000300,0.000000
9361,0,0x110,STD,8,2026-01-28T18:51:51.281011,03 00 03 00 E3 B0 3E 48,03000300,0.000000
9362,0,0x10F,STD,8,2026-01-28T18:51:51.338024,03 00 03 00 3E 3C 2D 3C,03000300,0.000000
9363,0,0x110,STD,8,2026-01-28T18:51:51.361739,03 00 03 00 23 17 F6 47,03000300,0.000000
9364,0,0x10F,STD,8,2026-01-28T18:51:51.419111,03 00 03 00 47 53 19 3C,03000300,0.000000
9365,0,0x110,STD,8,2026-01-28T18:51:51.441945,03 00 03 00 B7 B0 A4 47,03000300,0.000000
9366,0,0x10F,STD,8,2026-01-28T18:51:51.465951,03 00 01 00 00 00 00 00,03000100,0.000000
9367,0,0x110,STD,8,2026-01-28T18:51:51.465951,03 00 01 00 00 00 00 00,03000100,0.000000
9368,0,0x10F,STD,8,2026-01-28T18:51:51.465951,03 00 02 00 CA 52 2A 41,03000200,0.000000
9369,0,0x110,STD,8,2026-01-28T18:51:51.465951,03 00 01 00 00 00 00 00,03000100,0.000000
9370,0,0x10F,STD,8,2026-01-28T18:51:51.500959,03 00 03 00 79 46 81 3B,03000300,0.000000
9371,0,0x110,STD,8,2026-01-28T18:51:51.524964,03 00 03 00 6A B5 C6 47,03000300,0.000000
9372,0,0x10F,STD,8,2026-01-28T18:51:51.581847,03 00 03 00 63 86 60 3C,03000300,0.000000
9373,0,0x110,STD,8,2026-01-28T18:51:51.605852,03 00 03 00 B1 DE E7 47,03000300,0.000000
9374,0,0x10F,STD,8,2026-01-28T18:51:51.662865,03 00 03 00 C4 8A C0 3C,03000300,0.000000
9375,0,0x110,STD,8,2026-01-28T18:51:51.687091,03 00 03 00 78 23 06 48,03000300,0.000000
9376,0,0x10F,STD,8,2026-01-28T18:51:51.744104,03 00 03 00 26 2B 21 3C,03000300,0.000000
9377,0,0x110,STD,8,2026-01-28T18:51:51.767809,03 00 03 00 27 EE 01 48,03000300,0.000000
9378,0,0x10F,STD,8,2026-01-28T18:51:51.824822,03 00 03 00 C0 45 C7 3C,03000300,0.000000
9379,0,0x110,STD,8,2026-01-28T18:51:51.837826,03 00 03 00 EE A8 3E 47,03000300,0.000000
9380,0,0x10F,STD,8,2026-01-28T18:51:51.894838,03 00 03 00 E0 FA 49 3C,03000300,0.000000
9381,0,0x110,STD,8,2026-01-28T18:51:51.918808,03 00 03 00 6F 30 C7 47,03000300,0.000000
9382,0,0x10F,STD,8,2026-01-28T18:51:51.981821,03 00 03 00 4B E0 15 3C,03000300,0.000000
9383,0,0x110,STD,8,2026-01-28T18:51:52.005826,03 00 03 00 BB AD FE 47,03000300,0.000000
9384,0,0x10F,STD,8,2026-01-28T18:51:52.062839,03 00 03 00 B6 EF 7B 3C,03000300,0.000000
9385,0,0x110,STD,8,2026-01-28T18:51:52.086845,03 00 03 00 A1 66 12 48,03000300,0.000000
9386,0,0x10F,STD,8,2026-01-28T18:51:52.132855,03 00 03 00 B2 09 63 3C,03000300,0.000000
9387,0,0x110,STD,8,2026-01-28T18:51:52.156860,03 00 03 00 0E DE 45 48,03000300,0.000000
9388,0,0x10F,STD,8,2026-01-28T18:51:52.213873,03 00 03 00 D6 46 DC 3B,03000300,0.000000
9389,0,0x110,STD,8,2026-01-28T18:51:52.237879,03 00 03 00 7D 81 06 48,03000300,0.000000
9390,0,0x10F,STD,8,2026-01-28T18:51:52.294892,03 00 03 00 26 35 72 3C,03000300,0.000000
9391,0,0x110,STD,8,2026-01-28T18:51:52.318897,03 00 03 00 1F 72 01 48,03000300,0.000000
9392,0,0x10F,STD,8,2026-01-28T18:51:52.385912,03 00 03 00 81 19 11 3C,03000300,0.000000
9393,0,0x110,STD,8,2026-01-28T18:51:52.398915,03 00 03 00 75 38 36 48,03000300,0.000000
9394,0,0x10F,STD,8,2026-01-28T18:51:52.455928,03 00 03 00 7F 9E CC 3B,03000300,0.000000
9395,0,0x110,STD,8,2026-01-28T18:51:52.479933,03 00 03 00 B4 1A 89 47,03000300,0.000000
9396,0,0x10F,STD,8,2026-01-28T18:51:52.536946,03 00 03 00 41 A4 13 3C,03000300,0.000000
9397,0,0x110,STD,8,2026-01-28T18:51:52.560952,03 00 03 00 5C 1B DE 47,03000300,0.000000
9398,0,0x10F,STD,8,2026-01-28T18:51:52.560952,03 00 02 00 53 DA 41 41,03000200,0.000000
9399,0,0x110,STD,8,2026-01-28T18:51:52.560952,03 00 02 00 53 DA 41 41,03000200,0.000000
9400,0,0x10F,STD,8,2026-01-28T18:51:52.560952,03 00 01 00 00 00 00 00,03000100,0.000000
9401,0,0x110,STD,8,2026-01-28T18:51:52.560952,03 00 02 00 53 DA 41 41,03000200,0.000000
9402,0,0x10F,STD,8,2026-01-28T18:51:52.617964,03 00 03 00 DA DF 80 3C,03000300,0.000000
9403,0,0x110,STD,8,2026-01-28T18:51:52.641970,03 00 03 00 A8 63 60 48,03000300,0.000000
9404,0,0x10F,STD,8,2026-01-28T18:51:52.698983,03 00 03 00 84 E0 68 3C,03000300,0.000000
9405,0,0x110,STD,8,2026-01-28T18:51:52.722492,03 00 03 00 16 88 FC 47,03000300,0.000000
9406,0,0x10F,STD,8,2026-01-28T18:51:52.779505,03 00 03 00 EB C3 D3 3B,03000300,0.000000
9407,0,0x110,STD,8,2026-01-28T18:51:52.803510,03 00 03 00 90 B2 3B 48,03000300,0.000000
9408,0,0x10F,STD,8,2026-01-28T18:51:52.849521,03 00 03 00 03 FD 51 3C,03000300,0.000000
9409,0,0x110,STD,8,2026-01-28T18:51:52.883784,03 00 03 00 62 9B 8A 48,03000300,0.000000
9410,0,0x10F,STD,8,2026-01-28T18:51:52.929795,03 00 03 00 87 D6 95 3C,03000300,0.000000
9411,0,0x110,STD,8,2026-01-28T18:51:52.953800,03 00 03 00 32 2C E1 47,03000300,0.000000
9412,0,0x10F,STD,8,2026-01-28T18:51:53.010813,03 00 03 00 B9 3D 3B 3C,03000300,0.000000
9413,0,0x110,STD,8,2026-01-28T18:51:53.034818,03 00 03 00 59 48 15 48,03000300,0.000000
9414,0,0x10F,STD,8,2026-01-28T18:51:53.093832,03 00 03 00 52 8A 80 3C,03000300,0.000000
9415,0,0x110,STD,8,2026-01-28T18:51:53.117836,03 00 03 00 93 A4 3D 48,03000300,0.000000
9416,0,0x10F,STD,8,2026-01-28T18:51:53.173950,03 00 03 00 FE 26 F6 3C,03000300,0.000000
9417,0,0x110,STD,8,2026-01-28T18:51:53.197955,03 00 03 00 1C 74 A7 47,03000300,0.000000
9418,0,0x10F,STD,8,2026-01-28T18:51:53.254968,03 00 03 00 03 28 A3 3C,03000300,0.000000
9419,0,0x110,STD,8,2026-01-28T18:51:53.278973,03 00 03 00 12 0A 97 47,03000300,0.000000
9420,0,0x10F,STD,8,2026-01-28T18:51:53.335764,03 00 03 00 78 79 F0 3C,03000300,0.000000
9421,0,0x110,STD,8,2026-01-28T18:51:53.359769,03 00 03 00 99 D3 67 47,03000300,0.000000
9422,0,0x10F,STD,8,2026-01-28T18:51:53.416208,03 00 03 00 69 C0 AA 3C,03000300,0.000000
9423,0,0x110,STD,8,2026-01-28T18:51:53.439296,03 00 03 00 9B 9F 92 47,03000300,0.000000
9424,0,0x10F,STD,8,2026-01-28T18:51:53.496309,03 00 03 00 34 CF 8B 3C,03000300,0.000000
9425,0,0x110,STD,8,2026-01-28T18:51:53.520314,03 00 03 00 7E B6 0E 47,03000300,0.000000
9426,0,0x10F,STD,8,2026-01-28T18:51:53.577327,03 00 03 00 FE 92 B7 3C,03000300,0.000000
9427,0,0x110,STD,8,2026-01-28T18:51:53.601332,03 00 03 00 7A A1 AB 47,03000300,0.000000
9428,0,0x10F,STD,8,2026-01-28T18:51:53.636361,03 00 01 00 00 00 00 00,03000100,0.000000
9429,0,0x110,STD,8,2026-01-28T18:51:53.636361,03 00 01 00 00 00 00 00,03000100,0.000000
9430,0,0x10F,STD,8,2026-01-28T18:51:53.636361,03 00 02 00 53 DA 41 41,03000200,0.000000
9431,0,0x110,STD,8,2026-01-28T18:51:53.636361,03 00 02 00 6F 68 2E 41,03000200,0.000000
9432,0,0x10F,STD,8,2026-01-28T18:51:53.649364,03 00 03 00 63 79 45 3C,03000300,0.000000
9433,0,0x110,STD,8,2026-01-28T18:51:53.673369,03 00 03 00 60 D6 16 48,03000300,0.000000
9434,0,0x10F,STD,8,2026-01-28T18:51:53.730382,03 00 03 00 0B 90 CC 3C,03000300,0.000000
9435,0,0x110,STD,8,2026-01-28T18:51:53.753966,03 00 03 00 F2 1D DE 47,03000300,0.000000
9436,0,0x10F,STD,8,2026-01-28T18:51:53.811195,03 00 03 00 49 47 98 3C,03000300,0.000000
9437,0,0x110,STD,8,2026-01-28T18:51:53.835202,03 00 03 00 15 ED E4 47,03000300,0.000000
9438,0,0x10F,STD,8,2026-01-28T18:51:53.892214,03 00 03 00 E7 08 53 3C,03000300,0.000000
9439,0,0x110,STD,8,2026-01-28T18:51:53.915862,03 00 03 00 D2 14 83 47,03000300,0.000000
9440,0,0x10F,STD,8,2026-01-28T18:51:53.972874,03 00 03 00 80 10 37 3D,03000300,0.000000
9441,0,0x110,STD,8,2026-01-28T18:51:53.996880,03 00 03 00 42 45 F3 46,03000300,0.000000
9442,0,0x10F,STD,8,2026-01-28T18:51:54.053893,03 00 03 00 FF B8 10 3D,03000300,0.000000
9443,0,0x110,STD,8,2026-01-28T18:51:54.077738,03 00 03 00 CC 63 EE 47,03000300,0.000000
9444,0,0x10F,STD,8,2026-01-28T18:51:54.134752,03 00 03 00 3F 76 CE 3C,03000300,0.000000
9445,0,0x110,STD,8,2026-01-28T18:51:54.158757,03 00 03 00 22 7B 3D 48,03000300,0.000000
9446,0,0x10F,STD,8,2026-01-28T18:51:54.204768,03 00 03 00 F1 46 AE 3C,03000300,0.000000
9447,0,0x110,STD,8,2026-01-28T18:51:54.239776,03 00 03 00 F1 B8 C3 47,03000300,0.000000
9448,0,0x10F,STD,8,2026-01-28T18:51:54.285786,03 00 03 00 46 81 1D 3C,03000300,0.000000
9449,0,0x110,STD,8,2026-01-28T18:51:54.309791,03 00 03 00 A4 CF 25 48,03000300,0.000000
9450,0,0x10F,STD,8,2026-01-28T18:51:54.375807,03 00 03 00 BF B1 57 3C,03000300,0.000000
9451,0,0x110,STD,8,2026-01-28T18:51:54.389809,03 00 03 00 1E E6 01 48,03000300,0.000000
9452,0,0x10F,STD,8,2026-01-28T18:51:54.445963,03 00 03 00 64 9D 28 3C,03000300,0.000000
9453,0,0x110,STD,8,2026-01-28T18:51:54.469968,03 00 03 00 22 A8 28 48,03000300,0.000000
9454,0,0x10F,STD,8,2026-01-28T18:51:54.526981,03 00 03 00 90 1C 4F 3C,03000300,0.000000
9455,0,0x110,STD,8,2026-01-28T18:51:54.550987,03 00 03 00 4B 97 0B 48,03000300,0.000000
9456,0,0x10F,STD,8,2026-01-28T18:51:54.608000,03 00 03 00 9D 40 EA 3C,03000300,0.000000
9457,0,0x110,STD,8,2026-01-28T18:51:54.632005,03 00 03 00 1B 8B 38 48,03000300,0.000000
9458,0,0x10F,STD,8,2026-01-28T18:51:54.689018,03 00 03 00 DB C8 D3 3C,03000300,0.000000
9459,0,0x10F,STD,8,2026-01-28T18:51:54.712724,03 00 01 00 00 00 00 00,03000100,0.000000
9460,0,0x110,STD,8,2026-01-28T18:51:54.712724,03 00 01 00 00 00 00 00,03000100,0.000000
9461,0,0x10F,STD,8,2026-01-28T18:51:54.712724,03 00 02 00 6F 68 2E 41,03000200,0.000000
9462,0,0x110,STD,8,2026-01-28T18:51:54.712724,03 00 03 00 2C 28 57 48,03000300,0.000000
9463,0,0x10F,STD,8,2026-01-28T18:51:54.712724,03 00 02 00 6F 68 2E 41,03000200,0.000000
9464,0,0x10F,STD,8,2026-01-28T18:51:54.769239,03 00 03 00 6C 40 D7 3C,03000300,0.000000
9465,0,0x110,STD,8,2026-01-28T18:51:54.793244,03 00 03 00 54 86 42 48,03000300,0.000000
9466,0,0x10F,STD,8,2026-01-28T18:51:54.850257,03 00 03 00 F8 3F 94 3C,03000300,0.000000
9467,0,0x110,STD,8,2026-01-28T18:51:54.874263,03 00 03 00 33 D3 01 48,03000300,0.000000
9468,0,0x10F,STD,8,2026-01-28T18:51:54.931276,03 00 03 00 95 94 08 3D,03000300,0.000000
9469,0,0x110,STD,8,2026-01-28T18:51:54.955281,03 00 03 00 89 C8 02 48,03000300,0.000000
9470,0,0x10F,STD,8,2026-01-28T18:51:55.006292,03 00 03 00 7B 3D 31 3D,03000300,0.000000
9471,0,0x110,STD,8,2026-01-28T18:51:55.030298,03 00 03 00 2E 9C F6 47,03000300,0.000000
9472,0,0x10F,STD,8,2026-01-28T18:51:55.087311,03 00 03 00 AD 89 F7 3C,03000300,0.000000
9473,0,0x110,STD,8,2026-01-28T18:51:55.111316,03 00 03 00 B5 AA D9 47,03000300,0.000000
9474,0,0x10F,STD,8,2026-01-28T18:51:55.168329,03 00 03 00 3B 1B 04 3D,03000300,0.000000
9475,0,0x110,STD,8,2026-01-28T18:51:55.192335,03 00 03 00 21 0B FD 47,03000300,0.000000
9476,0,0x10F,STD,8,2026-01-28T18:51:55.249347,03 00 03 00 B0 1E 01 3D,03000300,0.000000
9477,0,0x110,STD,8,2026-01-28T18:51:55.273353,03 00 03 00 B3 A2 65 48,03000300,0.000000
9478,0,0x10F,STD,8,2026-01-28T18:51:55.330365,03 00 03 00 53 DA CD 3C,03000300,0.000000
9479,0,0x110,STD,8,2026-01-28T18:51:55.354370,03 00 03 00 1B A9 30 48,03000300,0.000000
9480,0,0x10F,STD,8,2026-01-28T18:51:55.410886,03 00 03 00 DF 23 CB 3C,03000300,0.000000
9481,0,0x110,STD,8,2026-01-28T18:51:55.434892,03 00 03 00 9A DC 05 48,03000300,0.000000
9482,0,0x10F,STD,8,2026-01-28T18:51:55.480902,03 00 03 00 AF 13 AC 3C,03000300,0.000000
9483,0,0x110,STD,8,2026-01-28T18:51:55.504907,03 00 03 00 B3 66 73 48,03000300,0.000000
9484,0,0x10F,STD,8,2026-01-28T18:51:55.561920,03 00 03 00 B2 49 75 3C,03000300,0.000000
9485,0,0x110,STD,8,2026-01-28T18:51:55.585428,03 00 03 00 20 7D 83 47,03000300,0.000000
9486,0,0x10F,STD,8,2026-01-28T18:51:55.642441,03 00 03 00 46 ED D0 3C,03000300,0.000000
9487,0,0x110,STD,8,2026-01-28T18:51:55.666446,03 00 03 00 8B 3B BB 47,03000300,0.000000
9488,0,0x10F,STD,8,2026-01-28T18:51:55.722693,03 00 03 00 E6 95 A4 3C,03000300,0.000000
9489,0,0x110,STD,8,2026-01-28T18:51:55.746698,03 00 03 00 33 D4 F1 47,03000300,0.000000
9490,0,0x110,STD,8,2026-01-28T18:51:55.781705,03 00 02 00 6F 68 2E 41,03000200,0.000000
9491,0,0x10F,STD,8,2026-01-28T18:51:55.781705,03 00 01 00 00 00 00 00,03000100,0.000000
9492,0,0x110,STD,8,2026-01-28T18:51:55.781705,03 00 01 00 00 00 00 00,03000100,0.000000
9493,0,0x10F,STD,8,2026-01-28T18:51:55.781705,03 00 02 00 F5 07 2E 41,03000200,0.000000
9494,0,0x10F,STD,8,2026-01-28T18:51:55.805711,03 00 03 00 C6 43 E0 3B,03000300,0.000000
9495,0,0x110,STD,8,2026-01-28T18:51:55.829716,03 00 03 00 31 4A F7 47,03000300,0.000000
9496,0,0x10F,STD,8,2026-01-28T18:51:55.886728,03 00 03 00 9A E0 33 3C,03000300,0.000000
9497,0,0x110,STD,8,2026-01-28T18:51:55.910734,03 00 03 00 99 D8 B2 47,03000300,0.000000
9498,0,0x10F,STD,8,2026-01-28T18:51:55.967747,03 00 03 00 03 E4 A0 3B,03000300,0.000000
9499,0,0x110,STD,8,2026-01-28T18:51:55.991753,03 00 03 00 B4 CD 92 46,03000300,0.000000
9500,0,0x10F,STD,8,2026-01-28T18:51:56.048269,03 00 03 00 5F 6B D6 3B,03000300,0.000000
9501,0,0x110,STD,8,2026-01-28T18:51:56.076276,03 00 03 00 BE AD 9D 47,03000300,0.000000
9502,0,0x10F,STD,8,2026-01-28T18:51:56.122287,03 00 03 00 25 92 F0 3A,03000300,0.000000
9503,0,0x110,STD,8,2026-01-28T18:51:56.145798,03 00 03 00 3D 7C C8 47,03000300,0.000000
9504,0,0x10F,STD,8,2026-01-28T18:51:56.202810,03 00 03 00 9D 31 75 3C,03000300,0.000000
9505,0,0x110,STD,8,2026-01-28T18:51:56.226816,03 00 03 00 DE 80 06 47,03000300,0.000000
9506,0,0x10F,STD,8,2026-01-28T18:51:56.283334,03 00 03 00 9F C0 D3 3C,03000300,0.000000
9507,0,0x110,STD,8,2026-01-28T18:51:56.307339,03 00 03 00 47 56 13 47,03000300,0.000000
9508,0,0x10F,STD,8,2026-01-28T18:51:56.379366,03 00 03 00 88 D4 98 3C,03000300,0.000000
9509,0,0x110,STD,8,2026-01-28T18:51:56.392369,03 00 03 00 44 07 B1 47,03000300,0.000000
9510,0,0x10F,STD,8,2026-01-28T18:51:56.437861,03 00 03 00 6C A2 15 3D,03000300,0.000000
9511,0,0x110,STD,8,2026-01-28T18:51:56.462867,03 00 03 00 1E FF 7F 47,03000300,0.000000
9512,0,0x10F,STD,8,2026-01-28T18:51:56.519385,03 00 03 00 A4 E9 A7 3C,03000300,0.000000
9513,0,0x110,STD,8,2026-01-28T18:51:56.543391,03 00 03 00 5F DF 22 48,03000300,0.000000
9514,0,0x10F,STD,8,2026-01-28T18:51:56.599412,03 00 03 00 23 E5 9A 3C,03000300,0.000000
9515,0,0x110,STD,8,2026-01-28T18:51:56.623419,03 00 03 00 B7 89 31 48,03000300,0.000000
9516,0,0x10F,STD,8,2026-01-28T18:51:56.679936,03 00 03 00 DD DA 84 3C,03000300,0.000000
9517,0,0x110,STD,8,2026-01-28T18:51:56.703446,03 00 03 00 33 D4 30 48,03000300,0.000000
9518,0,0x10F,STD,8,2026-01-28T18:51:56.759963,03 00 03 00 C2 C4 80 3C,03000300,0.000000
9519,0,0x110,STD,8,2026-01-28T18:51:56.783968,03 00 03 00 3E 55 CF 47,03000300,0.000000
9520,0,0x10F,STD,8,2026-01-28T18:51:56.840485,03 00 03 00 7C F6 EC 3B,03000300,0.000000
9521,0,0x110,STD,8,2026-01-28T18:51:56.864148,03 00 03 00 01 E7 9C 47,03000300,0.000000
9522,0,0x110,STD,8,2026-01-28T18:51:56.864148,03 00 02 00 F5 07 2E 41,03000200,0.000000
9523,0,0x10F,STD,8,2026-01-28T18:51:56.864148,03 00 01 00 00 00 00 00,03000100,0.000000
9524,0,0x110,STD,8,2026-01-28T18:51:56.864148,03 00 01 00 00 00 00 00,03000100,0.000000
9525,0,0x110,STD,8,2026-01-28T18:51:56.864148,03 00 01 00 00 00 00 00,03000100,0.000000
9526,0,0x10F,STD,8,2026-01-28T18:51:56.921162,03 00 03 00 44 5C CE 3B,03000300,0.000000
9527,0,0x110,STD,8,2026-01-28T18:51:56.945167,03 00 03 00 0A 3F D0 47,03000300,0.000000
9528,0,0x10F,STD,8,2026-01-28T18:51:57.002182,03 00 03 00 66 13 F9 3B,03000300,0.000000
9529,0,0x110,STD,8,2026-01-28T18:51:57.026185,03 00 03 00 39 A9 2A 47,03000300,0.000000
9530,0,0x10F,STD,8,2026-01-28T18:51:57.083198,03 00 03 00 10 AD 63 3C,03000300,0.000000
9531,0,0x110,STD,8,2026-01-28T18:51:57.108068,03 00 03 00 68 F2 3E 47,03000300,0.000000
9532,0,0x10F,STD,8,2026-01-28T18:51:57.164583,03 00 03 00 B2 BF A3 3C,03000300,0.000000
9533,0,0x110,STD,8,2026-01-28T18:51:57.188092,03 00 03 00 BA 7C 9B 47,03000300,0.000000
9534,0,0x10F,STD,8,2026-01-28T18:51:57.234102,03 00 03 00 70 5E CE 3C,03000300,0.000000
9535,0,0x110,STD,8,2026-01-28T18:51:57.257612,03 00 03 00 D6 6D C4 47,03000300,0.000000
9536,0,0x10F,STD,8,2026-01-28T18:51:57.325628,03 00 03 00 85 96 89 3C,03000300,0.000000
9537,0,0x110,STD,8,2026-01-28T18:51:57.338630,03 00 03 00 E5 FC F4 47,03000300,0.000000
9538,0,0x10F,STD,8,2026-01-28T18:51:57.395643,03 00 03 00 37 72 BA 3C,03000300,0.000000
9539,0,0x110,STD,8,2026-01-28T18:51:57.419649,03 00 03 00 86 3E 17 48,03000300,0.000000
9540,0,0x10F,STD,8,2026-01-28T18:51:57.476662,03 00 03 00 BD 98 B1 3C,03000300,0.000000
9541,0,0x110,STD,8,2026-01-28T18:51:57.500668,03 00 03 00 0C 97 1A 48,03000300,0.000000
9542,0,0x10F,STD,8,2026-01-28T18:51:57.557680,03 00 03 00 5B B6 3A 3C,03000300,0.000000
9543,0,0x110,STD,8,2026-01-28T18:51:57.581685,03 00 03 00 DB 84 17 48,03000300,0.000000
9544,0,0x10F,STD,8,2026-01-28T18:51:57.638698,03 00 03 00 6D 53 BD 3B,03000300,0.000000
9545,0,0x110,STD,8,2026-01-28T18:51:57.662704,03 00 03 00 91 8A 28 48,03000300,0.000000
9546,0,0x10F,STD,8,2026-01-28T18:51:57.719717,03 00 03 00 13 42 73 3C,03000300,0.000000
9547,0,0x110,STD,8,2026-01-28T18:51:57.743722,03 00 03 00 56 A2 ED 47,03000300,0.000000
9548,0,0x10F,STD,8,2026-01-28T18:51:57.800735,03 00 03 00 3D 3E 80 3C,03000300,0.000000
9549,0,0x110,STD,8,2026-01-28T18:51:57.824243,03 00 03 00 5B 40 C1 47,03000300,0.000000
9550,0,0x10F,STD,8,2026-01-28T18:51:57.881256,03 00 03 00 43 F2 E7 3B,03000300,0.000000
9551,0,0x110,STD,8,2026-01-28T18:51:57.905261,03 00 03 00 DC 0B E9 47,03000300,0.000000
9552,0,0x10F,STD,8,2026-01-28T18:51:57.951272,03 00 02 00 F5 07 2E 41,03000200,0.000000
9553,0,0x110,STD,8,2026-01-28T18:51:57.951272,03 00 02 00 F5 07 2E 41,03000200,0.000000
9554,0,0x10F,STD,8,2026-01-28T18:51:57.951272,03 00 01 00 00 00 00 00,03000100,0.000000
9555,0,0x10F,STD,8,2026-01-28T18:51:57.953272,03 00 01 00 00 00 00 00,03000100,0.000000
9556,0,0x10F,STD,8,2026-01-28T18:51:57.953272,03 00 02 00 C1 4B 2E 41,03000200,0.000000
9557,0,0x110,STD,8,2026-01-28T18:51:57.983279,03 00 03 00 84 E0 12 48,03000300,0.000000
9558,0,0x10F,STD,8,2026-01-28T18:51:58.040292,03 00 03 00 03 3D C7 3B,03000300,0.000000
9559,0,0x110,STD,8,2026-01-28T18:51:58.064297,03 00 03 00 E5 BA 85 47,03000300,0.000000
9560,0,0x10F,STD,8,2026-01-28T18:51:58.111307,03 00 03 00 CB F9 C8 3B,03000300,0.000000
9561,0,0x110,STD,8,2026-01-28T18:51:58.134817,03 00 03 00 D8 F6 32 48,03000300,0.000000
9562,0,0x10F,STD,8,2026-01-28T18:51:58.191830,03 00 03 00 87 C5 90 3C,03000300,0.000000
9563,0,0x110,STD,8,2026-01-28T18:51:58.215836,03 00 03 00 A7 08 5D 48,03000300,0.000000
9564,0,0x10F,STD,8,2026-01-28T18:51:58.272849,03 00 03 00 2F DD DC 3C,03000300,0.000000
9565,0,0x110,STD,8,2026-01-28T18:51:58.296854,03 00 03 00 C9 75 07 48,03000300,0.000000
9566,0,0x10F,STD,8,2026-01-28T18:51:58.370374,03 00 03 00 19 10 30 3C,03000300,0.000000
9567,0,0x110,STD,8,2026-01-28T18:51:58.383355,03 00 03 00 FA C7 2A 48,03000300,0.000000
9568,0,0x10F,STD,8,2026-01-28T18:51:58.439649,03 00 03 00 60 46 8A 3B,03000300,0.000000
9569,0,0x110,STD,8,2026-01-28T18:51:58.463159,03 00 03 00 7D 61 59 48,03000300,0.000000
9570,0,0x10F,STD,8,2026-01-28T18:51:58.509169,03 00 03 00 F8 D1 51 3C,03000300,0.000000
9571,0,0x110,STD,8,2026-01-28T18:51:58.533175,03 00 03 00 D2 30 70 48,03000300,0.000000
9572,0,0x10F,STD,8,2026-01-28T18:51:58.600646,03 00 03 00 F7 98 2D 3C,03000300,0.000000
9573,0,0x110,STD,8,2026-01-28T18:51:58.613152,03 00 03 00 51 1E 49 48,03000300,0.000000
9574,0,0x10F,STD,8,2026-01-28T18:51:58.670165,03 00 03 00 7F 32 AC 3C,03000300,0.000000
9575,0,0x110,STD,8,2026-01-28T18:51:58.693606,03 00 03 00 65 DE E6 47,03000300,0.000000
9576,0,0x10F,STD,8,2026-01-28T18:51:58.750619,03 00 03 00 5A D8 67 3C,03000300,0.000000
9577,0,0x110,STD,8,2026-01-28T18:51:58.774624,03 00 03 00 C4 E0 29 48,03000300,0.000000
9578,0,0x10F,STD,8,2026-01-28T18:51:58.831637,03 00 03 00 DB B2 A2 3B,03000300,0.000000
9579,0,0x110,STD,8,2026-01-28T18:51:58.855642,03 00 03 00 C6 6A 04 48,03000300,0.000000
9580,0,0x10F,STD,8,2026-01-28T18:51:58.912602,03 00 03 00 1E 50 C8 3B,03000300,0.000000
9581,0,0x110,STD,8,2026-01-28T18:51:58.937203,03 00 03 00 87 51 A9 47,03000300,0.000000
9582,0,0x10F,STD,8,2026-01-28T18:51:58.994216,03 00 03 00 0A DB 94 3C,03000300,0.000000
9583,0,0x110,STD,8,2026-01-28T18:51:59.018221,03 00 03 00 A2 43 00 48,03000300,0.000000
9584,0,0x110,STD,8,2026-01-28T18:51:59.018221,03 00 02 00 C1 4B 2E 41,03000200,0.000000
9585,0,0x10F,STD,8,2026-01-28T18:51:59.020222,03 00 01 00 00 00 00 00,03000100,0.000000
9586,0,0x110,STD,8,2026-01-28T18:51:59.022222,03 00 01 00 00 00 00 00,03000100,0.000000
9587,0,0x110,STD,8,2026-01-28T18:51:59.022222,03 00 01 00 00 00 00 00,03000100,0.000000
9588,0,0x10F,STD,8,2026-01-28T18:51:59.068233,03 00 03 00 33 22 CC 3C,03000300,0.000000
9589,0,0x110,STD,8,2026-01-28T18:51:59.091952,03 00 03 00 50 56 ED 47,03000300,0.000000
9590,0,0x10F,STD,8,2026-01-28T18:51:59.148965,03 00 03 00 AF 9C BB 3C,03000300,0.000000
9591,0,0x110,STD,8,2026-01-28T18:51:59.172970,03 00 03 00 93 A1 09 48,03000300,0.000000
9592,0,0x10F,STD,8,2026-01-28T18:51:59.229983,03 00 03 00 6B 26 15 3D,03000300,0.000000
9593,0,0x110,STD,8,2026-01-28T18:51:59.253988,03 00 03 00 9C E5 87 48,03000300,0.000000
9594,0,0x10F,STD,8,2026-01-28T18:51:59.311001,03 00 03 00 90 F0 EB 3C,03000300,0.000000
9595,0,0x110,STD,8,2026-01-28T18:51:59.335006,03 00 03 00 19 16 6E 48,03000300,0.000000
9596,0,0x10F,STD,8,2026-01-28T18:51:59.392019,03 00 03 00 DC C8 2A 3C,03000300,0.000000
9597,0,0x110,STD,8,2026-01-28T18:51:59.416025,03 00 03 00 41 24 51 48,03000300,0.000000
9598,0,0x10F,STD,8,2026-01-28T18:51:59.473038,03 00 03 00 32 40 18 3D,03000300,0.000000
9599,0,0x110,STD,8,2026-01-28T18:51:59.497043,03 00 03 00 A2 DD 94 48,03000300,0.000000
9600,0,0x10F,STD,8,2026-01-28T18:51:59.554056,03 00 03 00 6B 1E C4 3C,03000300,0.000000
9601,0,0x110,STD,8,2026-01-28T18:51:59.578061,03 00 03 00 0F 6F 83 48,03000300,0.000000
9602,0,0x10F,STD,8,2026-01-28T18:51:59.635074,03 00 03 00 BA 53 98 3C,03000300,0.000000
9603,0,0x110,STD,8,2026-01-28T18:51:59.659079,03 00 03 00 AC 36 86 48,03000300,0.000000
9604,0,0x10F,STD,8,2026-01-28T18:51:59.716093,03 00 03 00 D4 2D 8E 3C,03000300,0.000000
9605,0,0x110,STD,8,2026-01-28T18:51:59.740097,03 00 03 00 8E A2 87 48,03000300,0.000000
9606,0,0x10F,STD,8,2026-01-28T18:51:59.786108,03 00 03 00 5C D8 5A 3C,03000300,0.000000
9607,0,0x110,STD,8,2026-01-28T18:51:59.809618,03 00 03 00 BD 0E 7F 48,03000300,0.000000
9608,0,0x10F,STD,8,2026-01-28T18:51:59.866630,03 00 03 00 FF 31 8A 3C,03000300,0.000000
9609,0,0x110,STD,8,2026-01-28T18:51:59.890636,03 00 03 00 2D 00 5F 48,03000300,0.000000
9610,0,0x10F,STD,8,2026-01-28T18:51:59.947649,03 00 03 00 46 54 94 3C,03000300,0.000000
9611,0,0x110,STD,8,2026-01-28T18:51:59.971654,03 00 03 00 5B FC 3A 48,03000300,0.000000
9612,0,0x10F,STD,8,2026-01-28T18:52:00.028667,03 00 03 00 48 AC 1F 3C,03000300,0.000000
9613,0,0x110,STD,8,2026-01-28T18:52:00.052175,03 00 03 00 E3 38 14 48,03000300,0.000000
9614,0,0x10F,STD,8,2026-01-28T18:52:00.109189,03 00 03 00 27 42 03 3C,03000300,0.000000
9615,0,0x10F,STD,8,2026-01-28T18:52:00.122191,03 00 02 00 67 1D 27 41,03000200,0.000000
9616,0,0x110,STD,8,2026-01-28T18:52:00.122191,03 00 02 00 67 1D 27 41,03000200,0.000000
9617,0,0x10F,STD,8,2026-01-28T18:52:00.122191,03 00 01 00 00 00 00 00,03000100,0.000000
9618,0,0x110,STD,8,2026-01-28T18:52:00.122191,03 00 01 00 00 00 00 00,03000100,0.000000
9619,0,0x110,STD,8,2026-01-28T18:52:00.134697,03 00 03 00 BD 0B 11 48,03000300,0.000000
9620,0,0x10F,STD,8,2026-01-28T18:52:00.191710,03 00 03 00 A5 7C 1F 3C,03000300,0.000000
9621,0,0x110,STD,8,2026-01-28T18:52:00.215715,03 00 03 00 72 F0 07 48,03000300,0.000000
9622,0,0x10F,STD,8,2026-01-28T18:52:00.272728,03 00 03 00 54 5A 06 3C,03000300,0.000000
9623,0,0x110,STD,8,2026-01-28T18:52:00.296733,03 00 03 00 59 C8 9E 47,03000300,0.000000
9624,0,0x10F,STD,8,2026-01-28T18:52:00.342744,03 00 03 00 5D E7 99 3B,03000300,0.000000
9625,0,0x110,STD,8,2026-01-28T18:52:00.384754,03 00 03 00 DB 6D C3 47,03000300,0.000000
9626,0,0x10F,STD,8,2026-01-28T18:52:00.430322,03 00 03 00 A2 1D 76 3C,03000300,0.000000
9627,0,0x110,STD,8,2026-01-28T18:52:00.454328,03 00 03 00 1E C9 C3 47,03000300,0.000000
9628,0,0x10F,STD,8,2026-01-28T18:52:00.511340,03 00 03 00 0E 82 89 3C,03000300,0.000000
9629,0,0x110,STD,8,2026-01-28T18:52:00.535730,03 00 03 00 2A 25 1B 48,03000300,0.000000
9630,0,0x10F,STD,8,2026-01-28T18:52:00.592067,03 00 03 00 4F 89 86 3C,03000300,0.000000
9631,0,0x110,STD,8,2026-01-28T18:52:00.616073,03 00 03 00 85 71 AD 47,03000300,0.000000
9632,0,0x10F,STD,8,2026-01-28T18:52:00.662083,03 00 03 00 7A D5 B0 3C,03000300,0.000000
9633,0,0x110,STD,8,2026-01-28T18:52:00.685591,03 00 03 00 A9 E9 79 48,03000300,0.000000
9634,0,0x10F,STD,8,2026-01-28T18:52:00.742107,03 00 03 00 C0 EC 9E 3C,03000300,0.000000
9635,0,0x110,STD,8,2026-01-28T18:52:00.766112,03 00 03 00 8C BB 56 48,03000300,0.000000
9636,0,0x10F,STD,8,2026-01-28T18:52:00.823125,03 00 03 00 34 90 94 3C,03000300,0.000000
9637,0,0x110,STD,8,2026-01-28T18:52:00.847131,03 00 03 00 97 AD FD 47,03000300,0.000000
9638,0,0x10F,STD,8,2026-01-28T18:52:00.904144,03 00 03 00 76 33 96 3B,03000300,0.000000
9639,0,0x110,STD,8,2026-01-28T18:52:00.928149,03 00 03 00 35 59 3E 48,03000300,0.000000
9640,0,0x10F,STD,8,2026-01-28T18:52:00.982161,03 00 03 00 49 A1 03 3C,03000300,0.000000
9641,0,0x110,STD,8,2026-01-28T18:52:01.006167,03 00 03 00 CF EE 9E 47,03000300,0.000000
9642,0,0x10F,STD,8,2026-01-28T18:52:01.062682,03 00 03 00 1B 70 35 3C,03000300,0.000000
9643,0,0x110,STD,8,2026-01-28T18:52:01.086687,03 00 03 00 D2 A5 0D 48,03000300,0.000000
9644,0,0x10F,STD,8,2026-01-28T18:52:01.143203,03 00 03 00 06 7B F9 3B,03000300,0.000000
9645,0,0x110,STD,8,2026-01-28T18:52:01.167208,03 00 03 00 8D 5E 28 48,03000300,0.000000
9646,0,0x10F,STD,8,2026-01-28T18:52:01.213218,03 00 02 00 C0 E1 2B 41,03000200,0.000000
9647,0,0x110,STD,8,2026-01-28T18:52:01.213218,03 00 02 00 C0 E1 2B 41,03000200,0.000000
9648,0,0x10F,STD,8,2026-01-28T18:52:01.213218,03 00 01 00 00 00 00 00,03000100,0.000000
9649,0,0x10F,STD,8,2026-01-28T18:52:01.216219,03 00 02 00 96 03 43 41,03000200,0.000000
9650,0,0x10F,STD,8,2026-01-28T18:52:01.228232,03 00 03 00 30 C3 70 3C,03000300,0.000000
9651,0,0x110,STD,8,2026-01-28T18:52:01.251958,03 00 03 00 22 07 A5 47,03000300,0.000000
9652,0,0x10F,STD,8,2026-01-28T18:52:01.308477,03 00 03 00 89 A2 8E 3C,03000300,0.000000
9653,0,0x110,STD,8,2026-01-28T18:52:01.332482,03 00 03 00 5F 86 A6 47,03000300,0.000000
9654,0,0x10F,STD,8,2026-01-28T18:52:01.388499,03 00 03 00 92 7C 9F 3C,03000300,0.000000
9655,0,0x110,STD,8,2026-01-28T18:52:01.411806,03 00 03 00 8A BD 6B 47,03000300,0.000000
9656,0,0x10F,STD,8,2026-01-28T18:52:01.468079,03 00 03 00 58 5F B1 3C,03000300,0.000000
9657,0,0x110,STD,8,2026-01-28T18:52:01.492084,03 00 03 00 E6 ED 65 47,03000300,0.000000
9658,0,0x10F,STD,8,2026-01-28T18:52:01.548512,03 00 03 00 CF EE AD 3C,03000300,0.000000
9659,0,0x110,STD,8,2026-01-28T18:52:01.571792,03 00 03 00 B3 13 BB 47,03000300,0.000000
9660,0,0x10F,STD,8,2026-01-28T18:52:01.617520,03 00 03 00 38 07 7B 3C,03000300,0.000000
9661,0,0x110,STD,8,2026-01-28T18:52:01.652031,03 00 03 00 DB 2F 81 47,03000300,0.000000
9662,0,0x10F,STD,8,2026-01-28T18:52:01.709045,03 00 03 00 0D A9 B2 3C,03000300,0.000000
9663,0,0x110,STD,8,2026-01-28T18:52:01.722048,03 00 03 00 BE FE A6 47,03000300,0.000000
9664,0,0x10F,STD,8,2026-01-28T18:52:01.779061,03 00 03 00 2D 0B 4E 3C,03000300,0.000000
9665,0,0x110,STD,8,2026-01-28T18:52:01.803066,03 00 03 00 52 45 17 48,03000300,0.000000
9666,0,0x10F,STD,8,2026-01-28T18:52:01.859693,03 00 03 00 30 39 76 3C,03000300,0.000000
9667,0,0x110,STD,8,2026-01-28T18:52:01.883698,03 00 03 00 A7 55 0C 48,03000300,0.000000
9668,0,0x10F,STD,8,2026-01-28T18:52:01.940472,03 00 03 00 9C 49 73 3C,03000300,0.000000
9669,0,0x110,STD,8,2026-01-28T18:52:01.964477,03 00 03 00 1A B7 0D 48,03000300,0.000000
9670,0,0x10F,STD,8,2026-01-28T18:52:02.020994,03 00 03 00 10 01 2D 3C,03000300,0.000000
9671,0,0x110,STD,8,2026-01-28T18:52:02.044699,03 00 03 00 00 FF 54 48,03000300,0.000000
9672,0,0x10F,STD,8,2026-01-28T18:52:02.101712,03 00 03 00 2D 74 52 3C,03000300,0.000000
9673,0,0x110,STD,8,2026-01-28T18:52:02.125717,03 00 03 00 40 26 4E 48,03000300,0.000000
9674,0,0x10F,STD,8,2026-01-28T18:52:02.182729,03 00 03 00 C0 AB A9 3C,03000300,0.000000
9675,0,0x110,STD,8,2026-01-28T18:52:02.206735,03 00 03 00 50 7F 0E 48,03000300,0.000000
9676,0,0x10F,STD,8,2026-01-28T18:52:02.263748,03 00 03 00 15 01 C6 3C,03000300,0.000000
9677,0,0x110,STD,8,2026-01-28T18:52:02.287753,03 00 03 00 57 54 BB 47,03000300,0.000000
9678,0,0x110,STD,8,2026-01-28T18:52:02.311759,03 00 02 00 96 03 43 41,03000200,0.000000
9679,0,0x10F,STD,8,2026-01-28T18:52:02.311759,03 00 01 00 00 00 00 00,03000100,0.000000
9680,0,0x110,STD,8,2026-01-28T18:52:02.311759,03 00 01 00 00 00 00 00,03000100,0.000000
9681,0,0x10F,STD,8,2026-01-28T18:52:02.311759,03 00 02 00 9B 75 28 41,03000200,0.000000
9682,0,0x10F,STD,8,2026-01-28T18:52:02.346767,03 00 03 00 C4 17 9B 3C,03000300,0.000000
9683,0,0x110,STD,8,2026-01-28T18:52:02.367772,03 00 03 00 E2 72 D2 47,03000300,0.000000
9684,0,0x10F,STD,8,2026-01-28T18:52:02.425785,03 00 03 00 0F 7E A5 3C,03000300,0.000000
9685,0,0x110,STD,8,2026-01-28T18:52:02.449790,03 00 03 00 EF E9 DB 46,03000300,0.000000
9686,0,0x10F,STD,8,2026-01-28T18:52:02.495800,03 00 03 00 AA 14 A2 3C,03000300,0.000000
9687,0,0x110,STD,8,2026-01-28T18:52:02.519806,03 00 03 00 72 24 94 47,03000300,0.000000
9688,0,0x10F,STD,8,2026-01-28T18:52:02.576819,03 00 03 00 77 0C 9A 3C,03000300,0.000000
9689,0,0x110,STD,8,2026-01-28T18:52:02.600824,03 00 03 00 74 6A BB 47,03000300,0.000000
9690,0,0x10F,STD,8,2026-01-28T18:52:02.657837,03 00 03 00 DA F7 A0 3C,03000300,0.000000
9691,0,0x110,STD,8,2026-01-28T18:52:02.682843,03 00 03 00 6F 0C DF 47,03000300,0.000000
9692,0,0x10F,STD,8,2026-01-28T18:52:02.739855,03 00 03 00 14 EE 3C 3C,03000300,0.000000
9693,0,0x110,STD,8,2026-01-28T18:52:02.763861,03 00 03 00 75 E6 00 48,03000300,0.000000
9694,0,0x10F,STD,8,2026-01-28T18:52:02.820873,03 00 03 00 93 FD 6D 3C,03000300,0.000000
9695,0,0x110,STD,8,2026-01-28T18:52:02.844879,03 00 03 00 53 79 F3 47,03000300,0.000000
9696,0,0x10F,STD,8,2026-01-28T18:52:02.901892,03 00 03 00 3A BE 1B 3C,03000300,0.000000
9697,0,0x110,STD,8,2026-01-28T18:52:02.925897,03 00 03 00 F9 F5 B2 47,03000300,0.000000
9698,0,0x10F,STD,8,2026-01-28T18:52:02.982910,03 00 03 00 F5 A8 4E 3C,03000300,0.000000
9699,0,0x110,STD,8,2026-01-28T18:52:03.006915,03 00 03 00 0F 62 9B 47,03000300,0.000000
9700,0,0x10F,STD,8,2026-01-28T18:52:03.052926,03 00 03 00 43 99 22 3C,03000300,0.000000
9701,0,0x110,STD,8,2026-01-28T18:52:03.087934,03 00 03 00 D6 E9 3A 48,03000300,0.000000
9702,0,0x10F,STD,8,2026-01-28T18:52:03.144947,03 00 03 00 25 26 8A 3C,03000300,0.000000
9703,0,0x110,STD,8,2026-01-28T18:52:03.157949,03 00 03 00 E8 45 86 48,03000300,0.000000
9704,0,0x10F,STD,8,2026-01-28T18:52:03.214962,03 00 03 00 CF 3B 05 3C,03000300,0.000000
9705,0,0x110,STD,8,2026-01-28T18:52:03.238968,03 00 03 00 5F 54 4C 48,03000300,0.000000
9706,0,0x10F,STD,8,2026-01-28T18:52:03.295944,03 00 03 00 DF 50 B4 3C,03000300,0.000000
9707,0,0x110,STD,8,2026-01-28T18:52:03.319950,03 00 03 00 1D 6D 93 48,03000300,0.000000
9708,0,0x10F,STD,8,2026-01-28T18:52:03.376962,03 00 03 00 6B 59 8B 3C,03000300,0.000000
9709,0,0x110,STD,8,2026-01-28T18:52:03.400968,03 00 03 00 87 6A 3E 48,03000300,0.000000
9710,0,0x110,STD,8,2026-01-28T18:52:03.402523,03 00 02 00 9B 75 28 41,03000200,0.000000
9711,0,0x10F,STD,8,2026-01-28T18:52:03.404192,03 00 01 00 00 00 00 00,03000100,0.000000
9712,0,0x110,STD,8,2026-01-28T18:52:03.404192,03 00 01 00 00 00 00 00,03000100,0.000000
9713,0,0x10F,STD,8,2026-01-28T18:52:03.404192,03 00 01 00 00 00 00 00,03000100,0.000000
9714,0,0x10F,STD,8,2026-01-28T18:52:03.460710,03 00 03 00 D3 10 86 3C,03000300,0.000000
9715,0,0x110,STD,8,2026-01-28T18:52:03.484716,03 00 03 00 DC BC 91 47,03000300,0.000000
9716,0,0x10F,STD,8,2026-01-28T18:52:03.541728,03 00 03 00 4E 39 74 3C,03000300,0.000000
9717,0,0x110,STD,8,2026-01-28T18:52:03.565734,03 00 03 00 FB D1 CF 47,03000300,0.000000
9718,0,0x10F,STD,8,2026-01-28T18:52:03.611744,03 00 03 00 06 7E 91 3B,03000300,0.000000
9719,0,0x110,STD,8,2026-01-28T18:52:03.635750,03 00 03 00 3B C2 B5 47,03000300,0.000000
9720,0,0x10F,STD,8,2026-01-28T18:52:03.692762,03 00 03 00 D9 D9 37 3C,03000300,0.000000
9721,0,0x110,STD,8,2026-01-28T18:52:03.716768,03 00 03 00 C5 40 A5 47,03000300,0.000000
9722,0,0x10F,STD,8,2026-01-28T18:52:03.773332,03 00 03 00 CB 70 21 3C,03000300,0.000000
9723,0,0x110,STD,8,2026-01-28T18:52:03.797338,03 00 03 00 AB 7C DE 47,03000300,0.000000
9724,0,0x10F,STD,8,2026-01-28T18:52:03.854350,03 00 03 00 18 DE 88 3C,03000300,0.000000
9725,0,0x110,STD,8,2026-01-28T18:52:03.878356,03 00 03 00 08 2C 5A 48,03000300,0.000000
9726,0,0x10F,STD,8,2026-01-28T18:52:03.935369,03 00 03 00 CF D3 D5 3C,03000300,0.000000
9727,0,0x110,STD,8,2026-01-28T18:52:03.959374,03 00 03 00 A5 9C 7F 48,03000300,0.000000
9728,0,0x10F,STD,8,2026-01-28T18:52:04.014387,03 00 03 00 B4 CB AA 3C,03000300,0.000000
9729,0,0x110,STD,8,2026-01-28T18:52:04.038392,03 00 03 00 56 50 0F 48,03000300,0.000000
9730,0,0x10F,STD,8,2026-01-28T18:52:04.095405,03 00 03 00 B2 50 A8 3C,03000300,0.000000
9731,0,0x110,STD,8,2026-01-28T18:52:04.119410,03 00 03 00 42 25 16 48,03000300,0.000000
9732,0,0x10F,STD,8,2026-01-28T18:52:04.176423,03 00 03 00 6D A1 E0 3C,03000300,0.000000
9733,0,0x110,STD,8,2026-01-28T18:52:04.200428,03 00 03 00 39 26 31 48,03000300,0.000000
9734,0,0x10F,STD,8,2026-01-28T18:52:04.257441,03 00 03 00 2F C2 BF 3C,03000300,0.000000
9735,0,0x110,STD,8,2026-01-28T18:52:04.281447,03 00 03 00 84 E2 D1 47,03000300,0.000000
9736,0,0x10F,STD,8,2026-01-28T18:52:04.338459,03 00 03 00 D2 64 6D 3C,03000300,0.000000
9737,0,0x110,STD,8,2026-01-28T18:52:04.371467,03 00 03 00 AB 6D 6A 47,03000300,0.000000
9738,0,0x10F,STD,8,2026-01-28T18:52:04.417442,03 00 03 00 9E 1B 5E 3C,03000300,0.000000
9739,0,0x110,STD,8,2026-01-28T18:52:04.441448,03 00 03 00 86 53 50 48,03000300,0.000000
9740,0,0x10F,STD,8,2026-01-28T18:52:04.498461,03 00 03 00 08 AF 98 3C,03000300,0.000000
9741,0,0x110,STD,8,2026-01-28T18:52:04.498461,03 00 01 00 00 00 00 00,03000100,0.000000
9742,0,0x10F,STD,8,2026-01-28T18:52:04.500461,03 00 02 00 7A 60 34 41,03000200,0.000000
9743,0,0x110,STD,8,2026-01-28T18:52:04.500461,03 00 02 00 7A 60 34 41,03000200,0.000000
9744,0,0x10F,STD,8,2026-01-28T18:52:04.502462,03 00 02 00 AF 4E 33 41,03000200,0.000000
9745,0,0x110,STD,8,2026-01-28T18:52:04.515465,03 00 03 00 2A 20 07 48,03000300,0.000000
9746,0,0x10F,STD,8,2026-01-28T18:52:04.572477,03 00 03 00 B6 41 3E 3C,03000300,0.000000
9747,0,0x110,STD,8,2026-01-28T18:52:04.596483,03 00 03 00 88 21 E5 47,03000300,0.000000
9748,0,0x10F,STD,8,2026-01-28T18:52:04.653496,03 00 03 00 99 E1 8D 3C,03000300,0.000000
9749,0,0x110,STD,8,2026-01-28T18:52:04.677501,03 00 03 00 6A FF 2E 48,03000300,0.000000
9750,0,0x10F,STD,8,2026-01-28T18:52:04.734513,03 00 03 00 23 FD 1F 3C,03000300,0.000000
9751,0,0x110,STD,8,2026-01-28T18:52:04.758520,03 00 03 00 8C B8 33 48,03000300,0.000000
9752,0,0x10F,STD,8,2026-01-28T18:52:04.815532,03 00 03 00 A5 8A 2B 3C,03000300,0.000000
9753,0,0x110,STD,8,2026-01-28T18:52:04.839538,03 00 03 00 85 C1 43 48,03000300,0.000000
9754,0,0x10F,STD,8,2026-01-28T18:52:04.896551,03 00 03 00 64 6E 21 3C,03000300,0.000000
9755,0,0x110,STD,8,2026-01-28T18:52:04.920556,03 00 03 00 4A 87 38 48,03000300,0.000000
9756,0,0x10F,STD,8,2026-01-28T18:52:04.966567,03 00 03 00 E2 E7 E9 3B,03000300,0.000000
9757,0,0x110,STD,8,2026-01-28T18:52:04.990573,03 00 03 00 47 26 45 48,03000300,0.000000
9758,0,0x10F,STD,8,2026-01-28T18:52:05.047585,03 00 03 00 F9 2F A9 3C,03000300,0.000000
9759,0,0x110,STD,8,2026-01-28T18:52:05.071590,03 00 03 00 B7 AA 82 48,03000300,0.000000
9760,0,0x10F,STD,8,2026-01-28T18:52:05.128603,03 00 03 00 40 35 C6 3C,03000300,0.000000
9761,0,0x110,STD,8,2026-01-28T18:52:05.152608,03 00 03 00 73 4E 04 48,03000300,0.000000
9762,0,0x10F,STD,8,2026-01-28T18:52:05.209621,03 00 03 00 99 7E B1 3C,03000300,0.000000
9763,0,0x110,STD,8,2026-01-28T18:52:05.233627,03 00 03 00 D0 2F 4F 47,03000300,0.000000
9764,0,0x10F,STD,8,2026-01-28T18:52:05.290639,03 00 03 00 23 BC EB 3C,03000300,0.000000
9765,0,0x110,STD,8,2026-01-28T18:52:05.314645,03 00 03 00 42 44 0A 48,03000300,0.000000
9766,0,0x10F,STD,8,2026-01-28T18:52:05.371658,03 00 03 00 E4 6E 89 3C,03000300,0.000000
9767,0,0x110,STD,8,2026-01-28T18:52:05.395663,03 00 03 00 99 B1 14 48,03000300,0.000000
9768,0,0x10F,STD,8,2026-01-28T18:52:05.452676,03 00 03 00 DA B9 68 3B,03000300,0.000000
9769,0,0x110,STD,8,2026-01-28T18:52:05.476681,03 00 03 00 41 1E D2 47,03000300,0.000000
9770,0,0x10F,STD,8,2026-01-28T18:52:05.533694,03 00 03 00 CB 84 11 3C,03000300,0.000000
9771,0,0x110,STD,8,2026-01-28T18:52:05.557699,03 00 03 00 26 77 27 48,03000300,0.000000
9772,0,0x110,STD,8,2026-01-28T18:52:05.592707,03 00 02 00 AF 4E 33 41,03000200,0.000000
9773,0,0x10F,STD,8,2026-01-28T18:52:05.592707,03 00 01 00 00 00 00 00,03000100,0.000000
9774,0,0x110,STD,8,2026-01-28T18:52:05.592707,03 00 01 00 00 00 00 00,03000100,0.000000
9775,0,0x10F,STD,8,2026-01-28T18:52:05.592707,03 00 02 00 5E 6E 49 41,03000200,0.000000
9776,0,0x10F,STD,8,2026-01-28T18:52:05.605710,03 00 03 00 28 25 C9 3B,03000300,0.000000
9777,0,0x110,STD,8,2026-01-28T18:52:05.629716,03 00 03 00 96 FD 12 48,03000300,0.000000
9778,0,0x10F,STD,8,2026-01-28T18:52:05.686729,03 00 03 00 86 1B B0 3B,03000300,0.000000
9779,0,0x110,STD,8,2026-01-28T18:52:05.710734,03 00 03 00 69 9D 42 48,03000300,0.000000
9780,0,0x10F,STD,8,2026-01-28T18:52:05.767746,03 00 03 00 7A 8F 02 3C,03000300,0.000000
9781,0,0x110,STD,8,2026-01-28T18:52:05.791752,03 00 03 00 77 9D F1 47,03000300,0.000000
9782,0,0x10F,STD,8,2026-01-28T18:52:05.848765,03 00 03 00 FD 0C E3 3B,03000300,0.000000
9783,0,0x110,STD,8,2026-01-28T18:52:05.872770,03 00 03 00 5D CE 3D 48,03000300,0.000000
9784,0,0x10F,STD,8,2026-01-28T18:52:05.929783,03 00 03 00 71 DE 88 3C,03000300,0.000000
9785,0,0x110,STD,8,2026-01-28T18:52:05.953789,03 00 03 00 99 7F 76 48,03000300,0.000000
9786,0,0x10F,STD,8,2026-01-28T18:52:06.010802,03 00 03 00 D5 09 9D 3C,03000300,0.000000
9787,0,0x110,STD,8,2026-01-28T18:52:06.034807,03 00 03 00 C8 F7 05 48,03000300,0.000000
9788,0,0x10F,STD,8,2026-01-28T18:52:06.091820,03 00 03 00 57 A3 DC 3B,03000300,0.000000
9789,0,0x110,STD,8,2026-01-28T18:52:06.115824,03 00 03 00 F5 9E 43 48,03000300,0.000000
9790,0,0x10F,STD,8,2026-01-28T18:52:06.160867,03 00 03 00 F8 84 55 3C,03000300,0.000000
9791,0,0x110,STD,8,2026-01-28T18:52:06.184872,03 00 03 00 F2 D5 53 48,03000300,0.000000
9792,0,0x10F,STD,8,2026-01-28T18:52:06.241885,03 00 03 00 0B A1 15 3C,03000300,0.000000
9793,0,0x110,STD,8,2026-01-28T18:52:06.265890,03 00 03 00 C9 DC E2 47,03000300,0.000000
9794,0,0x10F,STD,8,2026-01-28T18:52:06.322842,03 00 03 00 BF D0 B2 3B,03000300,0.000000
9795,0,0x110,STD,8,2026-01-28T18:52:06.364853,03 00 03 00 CB C2 2D 48,03000300,0.000000
9796,0,0x10F,STD,8,2026-01-28T18:52:06.410193,03 00 03 00 C8 45 35 3C,03000300,0.000000
9797,0,0x110,STD,8,2026-01-28T18:52:06.433728,03 00 03 00 3E 4A 43 48,03000300,0.000000
9798,0,0x10F,STD,8,2026-01-28T18:52:06.490741,03 00 03 00 FD B7 EF 3C,03000300,0.000000
9799,0,0x110,STD,8,2026-01-28T18:52:06.514746,03 00 03 00 BC 5E F1 47,03000300,0.000000
9800,0,0x10F,STD,8,2026-01-28T18:52:06.560756,03 00 03 00 0B D2 94 3C,03000300,0.000000
9801,0,0x110,STD,8,2026-01-28T18:52:06.584762,03 00 03 00 EB 4F E4 47,03000300,0.000000
9802,0,0x10F,STD,8,2026-01-28T18:52:06.641775,03 00 03 00 45 5B 62 3C,03000300,0.000000
9803,0,0x110,STD,8,2026-01-28T18:52:06.665181,03 00 03 00 10 5F B5 47,03000300,0.000000
9804,0,0x110,STD,8,2026-01-28T18:52:06.688356,03 00 02 00 5E 6E 49 41,03000200,0.000000
9805,0,0x10F,STD,8,2026-01-28T18:52:06.688356,03 00 01 00 00 00 00 00,03000100,0.000000
9806,0,0x110,STD,8,2026-01-28T18:52:06.688356,03 00 01 00 00 00 00 00,03000100,0.000000
9807,0,0x110,STD,8,2026-01-28T18:52:06.688356,03 00 01 00 00 00 00 00,03000100,0.000000
9808,0,0x10F,STD,8,2026-01-28T18:52:06.723365,03 00 03 00 02 BF 59 3C,03000300,0.000000
9809,0,0x110,STD,8,2026-01-28T18:52:06.747358,03 00 03 00 15 E9 1C 48,03000300,0.000000
9810,0,0x10F,STD,8,2026-01-28T18:52:06.804359,03 00 03 00 8E 41 30 3C,03000300,0.000000
9811,0,0x110,STD,8,2026-01-28T18:52:06.828365,03 00 03 00 04 95 1B 48,03000300,0.000000
9812,0,0x10F,STD,8,2026-01-28T18:52:06.885378,03 00 03 00 83 11 E2 3C,03000300,0.000000
9813,0,0x110,STD,8,2026-01-28T18:52:06.908932,03 00 03 00 7B 09 65 47,03000300,0.000000
9814,0,0x10F,STD,8,2026-01-28T18:52:06.972947,03 00 03 00 53 B7 C3 3C,03000300,0.000000
9815,0,0x110,STD,8,2026-01-28T18:52:06.985951,03 00 03 00 7C EB 4E 47,03000300,0.000000
9816,0,0x10F,STD,8,2026-01-28T18:52:07.042510,03 00 03 00 21 20 97 3C,03000300,0.000000
9817,0,0x110,STD,8,2026-01-28T18:52:07.066515,03 00 03 00 92 11 10 48,03000300,0.000000
9818,0,0x10F,STD,8,2026-01-28T18:52:07.123528,03 00 03 00 D9 34 87 3C,03000300,0.000000
9819,0,0x110,STD,8,2026-01-28T18:52:07.147533,03 00 03 00 87 45 80 47,03000300,0.000000
9820,0,0x10F,STD,8,2026-01-28T18:52:07.204546,03 00 03 00 53 F0 51 3C,03000300,0.000000
9821,0,0x110,STD,8,2026-01-28T18:52:07.228551,03 00 03 00 15 0E FF 47,03000300,0.000000
9822,0,0x10F,STD,8,2026-01-28T18:52:07.285564,03 00 03 00 CB 73 74 3C,03000300,0.000000
9823,0,0x110,STD,8,2026-01-28T18:52:07.309570,03 00 03 00 F9 33 F9 47,03000300,0.000000
9824,0,0x10F,STD,8,2026-01-28T18:52:07.366583,03 00 03 00 78 01 C8 3B,03000300,0.000000
9825,0,0x110,STD,8,2026-01-28T18:52:07.390588,03 00 03 00 48 1F 9B 47,03000300,0.000000
9826,0,0x10F,STD,8,2026-01-28T18:52:07.447601,03 00 03 00 8F 21 45 3C,03000300,0.000000
9827,0,0x110,STD,8,2026-01-28T18:52:07.471606,03 00 03 00 EA 67 82 47,03000300,0.000000
9828,0,0x10F,STD,8,2026-01-28T18:52:07.517617,03 00 03 00 A9 B7 4E 3C,03000300,0.000000
9829,0,0x110,STD,8,2026-01-28T18:52:07.541622,03 00 03 00 B2 A6 08 48,03000300,0.000000
9830,0,0x10F,STD,8,2026-01-28T18:52:07.598635,03 00 03 00 9C 84 77 3C,03000300,0.000000
9831,0,0x110,STD,8,2026-01-28T18:52:07.622640,03 00 03 00 05 39 B7 47,03000300,0.000000
9832,0,0x10F,STD,8,2026-01-28T18:52:07.679653,03 00 03 00 2F 6F 9C 3C,03000300,0.000000
9833,0,0x110,STD,8,2026-01-28T18:52:07.703129,03 00 03 00 11 17 78 47,03000300,0.000000
9834,0,0x10F,STD,8,2026-01-28T18:52:07.760142,03 00 03 00 89 DE D7 3C,03000300,0.000000
9835,0,0x10F,STD,8,2026-01-28T18:52:07.773145,03 00 02 00 0C 68 40 41,03000200,0.000000
9836,0,0x110,STD,8,2026-01-28T18:52:07.773145,03 00 02 00 0C 68 40 41,03000200,0.000000
9837,0,0x10F,STD,8,2026-01-28T18:52:07.773145,03 00 01 00 00 00 00 00,03000100,0.000000
9838,0,0x10F,STD,8,2026-01-28T18:52:07.773145,03 00 02 00 18 B8 3C 41,03000200,0.000000
9839,0,0x110,STD,8,2026-01-28T18:52:07.786148,03 00 03 00 A8 F9 8A 47,03000300,0.000000
9840,0,0x10F,STD,8,2026-01-28T18:52:07.843161,03 00 03 00 DA 95 B6 3C,03000300,0.000000
9841,0,0x110,STD,8,2026-01-28T18:52:07.867166,03 00 03 00 EB C0 01 48,03000300,0.000000
9842,0,0x10F,STD,8,2026-01-28T18:52:07.924179,03 00 03 00 08 F8 88 3C,03000300,0.000000
9843,0,0x110,STD,8,2026-01-28T18:52:07.948184,03 00 03 00 C7 A7 DF 47,03000300,0.000000
9844,0,0x10F,STD,8,2026-01-28T18:52:07.994195,03 00 03 00 C0 E7 A6 3C,03000300,0.000000
9845,0,0x110,STD,8,2026-01-28T18:52:08.018200,03 00 03 00 D8 F6 A9 47,03000300,0.000000
9846,0,0x10F,STD,8,2026-01-28T18:52:08.074875,03 00 03 00 8B 32 53 3C,03000300,0.000000
9847,0,0x110,STD,8,2026-01-28T18:52:08.101881,03 00 03 00 49 0F 26 48,03000300,0.000000
9848,0,0x10F,STD,8,2026-01-28T18:52:08.158397,03 00 03 00 BB 1D C3 3B,03000300,0.000000
9849,0,0x110,STD,8,2026-01-28T18:52:08.182403,03 00 03 00 CB 79 A0 47,03000300,0.000000
9850,0,0x10F,STD,8,2026-01-28T18:52:08.239416,03 00 03 00 5C 4C A6 3B,03000300,0.000000
9851,0,0x110,STD,8,2026-01-28T18:52:08.263421,03 00 03 00 2C CD 3C 48,03000300,0.000000
9852,0,0x10F,STD,8,2026-01-28T18:52:08.319937,03 00 03 00 C8 F5 3B 3C,03000300,0.000000
9853,0,0x110,STD,8,2026-01-28T18:52:08.343501,03 00 03 00 CC 69 37 48,03000300,0.000000
9854,0,0x10F,STD,8,2026-01-28T18:52:08.398513,03 00 03 00 D7 DF 64 3C,03000300,0.000000
9855,0,0x110,STD,8,2026-01-28T18:52:08.422305,03 00 03 00 18 F2 4B 48,03000300,0.000000
9856,0,0x10F,STD,8,2026-01-28T18:52:08.479319,03 00 03 00 86 F6 B5 3C,03000300,0.000000
9857,0,0x110,STD,8,2026-01-28T18:52:08.503324,03 00 03 00 BD 42 40 48,03000300,0.000000
9858,0,0x10F,STD,8,2026-01-28T18:52:08.560337,03 00 03 00 D9 63 E6 3C,03000300,0.000000
9859,0,0x110,STD,8,2026-01-28T18:52:08.584343,03 00 03 00 F6 A4 CA 47,03000300,0.000000
9860,0,0x10F,STD,8,2026-01-28T18:52:08.641355,03 00 03 00 FB EC EF 3C,03000300,0.000000
9861,0,0x110,STD,8,2026-01-28T18:52:08.665361,03 00 03 00 1F 12 E8 47,03000300,0.000000
9862,0,0x10F,STD,8,2026-01-28T18:52:08.711719,03 00 03 00 7A 5F E4 3C,03000300,0.000000
9863,0,0x110,STD,8,2026-01-28T18:52:08.745750,03 00 03 00 FC C0 9C 47,03000300,0.000000
9864,0,0x10F,STD,8,2026-01-28T18:52:08.802763,03 00 03 00 8A 25 81 3C,03000300,0.000000
9865,0,0x110,STD,8,2026-01-28T18:52:08.826769,03 00 03 00 BB 83 3E 47,03000300,0.000000
9866,0,0x110,STD,8,2026-01-28T18:52:08.839301,03 00 02 00 18 B8 3C 41,03000200,0.000000
9867,0,0x10F,STD,8,2026-01-28T18:52:08.839301,03 00 01 00 00 00 00 00,03000100,0.000000
9868,0,0x110,STD,8,2026-01-28T18:52:08.839301,03 00 01 00 00 00 00 00,03000100,0.000000
9869,0,0x110,STD,8,2026-01-28T18:52:08.839301,03 00 02 00 95 A2 32 41,03000200,0.000000
9870,0,0x10F,STD,8,2026-01-28T18:52:08.874310,03 00 03 00 22 10 36 3C,03000300,0.000000
9871,0,0x110,STD,8,2026-01-28T18:52:08.898315,03 00 03 00 D4 BC D8 47,03000300,0.000000
9872,0,0x10F,STD,8,2026-01-28T18:52:08.955328,03 00 03 00 C2 86 A0 3C,03000300,0.000000
9873,0,0x110,STD,8,2026-01-28T18:52:08.979334,03 00 03 00 DE CD E1 47,03000300,0.000000
9874,0,0x10F,STD,8,2026-01-28T18:52:09.036346,03 00 03 00 F1 FE B1 3C,03000300,0.000000
9875,0,0x110,STD,8,2026-01-28T18:52:09.060352,03 00 03 00 2D FF C8 47,03000300,0.000000
9876,0,0x10F,STD,8,2026-01-28T18:52:09.117413,03 00 03 00 07 90 BA 3C,03000300,0.000000
9877,0,0x110,STD,8,2026-01-28T18:52:09.140426,03 00 03 00 F3 F4 5E 48,03000300,0.000000
9878,0,0x10F,STD,8,2026-01-28T18:52:09.197439,03 00 03 00 F6 71 C4 3C,03000300,0.000000
9879,0,0x110,STD,8,2026-01-28T18:52:09.221445,03 00 03 00 F2 8D FA 47,03000300,0.000000
9880,0,0x10F,STD,8,2026-01-28T18:52:09.278458,03 00 03 00 B7 CC 4B 3C,03000300,0.000000
9881,0,0x110,STD,8,2026-01-28T18:52:09.302463,03 00 03 00 92 F7 1F 48,03000300,0.000000
9882,0,0x10F,STD,8,2026-01-28T18:52:09.359475,03 00 03 00 D0 28 A8 3C,03000300,0.000000
9883,0,0x110,STD,8,2026-01-28T18:52:09.383481,03 00 03 00 98 FD A1 47,03000300,0.000000
9884,0,0x10F,STD,8,2026-01-28T18:52:09.429492,03 00 03 00 F9 11 6E 3C,03000300,0.000000
9885,0,0x110,STD,8,2026-01-28T18:52:09.464500,03 00 03 00 FA A0 2B 48,03000300,0.000000
9886,0,0x10F,STD,8,2026-01-28T18:52:09.510510,03 00 03 00 4B 18 26 3C,03000300,0.000000
9887,0,0x110,STD,8,2026-01-28T18:52:09.534515,03 00 03 00 7D EB 05 48,03000300,0.000000
9888,0,0x10F,STD,8,2026-01-28T18:52:09.591528,03 00 03 00 FA AA 0D 3C,03000300,0.000000
9889,0,0x110,STD,8,2026-01-28T18:52:09.615533,03 00 03 00 DE 9B B8 47,03000300,0.000000
9890,0,0x10F,STD,8,2026-01-28T18:52:09.672546,03 00 03 00 06 F1 62 3C,03000300,0.000000
9891,0,0x110,STD,8,2026-01-28T18:52:09.696552,03 00 03 00 33 93 CA 47,03000300,0.000000
9892,0,0x10F,STD,8,2026-01-28T18:52:09.753565,03 00 03 00 26 9F E6 3B,03000300,0.000000
9893,0,0x110,STD,8,2026-01-28T18:52:09.777570,03 00 03 00 44 54 44 48,03000300,0.000000
9894,0,0x10F,STD,8,2026-01-28T18:52:09.834583,03 00 03 00 9A F3 69 3C,03000300,0.000000
9895,0,0x110,STD,8,2026-01-28T18:52:09.858588,03 00 03 00 40 01 1E 48,03000300,0.000000
9896,0,0x10F,STD,8,2026-01-28T18:52:09.915601,03 00 03 00 0F 8A 7F 3C,03000300,0.000000
9897,0,0x10F,STD,8,2026-01-28T18:52:09.917601,03 00 01 00 00 00 00 00,03000100,0.000000
9898,0,0x110,STD,8,2026-01-28T18:52:09.919601,03 00 01 00 00 00 00 00,03000100,0.000000
9899,0,0x10F,STD,8,2026-01-28T18:52:09.919601,03 00 02 00 95 A2 32 41,03000200,0.000000
9900,0,0x10F,STD,8,2026-01-28T18:52:09.919601,03 00 02 00 49 02 2F 41,03000200,0.000000
9901,0,0x110,STD,8,2026-01-28T18:52:09.932605,03 00 03 00 EE D9 BF 47,03000300,0.000000
9902,0,0x10F,STD,8,2026-01-28T18:52:09.991154,03 00 03 00 67 10 1D 3C,03000300,0.000000
9903,0,0x110,STD,8,2026-01-28T18:52:10.015159,03 00 03 00 26 41 98 47,03000300,0.000000
9904,0,0x10F,STD,8,2026-01-28T18:52:10.071675,03 00 03 00 3C 46 1E 3B,03000300,0.000000
9905,0,0x110,STD,8,2026-01-28T18:52:10.095681,03 00 03 00 98 B0 A7 47,03000300,0.000000
9906,0,0x10F,STD,8,2026-01-28T18:52:10.152693,03 00 03 00 2A 19 DE 3B,03000300,0.000000
9907,0,0x110,STD,8,2026-01-28T18:52:10.176699,03 00 03 00 31 DE C4 47,03000300,0.000000
9908,0,0x10F,STD,8,2026-01-28T18:52:10.233711,03 00 03 00 F9 97 2F 3C,03000300,0.000000
9909,0,0x110,STD,8,2026-01-28T18:52:10.257220,03 00 03 00 B6 04 7D 47,03000300,0.000000
9910,0,0x10F,STD,8,2026-01-28T18:52:10.314233,03 00 03 00 88 4C A0 3B,03000300,0.000000
9911,0,0x110,STD,8,2026-01-28T18:52:10.338238,03 00 03 00 26 FD 22 48,03000300,0.000000
9912,0,0x10F,STD,8,2026-01-28T18:52:10.397251,03 00 03 00 F6 17 CD 3B,03000300,0.000000
9913,0,0x110,STD,8,2026-01-28T18:52:10.410255,03 00 03 00 19 25 C1 47,03000300,0.000000
9914,0,0x10F,STD,8,2026-01-28T18:52:10.467267,03 00 03 00 A7 22 7C 3C,03000300,0.000000
9915,0,0x110,STD,8,2026-01-28T18:52:10.491273,03 00 03 00 9B A1 56 47,03000300,0.000000
9916,0,0x10F,STD,8,2026-01-28T18:52:10.548253,03 00 03 00 FD 5A 66 3C,03000300,0.000000
9917,0,0x110,STD,8,2026-01-28T18:52:10.572258,03 00 03 00 2C 45 2D 47,03000300,0.000000
9918,0,0x10F,STD,8,2026-01-28T18:52:10.628685,03 00 03 00 8E D2 2C 3C,03000300,0.000000
9919,0,0x110,STD,8,2026-01-28T18:52:10.652691,03 00 03 00 28 69 F2 47,03000300,0.000000
9920,0,0x10F,STD,8,2026-01-28T18:52:10.709704,03 00 03 00 1B 0A 32 3C,03000300,0.000000
9921,0,0x110,STD,8,2026-01-28T18:52:10.733709,03 00 03 00 06 FC CD 47,03000300,0.000000
9922,0,0x10F,STD,8,2026-01-28T18:52:10.790722,03 00 03 00 85 1F 71 3C,03000300,0.000000
9923,0,0x110,STD,8,2026-01-28T18:52:10.814727,03 00 03 00 20 1E C6 47,03000300,0.000000
9924,0,0x10F,STD,8,2026-01-28T18:52:10.871740,03 00 03 00 A2 36 55 3C,03000300,0.000000
9925,0,0x110,STD,8,2026-01-28T18:52:10.895745,03 00 03 00 79 0F 16 48,03000300,0.000000
9926,0,0x10F,STD,8,2026-01-28T18:52:10.952758,03 00 03 00 77 E6 69 3C,03000300,0.000000
9927,0,0x110,STD,8,2026-01-28T18:52:10.976764,03 00 03 00 A0 5E 29 48,03000300,0.000000
9928,0,0x110,STD,8,2026-01-28T18:52:11.022773,03 00 02 00 49 02 2F 41,03000200,0.000000
9929,0,0x10F,STD,8,2026-01-28T18:52:11.022773,03 00 01 00 00 00 00 00,03000100,0.000000
9930,0,0x110,STD,8,2026-01-28T18:52:11.022773,03 00 01 00 00 00 00 00,03000100,0.000000
9931,0,0x10F,STD,8,2026-01-28T18:52:11.022773,03 00 02 00 E0 8F 33 41,03000200,0.000000
9932,0,0x10F,STD,8,2026-01-28T18:52:11.024774,03 00 03 00 A6 EA A4 3C,03000300,0.000000
9933,0,0x110,STD,8,2026-01-28T18:52:11.048780,03 00 03 00 E6 D8 FB 47,03000300,0.000000
9934,0,0x10F,STD,8,2026-01-28T18:52:11.105793,03 00 03 00 F5 43 D7 3B,03000300,0.000000
9935,0,0x110,STD,8,2026-01-28T18:52:11.129798,03 00 03 00 63 F6 05 48,03000300,0.000000
9936,0,0x10F,STD,8,2026-01-28T18:52:11.186811,03 00 03 00 02 7C DF 3B,03000300,0.000000
9937,0,0x110,STD,8,2026-01-28T18:52:11.210816,03 00 03 00 A4 AC 0E 48,03000300,0.000000
9938,0,0x10F,STD,8,2026-01-28T18:52:11.267233,03 00 03 00 98 B2 6B 3C,03000300,0.000000
9939,0,0x110,STD,8,2026-01-28T18:52:11.291238,03 00 03 00 7D 1B A9 47,03000300,0.000000
9940,0,0x10F,STD,8,2026-01-28T18:52:11.347900,03 00 03 00 9E C0 EF 3C,03000300,0.000000
9941,0,0x110,STD,8,2026-01-28T18:52:11.371483,03 00 03 00 CE FC 0C 48,03000300,0.000000
9942,0,0x10F,STD,8,2026-01-28T18:52:11.426571,03 00 03 00 2F 7F 18 3D,03000300,0.000000
9943,0,0x110,STD,8,2026-01-28T18:52:11.450576,03 00 03 00 46 40 28 48,03000300,0.000000
9944,0,0x10F,STD,8,2026-01-28T18:52:11.507589,03 00 03 00 A4 55 DA 3C,03000300,0.000000
9945,0,0x110,STD,8,2026-01-28T18:52:11.531324,03 00 03 00 15 E4 18 48,03000300,0.000000
9946,0,0x10F,STD,8,2026-01-28T18:52:11.588233,03 00 03 00 A8 A0 1B 3D,03000300,0.000000
9947,0,0x110,STD,8,2026-01-28T18:52:11.612239,03 00 03 00 0F 3C 14 48,03000300,0.000000
9948,0,0x10F,STD,8,2026-01-28T18:52:11.668675,03 00 03 00 FD 52 9B 3C,03000300,0.000000
9949,0,0x110,STD,8,2026-01-28T18:52:11.692680,03 00 03 00 6E 3C F8 47,03000300,0.000000
9950,0,0x10F,STD,8,2026-01-28T18:52:11.749693,03 00 03 00 7C 89 E4 3C,03000300,0.000000
9951,0,0x110,STD,8,2026-01-28T18:52:11.773699,03 00 03 00 68 9C 4C 48,03000300,0.000000
9952,0,0x10F,STD,8,2026-01-28T18:52:11.830395,03 00 03 00 26 9C DA 3C,03000300,0.000000
9953,0,0x110,STD,8,2026-01-28T18:52:11.853669,03 00 03 00 E9 03 F7 47,03000300,0.000000
9954,0,0x10F,STD,8,2026-01-28T18:52:11.910682,03 00 03 00 23 45 2A 3C,03000300,0.000000
9955,0,0x110,STD,8,2026-01-28T18:52:11.934687,03 00 03 00 EC 43 1A 48,03000300,0.000000
9956,0,0x10F,STD,8,2026-01-28T18:52:11.980697,03 00 03 00 15 70 F7 3C,03000300,0.000000
9957,0,0x110,STD,8,2026-01-28T18:52:12.004702,03 00 03 00 FD 8C 23 48,03000300,0.000000
9958,0,0x10F,STD,8,2026-01-28T18:52:12.061716,03 00 03 00 7A E4 88 3C,03000300,0.000000
9959,0,0x110,STD,8,2026-01-28T18:52:12.085227,03 00 03 00 2D 76 D2 47,03000300,0.000000
9960,0,0x110,STD,8,2026-01-28T18:52:12.087227,03 00 02 00 E0 8F 33 41,03000200,0.000000
9961,0,0x10F,STD,8,2026-01-28T18:52:12.089227,03 00 01 00 00 00 00 00,03000100,0.000000
9962,0,0x110,STD,8,2026-01-28T18:52:12.091228,03 00 01 00 00 00 00 00,03000100,0.000000
9963,0,0x10F,STD,8,2026-01-28T18:52:12.091228,03 00 02 00 C8 70 3E 41,03000200,0.000000
9964,0,0x10F,STD,8,2026-01-28T18:52:12.147768,03 00 03 00 F1 AE E3 3C,03000300,0.000000
9965,0,0x110,STD,8,2026-01-28T18:52:12.171774,03 00 03 00 80 B6 3B 47,03000300,0.000000
9966,0,0x10F,STD,8,2026-01-28T18:52:12.228787,03 00 03 00 82 E6 03 3D,03000300,0.000000
9967,0,0x110,STD,8,2026-01-28T18:52:12.252792,03 00 03 00 76 A7 E5 47,03000300,0.000000
9968,0,0x10F,STD,8,2026-01-28T18:52:12.309804,03 00 03 00 81 C9 37 3C,03000300,0.000000
9969,0,0x110,STD,8,2026-01-28T18:52:12.333810,03 00 03 00 54 B6 89 47,03000300,0.000000
9970,0,0x10F,STD,8,2026-01-28T18:52:12.390823,03 00 03 00 60 37 92 3C,03000300,0.000000
9971,0,0x110,STD,8,2026-01-28T18:52:12.414377,03 00 03 00 20 F4 38 48,03000300,0.000000
9972,0,0x10F,STD,8,2026-01-28T18:52:12.460387,03 00 03 00 C7 BF 03 3D,03000300,0.000000
9973,0,0x110,STD,8,2026-01-28T18:52:12.484393,03 00 03 00 42 0E 23 48,03000300,0.000000
9974,0,0x10F,STD,8,2026-01-28T18:52:12.541406,03 00 03 00 6C C0 A2 3C,03000300,0.000000
9975,0,0x110,STD,8,2026-01-28T18:52:12.565411,03 00 03 00 8C FB BE 47,03000300,0.000000
9976,0,0x10F,STD,8,2026-01-28T18:52:12.622424,03 00 03 00 9C 7D 9E 3C,03000300,0.000000
9977,0,0x110,STD,8,2026-01-28T18:52:12.646429,03 00 03 00 1C 63 3D 48,03000300,0.000000
9978,0,0x10F,STD,8,2026-01-28T18:52:12.703442,03 00 03 00 60 F7 F3 3C,03000300,0.000000
9979,0,0x110,STD,8,2026-01-28T18:52:12.727447,03 00 03 00 8D 6D 13 48,03000300,0.000000
9980,0,0x10F,STD,8,2026-01-28T18:52:12.784460,03 00 03 00 BA 35 59 3C,03000300,0.000000
9981,0,0x110,STD,8,2026-01-28T18:52:12.808466,03 00 03 00 66 67 9E 47,03000300,0.000000
9982,0,0x10F,STD,8,2026-01-28T18:52:12.865479,03 00 03 00 12 08 E3 3B,03000300,0.000000
9983,0,0x110,STD,8,2026-01-28T18:52:12.889484,03 00 03 00 F4 1C E5 47,03000300,0.000000
9984,0,0x10F,STD,8,2026-01-28T18:52:12.946497,03 00 03 00 4A E4 03 3C,03000300,0.000000
9985,0,0x110,STD,8,2026-01-28T18:52:12.974503,03 00 03 00 96 E1 EC 47,03000300,0.000000
9986,0,0x10F,STD,8,2026-01-28T18:52:13.020514,03 00 03 00 8C 04 03 3C,03000300,0.000000
9987,0,0x110,STD,8,2026-01-28T18:52:13.044519,03 00 03 00 B8 DD 93 47,03000300,0.000000
9988,0,0x10F,STD,8,2026-01-28T18:52:13.103532,03 00 03 00 8D 4C 65 3C,03000300,0.000000
9989,0,0x110,STD,8,2026-01-28T18:52:13.127538,03 00 03 00 36 33 FB 47,03000300,0.000000
9990,0,0x110,STD,8,2026-01-28T18:52:13.184550,03 00 02 00 C8 70 3E 41,03000200,0.000000
9991,0,0x110,STD,8,2026-01-28T18:52:13.184550,03 00 02 00 C8 70 3E 41,03000200,0.000000
9992,0,0x10F,STD,8,2026-01-28T18:52:13.184550,03 00 01 00 00 00 00 00,03000100,0.000000
9993,0,0x110,STD,8,2026-01-28T18:52:13.184550,03 00 01 00 00 00 00 00,03000100,0.000000
9994,0,0x110,STD,8,2026-01-28T18:52:13.184550,03 00 01 00 00 00 00 00,03000100,0.000000
9995,0,0x110,STD,8,2026-01-28T18:52:13.208556,03 00 03 00 F3 D1 85 47,03000300,0.000000
9996,0,0x10F,STD,8,2026-01-28T18:52:13.265569,03 00 03 00 24 AC 00 3C,03000300,0.000000
9997,0,0x110,STD,8,2026-01-28T18:52:13.289573,03 00 03 00 29 23 48 47,03000300,0.000000
9998,0,0x10F,STD,8,2026-01-28T18:52:13.335585,03 00 03 00 9E C8 57 3C,03000300,0.000000
9999,0,0x110,STD,8,2026-01-28T18:52:13.359590,03 00 03 00 34 94 D1 46,03000300,0.000000
10000,0,0x10F,STD,8,2026-01-28T18:52:13.416603,03 00 03 00 B3 7C 95 3C,03000300,0.000000
